필기 가 많 은 편 이 ㄴ데 그 필기 가 새롭 ㄴ 내용 도 아니 고 유기 화학 교재 에서 글자 그대로 정리 하 아 오 시 ㄴ 내용 이 ㅂ니다,,,,,,,,,,,,,,
그러 다가 성적 줄 세우 기 어렵 어 지 니까 팀 별 로 공헌 도 등 수 세우 어서 멀쩡 하 던 팀 분위기 다 망치 어 놓 고,,,,,,,,,,,,,,
직장 명 같 은 것 은 수업 시간 에 도 여러 번 이야기 하 아서 듣 을 사람 은 다 들 었 을 듯,,,,,,,,,,,,,,
보통 은 꿀 교양 을 0 순위 에 두 는 것 이 정상 이 지만 이 교수 님 의 강의 가 있 는 학기 에 는 이 교수 님 의 과목 이 해당 학년 학부 생 모두 의 0 순위 가 되 는 기 현상 이 발생 하 ㅁ,,,,,,,,,,,,,,
또한 코로나 로 이 ㄴ 하 ㄴ 상황 으로 중간 를 숙제 형 으로 대체 하 아 주 시 ㄴ 것 도 좋 았 고 시험 문제 난이도 나 수업 방식 이 짧 고 굵 게 이해 잘 되게 하 아 주 시 어서 좋 았 습니다,,,,,,,,,,,,,,
수업 잘 가르치 어 주 시 고 시험 1 차 쉽 고 2 차 3 차로 갈수록 어렵 ㄴ .. 분명히 3 차 쉽 ㄹ 끄 어라 하 시 었 는데 속 지 말 으시 어요,,,,,,,,,,,,,,
시험 형식 은 객관식 단답 형 같 은 서술 형 OX 등 이 있 었 고 시험 전 에 알리 어 주 시 어요,,,,,,,,,,,,,,
스포츠 관련 되 ㄴ 내용 이 라 부담 없이 듣 을 수 있 었 고 숙제 도 없이 조 별 발표 있 는데 어렵 지 않 은 내용 이 라 부담 이 적 다,,,,,,,,,,,,,,
시험 은 다 같이 말 아 먹 으나 괜찮 지만 엄청나 ㄴ 시간 이 필요 하 ㄴ 기말 직전 제출 이 ㄴ 플젝 때문 에 기 말 때 여러 과목 들 을 몰아 서 공부 하고 시험 보 는 경우 가 발생 하 ㄹ 수 있 음,,,,,,,,,,,,,,
그래서 기말 에 는 알고리즘 문제 까지 배우 었 습니다,,,,,,,,,,,,,,
쉽 게 말 하 자면 총합 시험 은 7 번 정도 보 시 면서 진도 는 무조건 다 하 아야 하 며 기말 의 경우 시험 범위 가 처음 부터 끝 까지 이 다,,,,,,,,,,,,,,
말 로 만들 어도 이해 가능,,,,,,,,,,,,,,
진짜 인생 은 운 빨 이 라는 것 을 뼈저리 게 느끼 게 하 아 주 시 ㄴ 분,,,,,,,,,,,,,,
중간 기말 점수 공개 전혀 안 하 시 고 성적 주 시 고 성적 이 궁금하 아서 연락 드리 니 학점 을 자기 가 더 올리 어서 줄 ㄴ 것 라며 낮추 시 겠 다고 하 시 더군 요원 래 성적 이 어느 정도 대 였 는지 전혀 감도 못 잡 은 상태 에서 성적 받 는 거라 생각 보다 좀 그리하 었 습니다,,,,,,,,,,,,,,
둘 다 처음 보 는 내용 이 기 때문 에 레포트 쓰기 가 무척 어렵 다,,,,,,,,,,,,,,
"""다만 "," 교수 님 이 말 하 는 것 과 실제 반영 비율 의 괴리감 이 꽤 크 었 기 때문 에 교수 님 의 말 을 의식하 지 말 고 그냥 반영 되 는 모든 것 에서 크 ㄴ 감점 없이 보 도록 하 아야 하 ㅁ""",,,,,,,,,,,,,,
산문 작법 이 지만 산문 작법 에 대하 ㄴ 강의 는 없 음,,,,,,,,,,,,,,
약간 글 빨 로 시험 보 는 과목 이 ㄴ 데 에 다가 사람 들 전체적 으로 다 수업 잘 안 듣 고 빈둥거리 고 출 튀하 고 기말 에 만 시험 보 아서 다 나태 하 지 어 갖 고 그 사이 에서 좀 만 수업 들 어도 점수 잘 나오 아 요 하향 평준화 과목 이 ㅁ,,,,,,,,,,,,,,
원래 는 시험 3 번 으로 알 고 있 는데 코로나 사태 때문 에 시험 1 번 + 프라블럼 셋 노트 풀 이 이렇게 점수 책정 하 아 주 시 었 어요,,,,,,,,,,,,,,
수업 전반적 으로 당 최 무슨 말 을 하 고 싶 어 하 는지 모르 ㄹ 때가 많 았 음,,,,,,,,,,,,,,
"""숙제 의 양은 많 지 않 았 고 "," 숙제 의 분량 또한 부담 스럽 지 않 았 습니다""",,,,,,,,,,,,,,
"""시험 3 번 보 아서 남 들 보다 시험 기간 이 빨리 시작 되 고 늦 게 끝나 는 것 이 단점 이 지만 1 "," 2 차 시험 합치 어서 200 만점 에 180 이 면 A + 확정 170 이 면 A 확정 160 이 면 A 3 차 0 점 받 아도 됌 근데 그 이 하 면 3 차 까지 보 아야 하 ㅁ""",,,,,,,,,,,,,,
수업 듣 을 때 교수 님 개념 설명 보다 는 예제 풀이 에 집중 하 는 것 이 도움 이 많이 되 ㅁ,,,,,,,,,,,,,,
출석 은 약간 랜덤 임 그냥 다 부르 ㄹ 때 도 있 고 지각 하 았 던 사람 만 부르 ㄹ 때 도 있 으니 초반 에 지각 하 지 말자,,,,,,,,,,,,,,
내용 자체 가 무척 재미있 거니와 주제 에 하 ㄴ 정하 아서 내용 을 쉽 고 깔끔 하 게 정리 하 아 주 시 어서 수업 말 ㄴ 따라가 도 크 ㄴ 어려움 없이 많 은 내용 을 이해하 ㄹ 수 있 어서 좋 다,,,,,,,,,,,,,,
배우 ㄹ 것 많 은 전공 답 은 수업 이 ㅁ,,,,,,,,,,,,,,
"""또 유럽 의 혁명 부분 에서 우리나라 는 선비 라서 잘못 되 ㄴ 것 에 대하 아서 말 만 하 지 싸우 ㄹ 줄 모르 ㄴ다고 비하 하고 ", 연장선 상 에서 , 당시 에 박근혜 기독교 는 유일신 이 기 때문 에 옳 고 그르 ㄴ 것 이 분명 하 아서 남 이 그르 다고 생각 되 었 을 때 도 열정적 으로 싸우 지만 자신 이 잘못 되 었 다고 생각 되 ㄹ 때 도 통렬 하 게 반성 하 ㄴ 다독 이 ㄹ 나치 에 대하 ㄴ 반성 ," 반면 아시아 는 유교 문화 에서 자기 반성 을 가르치 지 않 기 때문 에 일본 이 반성 하 ㄹ 줄 도 모르 고 우리나라 사람 들 도 비리 를 저지르 어 놓 고 아무 도 모르 면 그만이 지 하 고 넘 어 가 ㄴ다고 말 하 네요""",,,,,,,,,,,,,,
"""그리고 첫 시간 에 나누 어 주 는 자기 소개서 꽉 안채 우 면 1 줄 당 최 총 총점 에서 1 점 감점 이 고 10점 감점 이 면 A 에서 B 되 는 것 "," 안 전수 칙 이나 교수 지시 불이행 시 벌점 교수 맘대로 F 때리 어도 하 ㄹ 말 없 는 것 이 ㅁ""",,,,,,,,,,,,,,
"""기초적 이 ㄴ 것 만 가르치 어 주 고 나머지 는 물어보 지 않 으면 말 을 알 ㄴ 하 시 기 때문 에 밀링 에서 하향 절삭 상향 절삭 ", 선반 에서 모으 따 기 ," 용접 에서 긋 는 법 등 중요 하 ㄴ 것 들 을 수업 중 에 설명도 안 하고 실습 에서 시키 고 실습 시험 을 보 ㄴ다""",,,,,,,,,,,,,,
숙제 개인 숙제 는 없 고 팀 프로젝트 로 공급 체인 경영 에 관련 되 ㄴ 주제 자유롭 게 선정 하 아서 15 본인 조르 ㄹ 제외 하 ㄴ 다른 팀 들 을 평가 하 며 시간 을 잘 활용 하 는 것 이 중요 하고 시간 이 오바 되 거나 빨리 끝나 는 것 도 안 좋 습니다,,,,,,,,,,,,,,
다른 강의 평과 마찬가지 로 OT 때 는 발표 하 면 가산점 정도 주 ㄴ다고 하 시 었 지만 사실 상 점수 는 발표 를 하 아야 만 잘 나 오 게 평가 하 시 었 습니다,,,,,,,,,,,,,,
오픈 북 이 었 지만 오픈 북 의미 가 없 었 습니다,,,,,,,,,,,,,,
근데 그것 이 끝 .. 싸 강 지각 도 한 번 도 없 고 수업 도 결석 이나 지각 도 한 번 도 없 고 기말 앵 가 ㄴ 보 았 는데 시험 이 쉽 어서 변별력 이 없 었 다,,,,,,,,,,,,,,
"""저 는 시험 기간 때 부담 갖 기 싫 어서 5 월 중순 부터 1 강부타 들 으며 필기 노트 만들 어 놓 았 고 "," 기말 문제 는 저 가 중요 하 다""",,,,,,,,,,,,,,
우선 출석 은 하나 하나 직접 다 호명 하 시 고 숙제 는 본문 하나 짝 이랑 매주 외우 어서 말 하 는 것 이 ㄴ데 초반 에 ㄴ 쉽 ㄴ 데 에 나중 에 가 면 진짜 ‘ 초보자 ’ 는 어렵 ㄹ 수 있 어요,,,,,,,,,,,,,,
발표 하 는 학생 은 앞 으로 나가 칠판 에 문제 풀 ㄹ 이 를 써 놓 고 설명 을 하 ㄴ 뒤 자신 이 받 고 싶 은 점수 를 얘기 하 아서 다른 학우 들 이 그 점수 에 동의 하 면 그 점수 를 받 고 동의 하 지 않 으면 그 보다 두 단계 아래 의 점수 를 받 게 되 ㄴ다,,,,,,,,,,,,,,
조 별 활동 이 여러 가지 있 었 는데 조 별 사람 들 을 잘 만나 서 재미있 게 얘기 하 았었 고 숙제 가 없 었 기 때문 에 하 ㄴ 결 쉽 게 수업 을 들 으러 가 았었 다,,,,,,,,,,,,,,
전 영상 보 는 그것 좋아하 고 영어 를 좋아하 아서 이 수업 이 좋 았 지만 중간 이랑 기말 에서 서술 형 부분 이 좀 어렵 고 암기 하 아야 되 는 것 이 많 아서 호불호 많이 갈리 는 편 이 ㄴ 것 같 아요,,,,,,,,,,,,,,
"""""""처음 숙제 아마 대면 수업 이 면 발표 도 있 어 용가 있 는데 거기 서 교수 한테 점수 따시 고   수업 시간 마다 질문 에 대하 어 열 정적 으로 답 하 면 중간 기말 조지 지만 안 으면 A + 매우 가능""""              """,,,,,,,,,,,,,,
수업 때 파이 썰 ㄴ 이나 스크래치 작성 후 확인 받 을 때 잘 하 아서 확인 말 ㄴ 잘 받 으면 학점 잘 주 시 는 듯 온라인 수업 2 번 지각 이 었 는데 A + 받 음              ,,,,,,,,,,,,,,
강의 를 잘하 던 말 던 성적 을 채우 어 주 던 말 던 다시 는 이런 인간 만나 고 싶 지 않 다 .. 시대 가 어느 때 ㄴ 대 이런 고 집 불통 막장 꼰대 가 있 는지 매주 아침 마다 싸가지 없 는 노인 네 쌍판 때 기 보 느라 고생 많 았 다              ,,,,,,,,,,,,,,
일주일 마다 한 번 씩 실습 을 하 는데 플밍 초보 이 ㄴ 저 한테 ㄴ 빡 세 고 힘들 기 는 한데 지나 고 보 면 많이 도움 이 되 었 다는 것 을 깨 달 을 수 있 습니 당 시험 보다 빡 세 ㄴ 것 은 팀 별 숙제 .. 시간 많이 들 ㄹ 고요              ,,,,,,,,,,,,,,
"""""""조 별 로 구성 되 ㄴ 학생 들 의 발표 내용 을 중심 으로 수업 을 진행   부족 하 ㄴ 부분 은 교수 님 의 설명 으로 보충 개인 숙 제 1 번 장점 은 전공 과 관련 되 ㄴ 미래 사회 에 대하 ㄴ 고민 을 계속 하 아서 하 게 만들 어 주 는 수업   단점 은 답 이 정하 아 지 어 있 지 않 기 때문 에 끝맺음 이 아쉽 ㄴ 수업 계속 하 아서 생각하 아 야 하 는 점 팀 프로젝트 1 번 주제 별 조 별 발표 시 험 유형 단답 식""""              """,,,,,,,,,,,,,,
프로젝트 를 진행 하 면서 많 은 것 을 배우 어서 값지 ㄴ 수업 이 었 으나 최종 보고서 가 난감 하 ㅁ              ,,,,,,,,,,,,,,
숙제 자잘 하 ㄴ 것 많 고 팀 모임 도 많 은 축 이 지만 시험 안 보 고 A + 받 는 3 학점 강의 라고 생각 하 면 감지덕지              ,,,,,,,,,,,,,,
토론 도 찬성 반대 나누 어서 토론 하 면 누구 가 잘 하 았 는지 토론자 들 은 눈 감 고 청중 들 이 투표 하 는데 이기 고 지고 를 떠나 서 열심히 준비 하 아 오 ㄴ 것 같 으면 점수 에 차이 를 두 지 는 않 으 시 더라구 요 이 저 의 이 수업 자체 는 없 어 지 ㄴ다고 하 는데 교수 님 은 좋 으시 ㅂ니다              ,,,,,,,,,,,,,,
... 시험 이 어렵 지 는 않 은데 과연 변별력 이 있 을까 하 는 의문 이 .. 숙제 랑 조 모임 하나 도 없 는 점 이 가장 좋 음              ,,,,,,,,,,,,,,
음 ... 네트워크 를 크 게 안 가르치 시 고 자바 의 STREAM 관련 만 배우 ㅁ              ,,,,,,,,,,,,,,
교재 가 따로 없 고 자료 가 매우 많 아서 공부 하 ㄹ 때 혼란 스럽 지만 노력 하 ㄴ 만큼 나오 기 때문 에 열심히 하 면 좋 은 결과 를 얻 을 수 있 는 것 같 아요              ,,,,,,,,,,,,,,
처음 에 조 별 로 랜덤 지정석 에 앉 게 되 고 지정석 이 1 학기 동안 너 의 자리 야 일단 조원 듣 을 잘 만나 야 1 학기 동안 재미있 는 수업 이 되 고 아니 면 좀 지루 하 ㄹ 수 도 있 어 중간 중간 에 뭐 쓰 라는 것 많 은 것 랑 파일 에 활동 지 채우 어야 되 는 것 빼 고 는 2 학점 에 PF 과목 이 라 감수 하 ㄹ 만 하 다              ,,,,,,,,,,,,,,
.. 교수 님 께서 난이도 를 지정 하 어 주 는 것 이 아니 지만 무한 경쟁 이 라고 하 시 어서 처음 듣 는 사람 도 어플 을 이미 개발 하 아 보 ㄴ 학생 들 에 난이도 에 맞추 어서 짜 야 하 ㅂ니다 객 체지 향 최지웅 교수 님 것 1 학기 때 듣 고 오 아서 듣 었 는데 교수 님 말씀 대류 자바 는 모르 아도 수업 듣 는데 지장 이 없 지만 프로젝트 하 ㄹ 때 강제 로 버스 타 아 야하 거나 나락 으로 떨어지 ㅂ니다              ,,,,,,,,,,,,,,
때문 에 평소 에 객 체지 향 프로그래밍 에 익숙 하 지 않 거나 코드 를 어떻하 게 하 면 효율적 으로 짤 수 있 을까 에 대하 ㄴ 고민 을 해보 지 않 은 분 들 이 라면 듣 지 않 거나 해당 고민 을 조금 이 라도 하 고 나 는 이후 에 듣 으시 었 으면 하 ㅂ니다              ,,,,,,,,,,,,,,
"""""""강의 재미없 다고 하 는 여론 이 많 은데 그것 ㄴ 둘째 치고   같 은 강의 담당 하 시 는 교수 님 중 에 숙제 는 제일 치 어 많 고   하 ㄴ 학기 동안 대략 10 장 짜리 레포트 를 5 번 요구 하 았 는데 심지어 이것 이 적 다고 말하 ㄴ 다 자꾸 1 학년 때 는 놀 아야 되 ㄴ다고 모순 되 ㄴ 방향 으로 입 을 터 니까 매우 빡 치 ㄴ다""""              """,,,,,,,,,,,,,,
팀 숙제 는 많 은 팀 들 이 교수 님 이 요구 하 시 는 수준 보다 많 은 것 을 해 가 려 하 는 경향 이 있 는데 변별력 이 크 지 않 으니 하 았 다 는 데 의의 를 두 시 고 양식 말 ㄴ 지켜 적당히 하 시 면 되 ㅂ니다              ,,,,,,,,,,,,,,
솔직히 기말 기간 에 온라인 들 으랴 오프라인 들 으랴 하 느라 정신 없 기 는 한데 수업 에 교수 님 께 서 어 같이 실습 하 자고 하 시 는 것 열심히 따르 아 하 시 면 많 은 도움 되 ㄹ 듯              ,,,,,,,,,,,,,,
"""""""그림   영화   음악   뮤지컬 등 보 는 것 이 많 아서 수업 이 절대 지루 하 지 ㄴ 않 음""""              """,,,,,,,,,,,,,,
시험 은 총 3 번 실시 하 기 때문 에 부담 되 ㄹ 수 도 있 습니다              ,,,,,,,,,,,,,,
개인적 으로 철학 강의 를 하 시 ㄴ다면 들 어 보 고 싶 을 정도 로 교수 님 은 참 좋 은 분 이 시 ㅂ니다              ,,,,,,,,,,,,,,
숙제 를 성의껏 풀 어 오 는 것 보다 답 을 맞추 는 것 이 중요              ,,,,,,,,,,,,,,
진심 으로 이 교수 님 으로 배정 되 ㄴ 학생 들 은 복 받 은 것 나 쏘 스윗 하 시 고 학생 들 알 ㄴ 지루 하 게 노력 하 시 는 것 이 눈 에 보 일 정도 에 요 자신감 과 열심히 참여 하 는 모습 을 많이 보 시 어요              ,,,,,,,,,,,,,,
"""""""하 ㄴ 학기 에 책 두 권 읽 고 독후감 내야 하 고   범위 정하 아서 요약 발표 한 번   독서 토론 이나 향연 책 관련 자유 주제 발표 중 에 하나 선택 하 아서 하 아야 하 ㅂ니다 처음 에 하 ㄹ 것 이 너무 많 은 느낌 이 라 힘들 었 는데       학점 은 그냥 평소 에 발표 많이 하 고 숙제 꼬박 꼬박 내면 한 만큼 받 는 것 같 아요""""              """,,,,,,,,,,,,,,
매주 보고서 + 숙제 + 퀴즈 하고 화상 수업 때 는 돌아가 면서 조장 맡 고 조장 이 하 는 일 은 그날 온라인 수업 파트 조원 들 에게 설명 하 는 것 을 하 ㅂ니다              ,,,,,,,,,,,,,,
숙제 많 고 중간 기 말 때 평가 항목 이 여러 개 라 시험 여러 번 치르 ㅁ              ,,,,,,,,,,,,,,
따로 하 아 오 는 숙제 는 없 고 강의 시간 에 랜덤 으로 뽑히 ㄴ 사람 들 이 교재 연습 문제 풀 고 어떻하 게 풀 었 냐 에 따르 아 AF 까지 점수 받 고 그것 이 숙제 점수 에 요 랜덤 으로 한 번 도 안 뽑히 면 출석 점수 로 대신 채우 ㄴ 다 하 았 던 듯,,,,,,,,,,,,,,
책 내용 으로 퀴즈 한 번 보 고 기말 에 는 그동안 수업 하 았 던 자료 로 오픈 북 시험 보 는데 시험 문제 중 에 교수 님 개인적 이 ㄴ 부분 물어보 는 문제 가 나오 아서 황당 하 았 음,,,,,,,,,,,,,,
교수 님 강의 력 은 좋 으시 ㄴ 편입 ㅂ니다,,,,,,,,,,,,,,
"""또 국제 경영 강의 가 4 개 정도 있 는데 "," 만약 오늘 못 가 았 으면 다른 강의 시간 에 가 도 출석 인정 하 어 주 심 개 꿀 강의 내용 도 풍부 하고 이해 하 면서 공부 하 면 1 도 안 어려움 그치만 시험 이 객관식 이 ㄴ데 모두 고르 시오 라서 공부 안 하 면 안 되 ㅁ""",,,,,,,,,,,,,,
하지만 보고서 를 어떻하 게 쓰 던 보고서 점수 는 별로 안 갈리 고 만점 에 가깝 게 주 시 기 때문 에 보고서 스트레스 는 별로 없 음,,,,,,,,,,,,,,
... 시험지 답안 에 쓰 ㄴ 양 과 점수 와 는 관계 없 어 보이 지만 남 들 이 다 많이 쓰 므로 좀 많이 써 두 는 것 이 좋 을 것 같 기 는 하 ㅁ,,,,,,,,,,,,,,
그래도 수업 에 적극적 으로 임하면 얻 어 가 는 것 많 아요,,,,,,,,,,,,,,
딱딱 하 게 발표 하 지 말 으시 고 자연 스럽 게 발표 하 면 점수 잘 주 시 는 것 같 아 요 숙제 같 은 것 없 고 무리 하 게 영어 로 이야기 하 는 것 시키 지 도 않 으시 어서 좋 았 습 ㅂ니다,,,,,,,,,,,,,,
교수 님 귀 여우 심 지나 ㄴ 학기 기 출 문제 랑 해설 도 다 나누 어 주 시 니 그것 으로 시험 대비 하 시 기 ㄹ 강의 중 후반 부 쯤 되 면 학생 들 이름 이랑 얼굴 거의 다 외 우 시 니까 출 튀 금지 가끔 웅얼웅얼 설명 하 시 ㄹ 때 도 있 어서 내용 안 놓치 고 들 으려면 앞자리 앉 는 것 추천 그리고 나 의 경험 으로 는 + 알 ㄴ 채우 어 주 시 는 듯,,,,,,,,,,,,,,
학생 들 생각 을 많이 해주시 며 다 정하 시 ㄴ 분,,,,,,,,,,,,,,
... 온라인 이 라는 상황 을 감안 하 아 자비 를 얻 은 탓 에 좀 밑천 이 덜 까발리 어 지 ㄴ 기분 이 네요,,,,,,,,,,,,,,
어렵 지 않 고 발표 시간 도 짧 아서 부담 없 음,,,,,,,,,,,,,,
엄청 깐깐 하 시 ㄹ 거라 생각하 았 는데 생각 보다 는 점수 가 후하 시 ㄴ 것 같 다,,,,,,,,,,,,,,
기말 때 전범 위 시험 범위 라 공부 미리 열심히 하 아야 하 ㄴ다 채점 빡 세 므로 성적 잘 따 려면 아주 열심히 공부 하 아야 하 ㄴ다 프로젝트 쉽 지 않 다 일주일 날 아 가 ㅁ,,,,,,,,,,,,,,
성적 은 어떻하 게 잘 나오 았 는데 .. 이 ㄴ 강이 랑 병행 을 추천 ... 수업 시간 에 말하 ㄴ 것 은 10 이상 알아듣 기  .. 나 가 인간 이 ㄴ지 받아쓰기 하 는 기계 이 ㄴ지 .. 교수 님 자체 로 는 나이스 하 시 ㄴ데 .. 질문 도 잘 받 아 주 시 고 .. 따라가 기 힘들 었 음,,,,,,,,,,,,,,
"""시험 교수 님 마다 1 번 씩 다 보 아서 총 4 번 "," 토론 한 교수 님 마다 2 감상문 1 번 제출 하고 조 별 발표 도 1 번 있 고 있 어서 부담 스럽 다""",,,,,,,,,,,,,,
"""숙제 부분 에서 말 이 굉장히 많 은데 "," 일단 숙제 는 각 단원 이 끝나 면 해당 단원 연습 문제 를 풀 어 오 는 것 이 숙제 이 ㅂ니다""",,,,,,,,,,,,,,
"""다만 공학수 학이 과목 의 특성 때문 이 ㄴ지 는 모르 겠 으나 증명 이나 기저 원리 에 대하 ㄴ 설명 은 다소 빈약 하 ㄴ 편 이 며 ", 시험 이 지나치 게 쉽 ㄴ 경향 이 있 고 ," 사소 하 ㄴ 부분 이 지만 중간 이후 에 점수 잘 맞 은 분 들 을 일으키 어 세우 어서 박수 짝짝짝 이 부분 에서 좀 오그라들 었 습니다""",,,,,,,,,,,,,,
"""중간 ", 기말 ," 숙제 3 개 에 수업 이 일주일 2 번 이 ㄴ데 한 번 이론 수업 하고 한 번 실습 하고 그래요""",,,,,,,,,,,,,,
"""숙제 는 쉽 ㄴ 데 에 30 년 뒤 자기 에게 편지 쓰기 ", 생명 에 관해 찬반 토론 글쓰기 ," 영화 보 고 감사 평 쓰기 등 이 있 어요""",,,,,,,,,,,,,,
"""시험 난이도 는 1 ", 2 ," 3 차 는 쉽 ㄴ 데 에 4 차 가 어려움""",,,,,,,,,,,,,,
... 프랑스어 처음 배우 는 분 들 은 따라가 기 힘들 수도 ....,,,,,,,,,,,,,,
주 어서 디 구 란 말 듣 고 제발 걸리 지 말 어라 하 았 다 가 .. 남 들 다 드랍  때 2 학년 때 교 피 ㄹ 듣 고 싶 지 않 아서 오 기 로 들 었 습니다,,,,,,,,,,,,,,
"""근데 숭실 사이버 대 교수 가 쓰 ㄴ 25000 원 짜리 라면 받침대 반 강제 로 구입 하 도록 만들 어 놓 고 책 에서 단 한 문제 도 안내 고 문제 에 는 무슨 ' 돈 벌 는 법 에 대하 아서 서술 하 시 오 진짜 나오 ㄴ 문제 ' 이 다른 것 나 내 고 "," 평생 한번 보 ㄴ 적 도 없 는 회로 도 를 문제 로 내놓 아 서 알아보 니까 작년 에 도 똑같이 내 ㄴ 문제 이 ㄴ 대 다가 그때 도 정답 률 0 프로 에 수렴 하 는 문제 이 었 기 때문 에 그냥 엿 먹 어 보 아라는 의도 로 밖에 보 ㄹ 수 없 고""",,,,,,,,,,,,,,
그냥 책 읽 어 주 고 문제 풀 어 주 는데 엄청 틀리 고 수업 끝나 면 남 는 것 이 별 루 없 음,,,,,,,,,,,,,,
"""시험 은 노트 필기 속 예제 정도 풀 수 있 으면 B ", 그 외 에 이 예제 들 을 단칼 에 계산 실수 가 적 게 풀 면 A ," 단 하나 의 계산 실수 도 없 으며 응용 되 ㄴ 심화 문제 한 문제 정도 풀 수 있 다면 A + 이 다""",,,,,,,,,,,,,,
변 교수 님 은 문제 도 유형 별 로 하나 하나 풀 어 주 시 고 질문 도 잘 받 아 주 시 어서 공부 하 는데 크 게 문제 없 을 것 시험 문제 도 막 꼬 아서 내시 지 도 않 고 딱 정직 하 게 내심,,,,,,,,,,,,,,
을 보 았 는데 출석 을 확인 하 기 위하 ㄴ 쪽지 시험 이 었 고 문제 를 풀 어야 하 ㄹ 기간 내 에 풀 ㄴ다면 쪽지 시험 을 틀리 어도 감점 이 없 었 습니다,,,,,,,,,,,,,,
물론 범위 는 항상 저 는 범위,,,,,,,,,,,,,,
"""1 강 내용 이 2 ", 3 , 4 ," 5 강 내용""",,,,,,,,,,,,,,
수업 내용 알리 어 주 는 것 양 개 많 음,,,,,,,,,,,,,,
"""개인적 으로 생각하 아 보 ㄹ 때 교수 님 또한 이 과목 을 어떻하 게 평가 하 아야 하 ㄹ지 난감 하 아서 결국 변별 을 목적 으로 하 ㄴ 듯 싶 은데 ", 차 라 시 창공 처럼 팀 프로젝트 만 으로 평가 를 하 던가 ," 아니 면 실질적 으로 필요 하 ㄴ 능력 을 요구 하 는 숙제 로 평가 를 하 던 가 하 아야 하 았 지 않 았 나 싶 다""",,,,,,,,,,,,,,
"""그리고 중간 는 좀 어렵 었 는데 ", 교수 님 이 눈치 채신 건지 이 ㄴ지 기말 파트 자체 가 중간 에 비하 아 쉽 어서 그런 것 이 ㄴ지 ," 기말 는 쉽 었 습니다""",,,,,,,,,,,,,,
채우 어 주 시 는 것 같 고 말 로 는 아니 ㄴ 듯 하 시 지만 학생 들 배려 많이 하 아 주 시 어요,,,,,,,,,,,,,,
개 꾸 ㄹ,,,,,,,,,,,,,,
시험 이 어렵 지만 수업 열심히 들 으면 충분히 풀 수 있 고 잘 가르치 시 어서 수업 이 귀 에 잘 들어오 아 요 자 바 책 볼만하 ㄴ 것 따로 사 시 어서 평소 에 공부 하 면서 따라가 시 면 어렵 지 않 아 요 만족 스럽 ㄴ 강좌,,,,,,,,,,,,,,
"""장점 은 교수 님 설명 을 놓치 지 않 는다면 누구 든지 거부감 없이 수업 을 듣 을 수 있 음 책 "," 필기 중심 단점 은 숙제 가 없 기 때문 에 시험 을 망치 면 성적 복구 가 힘 팀 프로젝트X""",,,,,,,,,,,,,,
숙제 는 없 고 가끔 실습 하 ㄴ 것 을 제출 하 라고 하지만 수업 시간 에 교수 님 이랑 같이 실습 하 는 거라 어렵 지 는 않 음,,,,,,,,,,,,,,
"""숙제 는 중간 "," 기말 문제 풀이 1 번 설명 부터 배려 까지 그저 갓 갓 가 아""",,,,,,,,,,,,,,
"""출 결 중요시 하 는 것 알 겠 는데 나 가 잘 하 았 다 는 것 아니 지만 다 보건 에 유고 결석 이 라 무단 이 하나 도 없 었 는데 교수 재량 에서 점수 다 까 았 음 마음대로 아프 아도 안 되 ㄹ 듯 어느 정도 로 까 았 냐면 중간 ", 기말 , 에세이 ," 출 결 합산 하 아서 70 만점 에 67 점 받 았 는데 교수 재량 30 점 에서 맘대로 주 어서 시 뜸 이것 은 뭐 그냥 자 기 맘대로 학점 주 겠 단 심보 지 .. 그리고 성격 착하 아 보이 는데 몇 번 보다 보 면 뒤 끝 개 쩔 고 소심 찌 질 하 아서 하 ㄴ 것 도 없 는데 수업 시간 갑 분 쌓 아 만들 기 개 잘 하 ㅁ""",,,,,,,,,,,,,,
숙제 를 하 ㄴ 단원 이 끝 날 때 마다 연습 문제 풀 어 오 는 것 을 숙제 로 내주 시 며 그 다음 시간 에 연습 문제 중 학생 들 이 질문 하 는 것 혹은 어렵 어 하 ㄹ 만 하 ㄴ 문제 를 4 문제 가량 뽑 고 난수표 를 통하 아 발표 하 ㄹ 학생 을 뽑 으시 ㄴ다,,,,,,,,,,,,,,
"""조 별 숙제 는 없 고 ", 개인 숙제 로 아이디어 구상 PPT 제출 이 ㄴ데 ," 넉넉 하 게 기한 주시 기 에 부담 되 지 않 았습 니 당""",,,,,,,,,,,,,,
출 결도 가끔 교수 님 이 잘못 체크 하 는 경우 도 여럿 있 었 고 숙제 를 금요일 에 내주 시 면 월요일 저녁 8 시 까지 제출 이 라 공지 하 아 놓 고 는 그 숙제 창 은 월요일 오후 2 시 에 열 아 주 시 었 네요,,,,,,,,,,,,,,
"""숙제 가 엄청 많 지만 5 점 을 줄 ㄴ 이유 는 "," 숙제 만 잘하 면 A + 을 받 을 수 있 기 때문""",,,,,,,,,,,,,,
+  채우 어 주 는 교수 님 도 아니 ㄹ뿐더러 강의 를 여러 개 맡 아 성적 도 늦 게 나오 고 .. 솔직히 시험 범위 미리 알리 어 주 ㄴ 것 을 제외 하 곤 그냥 그렇 습니다,,,,,,,,,,,,,,
모르 면 바로 질문 시험 은 그냥 숙제 복 붙이 라 걱정 없 었 음,,,,,,,,,,,,,,
숙제 두 번 에 출석 도 전반부 에 ㄴ 잘 안부 세 다가 얘기 가 들어오 았 는지 후반부 에 ㄴ 거의 부르 심 증명 은 진짜 많이 하 어 주 심 재수강 이 었 는데 처음 에 들 었 을 때 랑 문제 유형 이 많이 다르 았 음,,,,,,,,,,,,,,
싶 으면 뭐 가 이 상하 ㄴ지 적 게 하 ㄴ다 던지 중요 하 ㄴ 것 은 저 모든 것 을 본인 이 문제 풀 면서 직접 찾 아 야 하 ㄴ다는 것 저런 문제 가 있 을 수 도 있 고 없 을 수 도 있 음,,,,,,,,,,,,,,
이 사람 선대 듣 지 말 아라 셈 이 사람 것 듣 을 비 에 구글 에서 칸 아카데미 치고 동영상 상의 보 셈 자 막 없 어도 이 사람 이 하 는 말 보다 는 이해 잘 되 ㅁ,,,,,,,,,,,,,,
"""PPT 자체 에 내용 이 그렇게 많 지 ㄴ 않 지만 ", 팀 프로젝트 두 번 + 숙제 3 번 이 ㄴ가 4 번 있 어 요 숙제 는 그냥 문제 몇 개 푸 는 거라 오래 걸리 지 ㄴ 않 는데 ," 다 채점 하 아서 점수 로 들어가 니 막 하 면 안 되 어요""",,,,,,,,,,,,,,
퀴즈 1 은 영상물 에서 는 전혀 출제 되 지 않 고 100 PPT 에서 나오 았 는데 말 을 잘못 알 아들 어서 영상물 위주 로 공부 하 았 더니 두 개 밖에 틀리 지 않 았 는데 도 불구 하고 평균 이 하의 점수 를 받 아서 당황 스럽 었 습니다,,,,,,,,,,,,,,
시험 을 대충 내 는 것 이 ㄴ지 멍청 하 아서 잘 못 내 는 것 이 ㄴ지 문제 가 같 았 고 학점 공지 를 전산 입력 전 에 미리 하 아 주 ㄴ다고 하 아서 종강 하고 나서 도 시간 맞추 어 학교 까지 직접 찾아가 았 지만 학점 공지 는 없 었 고 기말 재 채점 을 두 번 이나 하 고 중국 에서 갑작스럽 ㄴ 손님 이 찾아오 아서 어쩌 ㄹ 수 없 었 다는 답변 만 듣 을 수 있 었 다,,,,,,,,,,,,,,
중간 개 쉽 다,,,,,,,,,,,,,,
반 별 로 평가 하 니 참고 하 시 기 바라 ㅂ니다,,,,,,,,,,,,,,
"""수업 방식 초창기 에 ㄴ 엑셀 의 기 보 ㄴ 적 이 ㄴ 툴 사용법 을 간단 하 게 알리 어 주 시 고 ", 그 후 에 ㄴ 몇몇 재무 이론 에 대하 ㄴ 설명 ," 그 후 그 이론 을 적용 하 ㄹ 엑셀 창 을 띄우 어 놓 고 직접 따르 아 하 아 보 는 방식 으로 진행 하 ㅁ""",,,,,,,,,,,,,,
수업 하 ㄹ 때 자세 하 게 설명 해주시 고 숙제 도 쉽 고 시험 도 어렵 지 않 음,,,,,,,,,,,,,,
다만 팀 프로젝트 후 조원 평가 를 하 는데 그때 같 은 조 에서 별 일 안 하 ㄴ 놈 들 끼리 조작 하 아서 팀원 평가 도 상 을 주 ㄴ다는 얘기 를 나 의 앞 에서 하 았 을 때 아가리 를 벌리 어서 변기 물 을 그 안 에 다 넣 고 싶 었 음,,,,,,,,,,,,,,
교수 님 도 좋 고 학점 도 채우 어서 주심 설명도 이해 잘 되도록 해주시 고 수업 도 빠르 게 끝내 주 시 고 숙제 도 부담 없 고 좋 아요,,,,,,,,,,,,,,
"""얼굴 이름 하루 만 에 다 외 우 시 어서 외출 ", 대출 , 지각 , 결석 다 알 시 고 체크 하 십 니 다 숙제 는 연습 문제 풀이 로 하 ㄴ 수업 마다 하 ㄴ 문제 씩 내시 고 난이도 는 친구 들 과 같이 풀 수 있 는 정도 에 요 개인차 가 있 기 ㄴ 하 ㅂ니다 교재 는 원서 를 사용 하고 ," 시험 은 오픈 북 이 ㅂ니다""",,,,,,,,,,,,,,
문제 형식 도 기 출 문제 에서 크 게 벗어나 지 않 는다,,,,,,,,,,,,,,
갓 교수 님 + 로 비율 다 채우 어 주 기 도 조 모임 도 있 지만 거의 수업 시간 에 다하 시 ㄹ 수 있 도록 해주시 고 시험 은 없 어서 좋 았 던 과목,,,,,,,,,,,,,,
다만 중간 퀴즈 의 경우 꽤 쉽 ㄴ 편 이 라 하 ㄴ 문제 틀리 면 등 수 가 쭉쭉 떨어지 ㅂ니다,,,,,,,,,,,,,,
그냥 저냥 .. 이 교수 님 다른 강의 평 보 면 괜찮 던데 이번 에 는 왜 그러 셨 는지 .. 강의 력 은 나쁘 지 ㄴ 않 은데 학기 끝나 가 ㄹ 쯤 되 니까 ㄴ 거의 책 을 읽 으시 ㅁ,,,,,,,,,,,,,,
책 읽 고 토론 하 는 것 은 생각 보다 부담 스럽 지 않 았 어요,,,,,,,,,,,,,,
대신 그만큼 학점 을 꽉 꽉 채우 어 주 ㅁ,,,,,,,,,,,,,,
그리고 숙제 를 내주 시 는데 숙제 는 따로 검사 하 는 것 이 아니 라 수업 시간 의 몇 문제 정도 선별 하 아서 발표 하 는 식의 형태 이 ㅁ,,,,,,,,,,,,,,
시험 직전 에 보강 시간 을 원래 수업 시간 이 ㄴ 1 시 15 분 까지 보다 3 시간 더 초과 하 ㄴ 4 시 15 분 까지 로 학생 들 의견 수렴 1 도 없이 지 맘대로 정하 ㅁ,,,,,,,,,,,,,,
모든 영어 수업 은 원래 중간 기말 시험 으로 발표 하 는데 그레고리 교수 님 은 그룹 발표 가 아니 ㄴ 개인 발표 라 편하 고 따로 PPT 나 자료 만들 필요 도 없 어서 더 부담 없 을 것 이 ㅁ,,,,,,,,,,,,,,
원래 처음 에 ㄴ 칠판 필기 하 려던 것 을 학생 들 의 요청 으로 이렇게 바뀌 었 다는 점 참 고,,,,,,,,,,,,,,
기 말 80 프로 가 부담 스럽 기 ㄴ 하 았 지만 중요 부분 을 따로 집어 주 시 었 고 숙제 도 베끼 지만 않 으면 좋 은 점수 주시 고 숙제 난이도 는 충분히 하 ㄹ 수 있 는 난이도 이 ㅂ니다,,,,,,,,,,,,,,
실습 상 의 하 아야 되 ㄹ 실력 이 면 다른 것 점수 안 나오 ㄴ다,,,,,,,,,,,,,,
이 교수 님 숙제 는 다른 의미 로 악명 높 고 다른 학우 들 이 평가 하 ㄴ 것 과 비슷 하 니 다루 지 않 겠 음,,,,,,,,,,,,,,
하 ㄴ 학기 동안 영어 수업 이 재미있 었 습니다,,,,,,,,,,,,,,
수업 에 어렵 ㄴ 것 1 도 없 고 그냥 수업 들 으면서 활동 지 작성 말 ㄴ 꼼꼼히 하 면 바로 패스 개 꾸 ㄹ 대신 폰 못 만지 ㅁ,,,,,,,,,,,,,,
서술 형 한 장 다 채우 는 문제 도 있 는데 그냥 분량 만 꽉 채우 면 점수 풀 로 주심,,,,,,,,,,,,,,
정리 하 자면 조의 구성원 따르 아 교과목 에 재미 가 정하 아 지 는 것 같 아 요 저희 조 같 은 경우 에 는 첫 번 째 숙제 조원 들 끼리 밥 먹 고 사진 찍 기하 ㄹ 때 부터 친하 아 지 어서 수업 이후 에 도 같이 만나 밥 도 먹 고 술 도 먹 고 하 ㄹ 정도 로 이 수업 을 통하 아 친하 아 지 었 어요,,,,,,,,,,,,,,
교수 님 이 조금 만 더 성의 를 보여주 시 면 좋 겠 는 과목,,,,,,,,,,,,,,
확실히 조 잘 만나 는 것 이 중요 하 ㄴ 듯 처음 에 조 짜 고 톡 방 만들 었 는데 두 번 때 수업 전 에 어떤 분 이 드랍했  톡 방 나가 아서 갑 분 쌓 아 되 었 는데 다른 친구 가 하 ㄴ 명 들어오 았 고 다 같이 괜찮 은 분위기 라 좋 았 음,,,,,,,,,,,,,,
국내 기업 과 해외 기업 사례 연구 숙제 도 강의 끝 에 어떠 하 ㄴ 기업 들 선정 하 면 좋 을 지 예시 도 주 시 고 최대한 숙제 에 대하 ㄴ 구체적 이 ㄴ 설명 을 해주시 는 것 같 아서 크 ㄴ 어려움 없이 숙제 를 하 았 던 것 같 습니다,,,,,,,,,,,,,,
그러나 저 처럼 수학 과 거리 가 조금 있 으며 교수 님 의 설명 을 중시 하 ㄴ다면 별로 추천 하 지 는 않 아 요 출석 은 상대적 으로 조금 여유 가 있 으며 따로 팀 프로젝트 은 없 으며 모르 는 내용 은 수업 끝나 고 나 시험 보 기 저 는 마지막 수업 시간 에 질문 을 받 아 주 시 어요,,,,,,,,,,,,,,
숙제 는 없 고 학기 에 1 번 팀 프로젝트 발표 가 있 음,,,,,,,,,,,,,,
학점 은 채우 어 주 시 지 않 는 것 같 고 매 수업 마다 수업 을 듣 고 수업 시간 에 하 ㄴ 결과 물들 을 수업 마치 ㄹ 때 업로드 하 아야 하 므로 수업 을 듣 으시 시 어야 하 ㅂ니다,,,,,,,,,,,,,,
그치만 다 들 잘하 시 어서 학점 따 기 어렵 ㄴ 것 은 사실 이 다 다 들 점수 차이 가 얼마 안 나 서 완전 열심히 하 고 짜 잘 짜 잘 하 ㄴ 실수 안 하 면 점수 잘 나오 ㄹ 듯,,,,,,,,,,,,,,
"""중간 기말 의 경우 시험 전주 에 시험 범위 PPT 를 다시 만들 어서 올리 어 주 기 때문 에 그것 ㄹ 보 면 되 지만 "," 중간 와 기말 전 에 치르 어 지 는 두 번의 퀴즈 는 정리 보 ㄴ 을 따로 안 올리 어 주 어서 아무튼 결국 다 읽 어 보 아야 되 ㄴ다고 생각 하 면 되 ㅁ""",,,,,,,,,,,,,,
처음 시험 이 딱 평균 이 라 망하 았 다,,,,,,,,,,,,,,
학생 들 을 엄청 생각 하 시 는 천사 교수 님 이 다 학점 도 잘 주 시 고 학생 들 에게 중간 중간 간식 도 주 시 ㄴ 다 기말 범위 는 수업 을 잘 들 으면 도움 이 많이 되 ㄹ 것 이 다 교수 님 이 친절 하 게 천천히 잘 가르치 어 주 시 ㄴ 다 시험 이 약간 어렵 ㄹ 수 있 는데 다른 학생 들 도 어렵 어 하 아서 생각 보다 학점 을 잘 받 을 수 있 을 것 이 다 경 수통 을 듣 는다면 추천 하 ㄹ 만 하 ㄴ 수업 이 다,,,,,,,,,,,,,,
영화 드라마 좋아하 면 재미있 게 듣 을 듯 싸 강이 라 그렇 ㄴ지 출 결 숙제 가 조금 씩 매주 있 었 지만 그렇게 어렵 지 않 았 음,,,,,,,,,,,,,,
가끔 영상 재미없 길 ㄴ 하 ㄴ데 영화 볼 때 진짜 막 엄청 집중 하 아서 보 게 되 고 중간 는 죄 와 벌 레포트 로 대체 고 기말 도 영상 보 면서 코멘트 하 시 는 부분 이나 자기 가 인상 깊 었 던 부분 잘 기억 하 았 다 가 쓰 면 되 어 요 근데 시험 문제 가 그렇게 쉽 ㄴ 편 은 아니 에요,,,,,,,,,,,,,,
시험 이랑 숙제 도 개 빡 치고 핸드폰 사용 하 면 감점 에 무슨 중딩 이 ㄴ 줄 진짜 이 것 학점 때 매 듣 는다구요,,,,,,,,,,,,,,
"""식의 진행 이 많 고 조 별 발표 영어 발표 도 하나 "," 대본 쓰 고 보 면서 발표 하 기 때문 에 크 ㄴ 어려움 없 음""",,,,,,,,,,,,,,
그래서 3 차 시험 이후 부터 는 수업 중간 에 도 출석 을 하 ㄴ 번 더 부르 시 더라구 요 아 참고 로 교수 님 이 회사 일과 병행 하 시 었 던 강의 라 6 시 이후 연 강이 었 는데 항상 30 분 1 시간 가량 일찍 끝내 주 시 었 고 시험 치 는 날 에 는 시험 만 보 고 저녁 사주 시 었 어요,,,,,,,,,,,,,,
"""총 3 번 보고 ", READING 은 4 개 중 1 개 택 ," WRITING 은 간단 하 ㄴ 주제 갖 고 쓰 는 것 이 ㅂ니다""",,,,,,,,,,,,,,
발표 는 수업 중간 중간 에 새롭 ㄴ 내용 을 묻 는 것 이 있 고 수업 시작 전 에 저 는 수업 내용 을 복습 하 는 것 이 있 는데 문과 생 이 점수 를 벌리 어 면 수업 시작 전 을 잘 공략 하 아야 하 ㅂ니다 그런데 이 때 는 경쟁 이 심하 기 때문 에 쉽 지 는 않 습니다,,,,,,,,,,,,,,
에세이 꼭 내 고 출석 잘 하 시 면 굿 굿 그리고 교수 님 열정적 이 시 고 매우 착하 세 여 ... 다만 PPT 가 조금 알아보 기 힘들 다는 점,,,,,,,,,,,,,,
교수 님 께서 웅얼웅얼 거리 시 며 딕션 이 좋 지 않 은 데 다가  또한 좋 지 않 아 답답 하 ㅂ니다,,,,,,,,,,,,,,
수업 교수 님 이 PPT 나 이런 것 들 로 자료 조사 많이 하 아 오 시 어서 강의 형태 로 수업 을 해주시 는 데 4 명 씩 앉 아 영어 로 이야기 나누 는 형태 로 주로 수업 을 나가 고 가끔 은 옆 에 앉 은 사람 과 함께 두 명 씩 영어 로 대화 하 는 것 을 시키 시 ㅂ니다,,,,,,,,,,,,,,
주로 PPT 수업 위주 로 나가 시 었 고 매 수업 마다 개인 별 해결 숙제 가 있 었 지만 수업 내용 만 듣 었 다면 해결 하 ㄹ 수 있 는 수준 이 었 습니다,,,,,,,,,,,,,,
1 점 도 아깝 ㄴ 인생 최악 의 교수 님 과 강의 ..... 왜 진작 드랍 안 하 았 는지 모르 겠 어요,,,,,,,,,,,,,,
.. 그리고 출석 부르 기 는 하 는데 그것 이 나중 에 점수 에 들어가 나 의 문 임 지각 몇 번 하 ㄴ 사람 이 나중 에 유세 인 트 에 출석 확인 하 아 보 았 는데 만점 이 이 었 음,,,,,,,,,,,,,,
"""또한 ", 영화 감상문 1 회 제출 이 있 지만 ," 비중 은 그리 크 지 않 아 제출 에 의의 를 두 면 되 ㅂ니다""",,,,,,,,,,,,,,
첫 시험 은 오픈 북 이 ㄴ 데 쉽 어서 다 들 잘 보 았 고 두 번 째 는 3 문제 이 었 는데 버리 ㄴ 사람 도 많 고 오픈 북 도 아니 고 시간 이 오래 걸리 어서 중간 만 공부 하 았 는데 B 나오 았 음,,,,,,,,,,,,,,
타 학과 학생 이 었 는데 이번 에 코로나 때문 에 기말 만 보 았 는데 범위 가 많 았 고 아무것 도 모르 고 처음 배우 는 입장 에서 부담 스럽 었 던 것 은 사실,,,,,,,,,,,,,,
... 객관식 시험 은 올해 부터 없 어 지 었 지만 보강 10 시간 에 시험 때 비포 시험지 4 장 기본 으로 주 는 것 을 나 가 미리 알 았 다면 이것 ㄹ 듣 는 일 이 절대 없 었 을 터 이 ㄴ데 ... 진짜 빡 세 ㄴ 만큼 배우 는 것 은 많 은데 학점 은 빼 박 갈리 ㄹ 것 같 음,,,,,,,,,,,,,,
매주 있 는 숙제 와 발표 가 힘들 면 마음 의 준비 를 하 렴 아마 1 학기 때 아두 이 노 를 만지 어 보 지 못하 ㄴ 아이 들 은 융통 성 없 는 신세계 를 보 게 되 ㄹ 것 이 야 혼자 알 아서 공부 하 ㄹ 생각 없 으면 출 결 잘 챙기 고 버스 를 잘 타 아 기 ㄹ 바래 1 이 ㄴ 캐리 는 C + 이 라는 저주 를 받 으니 이 기적 이 ㄴ 생각 은 버리 고 도 울 생각 은 하 고 교수 님 눈 밖 에 나 면 학점 똥 망 이 다,,,,,,,,,,,,,,
"""다만 공학수 학이 과목 의 특성 때문 이 ㄴ지 는 모르 겠 으나 증명 이나 기저 원리 에 대하 ㄴ 설명 은 다소 빈약 하 ㄴ 편 이 며 ", 시험 이 지나치 게 쉽 ㄴ 경향 이 있 고 ," 사소 하 ㄴ 부분 이 지만 중간 이후 에 점수 잘 맞 은 분 들 을 일으키 어 세우 어서 박수 짝짝짝 이 부분 에서 좀 오그라들 었 습니다""",,,,,,,,,,,,,,
나 의 주심,,,,,,,,,,,,,,
대놓고 기 분 나쁘 ㅁ,,,,,,,,,,,,,,
말 을 더듬 고 집중 도 안 되 어요,,,,,,,,,,,,,,
조 별 숙제 를 진행 하 시 ㄴ 경험 이 별로 없 으시 ㄴ 것 이 ㄴ지 학생 들 보다 도 잘 모르 시 어서 답답 ... 보고서 를 제출 하 았 는데 도 확인 을 제대로 알 ㄴ 하 시 ㄴ 것 이 ㄴ지 계속 못 받 았 다고 문자 와 서 어 짜증 나 았 음,,,,,,,,,,,,,,
제출 숙제 이외 에 도 거의 매시간 숙제 가 있 습니다,,,,,,,,,,,,,,
나머지 는 그냥 무난 무난,,,,,,,,,,,,,,
유익 하 ㄴ 이야기 도 많이 해주시 고요,,,,,,,,,,,,,,
개인적 으로 가장 교양 다운 수업 이 었 다고 생각 하 ㅂ니다,,,,,,,,,,,,,,
첫 번 째 시험 에 선 애매 하 ㄴ 문제 가 많 았 는데 교수 님 이 학생 들 과 피드백 후 에 시험 유형 조금 씩 바꾸 심,,,,,,,,,,,,,,
"""하지만 시험 은 쉽 게 나오 는 편 이 며 "," 수업 때 집중 만 하 ㄴ다면 A 받 을 수 있 는 수업 이 니 집중 하 자""",,,,,,,,,,,,,,
"""실험 보고서 도 스캠  실험 시간 전 까지 업로드 "," 예비 보고서 가 생략 되 ㄴ 대신 스캠  올라오 는 10 분 15 분 정도 의 실험 동영상 매주 출 책 + 실험 시 간 에 출 책 하고 바로 폰 으로 그날 실험 하 ㄹ 내용 에 관해 퀴즈 5 문제 품""",,,,,,,,,,,,,,
시험 난이도 도 높지 않 아요,,,,,,,,,,,,,,
이번 학기 최악 의 수업,,,,,,,,,,,,,,
근데 강의 를 좀 대충 하 시 는 듯,,,,,,,,,,,,,,
열심히 설명 해주시 지만 이해 가 가진 않 는다,,,,,,,,,,,,,,
못 알아듣 는 부분 다시 돌리 어서 듣 어서 필기 하 ㄹ 수 있 어서 온라인 수업 이 라 발표 는 안 하 았 고 숙제 말 ㄴ 제출 하 았 는데 교수 님 이 주 시 는 파일 에 있 는 글로벌 기업 하나 정하 아서 PPT 발표 자료 만들 는 것 이 었 습니다,,,,,,,,,,,,,,
근데 퀴즈 를 2 이 ㄴ 1 조로 보 기 때문 에 좋 은 점 은 학과 사람 알 게 되 ㅁ,,,,,,,,,,,,,,
"""어차피 기존 기 출 문제 열심히 풀 어야 감 이 오 고 "," 시험 문제 는 어려움 진짜 로 그래서 다 같이 못 봄 .. 기 출 문제 몇 개 겹치 어서 출제 되 는데 그것 ㄹ 꼭 맞추 기 ㄹ""",,,,,,,,,,,,,,
수업 내용 은 되게 기초 만 가르치 ㄴ 다 하지만 프로젝트 는 그 이상 을 하 아야 하 기 에 따로 공부 하 며 만들 어야 하 ㄴ다 팀 잘 만나 면 학점 잘 받 고 초기 에 프로젝트 아이디어 구상 이 되게 중요 하 ㄹ 듯 ..,,,,,,,,,,,,,,
성적 자 ㄹ 줄 것 같이 얘기 하 시 었 는데 ... 음 ... 그것 ㄴ 모르 겠 디 만,,,,,,,,,,,,,,
어렵 지만 제대로 익히 어 놓 으면 갑자기 쉽 어 보이 ㅁ,,,,,,,,,,,,,,
다른 교수 님 들 은 약간 강의 만 올리 시 고 방치 하 ㄴ다는 느낌,,,,,,,,,,,,,,
숙제 및 시험 준비 하 는데 어려움 이 없 지 않 아 있 었 어요,,,,,,,,,,,,,,
그리고 출 튀 다잡 으니 절대 시도 하 지 말 아 19 년 1 학기 에 는 2 번 잡 았 는데 기 말 전 에 잡 아서 출석 점수 아예 0 점 주 었 음,,,,,,,,,,,,,,
"""쉽 게 가르치 시 었 고 "," 시험 도 쉽 게 내심""",,,,,,,,,,,,,,
어떤 조 들 은 토론 하 ㄹ 때 교수 의 진행 력 이 부족 하 아서 발언 시간 이 부족 하 았 는데 감안 하 어 주 지 도 않 는다,,,,,,,,,,,,,,
전날 이 었 나 그때 공지 가 잘 못되 었 다며 다시 하 아서 내 라더라 그제서야 시험 관련 힌트 도 줌 이제 까지 열심히 하 ㄴ 학생 들 은 무엇 이 었 는지 개 빡 치 어서 그냥 배 째 고 내 었 다,,,,,,,,,,,,,,
출석 한 번 도 안 빠지 고 지각 X,,,,,,,,,,,,,,
숙제 는 많 은 편 이 라 이 부분 에서 싫 을 순 있 는데 어 짜 피 듣 는 사람 은 다 하 는 것 고 팀 짜 서 하 어 도 되 어서 괜찮 고 또 숙제 통하 아 중간 기말 공부 하 ㄹ 수 있 어서 좋 음,,,,,,,,,,,,,,
발음 은 어쩌 ㄹ 수 없 다고 하 어 도 설명 을 진짜 못하 ㅁ,,,,,,,,,,,,,,
중간 한 번 기 말 한번 그리고 숙제 한 번 있 는데 숙제 는 금방 하 는 거라 부담 안 갖 으시 어도 되 어 요,,,,,,,,,,,,,,
"""중간 2 번 이 쉽 어서 변별력 없 어서 걱정 하 았 지만 "," 중간 2 번 보 ㄴ 것 과 같 은 퍼센트 의 기말 을 오 지 게 어렵 게 내 었 고 이 때 어 마 어마 하 게 수강 생 들 이 좌절 하 았 다 100 점 만점 에 평균 이 40 점 이 ㄴ 가 30 점 이 ㄴ 가 그리하 었 음""",,,,,,,,,,,,,,
점수 는 보통 보다 잘 주 시 는 편,,,,,,,,,,,,,,
"""한 분 은 발음 이나 목소리 때문 에 알 ㄴ 들리 어서 수업 을 포기 하 았 는데 "," 그나마 채우석 교수 님 은 목소리 나 발음 은 명확 하 시 어서 수업 듣 는 데 는 문제 없 었 습니다""",,,,,,,,,,,,,,
"""보 니 아무래도 아쉽 ㄴ 부분 이 많 았 던 것 같 아 요 오프라인 으로 하 았 다 면 "," 부담 스럽 지 않 게 하루하루 에 끝내 ㄹ 수 있 었 던 숙제 들 을 몰아 서 하 려니 은 근 시간 을 많이 잡아먹 더라구 요 그리고 PPT 만들 어서 소개 영상 찍 는 것 이 조오 금 부담 스럽 었 습니다""",,,,,,,,,,,,,,
프로젝트 는 논문 선택 운 빨 이 없 지 않 아 있 다,,,,,,,,,,,,,,
"""자신 이 못 가르치 시 는 것 도 어느 정도 이 ㄴ 지하 고 있 어서 질문 많이 하 라고 하 고 ", 시험 은 중간 ," 기말 전 에 간단히 조 모임 으로 풀 라고 하 는 문제 중 에서 많이 나오 ㄴ다""",,,,,,,,,,,,,,
"""숙제 는 조금 조금 씩 자주 내주 시 기 는 하지만 부담 스럽 지 ㄴ 않 고 발표 는 중간 "," 기말 두 번 보 는데 발표 에서 거의 점수 가 갈리 ㄴ다""",,,,,,,,,,,,,,
"""PPT 4 장 을 만들 는 숙제 가 주어지 는데 "," 부담 없이 하 ㄹ 수 있 다""",,,,,,,,,,,,,,
2 명 씩 발표 를 준비 하 는 것 은 두 명 이 짝 을 이루 어서 주제 에 따르 아 PPT 를 만들 고 발표 하 는 것 이 ㄴ데 어렵 지 않 아 요 시험 보 기 저 는 2,,,,,,,,,,,,,,
숙제 는 중간 중간 연습 문제 풀 어 오 는 것 이 다고 기간 도 시험 보 기 전 까지 만 내면 다 받 아 주심 서 이 ㄹ 완 교수 님 처음 에 깐깐 하 시 ㄴ 줄 알 았 는데 실험 하 ㄹ 때 마다 모르 는 것 여쭈 어 보 면 다 알리 어 주 시 고 실험 하 ㄹ 때 항상 옆 에 같이 계심 숙제 는 매주 예비 결과 보고서 총 두 갠 데 예비 는 다 비슷 하고 결 과 에서 계산 하나 잘못 하 아도 교수 님 다시 계산하 니까 조작 하 려면 애초 에 하 지 말 아라 셈 걸리 고 도 남 음,,,,,,,,,,,,,,
레포트 두 번 제출 에 시험 한번 보 ㅂ니다,,,,,,,,,,,,,,
... 두 번 빠지 었 다고 보강 하 ㄹ 뻔하 기 도 하 ㅁ,,,,,,,,,,,,,,
조원 을 잘 만나 야 하 ㄴ 학기 수업 이 편안 하 다,,,,,,,,,,,,,,
팀 프로젝트 숙제 없 고 중간 기말 출석 이 평가 기준 이 어서 좋 았 음,,,,,,,,,,,,,,
박정현 교수 님 은 깐깐 하 시 기 는 한데 결과 레포트 를 수업 시간 에 거의 끝내 주 시 어서 집 에서 혼자 머리 싸매 고 끙끙대 지 않 아도 되 어서 좋 았 음,,,,,,,,,,,,,,
핸드폰 하 는 것 깐깐 하 지 않 고 1 교시 이 었 는데 5 분 정도 늦 게 들어오 아서 여유 로웠 음,,,,,,,,,,,,,,
시험 은 별 것 업고 해석 만 잘하 면 되 는 것 같 다,,,,,,,,,,,,,,
"""성적 은 교수 님 이 가르치 는 세 반 다 합치 어서 나오 기 때문 에 "," 자기반 이 잘 하 ㄴ 다 못하 ㄴ 다 보다 는 교수 님 이 보여주 시 는 모든 반 점수 통계 를 보 고 가늠 하 면 되 ㄹ 듯""",,,,,,,,,,,,,,
"""매 시간 쪽지 시험 에 중간 세 번 "," 기말 한 번 으로 시험 은 많 지만 출 결 은 까다롭 게 보 지 않 으시 고요""",,,,,,,,,,,,,,
출 결도 없 고 시험 말 ㄴ 잘 보 면 되 어요,,,,,,,,,,,,,,
뒤 에서 맨날 떠들 고 영상 집중 안 하 고 수업 시간 에 딴 과목 공부 하 는 사람 들 은 억울 하 ㄹ 것 하나 없 음,,,,,,,,,,,,,,
수업 안 듣 고 출석 말 ㄴ 하 고 조 별 숙제 만 잠깐 참여 하고 중간 기말 전 에 시험 문제 부르 어 주 는 것 외우 면 점수 는 자 ㄹ 나오 겠 지만 경제학 과 다른 전공 수업 과 비교 하 아서 그 정도 로 투자 하 ㄹ 가치 가 없 어서 시험 공부 를 안 하 게 되 ㄹ 거기 에 이 것 수업 시간 에 뒷자리 가 아서 다른 전공과목 공부 하고 학점 비정 도 맞 을 정도 만 공부 하 는 사람 이 승리자 이 ㅂ니다,,,,,,,,,,,,,,
시험 도 안 까다롭 고 내용 도 무난 하 ㅂ니다,,,,,,,,,,,,,,
"""4 번 째 시험 부터 강의 내용 자체 가 난이도 가 상당 하 아 지 니 1 ", 2 ," 3 번 째 시험 때 무슨 일 이 있 어도 고득점 받 아 놓 기""",,,,,,,,,,,,,,
.... 별로 였 어요,,,,,,,,,,,,,,
문제 풀이 가 아니 라 조사 하 아서 2 페이 진가 여백 없이 쓰 는 것 시험 기간 여부 와 상관없이 하 ㄴ 주 두 주 에 한번 씩 내주 시 었 어요,,,,,,,,,,,,,,
모르 는 것 에 대하 어 물어보 면 세세 하 게 잘 알리 어 주 시 ㄴ다,,,,,,,,,,,,,,
숙제 는 두 번 이 ㄴ데 처음 은 부담 없 어도 되 는 것 고 두 번 째 는 에세이 를 67 장 분량 제출 하 는 것 이 ㄴ데 거의 만점 주 시 는 듯 하 ㅁ,,,,,,,,,,,,,,
기말 는 발표 대체 + 시험,,,,,,,,,,,,,,
한마디 로 별로 ..... 학생 들 한테 많 은 것 을 바람 수업 진행 방식 도 솔직히 잘 모르 겠 고 그냥 나 는 극 혐  1 학점 치고 하 ㄹ 것 이 많 있 던 것 이 제일 짜증 나 았 던 수업,,,,,,,,,,,,,,
2 시간 동안 다 하 는 것 이 아니 라 첫 시간 만 이론 으로 꽉 채우 고 나머지 는 조 별 로 2 시간 중 15 분 정도 만 나오 아서 출 결 확인 하고 실험 하고 가 ㅂ니다,,,,,,,,,,,,,,
더욱 화 가 날 는 것 은 실험 보고서 작성 숙제 에서 실험 데이터 를 성의 없이 주 ㅂ니다,,,,,,,,,,,,,,
시험 때 부담 없 어서 시험 때 는 개 꾸 ㄹ 조 잘 걸리 면 재미있 지만 조 잘못 걸리 면 그냥 한학기 동안 앉 아 있 는 것 뿐 이 ㄴ 수업,,,,,,,,,,,,,,
숙제 비중 거의 없 음,,,,,,,,,,,,,,
교수 님 이 무척 좋 으시 어요,,,,,,,,,,,,,,
숙제 없 고 시험 문제 알리 어 주시 지만 그만큼 성적 받 기 힘들 어요,,,,,,,,,,,,,,
중간 은 레포트 고 기말 은 영상 관련 하 아서 문제 고르 아서 푸 는 것 이 ㄴ데 영상 장면 을 기억 하 아야 하 기 때문 에 나 처럼 많이 존 사람 은 힘들 듯,,,,,,,,,,,,,,
모르 시 는 것 이 ㄴ지 알 는 데 모르 는 척하 시 는 것 이 ㄴ지 잘 모르 겠 음,,,,,,,,,,,,,,
패 논 패 어 수업 에서 얻 어 가 는 거도 많 고 조원 들 과 교류 하 는 거도 나쁘 지 않 다고 생각하 았 음,,,,,,,,,,,,,,
출 튀 겁나 쉽 ㄴ 데 에 학기 말 쯤 에 애 들 너댓 명 출 튀하 는 것 포착 하 곤 출석 다시 부르 심 조심 하 시 어요,,,,,,,,,,,,,,
"""종합 설계 가 ", 나 ," 다 반 분 반 상관 딱히 없 습니다""",,,,,,,,,,,,,,
절대 듣 지 말 아라 셈 ... 첫 시간 에 언 청 널 너 ㄹ 하 ㄴ 척 세상 쿨 한 척 다 하 아 놓 고 엄청 깐깐 하고 계절 이 ㄴ데 숙제 도 많이 내주 고 지각 도 봐준다해  봐주 지 도 않 고 시험 범위 개 많 은데 제대로 집어 주 지 도 않 음,,,,,,,,,,,,,,
엑셀 로 하 는 방법 을 알 는 것 이 중요 하 니 재무관리 내용 을 잘 모르 아도 하 ㄹ 만 하 다,,,,,,,,,,,,,,
"""휴강 은 많이 하 아서 좋 았 지만 그만큼 학생 듣 을 외부 로 부르 어서 강의 하 는 것 도 있 어서 영등포 ", 시청 ," 종각 여기저기 가 는 것 싫 으시 ㄴ 분 들 은 불편 하 것 에 요 팀 프로젝트 싫 으시 ㄴ 분 들 절대 듣 지 말 으시 어요""",,,,,,,,,,,,,,
중간 은 대체 레포트 있 었 고 조금 빡 세 었 고 기말 은 시험 문제 다 알리 어 주심 수업 거의 안 듣 고 기말 시험 문제 만 공부 하 았 는데 도 B + 나오 았 고 보 니까 학점 풀 로 채우 어 주 시 는 것 같 기 도 하 ㅁ,,,,,,,,,,,,,,
직접 경험 하 아 보 면 암 ..,,,,,,,,,,,,,,
출 결도 2 회 결석 까지 봐주 시 기 때문 에 널널하 ㄴ 편 이 다,,,,,,,,,,,,,,
그냥 대충 하 어 도 점수 똑같이 주심 발표 를 하 ㄴ다는 것 에 의의 를 두 시 ㄴ 다 강의 한 번 도 듣 은 적 없 은 데 A + 나오 ㅁ,,,,,,,,,,,,,,
학생 이 질문 에 답 못하 ㄹ 때 까지 질문 하 시 는 분임 그래도 실험 반 두 개인 데 시험 문제 도 안 겹치 게 잘 내시 고 편법 없이 자 기 능력 평가 받 기 에 ㄴ 굿 굿,,,,,,,,,,,,,,
장점 이 하나 있 다면 마지막 에 ㄴ 편하 ㅁ,,,,,,,,,,,,,,
수업 은 그냥 PPT 읽 어 주 는 것 라서 사실 상 수업 을 듣 을 필요 도 없 고 재미 도 없 어서 듣 는 사람 이 없 다,,,,,,,,,,,,,,
이번 학기 에 ㄴ 시험 없 었 고 숙제 3 번 과 팀 프로젝트 1 번 이 있 었 음,,,,,,,,,,,,,,
일주일 마다 한 번 씩 실습 을 하 는데 플밍 초보 이 ㄴ 저 한테 ㄴ 빡 세 고 힘들 기 는 한데 지나 고 보 면 많이 도움 이 되 었 다는 것 을 깨 달 을 수 있 습니 당 시험 보다 빡 세 ㄴ 것 은 팀 별 숙제 .. 시간 많이 들 ㄹ 고요,,,,,,,,,,,,,,
숙제 로 하 ㄴ 단원 끝 날 때 마다 연습 문제 풀 어 오 라고 하 아서 번호 뽑 아서 발표 시 켜 는 데 조금 만 잘 못하 면 계속 질문 하고 설명 해보 라고 그러니까 준비 잘 하 아 가 기,,,,,,,,,,,,,,
출석 은 거의 안부 심 하 ㄴ 학기 에 다섯 번 부르 셨 나 .... 시험 은 중간 기말 약술 형 4 문제 정도 씩 나오 ㅁ,,,,,,,,,,,,,,
강의 노트 도 깔끔 하고 특히 이 수업 은 고전압 발생 장치 들 을 직접 보여주 면서 이론적 으로 만 알 고 있 던 작동 원리 를 실제로 보 ㄹ 수 있 습니다,,,,,,,,,,,,,,
다소 지루 하 ㄹ 수 있 지만 꼼꼼 하 게 잘 가르치 어 주 시 ㅂ니다,,,,,,,,,,,,,,
알 는 사람 중 에 기업 의 임원 이 있 으면 그 사람 찾아가 서 인터뷰 하 는 것 이 잘못 은 아니 라 고 생각 하 는데 ... 전혀 모르 는 사람 을 인터뷰 한 조가 있 다면서 근거 를 대 실 때 해당 학생 이 모르 는 사람 을 인터 뷰 하 았 는지 거짓말 을 하 았 는지 구분 이 안 가 는 상황 이 연출 되 ㅂ니다,,,,,,,,,,,,,,
"""올리 어 주 시 는 PPT 가 다 영어 길 ㄴ 하지만 수업 시간 에 하나 하나 해설 하 아 주 시 고 "," 영어 도 엄청 어렵 ㄴ 편 은 아니 라서 따라가 ㄹ 만 하 ㅂ니다""",,,,,,,,,,,,,,
개 꿀 이 ㄴ 과목 이 ㄴ데 없 어 지 ㄴ 대요,,,,,,,,,,,,,,
영어 수업 이 ㄴ데 책 만 원서 쓰 시 고 수업 은 한국말 로,,,,,,,,,,,,,,
우리 의 대 도서관 은 수업 이 깔끔 하 ㅁ,,,,,,,,,,,,,,
중간 은 약 7 개 정도 곡 랜덤 으로 추 고 기말 은 조 만들 어서 상체 안무 까지 짜 야 하 았 는데 이 번 학기 가 그런 것 이 ㄴ지 애초 에 춤 잘 추 는 사람 이 많 아서 저 는 따라가 기 힘들 었 습니다,,,,,,,,,,,,,,
직접 강의 자료 만들 어서 좋 다,,,,,,,,,,,,,,
시험 을 매우 쉽 게 내 시 어서 프린트 를 달달 외우 지 않 으면 A 받 기 는 힘들 ㄴ 수업 하지만 내용 자체 가 그렇게 어렵 지 ㄴ 않 아서 조금 말 ㄴ 노력 하 아도 A 나오 ㅂ니다,,,,,,,,,,,,,,
강의 는 그냥 교재 읽 고 어렵 ㄴ 문제 는 시간 없 다며 설명 없이 자 기 가 풀 었 던 것 그대로 적기 만 하 시 ㅁ,,,,,,,,,,,,,,
... 갓 상기 ...,,,,,,,,,,,,,,
본인 이 발표 는 진짜 아아아 악 아 아 악악 자신 없 다면 숙제 로 대체 가능 합 ㅂ니다,,,,,,,,,,,,,,
기말 때 빡 치 는 일 이 있 었 는데 중간 범위 에 있 는 내용 을 출제 하 았 고 PPT 에 적히 ㄴ 용어 와 다른 용어 를 사용 하 았 다,,,,,,,,,,,,,,
애시당초 한학기 동안 배우 는 내용 을 반학기 만 에 끝내 는 것 도 말 이 안 되 고 수업 풀 로 하 는 것 도 아니 고 23 는 개인 푸념 하 시 ㅂ니다,,,,,,,,,,,,,,
"""단 "," 숙제 도 없 고 시험 문제 도 가르치 어 주 시 거나 매우 쉽 기 때문 에 출 결 은 완벽 하 아야 하 고 시험 에서 다 맞추 어야 하 ㅁ""",,,,,,,,,,,,,,
"""이 수업 이 좋 다고 평가 하 ㄴ 학생 들 이 ' 다른 ' ", ' 더 좋 은 ' 교수 님 ," 선생 님 들 께 배우 었 다면 과 연 좋 게 평가 하 았 을까""",,,,,,,,,,,,,,
이렇게 지금 이 라도 이 교수 님 을 만나 ㄴ 것 이 감사 하 ㅁ,,,,,,,,,,,,,,
이해 는 잘 되 ㄴ다 재미있 고,,,,,,,,,,,,,,
"""예제 도 자주 칠판 에 풀 어 주 시 는데 굉장히 꼼꼼 하 게 설명 하 아 주 시 어서 "," 그냥 저희 는 가만히 입 만 벌리 고 교수 님 께서 떠먹 여주시 는 밥 을 먹 으면 되 는 것 이 ㅂ니다""",,,,,,,,,,,,,,
코로나 때문 에 온라인 으로 진행 되 ㄴ 학기 이 었 습니다,,,,,,,,,,,,,,
"""수업 자체 가 영어 로 진행 되 고 "," 중간 의 경우 오픈 북 객관식 시험 을 보 는데 공부 안 하 고 잘 찍 으면 반 타 작 은 하 ㅂ니다""",,,,,,,,,,,,,,
타 아 과 랑 친하 아 지 는 것 도 드물 어요,,,,,,,,,,,,,,
책 달달 외우 어서 쓰 시 어요,,,,,,,,,,,,,,
굉장히 독특 하 았 던 강의 ... 쉽 게 가르치 어 주시 길 ㄴ 하지만 교과서 를 오 았 다,,,,,,,,,,,,,,
학점 은 비율 을 채우 어 주 는 수준 이 아니 라 퍼 주 는 수준 이 므로,,,,,,,,,,,,,,
시험 은 3 번 이 고 저녁 에 보 아서 싫 을 수 도 있 는데 거꾸로 말 하 면 첫 번 째 시험 못 보 아도 역전 가능 하 아서 좋 았 다,,,,,,,,,,,,,,
그만큼 학생과 소통 하 시 려고 많이 노력 하 시 는 것 같 아요,,,,,,,,,,,,,,
기말 대신 보고서 제출 하 았 는데 이 역시 배점 기준 을 알 수 없 습니다,,,,,,,,,,,,,,
밑 에 A 는 받 기 쉽 지만 +  안 주 시 ㄴ 다하 았 는데 음 .. 이것 은 자기 가 하 기 나름 이 ㄴ 듯 시험 문제 찝  데 그것 만 정확히 공부 하 면 얼마 든지 A + 가능 하고 수업 때 취업 하 ㄴ 선배 들 부르 어다가 얘기 도 듣 게 해주시 고 학생 들 을 많이 생각하 아 주 시 는 교수 님 이 다 무조건 들 으 셈,,,,,,,,,,,,,,
처음 에 조 별 로 랜덤 지정석 에 앉 게 되 고 지정석 이 1 학기 동안 너 의 자리 야 일단 조원 듣 을 잘 만나 야 1 학기 동안 재미있 는 수업 이 되 고 아니 면 좀 지루 하 ㄹ 수 도 있 어 중간 중간 에 뭐 쓰 라는 것 많 은 것 랑 파일 에 활동 지 채우 어야 되 는 것 빼 고 는 2 학점 에 PF 과목 이 라 감수 하 ㄹ 만 하 다,,,,,,,,,,,,,,
최고 의 교수 님 코로나 로 이 ㄴ 하 ㄴ 전면 비 대면 강의 됬  매주 미리미리 올리 어 주 시 고 강의 도 학생 들 배려 하 아서 하 ㄴ 주 에 1 시간 20 분 정도 씩 올리 어 주 시 었 어요,,,,,,,,,,,,,,
"""그리고 숙제 로 내 었 던 코드 를 갑자기 중간 대체로 바꾸 질 않 나 "," 숙제 기간 을 하루 전 에 갑자기 대폭 늘리 어서 성실 히 하 아서 미리 내 ㄴ 학생 들 불리 하 게 만들 지 를 않 나 ... 교수 님 이 싫 지 ㄴ 않 지만 여러모로 아쉽 ㄴ 점 이 많 았 음""",,,,,,,,,,,,,,
이름 잘못 부르 시 어서 말씀 드리 었 더니 한국말 잘 모르 ㄴ다며 출석 걱정 마르 아 는 소리 하 시 더니 하 ㄴ 학기 내내 거의 매일 잘못 부르 시 었 습니다,,,,,,,,,,,,,,
.. 교수 님 께서 난이도 를 지정 하 어 주 는 것 이 아니 지만 무한 경쟁 이 라고 하 시 어서 처음 듣 는 사람 도 어플 을 이미 개발 하 아 보 ㄴ 학생 들 에 난이도 에 맞추 어서 짜 야 하 ㅂ니다 객 체지 향 최지웅 교수 님 것 1 학기 때 듣 고 오 아서 듣 었 는데 교수 님 말씀 대류 자바 는 모르 아도 수업 듣 는데 지장 이 없 지만 프로젝트 하 ㄹ 때 강제 로 버스 타 아 야하 거나 나락 으로 떨어지 ㅂ니다,,,,,,,,,,,,,,
성적 잘 받 을 것 면 족 보 문제 만 외우 지 말 고 족 보 문제 에 나오 ㄴ 내용 을 이 ㄴ 강 으로 도 꼭 한 번 듣 기 ㄹ .. 시험 문제 중 에 하나 정도 는 살짝 원래 족 보 문제 보다 어렵 게 바꾸기 때문 에 그것 도 쉽 ㄴ 편,,,,,,,,,,,,,,
.. 대신 영어 발표 한 학기 에 두 번 하 는데 뭐 발표 자신 있 으면 잘 준비 하 면 되 고 중간 는 조 별 발표 근데 한 번 모이 어서 한 시간 정도 준비 하 면 끝 날 발표 크 ㄴ 어려움 은 없 는 발표 이 었 음,,,,,,,,,,,,,,
진짜 또 만나 고 싶 어요,,,,,,,,,,,,,,
시험 도 한 번 있 고 숙제 도 있 어서 생각 보다 귀찮 을 수 도 있 지만 1 학년 때 만 듣 을 수 있 는 과목 이 ㄴ 만큼 한 번 쯤 은 들 으면 좋 을 것 같 습니다,,,,,,,,,,,,,,
일단 중간 중간 인물 들 의 배경 같 은 것 도 설명 해주시 며 분위기 환기 도 해주시 고 학생 들 배려 하 는 것 이 느끼 어 지 ㅂ니다,,,,,,,,,,,,,,
시험 이 쉽 게 나오 는데 생각 보다 사람 들 이 시험 을 못 보 ㄴ 듯,,,,,,,,,,,,,,
숙제 조 별 발표 1 번 원래 수업 한번 대신 하 아 전시회 한번 가 ㄴ다는데 이번 학기 때 는 마땅 하 ㄴ 전시 가 없 어 전시회 가 지 않 았 습니다,,,,,,,,,,,,,,
"""...... 듣 지 말 아 시험 날 도 늦 게 들어오 아 놓 고 미 안 하단 말 도 없 엇 고 "," 어느 하루 는 안 오 더니 반 장 통하 아서 휴강 이 라 하 ㅁ""",,,,,,,,,,,,,,
그리고 어 셈 리 어 코딩 문제 1 문제 나오 니까 걱정 하 지 말 아 가끔 가 이 다 출석 을 수업 끝 날 때 쯤 부르 ㄹ 때가 있 는데 눈치껏 지각 하 시 기 ㄹ,,,,,,,,,,,,,,
내용 어려움 출석 필요 없 음,,,,,,,,,,,,,,
발표 는 본인 이 소개 하고 싶 은 영화 소개 하 기 한번 있 고 이 내용 으로 시험 도 봄 영문학 작품 도 읽 게 되 는데 번역판 을 개인적 으로 구하 아 읽 어도 문제 없 음,,,,,,,,,,,,,,
단어 평소 에 많이 외 우 시 어야 하 아요,,,,,,,,,,,,,,
마크 교수 님 갓 갓 교수 님 ... 밑 에 출 결 신경 쓰 라 하 았 는데 교수 님 이 첫 수업 때 말씀 하 십 니 다 자 기 수업 에서 F 는 없 다고 오 기 만 하 면 F 는 아니 라고 ... 그리고 결석 34 번 이 면 다른 과목 이 어도 낮 은 성적 받 았 을 것 같 네요,,,,,,,,,,,,,,
강의 자체 가 학생 발표 후 교수 님 설명 방식 책 을 토대 로 하 는 발표 라 학생 발표 보다 교수 님 강의 를 잘 듣 어야 하 는 것 같 으며 성실 하 ㅁ,,,,,,,,,,,,,,
매주 챕터 를 하 나 씩 읽 고 해당 내용 에 대하 ㄴ 본인 의 생각 을 하 ㄴ 페이지 정도 적 는 숙제 가 있 지만 한두 번 해보면 감 이 잡히 고 크 게 부담 되 지 않 음,,,,,,,,,,,,,,
"""이 교수 님 의 인성 과 지성 이 과 연 연구자 에게 어울리 는 지 의문 이 들 게 하 는 수업 이 었 고 "," 이 교수 님 수업 은 무조건 거르 어야 하 ㄴ다는 것 을 얻 어 가 ㅂ니다""",,,,,,,,,,,,,,
강의 자료 를 안 올리 어 주심,,,,,,,,,,,,,,
"""A 비율 은 다 채우 어 두 시 는데 A + A 0 A - 나누 는 것 은 A 점수 를 3 부류 로 나누 어서 주심 그래서 A + 받 을 려면 독보적 1 "," 2 등 하 아야 하 ㅁ""",,,,,,,,,,,,,,
"""바로바로 복습 하 아 주 시 어야 숙제 하 ㄹ 때 나 시험 공부 하 ㄹ 때 편하 실 것 에 요 수업 시작 전 에 항상 직전 클래스 에서 배우 었 던 내용 한 번 씩 짚 어 주 시 고 중간 에 쉬 는 시간 도 주 시 어서 "," 나름 무난 하 게 수강 하 았 습니다""",,,,,,,,,,,,,,
사실 리더십 이 라는 것 이 애매 하 ㄴ 과목 이 ㄴ데 강의 력 도 떨어지 어서,,,,,,,,,,,,,,
"""조 별 발표 1 회 를 제외 하고 다른 숙제 도 없 고 "," 교수 님 무역 경영 론 도 듣 었 는데 두 강의 모두 좋 았 습니다""",,,,,,,,,,,,,,
점수 개 퍼 주 ㅂ니다,,,,,,,,,,,,,,
원래 강의 평 안 남기 는 데 이 교수 님 은 최고 심 학생 들 신경 써 주 시 고 따로 연락 계속 해주시 면서 챙겨주 심 학점 도 + 로 챙겨주 시 고 조 별 숙제 죽 쑤 어 도 점수 후하 시 고 시험 도 없 음,,,,,,,,,,,,,,
1 학점 교양 이 지만 하 ㄴ 학기 동안 개인 발표 1 번 독서 토론 1 번 중간 기말 독후감 3 편 을 모두 하 아 내 어야 하 ㄴ다,,,,,,,,,,,,,,
이 수업 추천 하 는 친구 있 으면 절교 하셈,,,,,,,,,,,,,,
지금 왜 이것 ㄹ 가르치 시 는 것 이 지 ..,,,,,,,,,,,,,,
숙제 3 개 2 페이지 꽉 채우 는 것 랑 조 별 숙제 한 번 있 었 음,,,,,,,,,,,,,,
그리고 뭘 가르치 는지 1 도 모르 겠 어요,,,,,,,,,,,,,,
저 가 만약 9 월 로 돌아가 ㄹ 수만 있 다면 저 는 드랍했  것 에 요 그때 드랍 안 하 ㄴ 과거 의 저 가 원망 스럽 습니다,,,,,,,,,,,,,,
처음 에 수강 신청 30 명 일 때 성공 하 았 는데 200 명 으로 늘리 고 기말 안 보 ㄴ 대 었 다가 보 고 신설 과목 이 라 잡음 이 심하 아서 좀 빡 치 었 으나,,,,,,,,,,,,,,
기말 는 중간 이전 에 말씀 하 시 ㄴ 이론 설명 에서 모두 출제 되 며 말씀 하 시 ㄴ 내용 은 모두 출제 되 니 수업 잘 듣 고 필기 잘 하 아 두 시 면 그것 말 ㄴ 당일 날 읽 고 들어가 도 시험 치 는데 아무 지장 없 습니다,,,,,,,,,,,,,,
또한 뉴스 기사도 틈나 ㄹ 때 마다 번역 기 등 에 도움 을 받 아서 조금 씩 읽 어 나가 면 기말 서술 형 에서 좋 은 점수 를 받 을 수 있 습니다,,,,,,,,,,,,,,
이 숙제 는 어떤 프로젝트 를 하 ㄹ 자기 만 정하 게 되 면 진행 하 는 데 는 많 은 어려움 이 있 지 ㄴ 않 았 던 것 같 습니다,,,,,,,,,,,,,,
"""영상 만 보다 보 니까 ㄴ 좀 졸리 기 는 한데 최대한 안 조 는 것 을 추천 .. 영상 들 보 면서 수업 에서 어떤 내용 의 영상 을 보 았 는지 "," 자신 이 영상 을 보 고 느끼 ㄴ 점 들 을 적 어 놓 으면 나중 에 기말 시험 공부 하 는데 도움 이 되 어요""",,,,,,,,,,,,,,
강의 자료 만 가지 고 공부 하 아도 안 되 어요,,,,,,,,,,,,,,
살짝 의 성적 차별 이 있 는 것 같 지만,,,,,,,,,,,,,,
"""숙제 는 초반 에 작 은 것 하나 랑 6 장 짜리 에세이 쓰 는 것 있 는데 초반 숙제 는 거진 만점 주 시 고 "," 에세이 도 형식 이랑 내용 만 충실히 쓰 면 크 게 깎 는 것 없이 점수 잘 주 시 는 것 같 아요""",,,,,,,,,,,,,,
프로젝트 가 프로그래밍 1 때 보다 더 어렵 어 지 니 연습 을 많이 해보 는 것 이 좋 다,,,,,,,,,,,,,,
숙제 만 열심히 하 면 시험 공부 는 별로 하 ㄹ 것 이 없 는 것 같 아요,,,,,,,,,,,,,,
"""퀴즈 나 숙제 는 몇 번 있 고 ", 반영 비율 이 꽤 되 는 편 이 지만 ," 부담 스럽 ㄴ 정도 는 아 님 ㅂ니다""",,,,,,,,,,,,,,
그냥 말 이 필요 없 고 천사 의 인간 화 = 스캇,,,,,,,,,,,,,,
"""숙제 가 상당히 많 지만 ", 그렇게 부담 되 지 는 않 는 정도 의 숙제 ," 하루 정도 고민하 다 풀 수 있 는 숙제 로 나오 ㅂ니다""",,,,,,,,,,,,,,
그리고 범위 가 많 다는 데 솔직히 페이지 수만 많 지 중간 중간 건너뛰 는 것 도 많 고 그래프 나 그림 그런 것 다 빼 면 어 마 어마 하 ㄴ 정도 는 아니 ㅁ,,,,,,,,,,,,,,
문제 풀이 숙제 는 점수 후하 게 주 시 었 고 시험 은 기 출 + 수업 중 예제 + 숙제 복습 많이 하 시 면 도움 많이 되 어 실 듯 하 ㅂ니다,,,,,,,,,,,,,,
그냥 낫 베드 하 ㄹ 것 없 을 때 들 으면 좋 음,,,,,,,,,,,,,,
중간 및 기말 는 새롭 ㄴ 책 들어가 ㄹ 때 제대로 읽 었 는지 확인 하 기 위하 아 책 내용 퀴즈 를 10 문제 정도 객관식 으로 보 ㅂ니다,,,,,,,,,,,,,,
처음 몇 주 동안 은 부담 스럽 겠 지만 3 분 스피치 시간 만 지나 면 이후 에 ㄴ 꿀 수업 이 에요,,,,,,,,,,,,,,
출석 가끔 삘 받 으시 면 호명,,,,,,,,,,,,,,
또 학점 은 기말 시험 보 ㄴ 것 ㄹ로 갈리 어서 기말 못 보 면 나 ㄹ 라 가 ㅁ,,,,,,,,,,,,,,
수업 안 듣 고 시험 기간 에 도서관 에서 교재 대출 하 아서 알리 어 주 시 ㄴ 거만 달달 외우 면 되 기 때문 에 바쁘 ㄴ 취 줄 ㄴ 생 이 듣기 딱 좋 은 수업 이 ㅂ니다,,,,,,,,,,,,,,
자소 서 쓰 는 것 이 얼마나 힘들 ㄴ 것 이 ㄴ지 근데 자소 서 를 A 포 두 장 분량 쓰리 어 니까 한 장 까지 ㄴ 억지로 쓸 만 하 ㄴ데 한 장 넘어가 는 순간 부터 쓸 것 이 없 어서 아무 말 이 나 막 하고 자괴감 까지 옴,,,,,,,,,,,,,,
하지만 시험 이 조금 어렵 어 서 애먹 기 도 하 았 지만 강의 열심히 듣 고 복습 을 계속 하 면 좋 은 점수 받 을 수 있 을 듯,,,,,,,,,,,,,,
"""재미 없 고 ", 귀찮 고 , 빡 세 고 , 피곤 하고 , 지루 하고 , 유익 하 지 도 않 고 , 질적 으로 도 별로 고 , 학점 따 기 힘들 고 ," 평가 기준 마저 제멋대로 이 ㄴ 강의 이 었 음""",,,,,,,,,,,,,,
온라인 이 라 중간 은 논술 문제 푸 는 숙제 로 대체 하 았 고 기말 은 원래 오프 로 내 려던 문제 중 에 하나 선택 하 아서 기간 맞추 어 제출 하 는 형식 이 었 습니다,,,,,,,,,,,,,,
대면 은 어 떨 지 모르 겠 는 대 비 대면 강의 로 는 좋 았 네요,,,,,,,,,,,,,,
기말 은 난이도 높 아서 연습 많이 하 아야 하 아요,,,,,,,,,,,,,,
"""조 별 숙제 도 나름 평가 기준 이 엄청 높 으시 ㄴ 것 같 구 ", , ," 근데 그래도 경영학 의 이 하 아 교수 님 들 중 에서 는 가장 좋 으시 ㄴ 것 같 아 요 저 는 이 교수 님 을 추천 하고 싶 습 ㅂ니다""",,,,,,,,,,,,,,
나 의 성적 과 다른 사람 들 의 성적 을 보 아서 는 팀 프로젝트 이 생각 보다 성적 에 많이 반영 이 되 지 는 않 는 듯 교수 님 이 평소 에 강조 하 시 는 것 들 을 종합 하 아서 시험 때 기 입하 면 좋 은 것 같 다,,,,,,,,,,,,,,
본 대인 문대 애 들 은 왜 하 게 까 는지 .. 취 줄 ㄴ 생 들 이 얼마나 고생 하 는지 알 면 그렇게 보 ㄴ 대 애 들 이 학교 평판 낮추 고 취업률 낮추 ㄴ다는 말 쉽 게 못하 ㄹ 터 이 ㄴ데 진짜 교수 란 사람 이 어떻하 게 그렇게 말 하 ㄹ 수 있 는지 이해 가 안 되 ㅁ,,,,,,,,,,,,,,
"""학점 최대한 채우 어 주 려고 하 시 고 "," 2 학년 1 학기 라 공부 열심히 안 하 는 애 들 많 아서 평소 에 조금 씩 해 두 면 분명 좋 은 학점 받 을 수 있 음""",,,,,,,,,,,,,,
학점 비율 수업 시간 에 영어 로 설명 을 자주 하 시 는데 그렇 ㄹ 것 면 영어 한국어 수업 으로 성적 비율 나누 어 주셨 으면 좋 겠 음,,,,,,,,,,,,,,
근데 시험 7 번 ....... 솔직히 시험 공부 를 거의 1 달 간 하 아서 힘들 었 음,,,,,,,,,,,,,,
시험 어렵 다고 생각 햇  시험 시간 끝 날 때 까지 남 아 있 는 사람 이 몇 명 없 더라 대부분 다 풀 고 나가 았 다는 것 이 ㄴ데 ... 족 보 얘기 안 믿 었 는데 진짜 ㄴ 것 같 기 도 하 네,,,,,,,,,,,,,,
또한 숙제 점수 는 연습 문제 풀이 를 통하 아서 평가 되 는데 매번 난수표 를 통하 아 랜덤 으로 학생 들 을 부르 시 ㅂ니다,,,,,,,,,,,,,,
숙제 는 따로 없 지만 수업 시간 에 스스로 해결 하 기 라는 숙제 를 제출 하 아야 하 아요,,,,,,,,,,,,,,
갓 드레  교수 님 이 라는 말 에 코 웃음 을 치 며 강의 평 을 남 깁 니 다 학생 차별 이 많이 심하 시 ㄴ 듯 본인 은 대답 도 열심히 하 았 고 늘 생글생글 수업 에 집중 도 많이 하 았 지만 학점 매우 깐깐 하 게 주심 좋아하 는 학생 을 대 놓 고 좋아하 지 ㄴ 않 지만 싫어하 는 학생 은 대 놓 고 싫어하 시 는 듯 이유 없이 싫어하 시 는 것 같 아 주변인 으로서 는 안쓰럽 ㅁ,,,,,,,,,,,,,,
팀 프로젝트 과정 에 약간 어렵 ㄴ 부분 도 있 지만 잘 출석 하고 팀원 들 과 수업 시간 에 만 열심히 참여 하 면 교수 님 께서 는 A 를 꼭 주 시 는 혜자 스럽 ㄴ 수업 이 ㅂ니다,,,,,,,,,,,,,,
기말 끝나 고 이틀 동안 5 분 발표 시 켜 는 데 아무 도 안 듣 고 발표 준비 도 다 들 대충 하 아 오 는데 굳이 왜 발표 시 켜 는지 심지어 어떤 사람 다른 사람 이랑 발표 주제 겹치 ㄴ다고 안시 켜 는 것 보 고 얼 탱 누구 ㄴ 하 고 싶 어서 하 나요,,,,,,,,,,,,,,
이승복 교수 님 인자 하고 좋 으시 어요,,,,,,,,,,,,,,
수업 자체 가 처음 부터 끝 까지 긴장 되 고 쉬 ㄹ 틈 이 없 기 는 하 ㅁ,,,,,,,,,,,,,,
"""수업 은 교수 님 이 PPT 나 한글 화면 띄우 어서 진행 하 시 었 고 "," 발표 는 자유 주제 로 PPT 같 은 자료 없이 그냥 말 하 는 것 도 가능 하 았 어요""",,,,,,,,,,,,,,
못 풀 ㄴ다 고 깎 는 것 이 아니 니 잘 하 아 오 라고 말씀 도 하 아 주 시 ㅁ,,,,,,,,,,,,,,
말 이 필요 없 다,,,,,,,,,,,,,,
심지어 중간 은 아예 문제 를 미리 올리 어 주 ㄹ 정도 니 뭐 .. 숙제 도 있 기 ㄴ 한데 수업 시간 에 같이 하 ㄴ 것 을 수업 시간 끝 에 제출 하 는 형식 이 라 없 다고 보 아도 되 ㅁ,,,,,,,,,,,,,,
근데 기말 전 에 는 중간 때 진도 를 못 맞추 셨 어서 그렇 ㄴ지 진도 맞추 시 려고 지나가 는 것 도 없 지 않 아 있 었 던 듯 근데 문제 는 많이 풀 어 주심,,,,,,,,,,,,,,
음 ... 토론 한 번 하 고 발표문 작성 하 는 것 이 숙제 이 자 활동 이 고 기말 로 입론 작성 하 는 것 이 나오 ㅂ니다,,,,,,,,,,,,,,
5 분 지각 은 기본 이 요 자기 가 늦 으면 우리 가 이해 하 아야 하 는 것 고 출석부 를 때 오 면 자기 가 보 아 주 었 다고 생색 이 라고 하 는 생색 은 다 내 면서 출석 처리 하 아 주 ㅁ,,,,,,,,,,,,,,
숙제 도 좀 있 는 편 이 ㄴ데 모든 학생 이 숙제 를 하 는 것 이 아니 라 숫자 가 엄청 많이 써 있 는 표 를 주 시 고 아무 번호 나 찍 어서 그 번호 가 출석 번호 이 ㄴ 학생 이 앞 에 나오 아서 문제 푸 는 것 이 숙제 이 ㅂ니다,,,,,,,,,,,,,,
하지만 딱히 어렵 ㄴ 부분 은 없 고 혹여나 수업 을 놓치 어도 PPT 에 다 있 기 때문 에 크 ㄴ 지장 은 없 었 다,,,,,,,,,,,,,,
그리고 운 에 따르 아 결정 되 는 것 이 기 때문 에 숙제 를 하나 도 안 하 아 와 도 걸리 지만 않 으면 숙제 점수 A + 을 받 기 때문 에 차라리 숙제 풀이 를 제출 하 아 채점 받 는 것 이 합리적 이 지 않 나 싶 습니다,,,,,,,,,,,,,,
패스 패 일 이 ㄴ데 활동 지 작성 감수 하 ㄹ 수 있 어요,,,,,,,,,,,,,,
100 번 넘 게 듣 은 듯 .... 하루 에 매수 업 마다 10 번 이상 하 는 것 같 기 도,,,,,,,,,,,,,,
그러면 조 별 로 따로 모일 필요 X 두 번의 시험 도 그냥 읽 으라는 책 잘 읽 었 으면 되 고 시험 범위 도 그리 넓 지 않 기 때문 에 시험 1 시간 전 에 보 면 되 ㄴ다,,,,,,,,,,,,,,
한국 의 문화유산 이리하 어서 우리나라 문화유산 만 배우 ㄹ 거라 생각 하 면 오산 이 다,,,,,,,,,,,,,,
시험 이 다소 까다롭 게 느끼 어 지 ㄹ 수 있 지만 공부 잘 하 면 그만큼 잘 챙 거주 시 ㅂ니다,,,,,,,,,,,,,,
패 폐 라서 뭐 .. 온라인 으로 조 별 활동 은 조금 귀찮 아요,,,,,,,,,,,,,,
"""몰리 어 있 는 시험 기간 에 시험 3 일 저 는 갑자기 발표 를 시키 는 등 학생 의 개인 사정 은 전혀 고려 하 지 않 고 철저히 자 기 위주 로 "," 자기 편 한데 로 수업 을 진행 하 ㅁ""",,,,,,,,,,,,,,
거의 천사 팀 프로젝트 은 많 구 평가 조건 은 깔끔 하세 오,,,,,,,,,,,,,,
쪽지 시험 몇 번 있 는데 일 도 부담 없 고 진짜 하 ㄴ 학기 내내 제일 기다리 어 지 는 수업 이 이 었 음,,,,,,,,,,,,,,
원래 팀 프로젝트 은 3 번 예정 되 어 있 었 는데 첫 번 째 팀 프로젝트 에서 병 크 터지 고 교수 님 이 그 뒤 로 팀 프로젝트 안 주심 중간 기말 에 팀 프로젝트 1 퀴즈 2 이렇게 보 고 출석 매일 부르 시 길 ㄴ 하 는데 4 번 이 ㄴ가 5 번 까지 빠지 어도 되 ㅁ,,,,,,,,,,,,,,
특히 기말 전 2 주 우 동안 은 무조건 가 시 어요,,,,,,,,,,,,,,
"""어떤 곳 이 창의적 환경 이 ㄴ지 를 주변 에서 찾아보 고 ", 창의적 이 라고 생각 하 는 이 유 근거 를 생각 하 기 ' 효과적 이 ㄴ 학습 전략 ' 은 무엇 이 ㄴ지 , 나 가 사용 하 는 학습 전략 은 무엇 인지 에 대하 여 생각 하 기 어떤 사람 이 창의적 이 ㄴ 리더 라고 생각 하 는지 ," 나 가 닮 고 싶 은 창의적 이 ㄴ 리더 는 누구 이 ㄴ지 를 이 유 근거 와 함께 생각 하 기 강제 결합 법 을 활용 하 아 자신 만 의 창의적 아이디어 산출물 만들 기 창의적 사고기 법 을 활용 하 ㄴ 자신 만 의 창의적 아이디어 상품 개발 하 기 자신 만 의 창의적 이 ㄴ 명함 만들 기 등 의 숙제 를 수행 하 시 어서 워드 파일로 숙제 제출 하 는 것 이 19""",,,,,,,,,,,,,,
"""시험 문제 는 시험 전 에 중요 하 다고 하 시 는 것 만 외우 면 다 풀 수 있 고 "," 숙제 는 수업 초반 에 정리 하 아 주 시 ㄴ 것 조금 씩 하 시 면 부담 없 습니다""",,,,,,,,,,,,,,
중소기업 대표이사 시기 때문 에 수업 을 듣 을 때 마다 알리 어 주 시 는 꿀 팁 들 이 다양 하고 또 수업 한 번 만 잘 들 으면 책 에 있 는 거의 모든 문제 를 풀 수 있 을 만큼 완벽 하 ㄴ 개념설 명,,,,,,,,,,,,,,
하지만 팀 프로젝트 은 넘나 짜증 ... 개인 의 점수 를 합치 어서 팀 점수 를 주 어서 한 명 만 못하 아도 전체 가 점수 가 깍이 는 데 1 점 차 로 도 점수 가 마 니 갈리 ㄴ다,,,,,,,,,,,,,,
.. 대신 조 별 모임 을 많이 하 고 막판 되 면 시간 내서 다른 날 에 도 만나 서 최종 숙제 제출 하 아야 되 ㅁ,,,,,,,,,,,,,,
수업 을 들 으면서 이 해안가 는 것 이 생기 면 혼자 곰곰히 생각하 아 야 하 는 사람 은 진짜 비추 나 가 그런 사람 이 ㄴ데 질문 하 아도 그냥 흥분 하 아서 이상 하 ㄴ 대답 하고 질문 의 의도 도 파악 하 려 하 지 않 고 그 와중 에 가운데 앉 은 애 들 은 이해 하 ㄴ 것 이 ㄴ지 모르 겠 는데 끄덕끄덕 거리 고 있 고 정작 자기 수업 에 는 논리 가 빠지 ㄴ 것 이 많 은데 시험 에서 는 논리 오 지 게 따지 어 댐 답안지 확인 하 ㄹ 때 진짜 쥐 어 박 고 싶 음,,,,,,,,,,,,,,
숙제 엄청 많 고 수업 시간 에 도 고생 은 개 같이 시키 면서 시험 성적 은 개 짜 게 줌 학기 초 에 드랍했  하 았 는데 못하 ㄴ 것 이 하 ㄴ 이 다,,,,,,,,,,,,,,
전공 이랑 시험 날짜 가 겹치 어서 하 ㄴ 두 문제 틀리 ㄴ 것 같 았 어요,,,,,,,,,,,,,,
무엇 보다 조르 ㄹ 잘 만나 야 하긴 하 는데 보통 이름 순 여 3 남 3 이 평균적 이 고 잘 친하 아 지 면 가끔 술 도 먹 고 밥 도 먹 고 나 는 재미있 었 던 것 같 음,,,,,,,,,,,,,,
근데 대체로 교재 위주 로 하 고 필기 를 거의 알 ㄴ 하 시 기 때문 에 책 을 몇 번 정독 하 ㄴ 후 질문 하 면 크 ㄴ 지장 없 음,,,,,,,,,,,,,,
중간 못 보 아도 기말 100 제도 가 있 기 때문 에 괜찮 은데 기말 시험 범위 가 저 는 범위 라 보통 거의 다 중간 못 보 면 기말 도 같이 조 지 ㅂ니다,,,,,,,,,,,,,,
"""다 들 공부 량 많 다고 피하 는 경향 이 있 는데 ", 대학원 식 수업 방식 을 취하 고 계시 어서 공부 하 ㄹ 것 들 이 많 은 것 은 맞 지만 그만큼 얻 어 가 ㄹ 수 있 는 것 도 많 고 ," 공부 하 기 힘들 ㄴ 부분 에 있 어 교수 님 께 질문 하 면 그 질문 들 다 잘 받 아 주 시 고 학점 도 공평 하 게 주 시 려 노력 하 시 기 때문 에 대학교 생활 제대로 해보 고 싶 다면 들 어 보 는 것 을 추천 하 ㄴ 다 처음 에 는 수업 못 따라가 고 헤매 었 었 는데 한 번 흐름 파악 하 면 자연 스럽 게 따라가 ㄹ 수 있 다""",,,,,,,,,,,,,,
발표 는 조원 들 이 제비 뽑 기 를 통하 아 걸리 ㄴ 사람 이 하 게 되 ㅂ니다,,,,,,,,,,,,,,
학점 은 저 가 성실 하 게 숙제 안 하 았 기 에 하 ㄹ 말 이 없 어요,,,,,,,,,,,,,,
과목 자체 가 힘들 고 어렵 지만 조교 님 이 좋 으시 고 시험 도 당일 나 ㄹ 조교 님 이 준비 하 시 ㄴ PPT 읽 으면 점수 도 꽤 나오 ㄴ다,,,,,,,,,,,,,,
숙제 개인 숙제 는 별로 없 다,,,,,,,,,,,,,,
교수 님 이 능력 이 없 는 사람 은 아니 ㄴ 것 같 은 데 그것 ㄹ 수업 시간 에 잘 풀어내 지 를 못하 는 것 같 다,,,,,,,,,,,,,,
수업 자체 가 흥미 롭 지 않 은 수업 .. 교수 님 이 준비 하 아 주 시 ㄴ PPT 로 수업 이 진행 되 고 학점 은 깐깐 하 게 주 심 하지만 본인 이 인문 계열 이 고 철학 에 관심 이 많 다,,,,,,,,,,,,,,
시험 은 영어 레포트 발표 대체 이 ㄴ데 레포트 주제가 어렵 ㄴ 것 말 곤 2 번 팀 프로젝트 있 어요,,,,,,,,,,,,,,
발표 를 중요 하 게 생각 하 시 는데 부담 스럽 ㄴ 것 은 아니 라서 저 는 재미있 게 수업 하 았 어요,,,,,,,,,,,,,,
"""비 대면 으로 진행 되 ㄴ 학기 여서 "," 출 결 및 숙제 모두 온라인 으로 진행 되 었 습니다""",,,,,,,,,,,,,,
"""현강 이 있 는 매 시간 퀴즈 를 보 며 매 퀴즈 는 40 문제 에 OX 가 3538 문제 "," 단답 형 이 나머지 정도 의 비율""",,,,,,,,,,,,,,
"""다만 ", 판서 가 조금 복잡 하 아 지 ㄹ 수 있 기 는 한데 ," 그냥 복 습하 는 셈 치고 2 주 에 한 번 정도 씩 세 시간 정도 다시 정리 하 면 깔끔 하 게 정리 잘 되 ㄴ다""",,,,,,,,,,,,,,
비교 를 하 자면 그렇 다는 것,,,,,,,,,,,,,,
비 대면 으로 듣 었 는데 다른 나라 문화 영상 으로 보 는 그것 좋아하 는 사람 한테 추천 ..,,,,,,,,,,,,,,
대면 수업 이 ㄹ 때 는 조 별 활동 하 면서 돈 독해 지 는 경우 가 많 다고 듣 었 는데 비 대면 이 라 조 활동 도 없 고 발표 녹화 하 아서 올리 고 댓글 다는 활동 하 았 음,,,,,,,,,,,,,,
"""수업 자체 도 힘들 ㄴ 것 전혀 없 고 "," 가끔 옆 에 앉 은 사람 이랑 게임 같 은 것 하 게 하 는데 부담 되 는 것 전혀 없 고 좋 아요""",,,,,,,,,,,,,,
시험 범위 도 다른 과목 처럼 저 는 범위 도 아니 어서 부담 도 없 고 좋 았 어요,,,,,,,,,,,,,,
시험 이 영어 로 발 푠  긴장 많이 하 는 사람 들 은 이 시험 이 힘들 어 하 는 것 이 보이 ㅁ,,,,,,,,,,,,,,
"""수업 내용 이 기억 에 엄청 남 는 것 보다 는 ","""",,,,,,,,,,,,,,
조 와 용 조 와 용 조 와 용 조 와 용 조 와 용 조 와 용 조 와 용 조 와 용 조 와 용 조 와 용 조 와 용 조 와 용 조 와 용 조 와 용 조 와 용 조 와 용 조 와 용 조 와 용 조 와 용 조 와 용 조 와 용 조 와 용 조 와 용 조 와 용 조 와 용 조 와 용 조 와 용 조 와 용 조 와 용 조 와 용 조 와 용 조 와 용 조 와 용 조 와 용 조 와 용 조 와 용 조 와 용 조 와 용 조 와 용,,,,,,,,,,,,,,
처음 부분 은 문과 고등학교 수학 과정 이 라 필기 하고 진도 가 빠르 아도 어느 정도 따라가 ㄹ 수 있 는데 나중 에 벡터 이후 부분 은 진도 가 휙휙 넘어가 서 복습 하 지 않 으면 한 번 에 이해 가 기 어렵 습니다,,,,,,,,,,,,,,
"""지각 "," 결석 만 안 하 고 시험 때 뭐 라도 적 어서 내기 말 ㄴ 하 면 학점 은 뭐 .. B 숙제 도 수업 때 하 아서 올리 는 거라 쉽 ㅁ""",,,,,,,,,,,,,,
설명 하 아 주 시 ㅂ니다,,,,,,,,,,,,,,
조 모임 숙제 들 은 간단 하 게 하 ㄹ 수 있 는 거기 ㄴ 한데 시험 기간 에 도 조 모임 숙제 를 내 시 어서 은 근 좀 부담 은 있 더라구요,,,,,,,,,,,,,,
근데 생각 보다 시험 문제 가 쉽 지 는 않 음,,,,,,,,,,,,,,
"""④ 시험 및 성적 성적 은 출석 10 ", 참여 도 30 , 중간 발표 시 험 20 , 기말 발표 시 험 25 ," 쓰기 시험 15 로 반영 되 ㅂ니다""",,,,,,,,,,,,,,
교재 는 따로 필요 없이 PPT 로 수업 하 시 는데 따로 올리 어 주 시 지 않 아서 필기 는 필수 이 ㅂ니다,,,,,,,,,,,,,,
꿀 팁 많이 알리 어 주 고 발표 비중 크 ㄴ 편 이 ㅁ,,,,,,,,,,,,,,
영어 잘 하 는 사람 많 으니 참 고,,,,,,,,,,,,,,
퀴즈 는 문제 여러 개 미리 나누 어 주 시 고 하 ㄴ 문제 를 똑같이 내 시 어요,,,,,,,,,,,,,,
아래 분 들 이 모르 아서 그러 는데 이 정도 면 잘 가르치 는 쪽 에 속하 고 이 번 시험 문제 가 어렵 기 는 하 았 으나 풀 말 ㄴ 하 았 음,,,,,,,,,,,,,,
시험 쉽 고 숙제 도 그냥 한자 한 번 씩 쓰 어서 내 는 것 네 번 이 라 부담 없 어서 좋 았 다,,,,,,,,,,,,,,
한두 번 이 아니 었 지만 .. 뭐 우연 의 일치 였 겠 죠,,,,,,,,,,,,,,
그리고 그 자료 들 을 정리 하 라고 하 시 는데 어떻하 게 하 면 되 는지 첫 수업 때 다 알리 어 주 시 어요,,,,,,,,,,,,,,
숙제 는 매번 있 지만 수업 시간 내 에 끝내 는 거라 상관 없 고 친절 하 게 알리 어 주 기 ㄴ 하 시 는데 아래 강의 평 처럼 질문 따로 드리 면 좀 짜증 내시 는 경향 이 있 기 도 하 ㅂ니다 ..,,,,,,,,,,,,,,
한 가지 불만 아니 ㄴ 불만 이 라면 족 보 나 기 출 문제 가 전무 하 아 중간 같 은 경우 는 어떻하 게 공부 하 ㄹ지 감도 안 잡히 었 는데 어느 정도 출제 패턴 을 이해 하 면 기말 찢 고 A 받 아 가 ㄹ 수 있 을 겁 너 다는 나 의 자랑 맞 습니다,,,,,,,,,,,,,,
일단 이번 학기 에 는 중간 이랑 기말 다 보 았 는데 교수 님 이랑 면담 한번 하 았 는데 다음 학기 부터 는 무조건 기말 한 번 만 볼 거라고 말씀 하 시 었 음,,,,,,,,,,,,,,
중국어 필 획하 나 성조 하나 방점 하나 틀리 면 5 점 만점 숙제 1 점 씩 깎 이 ㅁ,,,,,,,,,,,,,,
교수 님 께서 는 수업 내용 에 대하 ㄴ 학생 들 의 자유로 울 ㄴ 의견 개진 과 발표 내용 에 대하 ㄴ 열띠 ㄴ 토론 이 이루어지 기 ㄹ 바라 시 는 것 같 지만 그런 분위기 를 만들 려고 하 지 ㄴ 않 으시 기 때문 에 수업 의 참여 가 일부 학생 에게서 만 이루어지 ㅂ니다,,,,,,,,,,,,,,
믿음직 스럽 지 는 않 은데 나쁘 지 ㄴ 않 음,,,,,,,,,,,,,,
질문 에 대답 매번 하 는 것 이 좋 습니다,,,,,,,,,,,,,,
"""", 또한 따로 리포트 , 감상문 ," PPT 발표 숙제 등 특별히 기간 을 잡 고 준비 하 ㄹ 만 하 ㄴ 숙제 를 내주 시 지 는 않 는다""",,,,,,,,,,,,,,
"""저 도 오 티 때 교수 님 이 저 말씀 하 시 면서 드랍  말 ㄹ까 고민 많이 하 다가 여 건 이 안 되 어서 어쩌 ㄹ 수 없이 듣 은 케이스 길 ㄴ 하 ㅂ니다 만 "," 수업 잘 듣 고 교수 님 이 중요 하 다고 하 는 내용 위주 로 열심히 공부 하 시 면 좋 은 성적 얻 으 시 ㄹ 수 있 으리라 생각 하 ㅂ니다""",,,,,,,,,,,,,,
물리 보고서 열심히 쓰 ㄴ 애랑 안 쓰 ㄴ 애 차이 1 도 없 으므로,,,,,,,,,,,,,,
시험 기간 전 에 미리 공부 하 ㄹ 필요 없이 가볍 게 듣 을 수 있 는 과목 이 ㅂ니다,,,,,,,,,,,,,,
"""하 았 어요 이론 시간 에 배우 는 객 체지 향 은 어디 까지 나 객 체지 향 언어 의 특징 에 관하 ㄴ 것 이 고 "," C + + 의 특징 이나 나 자바 의 특징 과 는 별개 로 이해 하 시 는 것 이 좋 아요""",,,,,,,,,,,,,,
조 별 숙제 2 번 개인 숙제 1 번 으로 숙제 양이 많 기 는 하지만 부담 스럽 ㄴ 숙제 는 전혀 아니 ㅂ니다,,,,,,,,,,,,,,
"""출석 은 항상 시작 전 호명 하 시 고 "," 숙제 는 프린트 랑 책 에 있 는 한자 쓰기 숙제 가 있 는데 꾸준히 하 면 전혀 부담 되 지 않 아 요 출 튀 는 잡지 는 않 는 것 같 아 용 그리고 한 번 에 60 명 정도 듣 는 수업 이 라 밀리 와 서 어 자리 잡 는 것 이 좋 습 ㅂ니다""",,,,,,,,,,,,,,
이론 한 번 실습 한 번 씩 수업 을 진행 하 는데 이론 수업 은 이해 가 하나 도 안 가 고 숙제 폭탄 수업 이 고 실습 은 그나마 그림 을 배우 ㄴ다는 느낌 이 있 어요,,,,,,,,,,,,,,
이론 한 번 실습 한 번 씩 수업 을 진행 하 는데 이론 수업 은 이해 가 하나 도 안 가 고 숙제 폭탄 수업 이 고 실습 은 그나마 그림 을 배우 ㄴ다는 느낌 이 있 어요,,,,,,,,,,,,,,
출 결만 점 에 숙제 중간 기말 다 성실 하 게 최선 을 다 하 았 는데 B 성적 이의 신청 제발 하 지 마르 아 그러 더니 기간 끝 날 때 까지 진짜 메일 확인 도 안 하 시 더라,,,,,,,,,,,,,,
"""연습 문제 푸 는 과 젠 데 "," 푸 는 방법 을 모르 겠 는 문제 가 많 더라고요""",,,,,,,,,,,,,,
한 학기 동안 제출 하 아야 하 는 숙제 는 전혀 없 었 고 조 별 발표 가 1 번 있 다,,,,,,,,,,,,,,
저 는 운 이 좋 게 좀 성적 이 낮 은 애 들 이랑 듣 어서 A 받 은 것 같 아 요 다른 두 반 은 성적 엄청 높 아서 겅쟁 치열 하 ㄴ데 제거 듣 은 반 은  1 학년 이 좀 많 은 것 같 더라구 요 교수 님 도 진짜 좋 습니다,,,,,,,,,,,,,,
"""어차피 기존 기 출 문제 열심히 풀 어야 감 이 오 고 "," 시험 문제 는 어려움 진짜 로 그래서 다 같이 못 봄 .. 기 출 문제 몇 개 겹치 어서 출제 되 는데 그것 ㄹ 꼭 맞추 기 ㄹ""",,,,,,,,,,,,,,
수업 은 대부분 안 듣 는 것 같 고 세 번 시험 중 에 마지막 이 완전 어렵 고 다 망하 아서 분별 은 1 2 차 에서 나 는 듯 1 차 시험 잘 보 았 고 2 차 평균 이 었 는데 A 나 옴 1 차 는 사실 상 그냥 물리 느낌 이 었 음,,,,,,,,,,,,,,
퀴즈 나 시험 등 이 전체적 으로 프린트 문제 나 숙제 문제 들 위주 로 변형 하 아서 나오 기 때문 에 대비 는 괜찮 은 편 이 ㄴ데 그냥 과목 내용 이 좀 어렵 ㄴ 것 같 음,,,,,,,,,,,,,,
잘 하 ㄴ다는 것 이 남 들 예제 2 번 풀 때 5 번 푸 는 수준 이 어야 하 ㅁ,,,,,,,,,,,,,,
"""전자 전공 이 라 쉽 게 생각 하 지 말 으시 고 "," 차근차근 준비 하 시 면 성적 생각 보다 는 잘 주 시 ㄹ 것 이 ㅂ니다""",,,,,,,,,,,,,,
"""숙제 는 은 근 양이 많 지만 ", 채점 은 안 하 고 ," 제출 만 확인 하 시 기 때문 에 크 게 문제 없 습니다""",,,,,,,,,,,,,,
물리 1 은 이 두 교수 님 수업 듣 는 것 이 최고 임 물리 라는 과목 이 워낙 어렵 ㄴ 데 에 도 이론 수업 은 천천히 시험 에 나오 ㄹ 것 만 콕콕 집어 주 시 고 수업 중간 에 그냥 끼어들 어도 답변 잘 하 어 주 심 실험 수업 도 실험 하 기 전 에 간단 하 게 이론 설명 해주시 는데 거의 이론 수업 보다 이해 가 더 잘 되게 설명 하 아 주 시 ㅁ,,,,,,,,,,,,,,
교수 님 착하 고 좋 으시 어요,,,,,,,,,,,,,,
수업 하나 도 못 알아먹 어도 숙제 내주 는 부분 혼자 공부 하고 기 출 만 딜 달 외우 었 더니 B + 나오 ㅁ,,,,,,,,,,,,,,
거기 다 잡소리 가 많 아서 실제 수업 은 40 분 이나 하 려나,,,,,,,,,,,,,,
"""... 애 들 은 책 1 내용 발표 토론 "," 책 2 내용 발표 토론 그리고 나머지 가 개인 발표 로 나뉘 게 되 ㅁ""",,,,,,,,,,,,,,
"""시험 은 없 고 중간 "," 기말 간단 하 ㄴ 숙제 하나 씩 제출 하 면 되 ㅁ""",,,,,,,,,,,,,,
