재무관리 안 듣 고 듣 었 는데 재무관리 듣 은 학생 은 알 겠 지만 이 라는 말 을 많이 하 시 어서 별로 이 었 다,,,,,,,,,,,,,,
출 결도 2 번 봐  근데 아마 다음 학기 에 는 이러 지 않 을 것 에 요 온오 프 가 아니 ㄹ 것 이 ㅂ니다,,,,,,,,,,,,,,
매번 강의 시간 초과 하 아서 진도 맞추 시 는 것 보 면 애 들 이 하 ㄴ 소리 내지 않 을까 걱정 되 는 수준,,,,,,,,,,,,,,
나 가 얻 어 가 는 것 이 무엇 이 ㄹ까 .. 진지 하 게 나 에게 질문 을 던지 어 보 았 습니다,,,,,,,,,,,,,,
나 가 등록금 내 고 학교 왜 다니 나 싶 은 수업 이 이 었 습니다,,,,,,,,,,,,,,
"""시험문제 는 족보 아니 ㄴ 이상 구분 불가 "," 그리고 족보 도 사실 상 없 음""",,,,,,,,,,,,,,
"""진짜 ICT 유통 물류 융합 으로 선택 하 려는 사람 "," 그거 랑 관련 되 ㄴ 학과 가 려는 사람 들 이 들 어 보고 자기 랑 맞 는지 아니 ㄴ지 생각하 아 보 기 좋 은 수업 이 ㅁ""",,,,,,,,,,,,,,
교수 님 은 좋 았 고 감사 하 게 도 +  채우 어 주심 무엇 ㄴ가 학생 들 을 많이 생각하 아 주 시 는 것 같 아서 좋 았 음,,,,,,,,,,,,,,
"""그래 여기 까지 그렇 ㄹ 수 있 다 치 면 "," 수업 은""",,,,,,,,,,,,,,
교수 님 열정적 이 시 고 재미있 으시 ㄴ 편 그러나 조 별 모임 2 번 이 있 는데 비율 이 꽤 나 높 고 준비 하 는 시간 이 오래 걸리 어서 ,,,,,,,,,,,,,,
나 한테 이 수업 이 어떤 의미 가 있 었 냐면 유통 물류 라는 분야 에 크 ㄴ 흥미 를 갖 게 하 고 진로 를 진지 하 게 고민하 만들 어 주 ㄴ 수업 이 ㅁ,,,,,,,,,,,,,,
"""시험 이 오 ㄹ 객관식 이 ㄴ 것 "," 출 결 에 크 게 신경 안 쓰 시 는 것 두 개 빼 곤 좋 을 것 이 하나 없 는 수업""",,,,,,,,,,,,,,
"""수업 하 시 는데 듣 는 사람 4 분 의 1 도 안 되 고 출 튀 "," 결석 상당히 많 음""",,,,,,,,,,,,,,
"""전자기 학 때 C + 받 아서 이번 에 는 안 듣 고 싶 었 는데 "," 교수 님 강의 력 이 나쁘 다고 생각 하 지 는 않 았 고 것 이 다가 다반 수강 이 이미 꽉 차 버리 어서 얼떨결 에 수강 하 게 되 었 습니다""",,,,,,,,,,,,,,
진짜 갓 창 수 열심히 하 ㄴ 만큼 점수 나오 아 요 다만 비율 이 딱딱 나누 어서 주 기 때문 에 점수 보 고 약간 실망 하 ㄹ 수 는 있 음,,,,,,,,,,,,,,
교수 님 인성 이 좋 으시 ㅁ,,,,,,,,,,,,,,
모든 수업 이 ㄴ 강 으로 진행 하 시 었 고 숙제 도 학생 들 배려 하 아서 눈 꼽 만큼 내주 셨 으며 학점 도 최대한 채우 어 주 시 었 습니다,,,,,,,,,,,,,,
미시 경제학 에 대하 어 제대로 알 수 있 는 수업,,,,,,,,,,,,,,
진짜 내가 아 듣 은 전공 중 가장 얻 어 가 는 것 이 없 었 던 수업,,,,,,,,,,,,,,
왜 퇴직 하고 아직 도 명예교수 로 학교 에 남 아 있 는지 의 문 이 ㅂ니다,,,,,,,,,,,,,,
도망치 어 어서,,,,,,,,,,,,,,
교수 님 이 똑똑 하 다는 것 이 느끼 어 지 ㄴ다 C + + 에 대하 어 어느 정도 알 는 상태 로 수업 을 듣 었 는데 디테일 하 ㄴ 면 을 잘 가르치 어 주 시 어서 도움 이 많이 되 었 고 코딩 능력 뿐 만 아니 라 컴퓨터 내부 구조 와 연관 짓 어 서 설명 하 시 어서 이 하 아 가 아 잘 되 었 다,,,,,,,,,,,,,,
사람 도 좋 고 학점 도 채우 어 주 시 고 수업 은 잘 .. 하 는 것 은 아니 ㄴ데 따르 아 말 ㄴ 가 면 건 질 게 많 은 수업,,,,,,,,,,,,,,
하지만 홍광진 교수 님 은 착하 시 면서 겜플밍  처음 가르치 시 는 경우 라 다른 수업 에 비하 아 체계적 이 지 않 기 때 문 에 수업 을 안 듣 게 되 ㄴ다 .. 교수 님 은 참 좋 으시 ㄴ 분 이 ㄴ데 맘 놓 고 수업 을 안 듣 게 되 는 나 의 모습 에 자괴감 이 들 ㄴ다,,,,,,,,,,,,,,
아직 도 수업 때 하 아 주 시 ㄴ 소개팅 얘기 가 기억 에 남 는다,,,,,,,,,,,,,,
객체 지향 프로그래밍 에 대하 아서 완벽 하 게 배우 ㄹ 수 있 다,,,,,,,,,,,,,,
PPT 는 교재 에 있 는 자료 들 로 만들 ㄴ 것 맞 는데 그것 ㄹ 짜 집기 하 았 다 고 하 는 것 은 무엇 이 ㄴ지 ... 자 바 1 도 모르 고 듣 었 는데 기본적 이 ㄴ 원리 부터 차근차근 알리 어 주 시 어서 C 개 허 접 이 ㄴ 나 도 실습 거의 다 만점 받 음,,,,,,,,,,,,,,
"""C 강의 교내 1 탑 .. 단 "," 본인 이 C 언어 못하 면 답 없 음""",,,,,,,,,,,,,,
수업 이 졸립 ㅂ니다,,,,,,,,,,,,,,
쉽 어도 잘 익히 어야 하 ㅁ,,,,,,,,,,,,,,
나 는 코드 도 짜 았 고 프로젝트 도 내 었 지만 뭘 배우 ㄴ 것 이 ㄴ지 나 는 모르 겠 다,,,,,,,,,,,,,,
물론 혼자 책 보 고 공부 하 면 어느 정도 이해 는 가 는데 책 보 고 공부 하 ㄹ 것 이 었 으면 등록금 내 고 대학 안 오 았 지 ... 덧붙이 어 중간 기말 도 공지 로 안 올리 어 주 ㅁ,,,,,,,,,,,,,,
강의 와 실습 이 번 갈 아 서 진행 되 고 시간 이 지 나 ㄹ 수록 실습 숙제 는 하루 에 끝내 ㄹ 수 없 을 정도 로 양이 많 아 지 ㄴ다,,,,,,,,,,,,,,
출 결 열심히 하 고 시험 0 점 이 ㄴ 것 하나 도 없 는데 F 주심,,,,,,,,,,,,,,
이정진 교수 님 수업 에 열정 이 넘치 시 고 학생 들 의 숙제 를 하 ㄴ 명 한 명 살피 시 는 좋 은 교수 님 이 시 ㅂ니다,,,,,,,,,,,,,,
출석 도 부르 고 나 서 수업 안 듣 을 사람 은 그 시간 에 자기 개발 하 는 것 이 더 좋 다며 나가 아도 좋 다고 하 시 었 음,,,,,,,,,,,,,,
에 그 ... 강의 평 을 .. 강의 평 에서 ... 강의 평 으로 갖 다가 ... 글 을 쓰 ㄴ다는 일 을 작성 해보 자면 ... 크 게 도움 이 되 ㄴ 다 느끼 어 지 지 ㄴ 않 는 다 잉 ... 발구르 기 하지만 수업 자체 의 강도 는 세 ㄴ 편입 ㅂ니다,,,,,,,,,,,,,,
인공지능 프로그래밍 은 인터넷 에서 공개 되 ㄴ 강의 를 기반 으로 진행 되 고 지금 까지 의 프로그래밍 과 는 차원 이 다른 코드 체계 를 보 ㄹ 것 이 다,,,,,,,,,,,,,,
조교 님 이 말투 가 낭낭 하 시 고 차근차근 하 시 어서 굉장히 유한 수업 에 눈 높이 도 맞추 어 주 시 ㄴ 수업,,,,,,,,,,,,,,
파이 썰 ㄴ 배우 ㅁ,,,,,,,,,,,,,,
강의 력 은 좋 으시 ㅁ,,,,,,,,,,,,,,
다른 전공과목 이 숙제 가 하나 도 없 다,,,,,,,,,,,,,,
하 ㄴ 학기 동안 무엇 ㄴ가 열심히 하 았 는데 그것 이 무엇 이 ㄴ지 아직 도 모르 겠 는 수업 교수 님 은 수업 에 대하 ㄴ 열 정도 있 으시 고 좋 으시 어요,,,,,,,,,,,,,,
"""유럽 정치 라고 하 아서 단순히 유럽 의 정치제도 나 기구 들 같 은 것 을 배우 는 것 이 아니 라 유럽 을 문명사 적 시각 에서 어떻하 게 바라보 ㄹ 수 있 을지 를 배우 너 어떻하 게 보 면 엄청나 ㄴ 양의 수업 이 되 ㄹ 수 도 "," 어찌 보 면 피상적 이 지 않 고 유럽 에 대하 어 제대로 알 수 있 는 좋 은 강의 라고 도 보 ㄹ 수 있 을 것 같 네요""",,,,,,,,,,,,,,
"""보강 을 두 번 째 것 1 번 ", 세 번 째 것 2 번 하 아서 ," 결국 각 3 번 씩 듣 은 것 이 되 기 ㄴ 하 다""",,,,,,,,,,,,,,
글씨 키우 고 두껍 게 하 자,,,,,,,,,,,,,,
대신 마치 하 ㄴ 것 처럼 출 첵 못 하 ㄴ 사람 나오 아서 자기 한테 말 하 라 하 ㄴ다,,,,,,,,,,,,,,
숙제 개인 숙제 는 없 고 팀 프로젝트 로 공급 체인 경영 에 관련 되 ㄴ 주제 자유롭 게 선정 하 아서 15 본인 조르 ㄹ 제외 하 ㄴ 다른 팀 들 을 평가 하 며 시간 을 잘 활용 하 는 것 이 중요 하고 시간 이 오바 되 거나 빨리 끝나 는 것 도 안 좋 습니다,,,,,,,,,,,,,,
교수 님 이 학생 개개인 에게 관심 이 많 다는 것 이 출석 체크 에서부터 느끼 어 지 어요,,,,,,,,,,,,,,
보충수업 도 토요일 날 급하 게 의견 묻 지 않 고 잡 으시 ㄴ 후 에 출 결 반영 + 다음 발표 주제 선정 및 발표자 선정 하 아 버리 시 었 습니다,,,,,,,,,,,,,,
이 딴 수업 을 듣 어야 하 나 싶 음,,,,,,,,,,,,,,
서술 형 은 어떤 개념 에 대하 어 서술 하 라 이런 식인 데 수업 시간 에 강조 하 시 는 개념 이 나오 았었 습니다,,,,,,,,,,,,,,
온라인 강의 이 었 지만 학생 들 의 강의 중간 에 학생 들 의 이름 을 부르 어 주시 기 도 하 며 학생 들 과 소통 을 많이 하 아 주 시 었 습니다,,,,,,,,,,,,,,
경영학 원론 전범 위 라 나 는 망하 았 다고 생각하 았 지만 시험 문제 다 찝  하지만 나 는 그거 조차 다 와우지  그래도 질문 하 면 항상 친절 하 게 받 아 주 시 고 학생 들 부담 덜 어 주 시 려고 노력 하 시 는 교수 님 이 심 숙제 도 출 결 대신 이 고 하 ㄹ 만 하 ㄴ 숙제 이 었 음,,,,,,,,,,,,,,
저희 조 는 대답 을 하 ㄴ 번 도 안 하 아서 조 별 점수 만 점 을 못 받 았 는데 대답 한 번 만 하 아 주 었 으면 어떻 었 을까 하 는 아쉬움 이 남 습니다,,,,,,,,,,,,,,
나름 젊 으시 ㄴ 분 이 라 학우 들 의 눈 높이 를 많이 맞추 어 주 시 려 하 는 것 같 았 습니다,,,,,,,,,,,,,,
"""못나 ㄴ 제자 는 곧 국가 의 부름 을 받 아 가족 과 친구 들 ", 또 사랑하 는 이 를 지키 러 가 지만 ," 부디 교수 님 께서 오랫동안 저희 학교 에 남 아 좋 은 가르침 을 만인 에게 전달 하 아 주 시 기 ㄹ 바라 겠 습니다""",,,,,,,,,,,,,,
출 튀하 면 두 배 깎 이 ㅂ니다,,,,,,,,,,,,,,
되 어서 그분 들 도 다 같이 상대 평가 하 는 수업 이었 어서 잘 나오 ㄴ 것 같 음,,,,,,,,,,,,,,
강의 시작 부터 끝 까지 PPT 내용 을 그대로 따르 아 말씀 하 시 는 것 이 수업 의 전부,,,,,,,,,,,,,,
조 별 숙제 없 는 것 도 꿀 이 고 시험 말 ㄴ 두 번 보 면 되 는 것 이 꿀 이 ㄴ 것 같 기 는 한데 학교 생활 하나 부터 열 까지 열심히 하 ㄹ 친구 들 한테 는 그냥 조 별 숙제 있 는 다른 경이 들 으라고 하 어 주 고 싶 다,,,,,,,,,,,,,,
조 별 숙 제도 하나 있 었 는데 열심히 하 면 점수 는 다 골고루 잘 주 시 는 듯 참고 로 중간 는 객관식 + 단답 형 기말 는 모두 주관식 논술 형,,,,,,,,,,,,,,
"""교재 는 사 어도 되 고 안사 도 되 는데 어차피 모든 수업 은 PPT 로 진행 되 기 때문 에 안사 는 것 을 추천 ", ," 교수 님 성향 이 수업 에 엄청 열정 있 고 그러 시 지 ㄴ 않 아 요 그래서 50 분 수업 하고 10 분 쉬 고 나 서 출석 부르 고 15 분 수업 하고 끝내 시 어서 시간 잘 가 ㅂ니다""",,,,,,,,,,,,,,
수업 을 듣 지 않 아도 학점 이 잘 나오 고 싶 다면 듣 는 것 을 추천 하 ㅂ니다,,,,,,,,,,,,,,
"""그런 부분 에서 교수 님 이 그래도 학생 들 한테 좋 은 얘기 "," 도움 되 는 얘기 해주시 려고 하 는 것 이 눈 에 보이 ㅁ""",,,,,,,,,,,,,,
그냥 학점 잘 주 는 것 에 만족 하셈,,,,,,,,,,,,,,
별 롭 니 다 교수 님 은 친절 하 시 ㄴ 데 강의 를 너무 못하 시 고 흡입력 도 떨어지 어서 남 는 것 이 하나 도 없 어요,,,,,,,,,,,,,,
결론 은 그냥 이 교수 님 비추 오 티 때 본인 이 수업 아주 잘하 고 유능 하 아서 돈 도 많이 받 는 다 자랑 하 시 길래 기 대 많이 하 았 는데 하아,,,,,,,,,,,,,,
수업 안 듣 고 출석 말 ㄴ 하 고 조 별 숙제 만 잠깐 참여 하고 중간 기말 전 에 시험 문제 부르 어 주 는 것 외우 면 점수 는 자 ㄹ 나오 겠 지만 경제학 과 다른 전공 수업 과 비교 하 아서 그 정도 로 투자 하 ㄹ 가치 가 없 어서 시험 공부 를 안 하 게 되 ㄹ 거기 에 이 것 수업 시간 에 뒷자리 가 아서 다른 전공과목 공부 하고 학점 비정 도 맞 을 정도 만 공부 하 는 사람 이 승리자 이 ㅂ니다,,,,,,,,,,,,,,
감사 하 ㅂ니다,,,,,,,,,,,,,,
그 덕분 에 진도 를 많이 나가 지 못하 아 로 마사 부분 은 나가 지 못하 아서 아쉽 기 도 하 았 습니다,,,,,,,,,,,,,,
에 도 불구 하고 교수 님 의 열정 이 느끼 어 지 었 어요,,,,,,,,,,,,,,
발표 20 글쓰기 20 대학교 수업 안 에서 식견 을 넓히 기 에 좋 은 강의 라고 하 면 가장 추천 하 ㄹ 만 하 ㄴ 강의 같 아요,,,,,,,,,,,,,,
"""시험 은 중간 기말 30 문제 씩 두 번 이 었 는데 ", 수업 시간 열심히 듣 고 공부 열심히 하 았 다 면 충분히 좋 은 점수 받 을 수 있 고 이 번 수업 에서 보완 되 어 사실 교수 님 수업 은 보완 하 ㄹ 것 도 없 지만 그저 우리 학 샹 들 이 생각 보다 블어  모르 고 수업 을 듣기 때문 에 이해 를 못하 아 일어나 는 어쩌 ㄹ 수 없 는 조정 .. 다음 수업 에 ㄴ 더 더 완벽 하 ㄴ 수업 이 되 ㄹ 듯 회화가 중심 이 길 ㄴ 하지만 ," 문법 도 어느 정도 는 알 아야 하 ㅁ""",,,,,,,,,,,,,,
교수 님 개 천사 .... 학생 들 집중 도 가 많이 떨어지 기 는 하 는데 열정적 으로 강의 하 시 고 착하 심 ...,,,,,,,,,,,,,,
쪽지 시험 까지 합치 면 한 5 번 되 ㄹ 듯 학점 + 나 0 로 채우 어 주심 사람 들 이 다 열심히 하 아서 성적 따 기 어려움 빵 도주 시 고 좋 았 움,,,,,,,,,,,,,,
강의 력 은 잘 모르 겠 으나 교수 님 이 착하 시 고 .. 학생 들 한테 신경 도 많이 써 주 시 고 귀 여우 심 .. 성적 도 생각 보다 잘 주 시 었 음,,,,,,,,,,,,,,
이론 은 송현석 교수 님 이 ㄴ데 기 출 문제 푸 는 것 이 숙제 여서 시험 대비도 같이 되 어서 좋 아요,,,,,,,,,,,,,,
학생 들 이름 도 다 외 우 시 고 이 하 아 못하 아서 바보 같 은 질문 하 아도 어이 없 어 하 시 지만 웃 으면서 기 분 좋 게 알리 어 주심,,,,,,,,,,,,,,
실험 쪽 은 온라인 이 라 실험 없 는 실험 이 되 어 버리 어서 그냥 재미 도 없 고 의미 도 없 는 과목 이 되 었 음,,,,,,,,,,,,,,
나 가 엑셀 을 배우 러 이 강의 를 듣 는 것 이 ㄴ지 물리 를 배우 러 이 강의 를 듣 는 것 이 ㄴ지 혼란 이 오 ㅂ니다,,,,,,,,,,,,,,
"""그래서 결론 은 ", 이 수업 을 듣 고 이론 시간 에 는 필기 하 ㄹ 노력 하 지 말 고 그냥 팔짱 끼 고 듣 고 , 복습 은 책 도 보 지 말 고 다른 학교 교수 님 M OOC 보 고 공부 하 시 고 ," 레포트 는 대충 쓰 어서 내 시 ㅂ시오""",,,,,,,,,,,,,,
실험 시간 을 꽉 꽉 꽉 채우 어 주심 시간 이 초과 되 기 도 하 ㅁ,,,,,,,,,,,,,,
숙제 열심히 하 았 지만 결국 에 ㄴ 이론 시험 으로 성적 반영 되 ㄴ 것 과 학생 수 가 적 어 학점 받 기 힘들 었 다는 점 에서 나 의 학점 에 대하 ㄴ 만족 이 낮 다,,,,,,,,,,,,,,
5 분 정도 있 다가 유출 되 어서 내지 않 겠 다고 하 시 는데 이런 문제 들 시험 에 나오 ㄹ 가능성 이 매우 높 으니 알 아두 시 면 좋 습니다,,,,,,,,,,,,,,
교수 님 들 수업 은 친절 하 ㄴ데 보고서 다 쓰 고 시험 보 아도 성적 짜 게 줌 내 주위 에 도 CD 받 은 애 들 꽤 있 는데 강의 평 에 도 매우 깐깐 하 ㅁ,,,,,,,,,,,,,,
C 언어 하나 도 모르 아도 수업 따르 아 는 데 에 문제 없 음,,,,,,,,,,,,,,
수업 진행 방식 이 가르치 ㄴ 다 기 보다 는 스스로 질문 하고 해 나가 는 느낌 이 었 어요,,,,,,,,,,,,,,
"""어찌 보 면 노 오오 려 어억 으로 상대 평가 에서 좋 은 학점 을 얻 을 수 도 있 으나 "," 출 결 꼬박꼬박 다 하 고 얼추 다 진행 하 았 는데 도 F 를 박 아 버리 는 무자비 함 을 겪 을 수 도 ... 실제 사례""",,,,,,,,,,,,,,
교수 님 귀 여우 심 지나 ㄴ 학기 기 출 문제 랑 해설 도 다 나누 어 주 시 니 그것 으로 시험 대비 하 시 기 ㄹ 강의 중 후반 부 쯤 되 면 학생 들 이름 이랑 얼굴 거의 다 외 우 시 니까 출 튀 금지 가끔 웅얼웅얼 설명 하 시 ㄹ 때 도 있 어서 내용 안 놓치 고 들 으려면 앞자리 앉 는 것 추천 그리고 나 의 경험 으로 는 + 알 ㄴ 채우 어 주 시 는 듯,,,,,,,,,,,,,,
그리고 성적 도 기말 전 에 중간 성적 알리 어 주 시 겠 다고 홍보 는 다 하 아 놓 고 채점 하 시 지도 않 고 성적 도 5 시 에 올리 어 주 시 ㄴ다고 해 놓 고 7 시 에 올라오 고 ... 다만 예시 나 판례 를 많이 가져오 시 어서 설명 하 아 주 시 는 점 은 좋 았 습니다,,,,,,,,,,,,,,
저 듣 을 때 는 의 생명 분 들 이 수업 시간 에 떠들 고 시끄럽 게 하 아서 좀 별로 이 었 는데 앞자리 앉 으면 좀 낫 습니다,,,,,,,,,,,,,,
교수 님 수업 스타일 은 초반 에 는 아무것 도 명확 하 게 가르치 어 주 시 지 않 고 교수 님 께서 이름 순 으로 조르 ㄹ 짜 서 어떤 프로젝트 를 상의 하 아서 시작 하 라고 하 는 알 아서 해라 는 식의 수업 같 습니다,,,,,,,,,,,,,,
시험 과 팀 프로젝트 숙제 처럼 공부 를 하 게 만들 는 장치 들 이 있 기 에 배우 ㄴ 것 이 있 지만 수업 을 듣 을 당시 는 많이 유익 하 다고 느끼 지 못하 았 습니다,,,,,,,,,,,,,,
제대로 가르치 ㄴ 적 이 없 는데 이해 하 았 기 를 기대 하고 알 는 것 이 없 는 상황 에서 팀 프로젝트 을 진행 하 아야 하 ㅁ,,,,,,,,,,,,,,
가히 교양 수업 의 교과서 라고 하 ㄹ 만 하 ㅂ니다,,,,,,,,,,,,,,
갓 완섭 학생 들 에게 부담 안주시 려고 노력 하 시 는 분 이 ㅂ니다,,,,,,,,,,,,,,
보 니 이해 하고 후반 갈수록 얻 는 것 이 많 았 던 수업 질문 도 잘 받 아 주 시 고 시험 도 예상 보다 ㄴ 쉽 었 다,,,,,,,,,,,,,,
뒤 로 갈수록 숙제 가 좀 어렵 ㄹ 수 있 지만 본인 이 열심히 만 하 ㄴ다면 시간 이 걸리 어도 풀어내 ㄹ 수 있 고 학점 잘 받 을 수 있 는 수업 이 에 요 전체적 으로 흥미 롭 고 얻 어 가 는 것 이 많 은 유익 하 ㄴ 수업 이 었 어요,,,,,,,,,,,,,,
출 첵 만 열심히 하 고 수업 조금 만 집중 하 아서 들 으면 시험 하루 전 에 2 시간 만 공부 하 아도 A + 이 나오 는 기적 이 나오 ㅂ니다,,,,,,,,,,,,,,
진짜 갓 교수 님 .. 착하 시 고 귀 여우 심 시험 도 열심히 공부 하 면 풀 수 있 음,,,,,,,,,,,,,,
심지어 숙제 를 내주 면 여러분 들 이 귀찮 아 하 ㄹ 것 같 으니까 안 내 ㄴ다고 하 시 는 ... 숭실대 의 빛 같 은 존재 ... 조 모임 도 없 음,,,,,,,,,,,,,,
시험 이 .. 다른 교수 님 들 보다 어렵 어 요 하지만 대신 점수 는 진짜 잘 주 시 어요,,,,,,,,,,,,,,
"""2 출석 잘하 고 "," 싸 강 지각 안 하 고 대충 공부 하 아도 B + 은 나오 ㄴ 다 필자 가 그리하 었 음""",,,,,,,,,,,,,,
그리고 참여 도 는 수업 시간 에 코딩 하 거나 프로그램 만들 ㄴ 것 캡 치 어 하 아서 게시판 에 올리 라고 하 시 ㅂ니다,,,,,,,,,,,,,,
다른 교수 님 컴퓨팅 적 사 고 수업 듣 은 친구 들 은 시험 문제 도 대충 쉽 게 나오 아서 다 들 시험 은 잘 보 았 으나 도움 은 별로 안 되 었 다는 것 같 다,,,,,,,,,,,,,,
숙제 없 고 수업 시간 도 50 분 수업 이 라고 20 분 늦추 어 주심,,,,,,,,,,,,,,
엄청 착하 시 고 출석 과 시험 그것 이 다 예 용,,,,,,,,,,,,,,
온라인 은 교수 님 도 그냥 틀 어 놓 으라고 하 ㄹ 정도 로 중요도 를 두진 않 지만 시험 에 두 문제 정도 는 나오 아서 시험 기간 에 몰아 들 어야 하긴 하 아요,,,,,,,,,,,,,,
그래도 수업 시간 에 배우 ㄴ 것 들 만 잘 풀 어도 성적 은 잘 주 시 고 교수 님 도 친절 하 시 니까 듣 을 만 하 ㄴ 과목 이 ㅁ,,,,,,,,,,,,,,
확인 문제 가 좀 많이 있 기 ㄴ 한데 어차피 수업 시간 에 다 알리 어 주 면서 하 는 거라 저 는 햐 부담 안 되 고 오히려 그런 숙제 가 더 좋 음,,,,,,,,,,,,,,
시험 도 어렵 ㄴ 문제 + 쉽 ㄴ 문제 이 지만 수업 시간 에 하 ㄴ 숙제 들 여러 번 보 고 교재 범위 2 번 정도 읽 었 더니 A + 나오 ㅁ,,,,,,,,,,,,,,
저 가 뼛 속 까지 문과 인 이 라 잘 이해 가 되 지 않 을 때 도 있 었 는데 그 때 마다 교수 님 께서 친절 하 게 설명 하 아 주 시 어서 쉽 게 프로그래밍 언어 를 익 힐 수 있 었 습니다,,,,,,,,,,,,,,
교수 님 진짜 친절 하 시 고 좋 은 수업 임 시험 에 나오 는 것 다 집어 주심 시험 전날 에 집어 줄 ㄴ 것 달달 외우 고 들 어 가 면 좋 은 성적 받 을 수 있 음,,,,,,,,,,,,,,
출 튀하 시 면 혼자 하 아야 하 는데 파이 썰 ㄴ 같 은 경우 는 절 때 혼자 못하 ㄹ 것 에 요 숙제 방 에 매 수업 마다 올리 는 파일 들 이 숙제 점수 로 들어가 ㅂ니다,,,,,,,,,,,,,,
출석 점수 와 40 비중 을 가진 시험 만점 받 고 다른 30 비중 을 가 지 는 시험 에서 2 문제 이 ㄴ가 틀리 었 더니 95 점 으로 A 제 로 나오 았 어요,,,,,,,,,,,,,,
학기 중 에 는 수업 은 쉽 ㄴ 데 에 기말 이 좀 어렵 다는 평이 있 었 는데 계절 은 시험 이 수업 에서 크 게 벗어나 지 않 아서 수업 내용 이랑 책 내용 복습 하 면 A + 가능 하 았 음,,,,,,,,,,,,,,
강의 하고 숙제 가 쉽 다,,,,,,,,,,,,,,
"""먼저 수업 이 온오 프 라인 병행 이 ㄴ데 "," 일단 대부분 나 를 포함 하 ㄴ 학생 들 이 온라인 강의 는 그냥 틀 어 놓 고 출 첵 만 하 아서 무슨 내용 을 가르치 는 것 이 ㄴ지 도움 이 안 되 ㅁ""",,,,,,,,,,,,,,
대 환장 노답,,,,,,,,,,,,,,
크 게 얻 어 가 는 것 은 없 지만 수업 자체 는 재미있 고 시험 난이도 도 수업 시간 에 하 ㄴ 것 만 나오 고 시험 문제 도 거의 알리 어 주 시 는 편 이 라 부담 없이 듣기 좋 습니다,,,,,,,,,,,,,,
숙제 조 모임 과 숙제 는 따로 없 습니다,,,,,,,,,,,,,,
갓 갓 갓 시험 쉽 지 숙제 한 번 이 지 스크 파이 썰 ㄴ 실력 과 성적 이랑 아무 상관없 지 이것 이야말로 꿀 교수 꿀 교양 아니 ㄴ가 여 심지어 일주일 한 번 수업 이 ㄴ데 고작 50 분 ’,,,,,,,,,,,,,,
교수 님 의 강의 력 을 저 가 뭐 라 말 하 ㄹ 수 없 지만 로 친절 하 시 ㄴ 분 이 니 이 분야 에 대하 어 관심 이 있 으시 다면 교수 님 께 여러 가지 질문 을 해보 시 는 것 도 좋 을 듯 하 ㅂ니다,,,,,,,,,,,,,,
수업 내용 많 고 어려움 다른 교수 님 것 들 으시 어요,,,,,,,,,,,,,,
별로 임 교 피 ㄹ 아니 였 으면 알 ㄴ 듣 었 지 ..,,,,,,,,,,,,,,
조 모임 은 따로 없 으며 온오 프 수업 이 ㄴ데 숙제 는 온라인 에서 듣 은 강의 내용 을 1 주 차 를 제외 하 ㄴ 나머지 주차 를 정리 하 아서 제출 하 는 것 이 ㅂ니다,,,,,,,,,,,,,,
타 교수 님 중 에서 는 성적 을 비율 대로 채우 어 주 시 는 분 이 있 다고 듣 었 는데 교수 님 은 그러 시 지 않 는다,,,,,,,,,,,,,,
이 수업 에서 A 를 받 았 기에 뭐 라 하 지 ㄴ 않 겠 는데 딱히 하 ㄹ 만 하 ㄴ 것 은 없 음,,,,,,,,,,,,,,
강의 평 안 좋 길래 걱정 하 았 는데 교수 님 되게 유쾌 하 시 고 학생 들 말 잘 들 어 주심 시험 도 별로 안 어려움 다 찝어주심 숙제 는 총 두 번 이 었 는데 숙제 도 안 어렵 었 음,,,,,,,,,,,,,,
본인 이 잘 가르치 ㄴ다고 말 하 지만 다른 교수 님 플밍 수업 을 듣 어서 그렇 ㄴ지 솔직히 말하 아 서 그저 그리하 었 음,,,,,,,,,,,,,,
그리고 저 는 교수 님 께서 코딩 가르치 시 ㄹ 때 쭉 설명 만 해주시 는 것 이 아니 라 충분히 먼저 해보 고 생각하 아 보 ㄹ 시간 을 주 시 ㄴ 후 에 교수 님 께서 답 을 알리 어 주 시 고 설명 하 아 주 시 는 것 이 참 좋 았 는데 저마다 생각 이 많이 다르 네요,,,,,,,,,,,,,,
"""코딩 을 가르치 ㄹ 것 면 하 ㄴ 학기 투자 하 아서 제대로 가르치 던지 "," 가르치 ㄹ 내용 은 많 고 어렵 으 니 어물쩡 넘어가 서 수업 시간 에 독학 하 았 습니다""",,,,,,,,,,,,,,
학기 초 에 못하 아도 씨 는 줄 ㄴ 다 하 았 으면서 디 폭격 하 네 개 같 음,,,,,,,,,,,,,,
대학 에서 이렇게 친절 하 게 강의 해주시 는 분 없 을 듯 자신 을 선생 님 이 라 칭하 시 고 선생 님 처럼 가르치 어 주심 하나 부터 열 가 지 중 아홉 가지 를 알리 어 주 시 면서 나머지 하나 안 알리 어 주 ㄴ다고 불안 하 아 하 시 ㅁ,,,,,,,,,,,,,,
유머러스 하 아서 수업 재미있 고 솔직히 코딩 아무것 도 모르 는 상태 에서 듣 어서 처음 에 ㄴ 메 ㄴ 붕 그 자체 .. 하 ㄹ 줄 도 모르 는데 숙제 거의 매주 내주 는 것 도 메 ㄴ 붕 .. 이 때 부터 포기 하 는 애 들 많이 생김 드랍  생각 도 하 았었 는데,,,,,,,,,,,,,,
교수 하 시 ㄴ다는 분 이 매번 진도 하나 못 빼 고 75 분 내내 허덕이 면서 이동 시간 배려 안 하 고 2 분 정도 늦 게 끝내 주 는 것 도 별로 고요,,,,,,,,,,,,,,
듣기 전 에 여기저기 물어보 니 호불호 갈리 던데 왠지 알 거 같 음,,,,,,,,,,,,,,
하 나 만 실수 하 아도 등수 가 바닥 을 치 ㅂ니다,,,,,,,,,,,,,,
땀 흘리 면서 열심히 는 하 는데 못하 ㅁ,,,,,,,,,,,,,,
학생 의 의견 하나하나 를 존중 하 어 주 려는 모습 이 보 기 좋 았 어요,,,,,,,,,,,,,,
교수 님 자기 가 비율 알 ㄴ 채우 어 주 고 학생 들 F 도 많이 주 ㄴ다고 말 하 시 네요,,,,,,,,,,,,,,
 좋 아요 시험 도 뭐 굳이 흠잡 을 것 은 없 는 것 같 고 상당히 만족 스럽 었 던 강의 중 하나,,,,,,,,,,,,,,
교수 님 이 착하 시 어서 강의 평 을 않 좋 게 쓸 수 가 없 어요,,,,,,,,,,,,,,
개인적 으로 팀 프로젝트 하 ㄹ 때 빼 곤 수업 듣 는 내내 즐겁 었 습니다,,,,,,,,,,,,,,
솔직히 처음 에 시키 는 것 많 고 2 주 마다 발 표시 켜 어서 열 받 는데 하 란 것 만 하 면 학점 은 잘 주 고 융통 성 없 다고 느끼 어 지 ㄹ 때 많 은데 학기 끝나 면서 생각하 아 보 면 리얼 참 교수 .. 꼭 들 어 요,,,,,,,,,,,,,,
다 부질 없 습니다,,,,,,,,,,,,,,
성적 은 저 는 운 이 나쁘 게 공부 잘하 는 반 에 들어오 아서 막 95 점 이상 이 18 명 이 고 이런 엄청나 ㄴ 경쟁률 속 에 놓이 어 서 어 걱정 을 많이 하 았 는데 퀴즈 두개 랑 중간 기 말 각각 12 개 씩 틀리 었 는데 A 0 나오 았 어요,,,,,,,,,,,,,,
저 는 운 이 좋 게 좀 성적 이 낮 은 애 들 이랑 듣 어서 A 받 은 것 같 아 요 다른 두 반 은 성적 엄청 높 아서 겅쟁 치열 하 ㄴ데 제거 듣 은 반 은  1 학년 이 좀 많 은 것 같 더라구 요 교수 님 도 진짜 좋 습니다,,,,,,,,,,,,,,
전 영상 보 는 그것 좋아하 고 영어 를 좋아하 아서 이 수업 이 좋 았 지만 중간 이랑 기말 에서 서술 형 부분 이 좀 어렵 고 암기 하 아야 되 는 것 이 많 아서 호불호 많이 갈리 는 편 이 ㄴ 것 같 아요,,,,,,,,,,,,,,
""".. 영화 나 드라마 에서 철학적 내용 을 끌 어 오 아서 수업 하 는데 "," 공감 이 되 는 부분 도 있 고 아니 ㄴ 부분 도 있 었 음""",,,,,,,,,,,,,,
학점 안채 어 줌 이것 이 제일 화 가 남,,,,,,,,,,,,,,
강의 못하 시 ㄴ다,,,,,,,,,,,,,,
수업 자체 는 내용 이 많이 어렵 지 ㄴ 않 으나 PPT 양이 상당히 많 아서 공주하 힘들 기 는 하 았 지만 교수 님 이 좋 으시 고 학생 들 의견 경청 해주시 려고 하 ㅁ,,,,,,,,,,,,,,
시험 은 본인 실력 과 별개 로 수업 시간 내용 필기 를 전부 외 우 시 면 되 ㅂ니다,,,,,,,,,,,,,,
"""", 기말 1 번 , 발 표 영상 1 번 , 출 결 은 실시간 때 는 직접 호명 을 ," 온라인 수업 은 수업 들 은 현황 으로 하 시 ㄴ 것 같 습니다""",,,,,,,,,,,,,,
물리화학 1 내용 자체 가 어렵 어 서 다른 과목 보다 이해 하 기 힘들 다는 ... 온오 프 특성 살리 어서 이 하 아 안 되 는 부분 온라인 강의 반복 하 아서 들 으면 그나마 괜찮 음,,,,,,,,,,,,,,
기출문제 쉽 어서 대충 공부 하 지 말 으시 어요,,,,,,,,,,,,,,
"""고등학교 때 물 1 ", 2 화 1 ," 2 를 공부 하 았 다 면 이 하 아 속도 는 좀 빠르 ㅁ""",,,,,,,,,,,,,,
숙제 는 시험 기간 때 한 1020 문제 정도,,,,,,,,,,,,,,
"""학점 최대한 채우 어 주 려고 하 시 고 "," 2 학년 1 학기 라 공부 열심히 안 하 는 애 들 많 아서 평소 에 조금 씩 해 두 면 분명 좋 은 학점 받 을 수 있 음""",,,,,,,,,,,,,,
열심히 독학 하 ㄹ 사람 추천 성적 은 A 0 나오 아서 기부 너 가 좋 아서 4 점 드림 +,,,,,,,,,,,,,,
살 다 살 다,,,,,,,,,,,,,,
"""코로나 로 인하 아 강의 를 대충 올리 는 교수 님 들 도 많 은데 "," 강의 도 대면 수업 시간 만큼 올리 어 주 고""",,,,,,,,,,,,,,
"""채우 어서 주 지 않 는 학점 "," 나이 가 있 으시 어서 우리 세대 가 느끼 기 에 는 꼰대 로 비추 어 지 기 쉽 ㄴ 교수 님""",,,,,,,,,,,,,,
전공 내용 남 는 것 도 없 고 수업 을 안 올리 어 주 어서 짜증 나 았 지만,,,,,,,,,,,,,,
흠 ... 가르치 는 것 은 좀 아쉽 지만 옆집 아저씨 같 은 인간적 이 ㄴ 면모 와 학생 들 편의 를 나름 봐주 심 ... 절 평이 라 학점 꽤 잘 주심,,,,,,,,,,,,,,
"""소설 론 이 라고 붙이 어 놓 곤 다른 판타지 나 SF 류 웹 소설 등 다른 장르 는 취급 안 하 는 것 은 대체 ... 물론 수업 이 안 맞 으면 알 ㄴ 들 으면 되 지 "," 첫 수업 때 안 나가 고 뭐 하 았 냐 라고 하 ㄹ 수 있 는데 현재 소설 수업 이 이 것 말 고 뭐 가 있 나""",,,,,,,,,,,,,,
"""가르치 려 들 는 내용 자체 는 많 아 보이 나 한 시간 동안 한 번 집중 하 아서 들 어 보 면 "," 아 뭐 야 왜 이렇게 배우 ㄹ 것 이 없 어""",,,,,,,,,,,,,,
숙제 한 번 시험 한 번 이어서 부담 없이 하 ㄹ 수 있 고 평소 에 동영상 보 고 어떤 내용 이 ㄴ지 랑 나 의 생각 짧 게 말 ㄴ 적 어 두 면 시험 볼 때 도움 이 많이 되 ㅁ,,,,,,,,,,,,,,
문제 는 총 4 개 이 었 는데 그 중 2 개 고르 아서 쓰 어야 하 았 고 그동안 보 았 던 영화 들 안 나 카레 리 나 죄 와 벌 등등 에서 도 나오 았 던 것 같 다,,,,,,,,,,,,,,
수업 때 한 번 도 안 졸고 출석 도 심지어 토요일 오전 11 시 에 있 는 보강 까지 가 았 다,,,,,,,,,,,,,,
교수 님 이 도움 되 는 이야기 도 많이 해주시 고 러시아 문화 에 관해 관심 보이 면 좋 게 봐주 시 지만 출석 부르 시 ㄹ 때 뛰어넘 고 부르 시 어서 나중 에 문의 드리 면 두루뭉술 하 게 대답 하 시 는 편 이 라는 것 이 조금 걸리 는 점,,,,,,,,,,,,,,
학점 랜덤 임 숙제 제 시간 에 나 의 고 기말 꽉 꽉 채우 어 쓰 ㄴ 나 는 씨 고 숙제 하루 늦 게 내 고 기말 대충 쓰 고 나가 ㄴ 나 의 친구 는 A 임 학점 랜덤 으로 던 지나 봄 평소 수업 은 영상 은 좋 은데 교수 님 잔소리 가 많 아요,,,,,,,,,,,,,,
강의실 불 을 끄 고 영상 을 시청 하 기 때문 에 졸 지 않 도록 각별히 주의 하 아야 시험 때 고생 하 지 않 는다,,,,,,,,,,,,,,
예 를 들 어 ' 차이코프스키 와 무소 스키 ' 라는 다큐멘터리 에 나오 ㄴ 내용 을 바탕 으로 그 들 의 음악 세계 를 비교 하고 라 흐 마 니 노 프 음악 중 마음 에 들 었 던 것 을 쓰 고 감상 을 적 으 시 오 < < 뭐 이런 식 이 에 요 하여튼 저 는 시험 도 크 게 부담 안 되 었 고 수업 도 즐겁 었 음,,,,,,,,,,,,,,
"""중 고교 와 같 은 주입식 수업 이 아니 라 영상 "," 다큐 를 통하 아 학생 스스로 느끼 고 배우 는 수업 이 라고 생각 하 ㅂ니다""",,,,,,,,,,,,,,
평소 수업 태도 를 많이 보 시 는 것 같 고 영상 감상 전후 로 설명 하 아 주 시 는 내용 필기 하고 간단히 시험 전 에 숙지 하 면 좋 은 성적 받 을 수 있 을 것 이 라는 생각 이 듣 었 음,,,,,,,,,,,,,,
놀 면서 스노보드 배우 기 좋 음,,,,,,,,,,,,,,
재미 졋 음,,,,,,,,,,,,,,
무엇 ㄴ가 대충 하 시 는 것 같 은 데 학생 들 많이 생각하 아 주 시 는 것 이 느끼 어 지시 는 교수 님,,,,,,,,,,,,,,
수업 만 듣 고 배우 ㄴ 것 만 복습 하 니까 ㄴ A + 받 았 습니다,,,,,,,,,,,,,,
솔직히 이 교수 님 한테 는 배우 ㄹ 생각 하 면 안 되 지만 개 꿀 은 개 꿀 이 다,,,,,,,,,,,,,,
천사 교수 님 ... 열정 있 게 가르치 어 주 시 고 비 대면 이 라 시험 한 번 도 안 보 았 음,,,,,,,,,,,,,,
수업 하 시 ㄹ 때 2 시간 내내 강하 게 말씀 하 시 어서 듣 다,,,,,,,,,,,,,,
행정 에 대하 ㄴ 흥미 를 높이 어 주 시 고 다른 수업 의 경우 에 는 행정 의 이상적 이 ㄴ 측면 에 대하 어 설명 하 는 경우 가 많 은데 이 강의 의 경우 에 는 한계 에 대하 어 꼬집 어 주 시 어서 더 이상 깊 었 습니다,,,,,,,,,,,,,,
와우 갓 영종 교수 님 절대평가 의 신 점수 도 자비 로우 시 고 조언 도 아끼 지 않 고 해주시 는 분,,,,,,,,,,,,,,
싶 을 정도 고 중간 기말 은 교재 공부 하 면 잘 보 ㄹ 수 있 음 족 보 는 반 필수,,,,,,,,,,,,,,
IT 대 으로서 네트워크 과목 은 한 번 쯤 듣 는 것 이 좋 다는 생각 이 들 ㅂ니다,,,,,,,,,,,,,,
데 통 듣 으시 면 무난히 학점 딸 수 있 는 과목 이 ㅂ니다,,,,,,,,,,,,,,
휴강 많 고 꿀 강의 임 근데 별 도움 은 안 되 ㅁ,,,,,,,,,,,,,,
수강 정정 기간 이 끝나 는 즉시 한 학기 내내 이 강의 를 수강 신청 하 ㄴ 자신 을 원망 하 게 되 ㄹ 것 이 ㅂ니다,,,,,,,,,,,,,,
배우 는 것 도 없 고 교수 님 도 별로 수 엊 하고 싶 은 마음 도 없 으시 ㄴ 것 이 보이 어서 이 수업 듣 는 시간 내내 시간 낭비 이 ㄴ 것 같 았 다,,,,,,,,,,,,,,
그러나 2 학년 때 듣 는 것 은 개 비추,,,,,,,,,,,,,,
그냥 나 는 영어 로 통 암기 하 아서 영어 로 쓰 었 는데 나 의 시험 점수 1 도 모르 ㅁ,,,,,,,,,,,,,,
결국 이 강의 를 듣 고  킴 의 삼성 뽕 만 이 머리 에 남 는 기분 이 다,,,,,,,,,,,,,,
들 음 자기 인생 없 어 짐 ... 안 듣 는 것 이 나 은 디 .. 다른 학과 듣 는다면 나 가 찾아가 서 울 면서 말리 것 음,,,,,,,,,,,,,,
부적절 하 ㄴ 단어 남발,,,,,,,,,,,,,,
그리고 조 별 발표 로 강의 의 한 파트 를 맡 아서 수업 을 진행 하 아야 되 는데 그냥 조원 잘 만나 야 되 ㅁ,,,,,,,,,,,,,,
공부 하 면 점수 나오 기 는 하 는 과목 이 ㄴ데 솔직히 배우 는 것 1 도 없 고 거의 자습 수준 으로 만 공부 하 면서 점수 얻 어 감 교재 도 2 개 사 라고 하 아서 비싸 ㄴ 돈 주 고 두권 사 았 더니 결국 하 나 쓰 ㅁ,,,,,,,,,,,,,,
시험 은 교재 만 하루 전날 에 만 공부 하 아도 잘 받 을 수 있 고 출 결 에 있 어서 도 유하 심 .. 무슨 가 ㄹ 배우 어 가 ㄴ다는 느낌 은 많이 없 지만 학점 채우 는 교양 하 기 에 ㄴ 꿀 이 ㄴ 것 같 아요,,,,,,,,,,,,,,
솔직히 이 과목 은 이해 하 는 것 은 개인 편차 가 심하 고 선행 과목 이 ㄴ 에너지 변환 공학 을 제대로 알 ㄴ 듣 었 으면 무척 어렵 ㄹ 수 있 음,,,,,,,,,,,,,,
"""교수 님 이 해박 하 시 고 알 는 것 이 많 으시 어서 개인적 으로 공부 에 도움 이 되 었 고 "," 시험 도 수업 시간 에 다루 ㄴ 것 과 해보 라고 하 ㄴ 것 들 에서 나오 기 때문 에 성실히 하 ㄴ다면 좋 은 결과 가지 ㄹ 수 있 을 거라 생각 하 ㅂ니다""",,,,,,,,,,,,,,
얻 어 가 는 것 이 제일 많 았 던 강의 인 거 같 아 요 대신 진짜 수업 잘 듣 고 공부 하 아야 성적 나오 아 요 어렵 어 서 그래도 교수 님 진짜 좋 아요,,,,,,,,,,,,,,
앞자리 앉 아야 소리 가 들리 기 는 하 아요,,,,,,,,,,,,,,
1 학년 때 아무것 도 모르 는 상태 에서 듣 어서 그때 ㄴ 조금 어려워하 기 도 하 고 힘들 었 는데 지금 생각 하 니 이지은 교수 님 만큼 1 학년 들 상황 고려 하 아 주 시 고 이해 하 기 쉽 게 설명 해주시 는 분 이 없 는 것 같 습니다,,,,,,,,,,,,,,
1 학년 수업 이 ㄴ 만큼 하나 하나 세밀 하 게 알리 어 주심,,,,,,,,,,,,,,
이번 학기 동안 가장 즐겁 고 편안 하 게 듣 은 과목 이 ㅂ니다,,,,,,,,,,,,,,
시험 문제 는 좀 쉽 어서 다 열심히 하 고 하 아서 많이 틀리 면 좋 은 학점 을 못 받 을 수 있 다는 점,,,,,,,,,,,,,,
후회 하 지 는 않 으시 ㄹ 것 같 아요,,,,,,,,,,,,,,
"""출석 은 항상 시작 전 호명 하 시 고 "," 숙제 는 프린트 랑 책 에 있 는 한자 쓰기 숙제 가 있 는데 꾸준히 하 면 전혀 부담 되 지 않 아 요 출 튀 는 잡지 는 않 는 것 같 아 용 그리고 한 번 에 60 명 정도 듣 는 수업 이 라 밀리 와 서 어 자리 잡 는 것 이 좋 습 ㅂ니다""",,,,,,,,,,,,,,
그런데 도 실생활 에 많이 쓰이 는 표현 들 과 교훈 들 이 라서 좋 은 말씀 들 많이 하 아 주 시 어요,,,,,,,,,,,,,,
"""지루하 기 ㄴ 하나 "," 수업 중간 중간 해주시 는 사 담 은 인생 의 지혜 가 담기 ㄴ 얘기 들 을 하 아 주 시 어서 꽤 흥미 로 ㅁ""",,,,,,,,,,,,,,
교양 치고 암기 하 아야 되 ㄹ 범위 가 많 아서 그렇지 인생 을 살아가 면서 필요 하 ㄴ 상식 하 ㄴ 자 들 을 배우 어서 좋 았 음,,,,,,,,,,,,,,
과 훈 정도 만 꾸준히 숙지 하 면 시험 기간 에 그렇게 많이 외우 ㄹ 양은 아니 ㄴ 것 같 음,,,,,,,,,,,,,,
하 아서 나오 ㄴ다,,,,,,,,,,,,,,
한문 잘 모르 는 사람 도 열심히 하 면 좋 은 점수 받 을 수 있 음,,,,,,,,,,,,,,
매번 감기 에 걸리 어서 컨디션 이 안 좋 아서 그렇 다는 데 지금 두 달 째 감기 달 고 살 는 것 임 입원 하 아야 되 ㅁ,,,,,,,,,,,,,,
"""어렵 지 는 않 은데 ' A 가 B 의 몇 배 이 ㄴ가 ' "," ' 몇 호 시험 편 을 사용 하 는가 ' 처럼 좀 세세 하 게 내 ㄴ다""",,,,,,,,,,,,,,
발표 는 2 명 이 하 어 도 되 고 혼자 하 아 도 되 어서 조 별 모임 부담 은 없 어요,,,,,,,,,,,,,,
교재 가 따로 없 고 자료 가 매우 많 아서 공부 하 ㄹ 때 혼란 스럽 지만 노력 하 ㄴ 만큼 나오 기 때문 에 열심히 하 면 좋 은 결과 를 얻 을 수 있 는 것 같 아요,,,,,,,,,,,,,,
매 나 실험 이 ㄴ데 윤성국 교수 님 것 들 으려면 발표 준비 잘 하 아 가 아야 하 ㅁ,,,,,,,,,,,,,,
16 년 2 학기 부터 는 그동안 족보 대로 안 나오 았 다고 하 ㅁ,,,,,,,,,,,,,,
시험문제 가 개 깐깐,,,,,,,,,,,,,,
최고 의 교수 님 임 1 학기 씨 언어 2 학기  + 다 홍광진 교수 님 께 듣 었 는데 나 만 수업 잘 따라가 면 프로그래밍 신 되 ㄹ 수 있 음,,,,,,,,,,,,,,
설명도 듣 어야 되 고 빈칸 도 채우 어야 되 니까 내용 이 귀 에 잘 알 ㄴ 들어오 ㅁ,,,,,,,,,,,,,,
교수 님 한테 찍히 었 었 는데 그래도 열심히 하 니까 패스 주 시 었 다,,,,,,,,,,,,,,
나름 듣 을 만 하 고 학점 은 + 로 채우 어 주 시 ㄴ 듯 하 ㅂ니다,,,,,,,,,,,,,,
A 나오 아서 1 점 추가 하 ㄴ 2 점 주 는 과목 이 ㅁ,,,,,,,,,,,,,,
노 베이스 면 듣 지 않 는 것 을 추천 .. 진짜 온라인 이 고 오프라인 이 고 강의 를 못하 ㅁ,,,,,,,,,,,,,,
그리고 교수 님 이 학생 들 한테 관심 이 많 지 는 않 은데 출석 맨날 부르 시 고 그러 시 니까 눈 에 익 은 애 들 은 외 우 시 는 것 같 음,,,,,,,,,,,,,,
영상 을 엄청 반복 하 아서 보 면서 읽 고 또 읽 고 하 며 겨우 이해 하고 ... 대면 으로 듣 었 다면 반복 재생 이 안 되 니 성적 을 더 못 받 았 을 것 같 아요,,,,,,,,,,,,,,
교수 님 수업 자료 는 굉장히 열심히 만들 어 주 시 어서 열의 가 느끼 어 지 었 는데 .. 그냥 과목 이 답 없 어요,,,,,,,,,,,,,,
시험 문제 들 을 다 집어 주 시 기 때문 에 시험 대비 하 기 수월 하 았 다 는 점 이 가장 크 ㄴ 장점 이 ㄴ 것 같 고 종종 일찍 끝내 주 시 어서 그 점도 좋 았 습니다,,,,,,,,,,,,,,
기말 에 ㄴ SPSS 를 배우 는 데 사실 이 수업 의 목적 은 학기 말 에 SPSS 를 자유자재 로 다루 ㄹ 수 있 게 하 는데 있 다고 하 시 었 어요,,,,,,,,,,,,,,
유신 파 아 교수 님 들 중 에 수업 장악력 집중력 제일 좋 은 분 이 기 때문 에 공부 가 어렵 ㄴ 것 은 가당 치 않 습니다,,,,,,,,,,,,,,
디스플레이 에 진짜 관심 이 많 아서 깊 게 공부 하고 싶 다면 이 수업 은 진짜 맞 지 않 을 것 같 습니다,,,,,,,,,,,,,,
강의 듣 는 내내 많이 힘들 었 지만 마음 만 은 착하 시 고 저 는 결론적 으로 성적 이 잘 나오 아서 이 럴 지 ㄴ 모르 지만 하 ㄴ 학기 동안 그래도 이 디스플레이 과목 중 에 가장 난이도 가 쉽 ㄴ 반 이 었 던 것 같 습니다,,,,,,,,,,,,,,
정보시스템 에 대하 ㄴ 흥미 가 없 으면 안 듣 눈 거 추천 하 ㅂ니다,,,,,,,,,,,,,,
다시 는 수업 안 듣 을 것 이 야 왜 듣 는지 도 남 는 것 도 없 는 수업 이 ㅁ,,,,,,,,,,,,,,
중간 기말 마다 문장 을 외우 고 단어 를 외우 어야 되 는데 대략 중간 때 150 문장 기 말 때 200 문장 정도 전부 외우 어 가 면 무난 하 게 A + 맞 음,,,,,,,,,,,,,,
분 .. 성적 잘 받 으시 려면 예 복습 진짜 잘하 시 어야 되 고 설명 자체 가 수많 은 개념 들 을 이미 알 ㄴ다는 가 정하 에 이루어지 어서 수업 시간 에 나오 는 개념 들 에 대하 어 개인적 으로 혼자 공부 하 면서 충분히 이해 가 되 어야 하 ㄹ 것 같 아요,,,,,,,,,,,,,,
그리고 중요 하 ㄴ 것 은 잘 가르치 시 ㄴ다,,,,,,,,,,,,,,
근데 하 ㄹ 것 이 많 고 외우 ㄹ 것 이 개 많 음,,,,,,,,,,,,,,
교 슈 님 ... 허공 보 시 는데 ... 귀 야우 심 ... 공부 오 지 게 못하 았 는 데 에 저 의 학점 지켜 주심 ... 사랑하 아 오 ..,,,,,,,,,,,,,,
장점 민선기 교수 님 은 이 번 온라인 강의 때 늦 게 강의 를 올리 신 적 없이 책임감 있 게 강의 를 올리 어 주 시 었 습니다,,,,,,,,,,,,,,
진짜 로 4 년 내내 수업 듣 고 싶 은 교수 님 친절 하 게 설명 해주시 고 문의 하 면 바로 답장 하 아 주 시 어서 편하 게 수업 듣 었 음,,,,,,,,,,,,,,
물리 와 화학 의 굴레 에서 빛 이 되 어 주 ㄴ 수학 과목 이 ㅂ니다,,,,,,,,,,,,,,
가장 학생 들 의 편의 를 생각하 아 주 시 ㄴ 교수 님 학점 도 최대 로 잘 주심,,,,,,,,,,,,,,
다음 학기 에 화공 양론 으로 또 만나 뵈 ㄹ 수 있 어서 좋 다,,,,,,,,,,,,,,
저 도 프로그래밍 못하 아서 처음 에 ㄴ 받아들이 기 어렵 었 는데 교수 님 이 차근차근 두 번 세 번 설명 하 아 주 시 ㅂ니다,,,,,,,,,,,,,,
"""출석 정각 에 칼 같이 부르 시 고 강의 력 이 아주 좋 다고 는 못하 겠 지만 정직 하 게 예제 "," 실 전 문제 최대한 다루 어 주심""",,,,,,,,,,,,,,
그러나 4 번 째 시험 이 충격 이 었 음,,,,,,,,,,,,,,
전체적 으로 괜찮 았 고 학점 따 기 도 어렵 지 않 은 강의 회로 망 해석 3 차 시험 범위 랑 겹치 는 부분 도 있 고 전자장 에서 도 벡터 회전 등 스토크 정리 라 하 아야 되 나 고 공수 에서 배우 는 것 을 사용 하 는 과목 들 이 많 으므로 듣 어서 나쁘 ㄹ 것 하나 없 는 강의,,,,,,,,,,,,,,
수업 듣 고 공부 하 기 에 는 좋 으나 진도 가 많이 나가 아서  고생 좀 하 았 네요,,,,,,,,,,,,,,
잘 알리 어 주 시 고 시험 도 풀기 쉽 게 내 주 어요,,,,,,,,,,,,,,
심지어 기말 는 작년도 기 출 과 아예 똑같이 나오 아 족보 가 없 는 사람 들 은 엄청 불리 하 았 다,,,,,,,,,,,,,,
출 튀 도 안 잡 으시 고 수업 도 별로 ...,,,,,,,,,,,,,,
"""강의 력 에 불만 가지 시 는 분 들 은 앞서 위 생각 가 지시 는 분 이 고 "," 틀리 ㄴ 말 은 아니 라서 원하 는 성적 과 능력 챙기 어 가 아 시기 가 어렵 습니다""",,,,,,,,,,,,,,
대학 을 2 년 밖 에 다니 어 보 지 않 았 지만 역대 최악 의 강의 가 되 ㄹ 듯,,,,,,,,,,,,,,
드랍 기간 에 진지 하 게 드랍  10 번 은 고민 하 았 는데 드랍  다시 듣 어야 하 아서 참 고 듣 는 중,,,,,,,,,,,,,,
"""수업 내용 도 ", 교수 님 들 도 다 괜찮 은데 팀 티칭 방식 때문 에 숙제 ," 시험 이 많 은 것 이 단점""",,,,,,,,,,,,,,
4 명 교수 님 팀 티칭 이 라 시험 이랑 숙제 폭격기 남 들 놀 때 시 험 보 게 하 ㅁ,,,,,,,,,,,,,,
수업 은 교수 님 강의 와 토론 으로 이루어지 어 있 는데 주제도 흥미 로웠 고 토론 도 대부분 사람 들 이 참여 도 가 높 은 편 이 라 재미있 었 음,,,,,,,,,,,,,,
필수 교양 채우 려고 듣 었 는데 빡 세 지 도 않 고 나름 하 ㄴ 학기 동안 재미있 게 듣 었 습니 당 조 별 로 모이 어서 강의 시간 에 잠깐 얘기 하 는 것 이 조 별 활동 전부 고요 따로 숙제 는 영화 미리 보 고 오기 책 읽 어 오 기 같 은 것 밖에 없 어요,,,,,,,,,,,,,,
사람 들 대부분 안 듣 는데 시험 문제 를 진짜 로 다 알리 어 주 시 어서 안 듣 던 사람 들 도 준비 하 아 오더 라고요,,,,,,,,,,,,,,
... 객관식 시험 은 올해 부터 없 어 지 었 지만 보강 10 시간 에 시험 때 비포 시험지 4 장 기본 으로 주 는 것 을 나 가 미리 알 았 다면 이것 ㄹ 듣 는 일 이 절대 없 었 을 터 이 ㄴ데 ... 진짜 빡 세 ㄴ 만큼 배우 는 것 은 많 은데 학점 은 빼 박 갈리 ㄹ 것 같 음,,,,,,,,,,,,,,
결정적 으로 본인 이 문제 를 풀 어 주 ㄹ 때 에 는 오답 이 나오 고 시험 은 어렵 지 않 으니 수강 생 모두 가 회계사 세무사 자격증 소유자 준비 생 이 어서 고득점 은 ,,,,,,,,,,,,,,
고등학교 때 화학 안 배우 고 듣 었 더니 하나 도 이 하 아 못하 고 억지로 꾸역꾸역 외우 어서 시험 보 았 네요,,,,,,,,,,,,,,
이론 안 응호 ... 피하 ㄹ 수 있 으면 피하 자 다 별로 지만 3 점 을 주 는 이유 는 미리 풀 어 주 ㄴ 기출 에서 시험 이 나오 아서 공부 말 ㄴ 하 ㄴ다면 학점 은 받 기 수월 하 기 때문,,,,,,,,,,,,,,
숙제 는 한 장이 끝 날 때 마다 연습 문제 중 찝  문제 들 을 풀 고 제출 하 는 것 이 ㄴ데 그 문제 들 이 뒤 에 해답 이 없 는 경우 가 많 아서 해결 하 는데 꽤 어렵 었 고 교수 님 께서 되도록 이면 그 문제 들 을 풀 어 주 시 려고 하 시 지 는 않 는 것 같 음,,,,,,,,,,,,,,
갓 로비 ... 진짜 수업 시간 에 열심히 참여 만 하 고 시험 때 는 떨 지 않 고 말 하 면 되 ㅁ,,,,,,,,,,,,,,
마크 교수 님 갓 갓 교수 님 ... 밑 에 출 결 신경 쓰 라 하 았 는데 교수 님 이 첫 수업 때 말씀 하 십 니 다 자 기 수업 에서 F 는 없 다고 오 기 만 하 면 F 는 아니 라고 ... 그리고 결석 34 번 이 면 다른 과목 이 어도 낮 은 성적 받 았 을 것 같 네요,,,,,,,,,,,,,,
"""좋 아 시험 은 중간 조 별 ", WRITING ," 기말 발표 이렇게 세 번 이 ㄴ데 그렇게 부담 되 지 도 않 고 몇 시간 이 면 준비 다 되 는 거라 크 게 부담 없 었 음""",,,,,,,,,,,,,,
가능 하 면 2 학기 때 도 다시 만나 뵈 었 으면 좋 겠 음,,,,,,,,,,,,,,
시험 은 말하기 두 번 쓰기 한 번 이 이 었 는데 말하기 는 게임 형 으로 진행 되 어서 준비 하 ㄹ 필요 도 없 고 많이 부담 이 되 지 않 았 다,,,,,,,,,,,,,,
흠 나 는 왜 C 를 받 은 것 이 ㄹ까 ... 출석 도 잘 하 았 고 절 평인 데 ...,,,,,,,,,,,,,,
"""녹수 할아버지 귀엽 어 용 숙제 많 은 것 은 과목 특성 상 어느 교수 님 만나 도 마찬가지 이 ㄹ 것 같 으니 크 ㄴ 문제 아니 ㄴ 것 같 구 "," 교수 님 이 이것저것 세세 하 게 요구 하 시 기 는 하지만 점수 는 후하 게 팍팍 주 시 ㄴ 답니다""",,,,,,,,,,,,,,
말하기 시험 은 뭐 다 들 비슷 하 니까 두려움 을 가지 지 않 고 시험 보 면 되 고 에세이 시험 은 쓰 라고 알리 어 주 ㄴ 형식 대로 쓰 는 것 이 답인 것 같 다,,,,,,,,,,,,,,
시험 많 고 숙제 많 고 ..... 뭐 다른 반 들 도 그렇 다니 하 ㄹ 말 은 없 지만 시간 을 지키 는 것 이 엄청 중요 하 다고 강조 하 시 는 분 께서 수업 시간 에 항상 늦 게 들 어 오 시 어서 늦 게 끝내 주 시 는 것 은 .... 그 외 에 교수 님 은 좋 으시 ㄴ 분 이 ㅂ니다,,,,,,,,,,,,,,
... 두 번 빠지 었 다고 보강 하 ㄹ 뻔하 기 도 하 ㅁ,,,,,,,,,,,,,,
이 팀 프로젝트 만 아니 면 좋 은데 저 팀 프로젝트 이 별로 라 ... 감안 하 고 듣 으시 시 어야 되 ㄹ 것 같 네요,,,,,,,,,,,,,,
나 가 얼마나 열심히 하 는데,,,,,,,,,,,,,,
수업 도 잘 하 시 고 인 강 으로 이해 를 쉽 게 해주시 는데 학점 에 대하 아서 는 매우 깐깐 하 십 니 다 배우 ㄹ 점 은 많 으니 빡 세 게 공부 하 시 ㄹ 분 추천 드리 어요,,,,,,,,,,,,,,
지하철 화장 하 는 여자 는 화류 여성 취급 받 는 다 이런 소 리도 하 았었 고,,,,,,,,,,,,,,
장담 하 는 것 은 공부 량 과 내용 은 빡 세 지만 남 는 것 도 있 고 교수 님 자체 는 학생 을 굉장히 생각 하 시 는 좋 은 분 이 시 라는 것,,,,,,,,,,,,,,
당신 의 정신 건강 을 위하 아 수강 버튼 을 누르 지 않 을 것 을 추천 하 ㅂ니다,,,,,,,,,,,,,,
숙제 가 헬 이 라고 듣 기 는 하 았 는데 이번 에 ㄴ 조 별 숙제 안 하 아서 굉장히 수업 편하 고 재미있 게 듣 었 음,,,,,,,,,,,,,,
"""한 자는 미리 어떤 것 내 시 ㄹ 지 알리 어 주 시 어서 공부 말 ㄴ 하 면 다 맞 구 요 서술 형 도 하나 는 은근히 "," 하나 는 대 놓 고 알리 어 주 시 ㅂ니다""",,,,,,,,,,,,,,
음 ... 숙제 는 우선 되게 쉬 울 니까 걱정 하 지 않 으시 어도 되 고 요 시험 은 ... 수업 시간 에 수업 듣 는 것 이 좋 은 것 같 아 요 저 는 알 ㄴ 들 었 지만 허 허 한 번 이 라도 더 보 는 것 이 도움 이 되 더라고요,,,,,,,,,,,,,,
교수 님 강의 가 온오 프 이 었 는데 온라인 듣 고 오프라인 때 따라가 면서 들 으면 A + 맞 을 수 있 어요,,,,,,,,,,,,,,
덕분 에 재수 강 A 받 고 가 ㅂ니다,,,,,,,,,,,,,,
보 면 저절로 이 해 되 는 부분 들 도 있 고 인터넷 에 찾아보 면 나오 는 정보 들 이 라서 크 ㄴ 걱정 은 안 하 시 어도 되 어요,,,,,,,,,,,,,,
파리 가 기 전 에 이 강의 를 듣 었 다면 더 좋 았 을 것 같 은 데 듣 고 나니 한 번 더 가 고 싶 어요,,,,,,,,,,,,,,
"""잘 가르치 시 고 시험 잘 내시 고 ", 채점 빠르 고 ," 답답 함 이 없 음""",,,,,,,,,,,,,,
썰 풀 어 주 시 는 것 재미있 음,,,,,,,,,,,,,,
"""코딩 잘하 는 사람 이 확실히 유리 하 기 ㄴ 한데 "," 나 는 코딩 은 못하 지만 디지 공 에서 배우 ㄴ 것 들 로 코드 충분히 이해하 ㄹ 수 있 었 고 손 코딩 도 하 ㄹ 만 하 았 음""",,,,,,,,,,,,,,
학점 느 님 A - 예상 하 았 는데 +  주시 다니 ... 사랑 하 ㅂ니다,,,,,,,,,,,,,,
학점 도 학기 초 에 퍼센트 채우 어서 줄 것 같이 말 하 더니 채우 어 주 기 ㄴ 개뿔 이 어 이 가 없 어서 참 아니 그렇 ㄹ 것 면 수업 시간 초반 에 학칙 학칙 하 면서 퍼센트 강조 는 왜 하 ㄴ 것 이 ㅂ니까,,,,,,,,,,,,,,
입학 하고 듣 기 ㄹ 잘 하 았 다 생각 하 는 몇 안 되 는 과목 중 하나,,,,,,,,,,,,,,
온라인 이 라 그런 것 겠 지 뭐 ... 입론 하고 입론 하고 입론 하 ㅁ,,,,,,,,,,,,,,
... 숙제 는 레포트 제출 한 번 이 ㄴ데 주제 자유 라서 괜찮 고 분량 도 두 페이지 정도 밖에 안 되 어 요 시험 은 중간 한 번 기말 한 번 이 ㄴ데 수업 잘 듣 고 필기 하 ㄴ 것 위주 로 시험 한 3 일 전 에 만 달달 외우 면 점수 잘 나오 아 요 시험 은 OX 문제 가 26 정도 나오 고 단답 형 3 개 서술 형 1 개 하 아서 총 30 문제 이 에요,,,,,,,,,,,,,,
항상 수업 시간 채우 시 고 더 늦 게 까지 수업 나가 시 는 경우 도 있 어요,,,,,,,,,,,,,,
열정적 이 시 고 수업 잘 해주시 고 출 튀하 기 쉽 어요,,,,,,,,,,,,,,
교육부 지침 상 온라인 강의 15 분 을 대면 1 시간 으로 하지만 이 사람 은 온라인 강의 를 주 당 150 분 씩 배포 실제 비 대면 수업 시 강의 시간 과 동일,,,,,,,,,,,,,,
어찌 되 었 던 힘 들 었 고 걱정 도 많이 하 았 지만 그만큼 남 은 것 도 많 고 생각 보다 좋 은 결과 에 참 뿌듯 하고 기분 좋 은 강의 로 남 겠 네요,,,,,,,,,,,,,,
진심 수업 을 듣 는 다 기 보 단 그냥 조 별 로 하 ㄴ 학기 를 보내 ㅁ,,,,,,,,,,,,,,
영어 수업 이 라서 시험 도 100 푸 어 영어 임 공부 하 기 편하 게 하 시 ㄹ 것 면 번역판 을 살 으시 어도 되 지만 영 단어 모르 면 시험 을 못 풀 게 되 니 영 단어 가 무엇 이 ㄴ지 알 아 두 고 문제 풀이 는 영어판 으로 하 시 어요,,,,,,,,,,,,,,
"""컴 학인 들 이 여 진정 하 ㄴ A 폭격기 를 알 는 가 그 이름 하 여 갓 남용 ", 이 분 은 단 3 개 만 강의 하 시 는데 학업 에 지친 3 ," 4 학년 들 에게 A 를 하사 하 시 ㄴ 다 공부 를 안 하 아 도 되 ㄴ다""",,,,,,,,,,,,,,
"""논리적 이 ㄴ 사유 에 이르 는 방법 과 철학적 "," 문학적 관점 에서 의 사유 까지 하나 하나 빠지 는 것 없이 좋 았 다""",,,,,,,,,,,,,,
"""교수 님 이 직접 발표 를 알 ㄴ 하 면 점수 가 안 나오 ㄴ다고 말해 가 며 발표 횟수 가 적 은 사람 들 위주 로 직접 호명 까지 하 어 주 며 발언 기회 를 주 는데 "," 그럼 에 도 안 하 ㄴ다면 본인 책임 이 ㄴ 것 을""",,,,,,,,,,,,,,
실 전 토론 을 준비 하 아야 하 는 것 이 부담 이 되 ㄹ 수 있 지만 꽤 나 재미있 고 좋 은 경험 이 되 ㄴ다는 것 은 보장 하 ㄹ 수 있 습니다,,,,,,,,,,,,,,
"""재미 없 고 시간 아깝 ㄴ 교양과 전공 만 가득 하 아 자퇴 를 고민 하 았 는데 "," 이 교양 들 으면서 버티 었 습니다""",,,,,,,,,,,,,,
"""숙제 가 1 회 당 양은 적 으나 횟수 가 많 고 "," 조 별 발표 도 있 기 때문 에 전공 시험 과 는 또 다른 압박감 을 받 을 수 있 습니다""",,,,,,,,,,,,,,
숙제 는 밑 에서 자꾸 많 다고 하 시 는데 그리 많 지 않 음,,,,,,,,,,,,,,
그냥 매 수업 마다 하나 씩 의견서 써 가 면 되 고 조 별 모임 도 크 ㄴ 부담 이 되 지 는 않 음,,,,,,,,,,,,,,
앞서 말 한 숙제물 작성 에 있 어서 매 번 논제 에 대하 어 공부 하 ㄴ다고 하 ㄴ 점도 바로 이 매 시간 마다 의 발언 시간 이 존재 하 기 때문 이 었 습니다,,,,,,,,,,,,,,
1 토론 발표 는 적어도 한 번 씩 은 참석 하 아 아 하 ㄴ다,,,,,,,,,,,,,,
땀 을 펄펄 쏟 아내 시 ㄹ 정도 로 가르치 어 주 시 고 싶 은 것 도 많 고 하 시 고 자 하 는 바 도 많 은데 무엇 ㄴ가 뒷심 이 받치 어 주 지 않 는 느낌,,,,,,,,,,,,,,
... 학생 들 편의 생각하 아 서 숙제 도 빼 주 시 고 세심 하 ㄴ 부분 에서 배려 하 시 ㅂ니다,,,,,,,,,,,,,,
시청각 실 같 은 강의실 에서 100 명 넘 는 인원 이 듣 는 대형 강의 이 고 출석 부르 는 것 이 귀찮 아서 랜덤 으로 부름 출석 하 ㄴ 것 이 억울 하 아 지 ㄹ 수 있 음,,,,,,,,,,,,,,
기 말 1 회 전범 위 이 었 는데 문제 어떤 것 내 시 ㄹ 지 다 알리 어 주 시 었 어요,,,,,,,,,,,,,,
수업 내용 이 좀 어렵 으 나 시 헐 ㄴ 전 에 주 는 기 출 문제 와 거의 똑같이 나오 기 때문 에 시험 은 크 게 걱정 하 ㄹ 필요 없 음,,,,,,,,,,,,,,
"""영어 를 얼마나 좋아하 시 는지 THEOREM "," PROOF BY INDUCTION 같 은 용어 들 에 대하 여 뭐 하 는 것 들 이 ㄴ지 전혀 설명 없 으시 며 사전 에서 찾 으라고 하 시 ㅂ니다""",,,,,,,,,,,,,,
흠 .. 솔직히 시험 이 쉽 어서 그냥 학점 받 고 싶 은 분 들 책 위주 로 공부 하 면 A + 가능 물론 나 는 출 튀하 고 하루 전 에 책 없이 공부 하 아서 B +,,,,,,,,,,,,,,
""""," 목소리 가 좀 작 으시 어서 뒤 에 잘 알 ㄴ 들리 고 ... 자기 가 출 튀 하 어 도 되 ㄴ다고 하 고 통제 자체 를 안 하 ㅁ""",,,,,,,,,,,,,,
통신문 에 나오 는 문장 위주 통 암기 단어 외우 기 가 주 시험 내용 이 ㄴ 것 이 아쉬움,,,,,,,,,,,,,,
뭘 배우 었 는지 잘 모르 겠 음,,,,,,,,,,,,,,
하 고 있 고 교수 는 그거 에 점수 주 고 있 다,,,,,,,,,,,,,,
아니 왜 강의 력 이 좋 은 것 도 아니 고 친절 하 ㄴ 것 도 아니 ㄴ데 학점 은 왜 이렇게 비율 도 알 ㄴ 채우 어 주 ㅁ,,,,,,,,,,,,,,
뭐 제대로 가르치 지 도 않 고 프로젝트 나 시키 고 시험 은 헬 파티 열리 고 악마 들 이 꽹 과 리 치 는 수준 게다가 수업 도 못하 고 이해 도 못하 겠 다,,,,,,,,,,,,,,
"""교수 님 께서 인성 이 나쁘 시 ㄴ 분 은 아니 ㄴ지라 이 정도 로 악평 을 쏟 아 내 고 싶 지 ㄴ 않 았 지만 "," 그 와 는 별개 로 누구 ㄴ 가 가 나 에게 이 강의 에 대하 어 묻 으시 면 절대로 듣 지 말 라고 하 ㄹ 것 이 ㅁ""",,,,,,,,,,,,,,
계산 이 딱 떨어지 게 나오 지 않 고 루 트 나 소수점 이 많이 나오 니 계산기 를 필 참 하 시 기 바라 ㅂ니다,,,,,,,,,,,,,,
문제 는 교수 님 이 평소 에 풀 어 주 시 ㄴ 문제 에서 거의 그 대로 나오 니 수업 을 잘 듣 으시 고 여러 번 풀 어 보 시 면 되 ㅂ니다,,,,,,,,,,,,,,
"""강의 를 잘 가르치 어 주 시 ㄴ 다 퀴즈 를 챕터 끝 날 때 마다 보 ㄴ다 한 번 은 퀴즈 보 는 날 공지 도 없이 수업 을 아예 안 오 아서 다음 으로 미루 어서 봄 ", 한 번 은 3 , 4 장 퀴즈 보 ㄴ 대 었 는데 3 ," 5 장 으로 문제 내오 ㅁ""",,,,,,,,,,,,,,
경제 원론 과 함께 가장 기초 가 되 는 학문 은 맞 지만 신입 생 들 한테 는 어렵 ㄹ 수 밖에 없 는 과목 .. 특히 나 교수 님 께서 아직 탑재 안 되 ㄴ 지식 에 대하 아서 도 학생 들 이 알 고 있 다고 생각 하 시 고 강의 를 진행 하 시 니 심도 있 는 복습 이 필요 하 ㅁ,,,,,,,,,,,,,,
수업 이 의식 의 흐름 으로 진행 되 고 시험 난이도 가 극단적 이 지만 교수 님 사람 자체 는 좋 아서 좋 았 던 수업,,,,,,,,,,,,,,
발표 는 수업 중간 중간 에 새롭 ㄴ 내용 을 묻 는 것 이 있 고 수업 시작 전 에 저 는 수업 내용 을 복습 하 는 것 이 있 는데 문과 생 이 점수 를 벌리 어 면 수업 시작 전 을 잘 공략 하 아야 하 ㅂ니다 그런데 이 때 는 경쟁 이 심하 기 때문 에 쉽 지 는 않 습니다,,,,,,,,,,,,,,
이번 학기 부터 안 하 시 ㄴ 다니 좋 고 듣기 안 좋 은 농담 을 하 아서 기분 이 나 쁩 니 다 시험 나오 는 것 은 다 표시 하 아 주 시 고 흘리 듯 말 하 시 ㄴ 거도 몇 개 말 하 시 는데 A 맞 으려면 그거 도 외우 어야 하 ㅂ니다 다 들 엄청 잘 맞추 시 어서 ...,,,,,,,,,,,,,,
나 는 웹 처음 배우 는 거인 데 도 A + 받 음 자랑 아니 ㅁ,,,,,,,,,,,,,,
근데 그 뒤 로 그냥 쭉 지각 수업 시작 시간 10 분 후 에 들어가 도 지각 안 찍 힘 교수 가 없 어서 학칙 에 따르 아 10 분 지각 은 출석 으로 하 아 주 ㄴ다고 하 았 는데 자기 가 지각 하 려고 그런 것 같 음,,,,,,,,,,,,,,
배우 ㄹ 점 이 .. 단 한 개 도 없 어요,,,,,,,,,,,,,,
원리 이해 하고 정확 하 게 알 아야 시험 잘 보 ㄹ 수 있 어요,,,,,,,,,,,,,,
후배 님 들 .....,,,,,,,,,,,,,,
하지만 신은 공평 하 기 때문 에,,,,,,,,,,,,,,
"""강의 스타일 은 호불호 가 갈리 는 편 이 지만 집중 해보면 되게 빠지 어 들 는 강의 내용 이 니 "," 일단 귀 를 열 아 보 면 괜찮 은 수업""",,,,,,,,,,,,,,
학점 비율 학점 느 님 출 결 반영안 시험 횟수 한 번 총평 5 점,,,,,,,,,,,,,,
이 글 2020 1 학기 수강 하 는 중 이 ㅁ,,,,,,,,,,,,,,
나중 에 이의 제기 에 의 하 아 정정 이 되 므로 자기 답 이 라고 오류 문제 가 있 을 경우 예상 문제 의 답 이 아니 ㄴ 답 이 라고 생각 하 는 것 을 적 어야 이의 제기 시 감점 을 안 당하 ㄹ 수 있 음,,,,,,,,,,,,,,
숙제 가산점 무조건 받 아야 A + 가능 그리고 리 시프 보다 는 중간 기말 성적 비율 이 크기 때문 에 시험 도 평균 는 치 어야 하 ㅁ,,,,,,,,,,,,,,
완성 이 어렵 ㄹ 뿐,,,,,,,,,,,,,,
물론 익히 들어오 ㄴ 교수 님 명성 답 게 숙제 가 많 기 는 하나 꾸역꾸역 버틴  성적 을 잘 챙기 어 주 시 니 도전적 이 ㄴ 학생 들 은 들 으면 좋 다,,,,,,,,,,,,,,
장마 다 연습 문제 를 풀 고 제출 하 는 것 이 거의 거의 매주 있 어 귀찮 지만 공부 하 는데 도움 이 되 어 시험 기간 에 다른 과목 에 비하 아 시간 을 더 투자 하 지 않 아도 좋 았 고 많이 배우 었 던 수업 숙제 도 정밀 채점 에 수업 참여 도 등 정확 하 게 하 시 니 시험 뿐 만 아니 라 다른 것 에 도 집중 필요 하 아요,,,,,,,,,,,,,,
홍 수업 을 알 ㄴ 듣 어 보 아서 모르 겠 는데 이 교수 님 수업 이 비교 하 았 을 때 많이 밀리 ㄹ 것 라고 는 생각 안 하 ㅁ,,,,,,,,,,,,,,
빡 세 고 힘들 지만 공부 를 하 면 하 ㄹ수록 컴퓨터 OS 전반 에 댸  이 하 아 오 아 개발 능력 향상 에 도움,,,,,,,,,,,,,,
메일 로 질문 하 면 바로 대답 하 아 주 시 고 항상 수업 하 면서 중간 중간 에 모르 는 것 이 있 는지 확인 하 아 주 시 ㅁ,,,,,,,,,,,,,,
주관식 3 문제 도 나오 는데 그 문제 에 답 을 쓰 어도 좋 지만 그 문제 의 답 뿐 만 아니 라 자신 이 이번 에 시험 을 보 기 위하 아 얼마나 많 은 암기 를 하 았 는지 서술 형 문제지 에다가 많이 쓰 면 쓰 ㄹ수록 좋 게 주심,,,,,,,,,,,,,,
"""수업 방식 초창기 에 ㄴ 엑셀 의 기 보 ㄴ 적 이 ㄴ 툴 사용법 을 간단 하 게 알리 어 주 시 고 ", 그 후 에 ㄴ 몇몇 재무 이론 에 대하 ㄴ 설명 ," 그 후 그 이론 을 적용 하 ㄹ 엑셀 창 을 띄우 어 놓 고 직접 따르 아 하 아 보 는 방식 으로 진행 하 ㅁ""",,,,,,,,,,,,,,
알 는 사람 중 에 기업 의 임원 이 있 으면 그 사람 찾아가 서 인터뷰 하 는 것 이 잘못 은 아니 라 고 생각 하 는데 ... 전혀 모르 는 사람 을 인터뷰 한 조가 있 다면서 근거 를 대 실 때 해당 학생 이 모르 는 사람 을 인터 뷰 하 았 는지 거짓말 을 하 았 는지 구분 이 안 가 는 상황 이 연출 되 ㅂ니다,,,,,,,,,,,,,,
"""그래도 도움 이 많이 되 는 강의 이 었 고 "," 학생 들 의 참여 를 계속 이 끌어내 시 고 꽤 나 학생 들 도 적극적 으로 수업 시간 에 참여 하 아서 대학 생활 중 한 번 은 듣 어 보 ㄹ 만 하 ㄴ 강의 이 ㄴ 것 같 습니다""",,,,,,,,,,,,,,
근데 + 을 알 ㄴ 채우 어 주 어서 점수대 로 강의 는 유익 .... 하 지 ㄴ 않 고 듣 을 만 하 ㅁ,,,,,,,,,,,,,,
"""시험 도 용어 같 은 것 을 달달 외우 어야 풀 수 있 는 문제 가 아니 고 "," 문장 예시 나 중요 하 았 던 부분 에서 나오 아서 좋 은 듯 하 ㅂ니다""",,,,,,,,,,,,,,
"""조 모임 ", 발표 가 대부분 이 ㄴ 수업 시험 과 숙제 가 제일 중요 하 며 ," 교수 님 이 말씀 하 시 는 것 중 에 도 문제 가 출제 되 니 필기 열심히 하 면 그 중 에 분명 나오 는 것 이 있 을 것 이 ㅁ""",,,,,,,,,,,,,,
다만 온오 프 수업 이 ㄴ 것 이 아쉽 었 음,,,,,,,,,,,,,,
학생 들 요구 도 잘 반영해 주 시 고 학점 도 꽉 꽉 채우 어 주 시 는 것 같 음,,,,,,,,,,,,,,
장점 민선기 교수 님 은 이 번 온라인 강의 때 늦 게 강의 를 올리 신 적 없이 책임감 있 게 강의 를 올리 어 주 시 었 습니다,,,,,,,,,,,,,,
학생 들 잘 생각하 아 주 시 고 학점 잘 주 려고 노력 하 시 ㅁ,,,,,,,,,,,,,,
공수 가 르  신소재 교수 님 중 제일 나 은 것 같 다,,,,,,,,,,,,,,
강의 자체 는 별로 라고 생각 하 ㅂ니다,,,,,,,,,,,,,,
시험 문제 중 에 이것 이 뭐 어쩌 라는 것 이 지 싶 은 문제 가 하 ㄴ 개 씩 꼭 있 음,,,,,,,,,,,,,,
정도 있 다,,,,,,,,,,,,,,
출 튀 자유 지각 하 아도 출석 으로 인정 숙제 는 매수 업 마다 수학 문제 풀 으라고 나 의 주심,,,,,,,,,,,,,,
공부 만 열심히 하 면 점수 따 기 개 꿀 이 ㄴ데 위 에 분 들 공부 안 하 시 ㄴ 듯,,,,,,,,,,,,,,
뭐 가 이리 시험 이 많 은지 ...,,,,,,,,,,,,,,
"""공학수 학 파이 썰 ㄴ 이용 하 아 풀 도록 권장 하 시 었 는데 "," 대다수 가 파이 썰 ㄴ 에 익숙 하 지 않 아 나중 에 는 수학 내용 에 만 집중 하 아 가르치 어 주 시 었 습니다""",,,,,,,,,,,,,,
대충 하 고 학점 잘 받 고 싶 다,,,,,,,,,,,,,,
.. 출석 도 온라인 이 고 시험 은 영상 찍 어서 제출 하 았 는데 춤 좀 추 ㄴ다 하 면 그냥 당일 외우 어 도 매우 가능 .... 긷 어 야 20 분임,,,,,,,,,,,,,,
강의 시간 을 다 채우 시 기 때문 에 힘들 게 느끼 어 지 ㄹ 수 도 있 겠 지만 그만큼 열 정적 으로 강의 를 하 시 는 분 이 다,,,,,,,,,,,,,,
숙제 는 발음 녹음 과 영상 감상문 제출 그리고 중 간 와 기말 가 있 다,,,,,,,,,,,,,,
그리고 본인 의 정치적 이 ㄴ 사상 이 섞이 ㄴ 얘기 를 하 는 경우 가 있 어서 굉장히 거슬리 ㅂ니다,,,,,,,,,,,,,,
수업 내용 만 입문 강의 이 지 그 외로 질문 드리 ㄹ 때 는 전혀 학생 을 입문자 로서 대하 어 주 지 않 으시 ㅁ,,,,,,,,,,,,,,
절대평가 라 딱 자 기 가 얼마나 하 는지 에 따르 아 다름 교수 님 재량 으로 약간 씩 성적 올리 어 주시 기 도 하 는데 시험 도 자주 보 고 숙제 도 시험 볼 때 마다 내야 하 아서 꾸준히 공부 하 아야 하 ㅁ,,,,,,,,,,,,,,
해외 대학 처럼 교수 님 한테 되 도 않 는 질문 이 던 좋 은 질문 이 던 다 하 면서 소통 이 되 는 수업,,,,,,,,,,,,,,
여자 를 편애 하 기 ㄴ 하지만 얼굴 한번 터놓 고 몇 번 인사 하 면 좋아하 아 주 시 ㅁ,,,,,,,,,,,,,,
프로젝트 는 좀 어렵 으 니 쿼터 스 를 모르 ㄴ다면 팀 운 이 필요 하 ㄹ 수 있 습니다,,,,,,,,,,,,,,
숙제 채점 도 깐깐 하 시 고 알 는 것 도 많 으시 고 실력 도 출 중 하 시 어서 얻 어 가 ㄹ 것 이 많 으시 ㄴ 분 이 ㅂ니다,,,,,,,,,,,,,,
.. 개 무시 .. 그리고 CDF 마 너 줄 ㄴ 다 하 ㅁ,,,,,,,,,,,,,,
"""채우 어서 주 지 않 는 학점 "," 나이 가 있 으시 어서 우리 세대 가 느끼 기 에 는 꼰대 로 비추 어 지 기 쉽 ㄴ 교수 님""",,,,,,,,,,,,,,
강의 를 잘하 던 말 던 성적 을 채우 어 주 던 말 던 다시 는 이런 인간 만나 고 싶 지 않 다 .. 시대 가 어느 때 ㄴ 대 이런 고 집 불통 막장 꼰대 가 있 는지 매주 아침 마다 싸가지 없 는 노인 네 쌍판 때 기 보 느라 고생 많 았 다,,,,,,,,,,,,,,
적당히 공부 하고 좋 은 점수 얻 고 싶 다면 절대 듣 지 말 고 공부 하 ㄴ 만큼 성적 나오 기 ㄹ 바라 ㄴ다면 추천,,,,,,,,,,,,,,
저 의 개인적 이 ㄴ 생각 으로 는 논술 형 시험 이 니 만큼 채점 이 모두 교수 님 재량 으로 이어 지 기에 아 무 래도 교수 님 과 친 하 ㄴ 사람 이 라면 조금 이 라도 더 유리 하 지 않 을까 싶 습니다,,,,,,,,,,,,,,
남 는 것 이 많 은 강의 나 한테 는 명강의 이 었 음,,,,,,,,,,,,,,
하 ㄴ 평 선 과 양대 산맥 개 꾸 ㄹ 과목 출석 도 정하 아 지 ㄴ 만큼 만 채우 면 되 니까 ㄴ 하루 결석 하 아도 괜찮 았 음,,,,,,,,,,,,,,
학생 들 을 많이 생각하 아 주 시 어서 강의 도 널 널 하고 시험 도 가르치 어 주 시 ㄴ 부분 열심히 공부 하 면 학점 은 걱정 없 지만 과목 자체 가 진입 벽 이 있 기 때문 에 뉴 비 들 은 좀 힘들 거라고 생각 되 ㅂ니다,,,,,,,,,,,,,,
학점 잘 주 고르 ㄹ 떠나 어떻하 게 이렇게 나 쉽 게 개념 설명 하 시 나 싶 음,,,,,,,,,,,,,,
김 응 기 ㄹ 교수 님 이 회계학 과 단연 최고 교수 님 이 아니 ㄴ가 생각 되 ㅁ,,,,,,,,,,,,,,
"""아끼 는 후배 가 있 다면 절대 ", 전혀 ," 무조건 추천 하 지 않 을 수업""",,,,,,,,,,,,,,
학점 은 좀 마음 아프 지만 그래도 수업 이랑 강사 님 이 좋 으시 어서 5 별,,,,,,,,,,,,,,
시험 과 프로젝트 가 개 빡 셈 .. 그치만 자바 를 이 교수 님 께 배우 ㄴ다는 것 은 축복 이 ㅁ,,,,,,,,,,,,,,
수업 자체 는 좋 은데 플젝  배우 ㄴ 내용 에서 벗어나 ㄴ 거라 하 ㄹ 것 이 많 았 어요,,,,,,,,,,,,,,
설명도 최대한 친절 하 게 하 시 고 가끔 나오 는 웃 기 려는 부분 이 있 던 것 이 오히려 오 작용 이 었 지만 그것 ㄹ 감안 하 더라도 좋 은 분 이 시다,,,,,,,,,,,,,,
팀 프로젝트 은 근데 개 빡 세 다 기말 을 팀 프로젝트 때문 에 다 날리 어 버리 었 .... 여 트 ㄴ 좋 은 수업 이 ㅂ니다,,,,,,,,,,,,,,
시험 은 다소 배우 는 내용 에 비하 아 어렵 고 나 를 컴 파일 러 로 만 드리 어 고 이러 는 것 이 ㄴ가 싶 을 정도 로 문제 가 더럽 지만 수업 그 자체 로 는 그것 보다 얻 어 가 는 것 이 많 다고 느끼 어 지 는 수업,,,,,,,,,,,,,,
"""하 았 어요 이론 시간 에 배우 는 객 체지 향 은 어디 까지 나 객 체지 향 언어 의 특징 에 관하 ㄴ 것 이 고 "," C + + 의 특징 이나 나 자바 의 특징 과 는 별개 로 이해 하 시 는 것 이 좋 아요""",,,,,,,,,,,,,,
가르치 어 주 는 것 에서 딱 프로젝트 에서 쓰 었 으면 하 는 핀트,,,,,,,,,,,,,,
근데 교수 님 께서 대부분 자기 하 ㄹ 말 만 하 시 고 말 이 빠르 시 어서 솔직히 수업 의 대부분 은 잘 이 하 아 안 가 았 음,,,,,,,,,,,,,,
참고 로 수업 자체 는 아주 매우 듣 는 보람 이 없 었 음,,,,,,,,,,,,,,
실습 시간 에 그냥 수업 자료 나 앞 에 있 는 내용 들 보 고 하 면 되 ㅁ,,,,,,,,,,,,,,
두 번 드랍 ,,,,,,,,,,,,,,
나 는 코드 도 짜 았 고 프로젝트 도 내 었 지만 뭘 배우 ㄴ 것 이 ㄴ지 나 는 모르 겠 다,,,,,,,,,,,,,,
차라리 씨 샵 과목 을 개설 하 아 주 시 어요,,,,,,,,,,,,,,
5 점 주 는 애 들 수업 알 ㄴ 듣 은 듯 어떻하 게 챕터 하나 를 5 분 만 에 나가 는데 5 점 주 지 ..,,,,,,,,,,,,,,
교수 님 의 강의 스타일 은 그야말로 폭주 기관차 이 ㄴ데 PPT 자료 를 10 초 에 한 장 씩 넘기 ㄹ 정도 로 속도 가 빠르 고 엄청나 게 방대 하 ㄴ 양 을 다루 며 이해 여부 와 관계 없이 최고 속도 로 달려가 니 따라가 려면 별도 의 공부 가 필요 하 나 윈도우 자체 가 C + + 기반 이 다,,,,,,,,,,,,,,
에 그 ... 강의 평 을 .. 강의 평 에서 ... 강의 평 으로 갖 다가 ... 글 을 쓰 ㄴ다는 일 을 작성 해보 자면 ... 크 게 도움 이 되 ㄴ 다 느끼 어 지 지 ㄴ 않 는 다 잉 ... 발구르 기 하지만 수업 자체 의 강도 는 세 ㄴ 편입 ㅂ니다,,,,,,,,,,,,,,
어 쨌  수업 은 엄청 추천 하 ㄹ 정도 는 아니 지만 그냥 듣 을 만 하 고 수업 이랑 숙제 예제 만 잘 보 면 학점 은 잘 딸 수 있 다,,,,,,,,,,,,,,
별 하나 도 많이 후하 게 주 ㄴ 것 같 다,,,,,,,,,,,,,,
인공지능 프로그래밍 은 인터넷 에서 공개 되 ㄴ 강의 를 기반 으로 진행 되 고 지금 까지 의 프로그래밍 과 는 차원 이 다른 코드 체계 를 보 ㄹ 것 이 다,,,,,,,,,,,,,,
진짜 로 4 년 내내 수업 듣 고 싶 은 교수 님 친절 하 게 설명 해주시 고 문의 하 면 바로 답장 하 아 주 시 어서 편하 게 수업 듣 었 음,,,,,,,,,,,,,,
보 니 80 의 비율 안 에서 A 와 B 를 교수 님 재량 으로 주 시 는 것 같 은 데 60 정도 A 주 시 고 20 를 각각 B 와 C 이하 로 주 시 는 것 같 습니다,,,,,,,,,,,,,,
그리고 특강 에서 또 다른 지식 습득 을 기대 하 ㄹ 수 있 습니다,,,,,,,,,,,,,,
수업 은 연 강인 데 중간 에 쉬 는 시간 10 분 주심 시간 맞추 어서 쉬 고 알 아서 들어오 면 되 ㅁ,,,,,,,,,,,,,,
수업 자료 만 하 ㄴ 학기 프린트 한 것 진짜 전공 교재 뺨치 면 다행 이 지 무슨 그거 보다 더 많 습니다,,,,,,,,,,,,,,
솔직히 학점 잘 주 고 좋 은 수업 이 라 하 아서 듣 었 는데 그렇게 얘기 하고 싶 지 ㄴ 않 습니다,,,,,,,,,,,,,,
"""또한 ", 시험 에 나오 는 내용 을 뽑 아주 시 지만 그 뽑 아 주 는 양이 많 아서 뽑 아 주 ㄴ다고 보 ㄹ 수 도 없 고 ," 책 을 다 읽 엇 는데 도 14 문제 중 에 2 문제 밖에 모르 았 습니다""",,,,,,,,,,,,,,
사실 성적 나오 기 전 에 는 뭘 주 어도 별 하나 줄 것 이 다,,,,,,,,,,,,,,
성적 확인 도 못하 고 여러모로 얻 어 가 ㄹ 것 없 는 수업,,,,,,,,,,,,,,
교수 가 하 ㄴ 분 은 수업 도 뭐 엉망 으로 하 는데 토요일 에 보강 하고 말 도 짜증나 게 하 고 한 분 은 수업 은 그나마 전자 보다 나 은데 깐깐 하고 그래요 조 별 답사 는 덤 분명 강의 명 은 한국 의 문화유산 이 ㄴ데 수업 은 그것 이 아니 ㅂ니다,,,,,,,,,,,,,,
..... 시험 도 겁나 어렵 고 문제 도 시험 범위 넘어서 서 내 고 반도체 수업 이 아니 라 그냥 재료 과학 수업 듣 는 줄 ..... 수업 도 깐깐 문제 도 깐깐 점수 는 모르 겠 는데 진짜 이런 교수 만나 면 에프 학점 그냥 받 을 것 같 은 데 ... 영어 수 업 이 ㄴ 효과 를 모르 겠 다,,,,,,,,,,,,,,
..... 시험 도 겁나 어렵 고 문제 도 시험 범위 넘어서 서 내 고 반도체 수업 이 아니 라 그냥 재료 과학 수업 듣 는 줄 ..... 수업 도 깐깐 문제 도 깐깐 점수 는 모르 겠 는데 진짜 이런 교수 만나 면 에프 학점 그냥 받 을 것 같 은 데 ... 영어 수 업 이 ㄴ 효과 를 모르 겠 다,,,,,,,,,,,,,,
그래도 강의 제대로 듣 고 교수 님 필기 잘 받 아 먹 고 단순 암기 가 아니 라 실생활 에 접목 시키 어 외 우려 고 하 다,,,,,,,,,,,,,,
어차피 무조건 듣 을 수업 이 니까 즐기 면서 하 라고 말해 주 고 싶 음,,,,,,,,,,,,,,
우선 이 수업 은 시험 없이 처음 부터 끝 까지 가 초반 에 짜이 어 지 ㄴ 팀 으로 운영 되 는 수업 이 ㅂ니다,,,,,,,,,,,,,,
꼭 듣 는 것 추천,,,,,,,,,,,,,,
일단 제일 처음 느끼 ㄴ 것 은 귀엽 다는 것 오 시 ㄴ지 얼마 안 되 시 어서 그렇 ㄴ지 학생 들 이랑 얘기 하 는 그것 좋아하 시 고 얘기 해주시 는 것 을 특히 좋아하 ㅁ,,,,,,,,,,,,,,
1 점 도 아깝 다,,,,,,,,,,,,,,
중소기업 대표이사 시기 때문 에 수업 을 듣 을 때 마다 알리 어 주 시 는 꿀 팁 들 이 다양 하고 또 수업 한 번 만 잘 들 으면 책 에 있 는 거의 모든 문제 를 풀 수 있 을 만큼 완벽 하 ㄴ 개념설 명,,,,,,,,,,,,,,
이해 하 기 쉽 게 꼼꼼히 설명 잘 하 아 주 시 ㅂ니다,,,,,,,,,,,,,,
설명 을 잘하 시 는데 약간 의 수면제 첨가 는 염두 하 아 두 어야 하 ㄹ 사안 이 ㅂ니다,,,,,,,,,,,,,,
저기 서 크 툰 을,,,,,,,,,,,,,,
게임 프로젝트 때 는 조금 힘들 었 다,,,,,,,,,,,,,,
프로젝트 도 ... 엄청 쉽 고 기본적 이 ㄴ 거라고 하 는데 그것 ㄴ 교수 님 기준 이 고 이 수업 으로 코딩 처음 배우 는 학생 들 한테 는 힘들 고 시간 도 엄청 많이 들 ㄹ 고 지침 어찌어찌 열심히 공부 하 아서 시험 은 자 ㄹ 보 았 지만 이 수업 이 유익 하고 좋 은 방식 의 수업 이 ㄴ지 는 아직 도 모르 겠 음,,,,,,,,,,,,,,
하나 깎 은 이유 는 화요일 수업 때문 ... 가 아서 별 것 안 하 고 교수 님 설명 몇 마디 만 듣 고 나오 아서 되게 일찍 끝나 는데 차라리 그렇 ㄹ 것 면 실습 이 끝나 ㄴ 뒤 나 싸 강 에서 하 아 주 시 었 으면 좋 겠 음,,,,,,,,,,,,,,
코로나 때문 에 복잡 하 지 어서 걱정 많이 하 았 는데 학생 들 편의 봐주 시 고 시험 도 최대한 학생 들 편하 ㄴ 상황 에서 보 ㄹ 수 있 게 배려 하 아 주 시 ㅁ,,,,,,,,,,,,,,
문제 는 다른 분 들 이 다 잘하 심,,,,,,,,,,,,,,
"""아마도 이번 박종 소 교수 님 의 독일 어 수업 은 기말 에서 최종 점수 가 많이 갈리 지 않 았 을까 생각 되 고 "," 교수 님 이 설명 하 아 주 시 는 해석 이나 문법 포인트 들 을 잘 기억 하 시 면 좋 은 점수 받 으시 ㄹ 수 있 는 수업 이 ㅂ니다""",,,,,,,,,,,,,,
시험 범위 를 주 ㄹ 인다 던지 그런 배려 ...,,,,,,,,,,,,,,
... 그래도 기말 시험지 제출 하고 나가 ㄹ 때 한 학기 동안 고생 많 았 다고 얘기 하 아 주 시 어서 감동 + 1 하 고 나가 았 습니다,,,,,,,,,,,,,,
나 가 이 수업 을 듣 고 기억나 는 것 은 < 독일어 는 어렵 고 특히 이 수업 을 듣 는다면 더 어렵 ㄹ 것 이 다,,,,,,,,,,,,,,
진지 하 게 독일어 를 배우 고 싶 다면 여기 는 피해 라,,,,,,,,,,,,,,
"""숙제 가 많 아 좀 힘들 기 는 하 았 지만 독일어 뿐 만 아니 라 독일 의 문화 ", 교육제도 ," 철학 등 전반적 으로 유익 하고 많 은 것 을 배우 ㄹ 수 있 었 던 수업""",,,,,,,,,,,,,,
그리고 시험 도 하나 도 알 ㄴ 어 러 ㅁ,,,,,,,,,,,,,,
주 1 회 조 모임 4 학년 이 ㄴ데 바쁘 아 죽 겠 는데 계속 미팅 가 짐 모이 어 보 았 자 2 학기 에 자기 수업 들 으라는 얘기 와 공모전 얘기 만 하 ㅁ,,,,,,,,,,,,,,
"""대진 탐 과 비슷 하 ㄴ 유형 의 과목 오프라인 였 으면 많 은 사람 들 을 만날 수 있 었 을 터 이 ㄴ데 너 런 부분 이 아쉽 ㄴ 과목 "," 페스 페일 이 라 온라인 출 결 이 중요 하 ㄴ데 비교적 여유 롭 게 주 시 었 지만 그래도 항상 한번 더 출 결 체크 하 아 보 아야 하 는 그런 과목""",,,,,,,,,,,,,,
그래서 팀원 들 과 친하 아 지 ㄹ 수 있 는 과목 이 구 출석 숙제 만 잘 하 ㄴ다면 PASS 하 ㄹ 수 있 어요,,,,,,,,,,,,,,
전공 시험 도 비 대면 으로 바뀌 는 판 에 PF 숙제 제출 하 러 가 ㄴ다는 사실 에 매우 분노 하 았 으나 많 은 학생 들 이 메일 을 보내 ㄴ 결과 비 대면 제출 도 뒤늦 게 가능 하 다고 하 시 ㅁ,,,,,,,,,,,,,,
하지만 수업 시간 내내 조원 들 과 이야기 하 아야 하 기 에 조원 잘 걸리 기 ㄹ 기도 하 시 면 되 ㅂ니다,,,,,,,,,,,,,,
출 결 이 매우 까다롭 ㅁ,,,,,,,,,,,,,,
"""수업 시간 에 흥미 로 울 ㄴ 내용 도 많이 배우 고 "," 교수 님 께서 수업 과 관련 하 아 매 수업 시간 마다 하나 하나 피드백 을 받 으시 어서 다음 수업 시간 에 어떻하 게 하 겠 다라고 말씀 하 아 주 시 어서 좋 았 습니다""",,,,,,,,,,,,,,
2 페이지 레포트 3 번 제출 이 ㄴ데 금방 쓰 어서 하 ㄹ 만 하 았 음,,,,,,,,,,,,,,
패스 하 기 무난 하 ㄴ 수업 임 시간 도 많이 줄이 어 주 시 고 이 정도 면 완전 개 꿀 이 라고 봄,,,,,,,,,,,,,,
이 교수 님 쉅  항상 조가 중요 하 ㄴ데 조가 좋 으면 재미있 고 아니 면 노잼 .. 쉅시  지루 하고 길 게 느끼 어 지 ㅁ,,,,,,,,,,,,,,
나 같 은 경우 에 ㄴ 잠깐 잠깐 카톡 하 는 것 은 뭐 라고 알 ㄴ 하 던 데,,,,,,,,,,,,,,
내용 은 매우 어렵 다,,,,,,,,,,,,,,
영어 수업,,,,,,,,,,,,,,
그리고 발표 준비 가 미흡 하 시 ㄴ 분 들 도 많 고 발표 종이 를 그냥 읽 는 분 도 많 아서 발표 시간 을 통하 아 뭘 얻 어가 거나 그런 것 은 없 었 어요,,,,,,,,,,,,,,
팀 프로젝트 도 없 고 출석 도 늦 게 부르 는 것 이 장점 이 지만 시험 이 어렵 습니다,,,,,,,,,,,,,,
그리고 개인적 으로 는 과목 자체 가 저 는 재미있 더라구요,,,,,,,,,,,,,,
"""또 국제 경영 강의 가 4 개 정도 있 는데 "," 만약 오늘 못 가 았 으면 다른 강의 시간 에 가 도 출석 인정 하 어 주 심 개 꿀 강의 내용 도 풍부 하고 이해 하 면서 공부 하 면 1 도 안 어려움 그치만 시험 이 객관식 이 ㄴ데 모두 고르 시오 라서 공부 안 하 면 안 되 ㅁ""",,,,,,,,,,,,,,
시험 은 서술 형 45 문제 로 시험 양이 굉장히 많 아서 힘들 시 ㄹ 수 있 는데 끝나 고 나 면 생각나 는 것 도 많 고 얻 은 지식 이 굉장히 많 아요,,,,,,,,,,,,,,
"""시험 범위 많 다고 하 는데 솔직히 내용 엄청 쉽 지 않 아 겹치 는 것 도 엄청 많 고 ... 그래서 엄청 잘 외우 어 지 던데 아 근데 수업 듣 어야 되 어 시험 범위 아니 ㄴ 부분 ", 중요 하 ㄴ 부분 ," 건너뛰 는 부분 많이 말하 아 주시 거든 특히 건너뛰 는 부분 되게 많 으니까 수업 들 어 수업 계 속 들 으면 시험 공부 진짜 쉽 ㄹ 것 이 야 내용 이 쉬 울 니까""",,,,,,,,,,,,,,
딱 경영 수업 느낌 개인 발표 있 고 듣기 말 ㄴ 하 는 강의 식수 업 시험 은 좀 어렵 ㄴ 편 이 고 교수 님 발음 이 좀 안 좋 기 는 하 어 도 인성 은 좋 으 시 었 음,,,,,,,,,,,,,,
교수 님 발음 이 안 좋 은 것 은 맞 는데 지나 고 보 니까 시험 은 교수 님 수업 자료 에서 나오 기 때문 에 별로 문제 안 되 ㄴ다고 생각 알 는 것 도 많 으시 고 영상 같 은 자료 도 많이 가지 고 오 시 어서 지루 하 ㄴ 수업 도 아니 ㅁ,,,,,,,,,,,,,,
수업 하 다가 혼자 서 중 얼 중 얼 거리 는데 귀 여우 심 시험 은 솔직히 괴상망측 하 기 ㄴ 한데 PPT 통 으로 다 외 으시 ㄹ 자신 있 으면 무조건 추천 .... 객관식 이 ㄴ데 말 ㄴ 만히 볼 시험 은 아니 에 요 근데 또 PPT 통 으로 다 외 우 시 는 분 들 에게 ㄴ 유리 하 고요,,,,,,,,,,,,,,
수업 을 안 듣 는 것 이 어쩌면 더 유리 하 ㄹ 수 도 .. 왜냐하면 중요 하 다고 하 ㄴ 부분 에서 는 하나 도 안 나오 기 때문 수업 을 들 으면 일단 강조 하 았 던 부분 을 하 ㄴ 두 번 더 보 게 되 는데 막상 시험 문제 는 생각 지 도 못하 ㄴ 데 서 갑자기 나오 아 버리 기 때문 에 ....,,,,,,,,,,,,,,
.. 평소 귀 를 잘 기울이 기 ㄹ .. 또한 3 문제 중 2 문제 가 나오 고 그 중 1 문제 선택 이 니까 4 문제 중 3 문제 나오 고 2 문제 선택 이 었 을 수 도 있 음,,,,,,,,,,,,,,
개이득 퀴즈 기말 난이도 다 적당 하 ㅁ,,,,,,,,,,,,,,
결론 부터 말씀 드리 자면 이 수업 은 전혀 영어 듣기 의 기 초 수업 이 아니 ㅂ니다,,,,,,,,,,,,,,
인성 도 훌륭 하 시 고 착하 심 문제 는 수업 의 내용 이 영어 듣기 랑 은 수업 후반 으로 갈수록 점점 상관 이 없 어 지 ㄴ다는 것 이 문제 다,,,,,,,,,,,,,,
고학 벌 ㄴ 많 아서 성적 잘 받 기 힘들 었 다는 평이 좀 있 는데 본인 은 1 학년 이 지만 A + 받 음,,,,,,,,,,,,,,
1 강의 스타일 이 올드 하 ㅁ,,,,,,,,,,,,,,
중간 기말 못 보 면 F 주 ㅂ니다,,,,,,,,,,,,,,
교수 님 도 좋 으시 ㄴ 분 이 었 고 .. 그리고 팀 프로젝트 하 지 말 으시 어요,,,,,,,,,,,,,,
절대평가 이 ㅁ 에 도 다 들 열심히 하 고 저녁 수업 이 어서 출 결 이 다 들 좋 기 때문 에 은근히 불안 하 ㄴ 수업,,,,,,,,,,,,,,
강의 평 은 무조건 별 다섯 개 를 주 어야 하 ㄴ다느니 등 무엇 ㄴ가 나 가 짱 이야 마인드 를 가지 고 계시 ㄴ 것 같 다,,,,,,,,,,,,,,
하지만 PPT 나 시각적 이 ㄴ 자료 는 하나 도 준비 되 어 있 지 않 기 때문 에 오로지 교수 님 의 판서 와 강의 만 이 유일 하 ㄴ 수업 내용 이 라고 하 ㄹ 수 있 습니다,,,,,,,,,,,,,,
직접 수업 듣 은 학생 들 만 풀 수 있 는 문제 내 ㅁ,,,,,,,,,,,,,,
"""교수 님 께서 중간 중간 이야기 하 아 주 시 는 내용 들 흥미 롭 고 "," 수업 을 매끄럽 게 이어 나가 시 ㅂ니다""",,,,,,,,,,,,,,
국가 정보 가 강의 의 주 내용 을 차지 하고 정치 는 조금 씩 포함 되 어 있 어요,,,,,,,,,,,,,,
"""여러 주제가 있 는데 각자 하 ㄴ 가지 주제 를 정하 고 레포트 제출 "," 같 은 주제 를 준비 하 ㄴ 사람 들 과 같 은 날 에 발표 하고 발표 파트 는 교수 님 이 발표 직전 에 정하 아 주 시 ㅁ""",,,,,,,,,,,,,,
수업 이 전혀 지루 하 지 않 고 교수 님 이 흥미 로 울 ㄴ 일화 들 을 소재 로 진행 하 시 어서 수업 을 재미있 게 들 으시 ㄴ다면 시험 공부 도 수월 하 시 ㄹ 것 같 습니다,,,,,,,,,,,,,,
관심 없 는데 들 으면 노잼 이 에 효 교수 님 은 진짜 좋 으시 었 던 ... 죄송 하 아요,,,,,,,,,,,,,,
시험 도 찍 어 주 시 는 데 서 나오 고 외우 ㄹ 것 이 많 기 는 하지만 좋 습니다,,,,,,,,,,,,,,
의미 없 는 조 별 발표 한 번 있 음,,,,,,,,,,,,,,
중국인 들 은 중국인 들 끼리 따로 팀 만들 어 주 어서 발표 하 ㄴ다,,,,,,,,,,,,,,
교수 님 께서 모르 는 부분 배려 하 아 주 시 고 잘 설명 하 아 주 시 ㄴ 다 그런데 시험 이 너무 어렵 고 문제 답 이 여러 개인 경우 가 많 아서 좀 힘들 었 나 그래도 교수 님 귀 여우 시 고 설명도 재미있 게 하 어 주 심,,,,,,,,,,,,,,
교수 님 은 좋 으시 고 강의 도 유익 하 지만 1 학기 내내 조 별 활동 하 아야 하 ㄹ 각오 는 하 아야 하 ㅁ,,,,,,,,,,,,,,
게임 은 짱 이야 최고 야 라는 마음 을 수강 기간 동안 새기 면서 살아가 ㄴ다면 좋 은 성적 가능,,,,,,,,,,,,,,
다 + 거기 에 오픈 북 = > 답안지 를 미리 만들 어 가 아서 강의실 에서 배 끼 어 쓰기 손 아프 다고 밑 에 나오 ㄴ 이유 는 채점 기준 을 우리 가 모르 기 에 우리 는 관련 내용 모두 적 어야 하 ㅁ,,,,,,,,,,,,,,
화석 이 재수강 으로 뵙 게 되 ㄴ 교수 님 이 ㄴ데 그 어떤 교수 님 한테 도 뒤지 지 않 는 강의 력 과 꿀 보이스 의 전달력 은 최고 라고 생각 하 ㅂ니다,,,,,,,,,,,,,,
단점 배우 는 것 이 썩 깊이 들어가 지 ㄴ 않 음,,,,,,,,,,,,,,
씨 언어 조금 은 알 면 듣기 편하 ㄹ 것 에 요,,,,,,,,,,,,,,
1 학년 때  듣 고  쪽 공부 안 하 다가 듣 었 는데 도 A 받 음,,,,,,,,,,,,,,
"""심지어 알리 어 주 ㄴ 범위 조차 도 다 활용 못 하 고 숙제 하 ㄹ 때 필요 하 ㄴ 부분 만 쓰 게 되 어서 결국 여기 서 배우 ㄴ C + + 은 숙제 풀기 "," 수업 을 위하 ㄴ 도구 딱 그 의 미 를 가짐""",,,,,,,,,,,,,,
.. 3 개 합치 어서 딱 4 일 걸리 ㅁ,,,,,,,,,,,,,,
C + + 문법 수업 잘 들 어 놓 아야 숙제 하 ㄹ 때 편하 ㄹ 것 이 ㅂ니다,,,,,,,,,,,,,,
쉽 게 설명 하 아 주 시 ㅁ,,,,,,,,,,,,,,
자료구조 교수 님 중 가장 쉽 게 가르치 ㄴ다,,,,,,,,,,,,,,
애초 에 가르치 어 주 는 것 만 이해 하 려 하 아서 는 자료 구조 과목 을 하 ㄴ 학기 만 에 배우 ㄹ 수 가 없 음,,,,,,,,,,,,,,
"""대충 공부 하 ㄹ 생각 으로 커리큘럼 따라서 듣 는다면 본인 에게 어렵 ㄴ 수업 일거 고 "," 시간 투자 많이 하 ㄴ다면 학기 끝나 고 기억 에 남 는 과목 일 거라고 생각하 ㄴ 다""",,,,,,,,,,,,,,
난이도 조절 을 못하 시 는 것 같 아 요 수업 시간 에 하 ㄴ 내용 이 아니 ㄴ 그냥 넘어가 ㄴ 부분 에서 시험 문제 가 나오 아서 몹시 당 황 군대 가 ㄴ다고 하 면 밥 사주 시 ㄴ다는데 부담 스럽 어 움 요,,,,,,,,,,,,,,
경제 성공학 공대 생 이 쉽 지 않 아 하 ㄹ 수 있 는 분야 를 이해하 ㄹ 수 있 게 알리 어 주 시 ㅂ니다,,,,,,,,,,,,,,
배우 ㄹ 것 은 참 많 은 수업 이 ㅂ니다,,,,,,,,,,,,,,
팀 프로젝트 힘들 면 하 지 말 으시 고 .. 시험 은 쉽 ㅁ,,,,,,,,,,,,,,
그래도 다 하 면 뿌듯 함 을 느끼 ㄹ 수 있 어 요시 험 이 좀 어렵 어 요 식 쓰 는 연습 을 좀 하 아 두 면 도움 이 되 ㄹ 것 같 아요,,,,,,,,,,,,,,
"""다 들 공부 량 많 다고 피하 는 경향 이 있 는데 ", 대학원 식 수업 방식 을 취하 고 계시 어서 공부 하 ㄹ 것 들 이 많 은 것 은 맞 지만 그만큼 얻 어 가 ㄹ 수 있 는 것 도 많 고 ," 공부 하 기 힘들 ㄴ 부분 에 있 어 교수 님 께 질문 하 면 그 질문 들 다 잘 받 아 주 시 고 학점 도 공평 하 게 주 시 려 노력 하 시 기 때문 에 대학교 생활 제대로 해보 고 싶 다면 들 어 보 는 것 을 추천 하 ㄴ 다 처음 에 는 수업 못 따라가 고 헤매 었 었 는데 한 번 흐름 파악 하 면 자연 스럽 게 따라가 ㄹ 수 있 다""",,,,,,,,,,,,,,
그리고 결정적 으로 등록금 이 진짜 개 아깝 ㅁ,,,,,,,,,,,,,,
#NAME?,,,,,,,,,,,,,,
매주 쪽지 시험 보 는데 이 것 힘들 더라구 요 월 수 수업 에 월요일 시험 이 었 는데 주말 마다 알바 하 면서 공부 하 기 힘들 었 어요,,,,,,,,,,,,,,
"""쪽지 시험 맨날 보고 "," 상 위 70 프로 만 반영 되 어요""",,,,,,,,,,,,,,
발표 하 는 학생 은 앞 으로 나가 칠판 에 문제 풀 ㄹ 이 를 써 놓 고 설명 을 하 ㄴ 뒤 자신 이 받 고 싶 은 점수 를 얘기 하 아서 다른 학우 들 이 그 점수 에 동의 하 면 그 점수 를 받 고 동의 하 지 않 으면 그 보다 두 단계 아래 의 점수 를 받 게 되 ㄴ다,,,,,,,,,,,,,,
"""다른 교수 님 수업 은 알 ㄴ 듣 어 보 아서 모르 겠 지만 이 수업 듣 고 성적 잘 받 으시 ㄹ 분 들 은 독학 "," 복습 좀 하 시 어야 하 ㄹ 것 이 오 .. 그리고 교수 님 께서 이름 을 무지 하 게 잘 외우 쉬 ㅂ니다""",,,,,,,,,,,,,,
근데 안 걸리 는 애 들 은 진짜 안 걸리 어요,,,,,,,,,,,,,,
만 약 그 학생 이 문제 를 풀 었 다면 강의 를 듣 는 학생 들 에게 자신 이 받 고 싶 은 학점 을 부르 고 강의 를 듣 는 학생 들 이 그 학점 에 동의 를 하 면 그 학점 이 그대로 숙제 점수 에 평가 가 반영 되 ㅂ니다,,,,,,,,,,,,,,
하 ㄴ 학기 동안 한 번 도 앞 에서 알 ㄴ 풀 ㄴ 친구 들 은 출 석 점수 = 숙제 점수 예 요 팀 프로젝트 은 전혀 없 고요,,,,,,,,,,,,,,
여기 서 잘 못 풀 경우 는 거의 없 으니 복습 말 ㄴ 잘 하 아 가 시 면 되 ㅂ니다,,,,,,,,,,,,,,
그러나 저 처럼 수학 과 거리 가 조금 있 으며 교수 님 의 설명 을 중시 하 ㄴ다면 별로 추천 하 지 는 않 아 요 출석 은 상대적 으로 조금 여유 가 있 으며 따로 팀 프로젝트 은 없 으며 모르 는 내용 은 수업 끝나 고 나 시험 보 기 저 는 마지막 수업 시간 에 질문 을 받 아 주 시 어요,,,,,,,,,,,,,,
교수 님 이 학생 들 이나 수업 에 대하 ㄴ 애정 이 많 으시 ㄴ 분 이 에 요 개인적 으로 학업 외 부분 상담 도 해주시 고 간식 도 사주 시 어요,,,,,,,,,,,,,,
피드백 빠르 ㄴ 것 은 장점 학생 들 이 강의 를 잘 안 듣 고 출 튀 를 자주 하 는 편 이 라서 조금 말 ㄴ 하 면 점수 는 나오 았 어요,,,,,,,,,,,,,,
"""갓 스캇 ", ," 학생 들 배려 많이 해주시 고 이름 도 다 외우 어 주 시 고 진짜 착하 시 고 시험 도 어렵 지 않 고 점수 도 후하 게 주 시 ㄴ다""",,,,,,,,,,,,,,
최고 의 교수 님 항상 10 분 15 분 일찍 끝내 주 시 는 데 다가 시험 2 주 간 은 시험 당일 만 나오 면 되 어서 좋 았 어요,,,,,,,,,,,,,,
매우 유쾌 하 시 어서 재미없 는 영어 수업 을 재미있 게 만들 어 버리 심 수업 도 매시간 열심히 참여 하 게 되 고 시험 은 어쩌 ㄹ 수 없이 다른 영어 하 는 만큼 있 음,,,,,,,,,,,,,,
스콭 교수 님 고급 지 ㄴ 앍센트  시작 하 아서 수업 도 재미있 고 출 결도 너그럽 게 봐주 시 ㅂ니다,,,,,,,,,,,,,,
.. 아 2 학기 때 ㄴ 깐깐 하 시 고 무서 우 신 분 이 면 어 떡 하 지 .. 하 았 는데 스윗 하 시 고 멋지 시 ㄴ 스캇 교수 님 이 되 었 답 니 다 교수 님 영국 분 이 시 어서 그렇 ㄴ지 젠 트 ㄹ 하 시 어요,,,,,,,,,,,,,,
그런데 수업 분위기 가 축 처지 ㅁ,,,,,,,,,,,,,,
솔직히 2 학기 출 결 이 깡패 여서 학점 은 안 나오 앗 지만 영어 수업 중 에서 는 최고 이 ㄴ 듯,,,,,,,,,,,,,,
솔직히 진짜 수업 시간 에 다른 반 처럼 시키 는 것 도 별로 없 고 맨날 수업 20 분 일찍 끝내 주심 또 수업 은 실생활 에 쓰 는 문법 들 알리 어 주 려는 느낌 그리고 개인적 으로 개그 가 나 의 취향 이 고 한국말 도 나름 잘 하 시 는 듯 그냥 좋 았 음,,,,,,,,,,,,,,
그리고 겁나 귀엽 고 장난치 는 그것 좋아하 ㅁ,,,,,,,,,,,,,,
밑 에 말 개공 가 ㅁ,,,,,,,,,,,,,,
교수 님 은 웃 기 려고 노력 하 시 고 시험 기간 에 안 가 도 되 는 날 도 있 고 수업 도 일찍 끝내 줌 출석 은 그냥 종이 에 나 가 체크 하 는 것 이 ㄴ데 지각 이 체크 가 되 고 있 는 것 이 ㄴ지 모르 겠 다,,,,,,,,,,,,,,
퀴즈 3 번 은 전혀 어렵 지 않 고 수업 시간 에 시간 주 시 ㄹ 때 한번 훑어보 면 쉽 ㄴ 수준 이 고 다만 중간 랑 기말 가 조금 까다롭 ㄹ 수 있 습니다,,,,,,,,,,,,,,
그냥 진짜 최고 교수 님 학생 들 배려 잘 해주시 고 멋있 고 칭찬 도 많이 해주시 고,,,,,,,,,,,,,,
시험 끝 날 때 마다 수고 하 았 다 고 사탕 이나 과자 같 은 것 챙겨주 시 고 학생 들 을 많이 생각하 아 주 는 것 이 눈 에 보이 어 요 굉장히 흥 이 많 으시 ㄴ데 처음 에 는 적응 안 되 지만 나중 에 는 적응 되 어서 재미있 었 어요,,,,,,,,,,,,,,
일단 숙제 는 시험 준비 하 는 것 밖에 없 고 + 로 채우 어 주 시 고 수업 중간 에 사탕 같 은 것 도 챙겨주 시 고 좋 은 교수 님 이 ㄴ 것 같 아요,,,,,,,,,,,,,,
교수 님 이 시키 시 는 것 도 많 으시 고 관심 도 많 으시 다,,,,,,,,,,,,,,
엄청 착하 시 고 배려 많이 해주시 는 듯 출석 매일 부르 시 고 그 추석 연휴 때문 에 보강 하 ㄹ 때 도 엄청 깐깐 하 게 체크 하 시 길래 출석 점수 반영 많이 되 ㄹ 줄 알 았 는데 점수 보 니까 그것 ㄴ 아니 ㄴ 듯,,,,,,,,,,,,,,
그래도 다른 교수 님 들 에 비하 아 발표 시간 이 짧 아서 외우 ㄹ 내용 도 다른 교수 님 한테 수업 듣 는 친구 들 보다 적 어서 좋 았 습니다,,,,,,,,,,,,,,
0 넘 고 싶 었 는데 교수 님 ..... 그래도 저 는 교수 님 께 별 5 개 를 드리 겠 습니다 ..... 재수강 하 ㄹ 때 뵈 어요,,,,,,,,,,,,,,
"""교수 님 께서 굉장히 성격 이 좋 으시 어서 학생 들 에게 도 친근 하 게 다가 가 시 며 "," 학생 들 을 매우 배려 하고 존중 하 시 ㅂ니다""",,,,,,,,,,,,,,
다른 교수 님 들 얘기 들 어 보 니까 니콜 교수 님 이 학생 들 더 많이 챙겨주 시 고 자율적 으로 하 ㄹ 수 있 게 배려 하 아 주 시 ㄴ 것 많 은 것 같 아서 좋 습니다,,,,,,,,,,,,,,
밑 에 계시 ㄴ 분 을 보 니 호불호 가 엄청 갈리 는,,,,,,,,,,,,,,
"""점수 엄청 안 나오 ㄹ 것 같 아서 걱정 하 았 는데 ", 생각 보다 잘 나오 는 것 같 아 요 좀 벅차 ㄹ 수 도 있 겠 지만 ," 교수 님 으로부터 배워가 는 것 이 많 은 것 같 아 요 열심히 듣 으시 면 좋 을 것 같 네요""",,,,,,,,,,,,,,
열심히 하 ㄹ수록 얻 어 가 는 것 이 많 은 수업 다음 에 도 영어 를 듣 는다면 이 교수 님 수업 을 듣 겠 다,,,,,,,,,,,,,,
수업 교수 님 이 PPT 나 이런 것 들 로 자료 조사 많이 하 아 오 시 어서 강의 형태 로 수업 을 해주시 는 데 4 명 씩 앉 아 영어 로 이야기 나누 는 형태 로 주로 수업 을 나가 고 가끔 은 옆 에 앉 은 사람 과 함께 두 명 씩 영어 로 대화 하 는 것 을 시키 시 ㅂ니다,,,,,,,,,,,,,,
"""좀 부끄럽 더라도 뻔뻔 하 게 ", ," 3 분 30 초 에서 4 분 정도 의 말하기 를 준비 하 아 가 면 되 ㅂ니다""",,,,,,,,,,,,,,
누구 가 이 교수 님 깐깐 하 다고 말하 았 었 는데 아마 전 에 미국 에서 일하 시 ㄴ 학교 가 수업 시간 에 겉옷 입 으면 안 되 고 물 도 마시 어도 안 되 고 .. 이런 자유롭 지 못하 ㄴ 분위기 라서 그러 시 ㄴ 듯,,,,,,,,,,,,,,
그리하 었 냐 교수 님 말 도 잘 통하 시 고 우리 가 너무 못 알아듣 는 다 싶 으면 몇 번 이 고 한국어 로 도 친절 하 게 설명 잘 하 아 주 시 ㄴ 다 그리고 수업 도 일찍 끝내 주 시 고 성적 도 잘 주심 개 꿀 인정,,,,,,,,,,,,,,
진짜 이 교수 님 왜 점수 가 좋 은 것 이 지 저 보고 맨날 잘 하 ㄴ다,,,,,,,,,,,,,,
유쾌 하 시 고 되게 재미있 으시 ㅁ,,,,,,,,,,,,,,
"""A + 노리 는 사람 이 야 드랍  것 도 좋 은데 "," 귀찮 은데 그냥 저냥 교양 B 0 이상 이 면 되 ㄴ 다 하 시 는 분 들 은 그냥 듣 는 것 추천""",,,,,,,,,,,,,,
좋 게 말 하 면 재미있 는 수업 이 고 나쁘 게 말 하 면 텐 션 이 높 은 수업 숙제 를 많이 내주 셨 는데 되게 열심히 피드백 하 아 주 시 었 던 기 억 이 있 다,,,,,,,,,,,,,,
""""," 제목 도 쓰 시 고 원어민 들 이 쓰 는 종류 의 숙어 나 표현 들 을 적절히 섞어 서 써 주 시 면 좋 아요""",,,,,,,,,,,,,,
스크립트 는 쓰 되 보 고 읽 을 수 있 는 요약 노트 가 있 으니 조금 말 ㄴ 외우 어 도 되 고 앞 에 나가 아서 목소리 크 게 하 고 아이 컨택 잘하 고 INTONATION 신경 쓰 면 되 ㅁ,,,,,,,,,,,,,,
상대 평가 이 ㄴ데 그냥 당신 기준 으로 절대로 주심,,,,,,,,,,,,,,
항상 수업 하 시 ㄹ 때 밝 은 목소리 로 재미있 게 이 끌어가 실리 어 고 노력 하 는 것 은 맞 으나 수업 내용 을 보 면 ... 영어 를 배우 는 수업 이 아니 라 나 가 발표 를 잘하 기 위하 ㄴ 수업 을 듣 고 있 는 것 같 다,,,,,,,,,,,,,,
교수 님 이 똑똑 하 아서 잘 가르치 어 주심,,,,,,,,,,,,,,
그리고 매번 출석 을 부르 ㄹ 때 사람 한테 질문 을 하 는데 그것 이 또 단답 형 이 면 뭐 라 하 ㅁ,,,,,,,,,,,,,,
그래도 디 만 주 는 것 은 아니 고 발표 잘하 는 분 이 면 A 0 는 나오 아요,,,,,,,,,,,,,,
나 가 이 수업 드랍 안 하 고 얻 은 것 은 두 명 의 친구 뿐,,,,,,,,,,,,,,
고민하 말 으시 어요,,,,,,,,,,,,,,
절대평가 같 은 상대 평가,,,,,,,,,,,,,,
유머 감각 도 있 으시 다,,,,,,,,,,,,,,
프리젠테이션 이 많 은데 솔직히 프리젠테이션 방법 을 계속 소개 하 아 주 어요,,,,,,,,,,,,,,
2 학년 2 학기 에 오 아서 야 진짜 전공 을 만나 ㄴ 느낌 .... 그래도 교수 님 이 변진규 교수 님 이 시 어서 다행 이 고 좋 았 습니다,,,,,,,,,,,,,,
"""", ," 그래도 패스 하 았 으니 다른 교양 을 알 ㄴ 듣 어 보 아서 모르 겠 지만 괜찮 은 것 같 기 는 하 ㅁ""",,,,,,,,,,,,,,
교수 님 이 학생 들 이 흥미 로 어 하 ㄹ 주제 로 잘 설명 하 아 주 시 어서 좋 았 어요,,,,,,,,,,,,,,
PF 라 학점 은 괜찮 았 지만 수업 내용 이 그렇게 유익 하 지 ㄴ 않 다 출 결 이나 수업 태도 에 있 어서 매우 매우 깐깐 하고 한 번 결석 하 면 바로 F 임 약간 고등학교 진로 시간 상 위 버전 듣 어 보 ㄹ 만 하 ㄴ 꿀 교양 이 길 ㄴ 하 ㅁ,,,,,,,,,,,,,,
대진 탐 은 꿀 교 양 이 ㅂ니다,,,,,,,,,,,,,,
다만 이 강의 는 이미 꿀 이 라고 소문 도 많이 나 았 고 엄청나 ㄴ 대형 강의 라서 출 결 에 굉장히 엄격 하 ㅂ니다,,,,,,,,,,,,,,
수업 에 애정 을 가 지시 고 열정적 으로 하 시 는 분,,,,,,,,,,,,,,
대진 탐 이 라는 이것 ㄹ 듣 어 보 ㄴ 모든 사람 이 알 겠 지만 100 명 이나 듣 는 강의 다 보 니까 출 결 이 굉장히 빡빡 하 ㄹ 것 이 ㅁ,,,,,,,,,,,,,,
사실 수강 신청 망하 아서 남 은 것 잡 은 것 이 었 지만,,,,,,,,,,,,,,
수업 내용 도 좀 의미 없 고 .. 인터넷 에 검색 몇 번 하 면 다 나오 ㄹ 이야기 들 .. 여 트 ㄴ 그냥 수 강하 지 않 으시 는 것 을 ,,,,,,,,,,,,,,
꿀 교양 이 라는 말 듣 고 일학 년 때 들 었 다가 놀라 ㄴ 교양 하 는 것 많 고 조 편성 에 따르 아 재미있 을 수 도 없 을 수 도 있 는 교양,,,,,,,,,,,,,,
교수 님 말씀 이 다소 지루 하고 숙제 가 많 기 는 한데 조르 ㄹ 잘 만나 서 그냥 재미있 었 어요,,,,,,,,,,,,,,
대학 처음 들어오 아서 뭐 듣 을 지 고민 이 면 번 듣 을 만 하 ㄴ 수업 이 ㅁ,,,,,,,,,,,,,,
처음 에 조 별 로 랜덤 지정석 에 앉 게 되 고 지정석 이 1 학기 동안 너 의 자리 야 일단 조원 듣 을 잘 만나 야 1 학기 동안 재미있 는 수업 이 되 고 아니 면 좀 지루 하 ㄹ 수 도 있 어 중간 중간 에 뭐 쓰 라는 것 많 은 것 랑 파일 에 활동 지 채우 어야 되 는 것 빼 고 는 2 학점 에 PF 과목 이 라 감수 하 ㄹ 만 하 다,,,,,,,,,,,,,,
"""굳이 알 ㄴ 들 어도 되 ㄹ 수업 이 ㄴ 것 같 아 요 페스 페일 이 어도 지루 하고 뻔하 ㄴ 얘기 들 도 많 고 "," 물론 정보 알리 어 주 시 는 것 에 있 어서 얻 어 가 는 것 이 많 은 학생 들 도 있 는 것 같 습니다""",,,,,,,,,,,,,,
앉 아 만 있 으면 되 어서 진짜 크 ㄴ 부담 없 어요,,,,,,,,,,,,,,
솔직히 별로 이 ㅂ니다,,,,,,,,,,,,,,
퀴즈 2 번 중간 기 말 있 어요,,,,,,,,,,,,,,
별로 다 교수 님 이 수업 에 대하 아서 잘 알 고 계시 ㄴ 지도 의 문 .. 일단 설명 을 못하 아서 듣 고 있 다,,,,,,,,,,,,,,
이 산수 학 을 배우 지만,,,,,,,,,,,,,,
교수 님 수업 은 신기 하 ㄴ 것 이 명강의 라 강의 듣 고 숙제 풀 면 무슨 내용 이 ㄴ지 이해 가 잘 되 는데 시험 보 러 가 니까 머리 가 백지 되 ㅁ,,,,,,,,,,,,,,
"""처음 에 컴퓨터 구조 수업 자료 보 고 나 가 이것 ㄹ 하 ㄹ 수 있 을까 싶 었 는데 "," 설명 을 잘 하 아 주 시 어서 강의 듣 고 숙제 하 다""",,,,,,,,,,,,,,
성적 은 잘 안 나오 았 지만 나 가 못하 아서 그럼 얻 어 가 ㄴ 것 이 많 은 과목,,,,,,,,,,,,,,
컴퓨터 구조 가 이렇게 재미있 는 과목 이 ㄴ 줄 모르 았 습니다,,,,,,,,,,,,,,
수업 시간 에 듣 는 거만 으로 는 이해 하 기 힘 들 으니 OCW 꼭 돌려보 자,,,,,,,,,,,,,,
강의 가 올라오 아 있 어 따라가 기 는 괜찮 지만 교재 와 강의 가 아예 다른 내용 을 가르치 기 에 저책 을 왜 산거 지 하 는 생각 이 들 ㄹ 정도 숙제 는 강의 듣 고 바로 하 ㄹ 수 있 는 것 이 아니 고 조금 많이 생각 을 하 아야 풀 수 있 음,,,,,,,,,,,,,,
필자 도 잠 이 많 아서 한 시간 살짝 식 졸 며 듣 었 는데 이후 2 타임 을 힘들 게 보내 었 다,,,,,,,,,,,,,,
좋 은 교수 님 이 다 진짜 깨알 같 은 이 상한 개그 치 시 어서 아주 쬐 금 귀 여우 심 하지만 수업 중 어느 날 도 일찍 끝내 주 시 는 날 은 존재 하 지 않 는다,,,,,,,,,,,,,,
그저 빛 ... 수업 한 번 도 안 빠지 고 모든 수업 을 70 분 이상 하 시 ㅁ,,,,,,,,,,,,,,
족보 있 어야 하 아요,,,,,,,,,,,,,,
"""수업 내용 은 재미있 게 가르치 ㄹ 려고 노력 하 시 고 "," 이 하 아 안 되 ㄹ 때 질문 을 하 면 화 는 내시 지만 그래도 설 명 은 하 어 주 시 ㄴ다""",,,,,,,,,,,,,,
족보 있 는 것 냐,,,,,,,,,,,,,,
아무튼 결론 내리 자면 수업 이 개 콘 보다 웃 기고 강의 도 짧 고 출석 도 잘 안 부르 고 그냥 전반적 으로 프리 한 수업 이 지만 뭘 배우 겠 다는 생각 은 안 하 고 오 는 것 이 좋 습니다,,,,,,,,,,,,,,
"""강의 평가 점수 안 좋 게 주 면 너 들 평균 도 깎 아 버리 ㄴ다고 매시간 협박 하 지 ㄹ 않 나 실제로 그럼 "," 그 중 최악 은 미니 퀴즈 것 ㄴ 중간 기말 것 은 점수 발표 하 ㄹ 때 실명 믿기 지 않 겠 지만 진짜 로""",,,,,,,,,,,,,,
비싸 ㄴ 등록금 내 고 이런 거로 점수 받 으면 뭐 하 아 ....,,,,,,,,,,,,,,
진짜 배우 ㄴ 것 하나 없 는 수업 ..... 교수 로서 의 자질 이 의심,,,,,,,,,,,,,,
듣 지 마르 아 면 듣 지 말 아라 별 생각 없 었 는데 중간 지나 니까 드랍 마렵 더라,,,,,,,,,,,,,,
수업 내용 은 삶 에 도움 이 되 고 나 의 시각 을 넓히 어 주 는 데 굉장히 도움 이 되 ㄴ 다 하지만 그 에 비하 아 교수 님 강의 력 이 매우 아쉽 다,,,,,,,,,,,,,,
요 밑 에 타 아 과 생 차별 하 ㄴ다는 리뷰 가 있 는데 전혀 그런 것 없 음,,,,,,,,,,,,,,
발표 도 1 번 있 으나 딱히 중요 하 지 ㄴ 않 은 듯,,,,,,,,,,,,,,
교수 님 이 나름 열심히 하나라 소스 를 던지 어 주 시 려고 하 고 랩 신도 부르 어서 실험 도 돕 아 주 시 었 어요,,,,,,,,,,,,,,
주 1 회 조 모임 4 학년 이 ㄴ데 바쁘 아 죽 겠 는데 계속 미팅 가 짐 모이 어 보 았 자 2 학기 에 자기 수업 들 으라는 얘기 와 공모전 얘기 만 하 ㅁ,,,,,,,,,,,,,,
지도 교수 님 결정 되 면 메일 드리 고 교수실 로 가 면 되 ㅂ니다,,,,,,,,,,,,,,
시험 이 어렵 어 서 변별력 이 없 습니다,,,,,,,,,,,,,,
교수 님 수업 들 으면 이해 가 안 되 어서 스트레스 받 을 수 있 는데 혼자 공부 하 면 쉬 울 니까 걱정 하 지 말 아,,,,,,,,,,,,,,
성적 은 어떻하 게 잘 나오 았 는데 .. 이 ㄴ 강이 랑 병행 을 추천 ... 수업 시간 에 말하 ㄴ 것 은 10 이상 알아듣 기  .. 나 가 인간 이 ㄴ지 받아쓰기 하 는 기계 이 ㄴ지 .. 교수 님 자체 로 는 나이스 하 시 ㄴ데 .. 질문 도 잘 받 아 주 시 고 .. 따라가 기 힘들 었 음,,,,,,,,,,,,,,
이 점 유의,,,,,,,,,,,,,,
열심히 강의 해주시 기 는 하 는데 나 가 머리 가 나쁘 ㄴ 것 이 ㄴ지 교수 님 이 전달력 이 떨어지 시 는 것 이 ㄴ지 머리 에 제대로 들어오 지 ㄴ 않 음,,,,,,,,,,,,,,
수업 혼자 하 시 ㅁ,,,,,,,,,,,,,,
별로 내 어 인생 최악 강의 어차피 재수강 못하 는 학점 이 기 ㄴ 한데 재수강 되 는 학점 이 었 어도 복구 안 하 았 을 듯 통계학 이 임찬영 교수 님 수업 밖에 없 다면,,,,,,,,,,,,,,
음 별로 다 수업 은 그냥 그리하 었 음,,,,,,,,,,,,,,
"""그나마 시험 은 개념 만 이해 하 면 쉽 게 풀 수 있 는 문제 로 만 출제 하 시 어서 고등학교 확 통 정도 만 하 ㄹ 수 있 으면 그렇게 어렵 지 않 지만 "," 풀이 과정 전체 를 쓰 어야 하 는 문제 가 대부분 이 고 이론 서술 문제 도 비중 이 꽤 크 어서 부담 이 크 ㄴ 편 이 고 시간 모자라 ㄹ 수 도 있 음""",,,,,,,,,,,,,,
본인 이 스스로 생각 하고 그 에 대하 ㄴ 자세 하 ㄴ 피드백 을 하 아 주 시 어서 열심히 말 ㄴ 하 ㄴ다면 많이 성장 하 ㄹ 수 있 는 수업 이 ㄴ 것 같 습니다,,,,,,,,,,,,,,
교수 가 권위 의식 쩔 고 조금 이 라도 기 분 나쁘 거나 눈 에 거슬리 는 일 있 으면 별 것 아니 ㄴ데 도 이유 없이 성적 낮 게 주 ㄴ다고 트집 잡 는다는 소문 있 음,,,,,,,,,,,,,,
강의 듣 을 때 는 굉장히 힘들 었 는데 지금 보 니 유익 하고 도움 많이 되 는 강의 였 어요,,,,,,,,,,,,,,
수업 말 ㄴ 잘 들 으면 사실 상 시험 문제 는 수업 시간 에 하 ㄴ 것 이 나오 아서 크 ㄴ 어려움 은 없 는 것 같 아 요 개인적 으로 좋 았 어요,,,,,,,,,,,,,,
C 언어 하나 도 모르 아도 수업 따르 아 는 데 에 문제 없 음,,,,,,,,,,,,,,
씨 언어 를 가르치 다가 어느 순간 오픈 프레임 웍스 를 가르치 ㄴ다,,,,,,,,,,,,,,
"""어찌 보 면 노 오오 려 어억 으로 상대 평가 에서 좋 은 학점 을 얻 을 수 도 있 으나 "," 출 결 꼬박꼬박 다 하 고 얼추 다 진행 하 았 는데 도 F 를 박 아 버리 는 무자비 함 을 겪 을 수 도 ... 실제 사례""",,,,,,,,,,,,,,
않 이 진짜 아니 제발 거르 고 또 거르 고 세 번 거리 시 어요,,,,,,,,,,,,,,
"""최악 의 수업 은 아니 지만 솔직히 수업 준비 부터 전달력 ", 내용 ," 다 별로 지만 학생 들 에게 주 는 수업 자료 가 본인 이 수업 하 는 자료 의 일부분 만 을 배부 하 는 점 에서 별로 이 ㅁ""",,,,,,,,,,,,,,
수업 시간 10 분 정도 취업 얘기 를 하 시 어서 처음 에 ㄴ 도움 이 되 ㄴ 것 같 알 는 데 .. 자기애 가 강 하 시 어서 나중 에 ㄴ 결론 이 결국 자 기 자랑 으로 끝 나 ㅂ니다,,,,,,,,,,,,,,
좋 은 점 은 진짜 딱 하 나 이 ㄴ데 시험 공부 에 대하 ㄴ 스트레스 가 0 오픈 북 이 고 공부 하 아도 안 하 아 도 어차피 모르 ㄹ 논술 형 주제가 주 어 지 ㅂ니다,,,,,,,,,,,,,,
숙제 소소 하 게 매주 자꾸 내주 시 는 것 는 귀찮 고 힘들 기 는 하 았 지만 매 수업 마다 주옥 같 은 좋 은 말씀 해주시 고 학생 들 을 진짜 로 성장 시키 고 싶 어 하 시 는 모습 이 보이 었 음,,,,,,,,,,,,,,
그냥 숙제 가 리얼 에 바 에 요,,,,,,,,,,,,,,
나중 에 가 면 수 이다,,,,,,,,,,,,,,
이론 한 번 실습 한 번 씩 수업 을 진행 하 는데 이론 수업 은 이해 가 하나 도 안 가 고 숙제 폭탄 수업 이 고 실습 은 그나마 그림 을 배우 ㄴ다는 느낌 이 있 어요,,,,,,,,,,,,,,
물론 수업 과 학습활동 의 양이 다소 부담 스럽 ㄹ 수 있 지만 밀리 지 않 고 틈틈이 준비 하 면 그리 어렵 지 않 습니다,,,,,,,,,,,,,,
교수 님 이 소통 하 려 하 는 모습 이 좋 았 음,,,,,,,,,,,,,,
대학 에서 비싸 ㄴ 등록금 내 고 다니 는데 얻 어 가 는 것 이 있 어야지,,,,,,,,,,,,,,
"""숙제 나 조발 표 가 없 어 편하 기 는 하지만 ... 교수 님 진행 방식 이 약간 혼란 스럽 고 "," 강의 를 들 어도 시험 에 선 무 쓰 ㄹ 모이 어서 그냥 혼자 공부 하 는 것 이 훨 나 음""",,,,,,,,,,,,,,
무엇 이 ㄴ가 를 시도 를 하 기 만 하 ㅁ,,,,,,,,,,,,,,
이 수업 으로 뭘 배우 겠 다고 생각하 ㄴ 다면 수강 안 하 는 것 을 추천 하 ㅂ니다,,,,,,,,,,,,,,
시험 은 중간 2 번 기말 1 번 총 3 번 보 는데 수업 때 다루 는 것 이 별로 어렵 지 ㄴ 않 아서 필기 하 ㄴ 것 몇 번 만 보 면 성적 잘나 오 ㅁ,,,,,,,,,,,,,,
강의 력 은 존재 하 지 않 는다고 보 면 되 고 소통 하 려는 노력 은 조금 인정 하 지만 실제 수업 에 반영 안 되 므로 소통 력 도 X,,,,,,,,,,,,,,
성적 도 씨 마 박 고 정정 기간 꽉 채우 어 올리 어서 이의 신청 도 못하 게 하 는 교수 이 ㅁ,,,,,,,,,,,,,,
글 고 그 외 에 는 다 본인 하 기 에 달 렷 는데 솔직히 중간 은 공부 좀 하 아야 되 지만 시험 이 어렵 ㄴ 것 은 아니 ㄴ데 배우 는 내용 이 좀 어려움 기말 은 ... 그냥 수업 에 열심히 참여 하 면 충분히 쓸 수 잇 어요,,,,,,,,,,,,,,
나 는 중간 나름 잘 보 았 고 발표 도 무난 하 게 잘 하 았 지만 기 말 서술 형 도 무난 하 게 쓰 었 고 결 강 도 밥 먹 듯이 하 아서 B + 나오 ㅁ,,,,,,,,,,,,,,
수업 시간 내내 빡 시 게 가르치 시 어서 집중 안 하 면 따라가 기 힘들 수 있 으나 중간 에 쉬 는 시간 한번 있 고 매일 저 는 수업 짧 게 복습 하 아 주 시 어서 수업 말 ㄴ 열심히 들 으면 A 받 을 수 있 습니다,,,,,,,,,,,,,,
한 주 에 한 번 씩 퀴즈 를 보 는데 한쪽 짜리 숙제 에서 출제 하 기 때문 에 전날 풀 어 보 기 만 하 면 다 맞 을 수 있 습니다,,,,,,,,,,,,,,
 특성 추상적 이 ㄴ 개념 들 이 많 아서 수학 쪽 진짜 자신 없 다,,,,,,,,,,,,,,
"""선형 대수 를 하 ㄴ 번 쭉 훑 고 가 ㄴ다는 느낌 이 며 "," 선대 를 깊 게 공부 하 시 ㄹ 분 들 은 하 ㄴ 학기 끝내 고 다른 책 구매 하 시 어서 보 시 면 되 ㅂ니다""",,,,,,,,,,,,,,
"""다시 말 하 자면 "," 선형 대수 를 별로 가르치 지 않 고 시험 문제 도 엄청 쉽 게 내 ㅂ니다""",,,,,,,,,,,,,,
"""작년 이 산수 학 때 부터 느끼 지만 "," 얻 어 가 는 것 이 타 학부 보다 현저히 적 어요""",,,,,,,,,,,,,,
오토 마타 는 알 ㄴ 듣 어야 겠 네요,,,,,,,,,,,,,,
숙제 2 전 이 있 기 ㄴ 한데 그 정돈 컴 학이 면 하 ㄹ 수 있 는 숙제 수준,,,,,,,,,,,,,,
그냥 시험 도 족보 랑 비슷 하 ㄴ데 그래도 애 들 다 틀리 니까 학점 따 기 어렵 ㄴ 과목 은 아니 에 요 어차피 기말 애 들 반타작 만 하 어 도 A 권 성적 은 나오 아요,,,,,,,,,,,,,,
의생 명 선형 대수 수업 이 ㄴ데 수학 과 에서 나 보 ㄹ 법 하 ㄴ 문제 들 로 중간 기말 가득 하 게 채우 어 지 어 있 음,,,,,,,,,,,,,,
먼저 증명 같 은 경우 책 에 나오 아 있 는 정리 에 관련 되 ㄴ 증명 을 나오 ㄴ다고 언급 되 ㄴ 경우 그 증명 이 그대로 출제 되 고 일차 독립 처럼 주제가 언급 되 ㄴ 경우 는 그 주제 에 관련 되 ㄴ 증명 문제 가 나오 ㅂ니다,,,,,,,,,,,,,,
계산 문제 는 배점 이 가장 높 은데 중간 때 는 가우스 요르단 소거 법 과 크래머 의 규칙 과 역행 렬 알고리즘 이 나오 았 고 기 말 때 는 기저 를 이루 는 벡터 구하 기 와 행렬 을 대각 화 하 는 문제 가 나오 았 습니다,,,,,,,,,,,,,,
숙제 도 없 고 출 결도 100 점 만점 에 5 점 밖에 알 ㄴ 들어가 아서 출 결도 부담 이 없 다,,,,,,,,,,,,,,
중국 사 에 대하 ㄴ 내용 이 엄청 많 다,,,,,,,,,,,,,,
저 는 출 결 잘 하 았 고 토론 이랑 기말 무난 하 게 보 았 는데 B + 나오 았 네요,,,,,,,,,,,,,,
아 이 수업 좋 기 는 한데 .. 출 결 에 자신 없 는 분 들 한테 ㄴ 비추 하 아요,,,,,,,,,,,,,,
"""시험 은 마지막 에 한 번 진행 되 는데 "," 글쓰기 를 하 아요""",,,,,,,,,,,,,,
토론 도 찬성 반대 나누 어서 토론 하 면 누구 가 잘 하 았 는지 토론자 들 은 눈 감 고 청중 들 이 투표 하 는데 이기 고 지고 를 떠나 서 열심히 준비 하 아 오 ㄴ 것 같 으면 점수 에 차이 를 두 지 는 않 으 시 더라구 요 이 저 의 이 수업 자체 는 없 어 지 ㄴ다고 하 는데 교수 님 은 좋 으시 ㅂ니다,,,,,,,,,,,,,,
수업 자체 는 부담 이 없 습니다,,,,,,,,,,,,,,
곤 햇  그냥 이 과목 자체 에 부여 되 ㄴ 숙제 들 이 라 어쩌 ㄹ 수 없 는 것 고 쓸데없 는 강의 치고 얻 는 것 이 많 은 편 이 라 좋 아요,,,,,,,,,,,,,,
다만 이 번 학기 에 요구 되 ㄴ 책 이 ' 아프 니까 청 준 이 다,,,,,,,,,,,,,,
창의적 사고 와 독서 토론 이 지만 여러모로 배우 ㄹ 것 이 많 은 강의 이 다,,,,,,,,,,,,,,
단 숙제 가 1 학점 이 ㄴ데 많 은 편 이 란 거 ... 그래도 다른 교수 님 들 에 비하 아 숙제 수나 요구 하 시 는 질 이 낮 은 편 이 ㄴ 듯,,,,,,,,,,,,,,
그렇지만 교수 님 이 원하 는 방향 성 을 수업 시작 하 기 전 에 내내 말하 아 주 시 는데 원하 는 방향 대로 쓰 시 면 크 게 문 저 의 되 지 않 아요,,,,,,,,,,,,,,
교수 님 항상 수업 준비 잘 하 아 오 시 고 친절 하 시 고 좋 으시 ㄴ 분 이 시 지만 출 튀하 거나 수업 태도 안 좋 으면 성적 에 악영향 가 ㅂ니다,,,,,,,,,,,,,,
"""한 권 읽 고 중간 까지 "," 또 한 권 읽 고 기말 까지 진행 하 ㅂ니다""",,,,,,,,,,,,,,
책 두 권 읽 고,,,,,,,,,,,,,,
교수 님 이 착하 시 어서 출 튀하 는 학생 들 도 꽤 있 었 습니다,,,,,,,,,,,,,,
ㅇ 그래서 약간 졸 려 요,,,,,,,,,,,,,,
교수 님 이 말씀 하 시 ㄴ 것 만 잘 들 으면 시험 점수 잘 받 을 수 있 습니다,,,,,,,,,,,,,,
독후감 도 쓰 어야 되 고 1 학점 이 ㄴ데 하 아야 되 ㄹ 것 은 짱짱 많 음,,,,,,,,,,,,,,
교수 님 이 친절 하 시 ㄴ 편 이 지만 수업 이 뛰어나 다 거나 내용 이 꽉 차 있 다 거나 하 는 생각 은 들 지 않 음,,,,,,,,,,,,,,
1 학점 이 ㄴ데 시키 는 것 도 많 고 뭘 많이 하 ㄴ다고 학점 이 잘 나오 는 것 도 아니 ㅂ니다,,,,,,,,,,,,,,
기말 은 교 슈 님 께서 임의 로 조 나 눈 뒤 에 지정 도서 읽 고 토론 준비 하 아 오 아 서 어 앞 에 나오 아서 토론 발표 하 는 것 이 ㄴ데 조원 들 이 참여 적 이 지 않 으면 힘들 것 이 다,,,,,,,,,,,,,,
학생 들 이 바보 도 아니 고 누구 ㄴ 안 졸리 나 요 1 차 강의 평가 때 제발 열정적 으로 강의 하 아 주 었 으면 좋 겠 다고 평가 남기 었 는데 읽 지 도 않 는 것 같 습니다,,,,,,,,,,,,,,
평가 기준 이 극단적 이 예요,,,,,,,,,,,,,,
이 것 다 못 읽 고 숙제 하 았 으니 숙제 퀄리티 는 떨어지 ㄹ 수 밖에 없 었 습니다,,,,,,,,,,,,,,
힘들 어요 .. 아직 학기 가 안 끝나 서 학점 을 어떻하 게 채우 어 주시 는지 는 모르 겠 지만 비추,,,,,,,,,,,,,,
과목 자체 가 원래 하 ㄹ 것 이 많 으니까 교수 님 탓 은 아니 ㄴ 듯 오히려 다른 교수 님 창사 독 에 비하 아 학생 들 한테 뭐 가 편하 ㄴ지 맞추 어 주 고 시험 대신 에세이 로 대체 하 는 부분 이 좋 았 음,,,,,,,,,,,,,,
근데 진짜 조 별 모임 도 많 고 출 튀하 기 어렵 고 무슨 놈 의 책 읽 고 보고서 작성 도 많 고 ... 진짜 일학 점 짜리 가 시키 는 것 개 많 아요,,,,,,,,,,,,,,
.. 우리 들 의 수준 에 비하 아 교수 님 이 원하 는 수업 수준 이 좀 높 았 음,,,,,,,,,,,,,,
.. 처음 에 는 다 들 열심히 하 는 듯 하 았 으나 막판 부터 다 들 버리 기 시작 .... 나 는 A + 받 았 으니 성적 부분 에서 하 ㄹ 말 은 없 지만 지 ㄴ 시험 도 와 진짜 아무리 단답 형 이 라지만 밑 도 끝 도 없 는 질문 에 논술 까지 쓰 어야 하 는 시험 은 1 학점 짜리 수업 에서 처음 임 .. 나 가 이렇게 대충 하 았 음,,,,,,,,,,,,,,
