외부 특강 이 그만큼 가치 가 아 있 다면 좋 겠 는데 음주 운전 하 아서 면허 취소 되 었 다는 이야기 를 자랑 스럽 게 하 는 살인미수 범 이 오 아서 자기 인생 강의 하고 기 타 아 치고 노래 부름 .... 박수 치 어  현 타 아 오 아서 ..... 진짜 뼈 빠지 게 돈 벌어 서 자식 새끼 는 돈 갖 다,,,,,,,,,,,,,,
"""수업 내용 과 시험 이 관계없 는 내용 이 많 아서 아쉽 기 도 하지만 "," 그래서 다른 수업 에서 ㄴ 듣 을 수 없 는 내용 들 이 많 아 좋 기 도 하 았 다""",,,,,,,,,,,,,,
개인적 으로 는 새롭 ㄴ 분야 공부 하고 지식 쌓 는 것 같 아서 좋 았 음,,,,,,,,,,,,,,
이번 중간 에 는 교수 님 이 작년 기 출 올리 어 주 시 고 연습 문제 찝어  공부 하 ㄹ 때 수월 햇  근데 안 배우 ㄴ 데 에서 도 시험 문제 나오 아서 교재 에 나오 는 것 위주 로 공부 하 는 것 추천 단점 은 교수 님 목소리 가 작 아서 이 ㄴ지 졸립 구 뒤 에 는 필기 가 잘 안 보이 ㄴ다는 것 ....,,,,,,,,,,,,,,
교수 님 이 똑똑 하 다는 것 이 느끼 어 지 ㄴ다 C + + 에 대하 어 어느 정도 알 는 상태 로 수업 을 듣 었 는데 디테일 하 ㄴ 면 을 잘 가르치 어 주 시 어서 도움 이 많이 되 었 고 코딩 능력 뿐 만 아니 라 컴퓨터 내부 구조 와 연관 짓 어 서 설명 하 시 어서 이 하 아 가 아 잘 되 었 다,,,,,,,,,,,,,,
배우 려고 노력 하 ㄴ다면 많이 얻 어 가 ㄹ 수 있 는 수업 이 ㅂ니다,,,,,,,,,,,,,,
"""첫 번 째 로 는 수업 의 내용 이 좋 고 유익 하 아서 열심히 듣 게 되 는 수업 이 고 "," 두 번 째 는 수업 의 질 은 상당히 떨어지 지만 교수 님 한테 찍히 면 큰일 나 ㄹ 것 같 아서 어쩌 ㄹ 수 없이 열심히 듣 게 되 는 수업 이 다""",,,,,,,,,,,,,,
전반적 으로 이번 학기 에서 미디어 학부 에서 듣 을 수 있 었 던 강의 중 개발자 를 지망 하 는 학생 에게 는 가장 괜찮 았 던 강의 였 던 것 같 습니다,,,,,,,,,,,,,,
강의 가 유익 하 다고 생각 하 ㅁ,,,,,,,,,,,,,,
시험 은 다소 배우 는 내용 에 비하 아 어렵 고 나 를 컴 파일 러 로 만 드리 어 고 이러 는 것 이 ㄴ가 싶 을 정도 로 문제 가 더럽 지만 수업 그 자체 로 는 그것 보다 얻 어 가 는 것 이 많 다고 느끼 어 지 는 수업,,,,,,,,,,,,,,
또 다른 문제 는 시험 을 많이 보 는데 반대 로 생각 하 면 배우 ㄴ 것 이 오래 가 ㄹ 것 같 음,,,,,,,,,,,,,,
"""교수 님 도 원래 1 학년 안 가르치 셨 는데 올라오 는 애 들 이 다 들 씨 언어 포기 하고 오 니까 안 되 겠 다고 직접 가르치 겠 다며 1 학년 수업 하 시 게 되 ㄴ 것 이 ㄴ데 "," 사실 교수 님 이 처음 부터 자기 수업 빡 세 ㄹ 테 니까 정정 기간 에 다른 반 가 라고 가 라고 하 시 ㅁ""",,,,,,,,,,,,,,
"""솔직히 하 ㄴ 학기 에 얻 어 가 는 것 이 다른 전공 에 비하 아서 그닥 많 지 않 고 "," 무엇 보다 교수 가 이 수업 을 하 ㄹ 만큼 의 충분 하 ㄴ 준비 가 되 어 있 지 않 아 보이 ㅁ""",,,,,,,,,,,,,,
강의 내용 도 자기 의 시간 관리 에 대하 ㄴ 내용 이 어서 자기 계발 하 는데 많 은 도움 이 되 요,,,,,,,,,,,,,,
그래도 다른 수업 에 비하 아 무엇 ㄴ가 얻 어 가 ㄴ 느낌 은 있 어요,,,,,,,,,,,,,,
범위 와 숙제 는 좀 에 바 쎄 바지 만 교수 님 강의 력 이 커버 침 머릿속 에 무엇 ㄴ가 남기 는 것 이 많 은 느낌 느낌 만 실제로 어떤 지 ㄴ 묻 지 말 아 셈 아무튼 학문 공부 하고 싶 다면 다고 생각 하 ㅁ,,,,,,,,,,,,,,
회계사 준비 생 이 많 기 는 하지만 수업 내용 위주 로 시험 내시 고 수업 은 편 하 ㅂ니다,,,,,,,,,,,,,,
재미있 고 얻 어 가 는 것 이 참 많 은 수업 이 ㅂ니다,,,,,,,,,,,,,,
그래도 여러 작품 을 예시 로 보 면서 배우 ㄹ 점 이 많 은 강의 이 었 음,,,,,,,,,,,,,,
"""평이 안 좋 아서 걱정 하 았 는데 "," 전공 수업 인 데 도 수업 자체 는 재미있 고 교수 님 도 좋 으시 고 시험 도 분별력 있 고 많이 배우 어 가 ㄹ 수 있 었 던 좋 은 수업 이 었 습니다""",,,,,,,,,,,,,,
"""또 유럽 의 혁명 부분 에서 우리나라 는 선비 라서 잘못 되 ㄴ 것 에 대하 아서 말 만 하 지 싸우 ㄹ 줄 모르 ㄴ다고 비하 하고 ", 연장선 상 에서 , 당시 에 박근혜 기독교 는 유일신 이 기 때문 에 옳 고 그르 ㄴ 것 이 분명 하 아서 남 이 그르 다고 생각 되 었 을 때 도 열정적 으로 싸우 지만 자신 이 잘못 되 었 다고 생각 되 ㄹ 때 도 통렬 하 게 반성 하 ㄴ 다독 이 ㄹ 나치 에 대하 ㄴ 반성 ," 반면 아시아 는 유교 문화 에서 자기 반성 을 가르치 지 않 기 때문 에 일본 이 반성 하 ㄹ 줄 도 모르 고 우리나라 사람 들 도 비리 를 저지르 어 놓 고 아무 도 모르 면 그만이 지 하 고 넘 어 가 ㄴ다고 말 하 네요""",,,,,,,,,,,,,,
교수 님 이 정규 수업 은 2018 그래도 시험 문제 에 외우 어서 서술 하 아야 하 는 개념 들 이 많 았 고 대체적 으로 암기 위주 의 시험 이 라 하 ㄴ 학기 수업 을 듣 었 는데 도 남 는 것 이 없 는 듯 하 ㄴ 느낌 은 좀 아쉽 네요,,,,,,,,,,,,,,
양이 많 기 는 하지만 재미있 게 수업 하 시 ㅁ,,,,,,,,,,,,,,
끝나 면 남 는 것 이 많 기 는 한데 초보 는 열심히 하 아 여 하 ㅂ니다,,,,,,,,,,,,,,
하지만 공수 는 우리 과 의 많 은 전공과목 에서 기초 가 되 니 얻 어 가 는 것 도 많 고 좋 았 음,,,,,,,,,,,,,,
발표 하 는 학생 은 앞 으로 나가 칠판 에 문제 풀 ㄹ 이 를 써 놓 고 설명 을 하 ㄴ 뒤 자신 이 받 고 싶 은 점수 를 얘기 하 아서 다른 학우 들 이 그 점수 에 동의 하 면 그 점수 를 받 고 동의 하 지 않 으면 그 보다 두 단계 아래 의 점수 를 받 게 되 ㄴ다,,,,,,,,,,,,,,
다만 기초 스페인어 수업 자리 를 얻 으시 었 다면 그쪽 으로 가 시 는 것 이 더 좋 기 는 하 ㄹ 것 이 ㅂ니다,,,,,,,,,,,,,,
진짜 교양 답 은 교양 이 고 많 은 생각 을 하 게 하 고 자신 의 신념 이 라고 하 는 것 이 생기 는 수업 이 ㅂ니다,,,,,,,,,,,,,,
법대 복전 을 생각 하고 경험 삼 아 듣 어 보 았 는데 교수 님 이 좋 으시 고 많이 배우 어 가 ㄹ 수 있 어서 좋 았 어요              ,,,,,,,,,,,,,,
수업 준비 도 완벽 하 게 하 아 오 시 고 불편 하 ㄴ 것 하나 도 없이 수업 내용 이 나 한테 도움 이 많이 되 었 고 대학 에 오 아서 3 년 동안 듣 은 수업 중 에서 가장 듣 을 만 하 ㄴ 수업 이 었 다              ,,,,,,,,,,,,,,
"""""""1 학년 수업 보다 부분적 이 ㄴ 내용 을 다루 는 만큼   내용 도 훨씬 깊 고 배우 는 작품 들 도 훨씬 다양 하 아 지 ㅂ니다""""              """,,,,,,,,,,,,,,
"""""""조 별 로 구성 되 ㄴ 학생 들 의 발표 내용 을 중심 으로 수업 을 진행   부족 하 ㄴ 부분 은 교수 님 의 설명 으로 보충 개인 숙 제 1 번 장점 은 전공 과 관련 되 ㄴ 미래 사회 에 대하 ㄴ 고민 을 계속 하 아서 하 게 만들 어 주 는 수업   단점 은 답 이 정하 아 지 어 있 지 않 기 때문 에 끝맺음 이 아쉽 ㄴ 수업 계속 하 아서 생각하 아 야 하 는 점 팀 프로젝트 1 번 주제 별 조 별 발표 시 험 유형 단답 식""""              """,,,,,,,,,,,,,,
반도체 디스플레이 공학 에서 는 힘들 어도 내용 은 좋 았 는데 이번 수업 내용 은 별로 도움 이 안 되 네요              ,,,,,,,,,,,,,,
우선 오선영 교수 님 이랑 같 은 학기 에 같 은 과목 가르치 시 어서 학생 들 이 많이 듣 었 는데 강의 력 은 좀 떨어지 는 느낌 이 있 지만 재미있 으시 고 학생 을 배려 많이 하 아 주 시 어요              ,,,,,,,,,,,,,,
지금 오 아서 다시 생각하 아 보 면 무엇 을 배우 었 는지 잘 기억 이 안 남              ,,,,,,,,,,,,,,
그래도 교수 님 께서 여러 취업 정보 도 많이 알리 어 주 시 고 유익 하 ㄴ 시간 이 었 어요              ,,,,,,,,,,,,,,
강의 듣 는 동안 관련 서적 을 찾아보 ㄹ 정도 로 재미있 었 습니다              ,,,,,,,,,,,,,,
진짜 제대로 공부 하 ㄹ 생각 있 으면 학점 따 기 두 쉽 고 얻 어 가 는 것 도 많 음              ,,,,,,,,,,,,,,
처음 에 ㄴ 시험 이 많 아서 좀 그리하 었 는데 계속 공부 하 게 되 어서 좋 았 어요              ,,,,,,,,,,,,,,
수업 이 유익 하고 질 이 좋 습니다              ,,,,,,,,,,,,,,
강의 내용 도 쉽 고 간결 하 게 알리 어 주 시 고 워낙 에 에너지가 넘치 는 분 이 시 어서 오히려 수업 을 통하 아서 얻 어 가 는 것 이 많 았 어요              ,,,,,,,,,,,,,,
숙제 가 없 는 대신 퀴즈 를 봄 .. 2 주 에 한 번 보 는데 약간 스트레스 ...              ,,,,,,,,,,,,,,
기말 는 수업 안 듣 고 공부 하 기 힘들 것 같 음              ,,,,,,,,,,,,,,
"""""""중 고교 와 같 은 주입식 수업 이 아니 라 영상   다큐 를 통하 아 학생 스스로 느끼 고 배우 는 수업 이 라고 생각 하 ㅂ니다""""              """,,,,,,,,,,,,,,
완전 최고 에 요 힘들 기 는 하지만 그만큼 얻 어 가 ㄹ 수 있 는 것 이 많 은 수업 이 ㅂ니다              ,,,,,,,,,,,,,,
그저 갓 ... 숙제 는 총 9 번 정도 로 많 았 으나 배우 ㄴ 내용 으로 어렵 지 않 게 하 ㄹ 수 있 고 공부 에 도움 되 라고 내주 시 는 숙제 이 다              ,,,,,,,,,,,,,,
중간 전 까지 첫 시간 오 티 둘째 시간 수업 용 프로그램 인증 뭐 시기 깔 고 셋째 넷째 주 수업 다섯 여섯째 주 추석 + 휴강 일곱째 주 수업 하고 시험 보 았 음              ,,,,,,,,,,,,,,
교재 가 따로 없 고 자료 가 매우 많 아서 공부 하 ㄹ 때 혼란 스럽 지만 노력 하 ㄴ 만큼 나오 기 때문 에 열심히 하 면 좋 은 결과 를 얻 을 수 있 는 것 같 아요              ,,,,,,,,,,,,,,
1 학점 에 비하 아 하 아야 하 ㄹ 것 이 많 기 는 하 았 지만 그래도 유익 하 ㄴ 수업 이 었 어요              ,,,,,,,,,,,,,,
수업 내용 이 유익 이 되 ㄹ 때 는 많 지만 시험 공부 미치 ㄴ 듯이 꼼꼼히 하 ㄹ 것 아니 면 하 지 말 으시 어요              ,,,,,,,,,,,,,,
딱히 어렵 ㄴ 것 은 없 고 교수 님 이 정보 를 매 어 주 마다 알리 어 주 시 어서 생각 보다 는 얻 어 가 는 것 이 있 었 지만 교수 님 말씀 하 시 는 것 이 힘겹 ㄹ 때가 다소 있 었 어요              ,,,,,,,,,,,,,,
고등학교 진로 수업 .. 생각 보다 시간 을 많이 잡아먹 는다              ,,,,,,,,,,,,,,
그리고 저 는 교수 님 께서 코딩 가르치 시 ㄹ 때 쭉 설명 만 해주시 는 것 이 아니 라 충분히 먼저 해보 고 생각하 아 보 ㄹ 시간 을 주 시 ㄴ 후 에 교수 님 께서 답 을 알리 어 주 시 고 설명 하 아 주 시 는 것 이 참 좋 았 는데 저마다 생각 이 많이 다르 네요              ,,,,,,,,,,,,,,
초반 에 는 원론적 이 ㄴ 사회학 을 배우 고 뒤 로 갈수록 정신분석학 에 대하 아서 배우 는 강의 로 이런 것 에 관심 이 많 다면 타 전공자 들 도 수 강해 도 좋 을 듯 하 다              ,,,,,,,,,,,,,,
그래도 수업 은 재미있 게 진행 하 시 고 적극적 으로 참여 하 시 면 배우 어 가 ㄹ 것 도 많 고 생각 도 많이 하 게 되 는 수업 이 에요              ,,,,,,,,,,,,,,
"""""""원래 여성학 관심 이 많 아서 그렇 기 도 한데   여성학 배우 면서 사회 에 대하 ㄴ 문제 들 을 많이 배워가 는 것 같 아서 재미있 고 좋 았 다""""              """,,,,,,,,,,,,,,
하지만 그것 ㄹ 고려 하 아도 강의 는 지루 하 고 얻 어 가 는 것 은 전혀 없 음              ,,,,,,,,,,,,,,
달 원 찡 재미있 고 강의 잘 가르침 1 학년 들 은 들 어 두 면 미 시 나 거시 공부 하 ㄹ 때 많이 도움 되 ㄹ 것 이 다              ,,,,,,,,,,,,,,
또한 교수 님 께서 전문가 이상 으로 많 은 지식 을 갖추 고 계시 고  또한 훌륭 하 아서 많 은 지식 을 얻 어 가 ㄹ 수 있 음              ,,,,,,,,,,,,,,
"""""""좋 으시 ㄴ 교수 님 과 함께 하 았 던 강의   수업 내용 도 도움 되 고 이런 것 이 대학 강의 가 아니 ㄹ까라는 생각 을 하 았 습니다""""              """,,,,,,,,,,,,,,
숙제 많 고 수업 시간 하 ㄹ 일 많 고 피곤 하 ㄴ 수업              ,,,,,,,,,,,,,,
교양 이 라 보다 는 인문학 적 정서 가 많이 느끼 어 지 는 수업              ,,,,,,,,,,,,,,
대학 수업 에 기대 되 는 방식 이 ㅂ니다              ,,,,,,,,,,,,,,
매수 업 열심히 듣 으시 고 복습 꾸준히 하 면 높 은 학점 겠 일단 하 는 만큼 받 을 수 있 는 과목 이 어서 좋 기 는 한데 어리 어 웡 교수 님 은 가끔 아들 콜라 얘기 도 하 시 고 딴 얘기 해주시 면 잠시 쉬 ㄹ 틈 있 어서 좋 아요              ,,,,,,,,,,,,,,
그런 경우 는 교과목 에 대하 ㄴ 이 하 아 가 아 있 기 에 수 업 도 보다 쉽 게 적응 하 ㄹ 수 있 으며 교수 님 도 좋 으시 기 때문 에 앞자리 에 앉 아서 열심히 공부 하 시 ㄴ다면 좋 은 학점 을 얻 으시 ㄹ 수 있 을 것 에 요              ,,,,,,,,,,,,,,
"""""""조 별 로 얘기 하 는 활동 이 많 은데 같 은 학년   다른 과 친구 들 과 만날 수 있 어 개인적 으로 좋 다고 생각 하 지만   조원 들 과 안 맞 는다면 이 수업 은 재미 가 없 을 듯""""              """,,,,,,,,,,,,,,
초반 에 는 고 3 수학 같 아서 하 ㄹ 만하 겠 다고 생각하 았 으나 가 면 갈수록 복습 과 문제 풀이 의 필요 성 을 느낌 .. 숙제 는 하 ㄴ 단원 이 끝나 면 연습 문제 를 그 다음 시간 에 풀 어 가 아서 랜덤 으로 호명 되 는 학생 이 칠판 에서 문제 풀이 하 는 거인 데 이 것 열심히 하 아 가 면 중간 기말 준비 하 는데 도움 이 많이 되 ㅁ              ,,,,,,,,,,,,,,
교수 님 은 좋 으시 고 강의 도 유익 하 지만 1 학기 내내 조 별 활동 하 아야 하 ㄹ 각오 는 하 아야 하 ㅁ              ,,,,,,,,,,,,,,
그래도 얻 어 가 는 정보 도 있 고 학점 말 ㄴ 챙기 ㄹ 것 면 추천              ,,,,,,,,,,,,,,
수업 내용 같 은 경우 에 는 진로 에 대하 ㄴ 이야기 도 되게 많이 해주시 고 학교 프로그램 도 중간 중간 소개 하 아 주 시 어서 되게 유익 하 ㄴ 것 같 아요              ,,,,,,,,,,,,,,
"""""""모든 강의 가 이런 스타일 이 라면 힘들 수도 있 지만 1   2 개 쯤 은 이런 스타일 의 강의 를 듣 는다면 분명 많 은 도움 이 되 ㄹ 수업 이 ㅂ니다""""              """,,,,,,,,,,,,,,
신경수 교수 님 좋 다고 하 아서 그냥 신청 하 아 보 았 는데 진짜 최고 였 던 수업 ... 단 한 번 도 졸 지 않 았 던 수업 이 다              ,,,,,,,,,,,,,,
배우 ㄹ 점 이 많 고 예비 교사 로서 많 은 것 을 생각하 아 보 게 되 는 수업 이 다              ,,,,,,,,,,,,,,
강의 를 통하 아 배우 ㄹ 수 있 는 것 은 많이 없 는 것 같 습니다              ,,,,,,,,,,,,,,
"""""""수업 만 듣 고 내용 을 이해하 ㄹ 수 있 으리라는 기대 를 아 에 하 지 를 말 고     맨 땅 에 헤딩 을 하 듯이 개념 에 대하 ㄴ 예습 을 필수적 으로 해 가 아야 것 이 비효율 적 이 ㄴ 방식 이 지만 마이 동풍 꼴 안남""""              """,,,,,,,,,,,,,,
"""""""하지만 진지 하 게 들 으면 유익 하고   많이 배우 어 가 ㄹ 수 있 을 거라고 생각 하 ㅂ니다""""              """,,,,,,,,,,,,,,
전체적 으로 괜찮 았 고 학점 따 기 도 어렵 지 않 은 강의 회로 망 해석 3 차 시험 범위 랑 겹치 는 부분 도 있 고 전자장 에서 도 벡터 회전 등 스토크 정리 라 하 아야 되 나 고 공수 에서 배우 는 것 을 사용 하 는 과목 들 이 많 으므로 듣 어서 나쁘 ㄹ 것 하나 없 는 강의              ,,,,,,,,,,,,,,
다만 확실 하 ㄴ 것 은 교수 님 께서 수업 에 대하 ㄴ 열정 하나 만큼 은 뛰어나 시기 에 수업 을 통하 아서 무엇 ㄴ가 를 많이 배우 ㄴ다는 것 보다 는 전반적 이 ㄴ 경영학 의 이 해 를 배우 고 스스로 공부 하 아 나가 며 발전 하 는 타입 이 ㄴ 사람 들 에게 는 수업 이 맞 을 수 도 있 을 것 같 습니다              ,,,,,,,,,,,,,,
수업 내용 1 도 쓸모없 고 도움 안 되 ㅁ,,,,,,,,,,,,,,
저 는 그래도 이번 학기 수업 중 에서 가장 재미있 었 고 무엇 ㄴ가 하 나 배워가 는 것 같 아요,,,,,,,,,,,,,,
학점 은 자 ㄹ 주시 지만 얻 어 가 는 것 이 적 은 강의 ... 그래도 1 학년 때 듣 은 이 산수 학보 다는 비 대면 이 라 그렇 ㄴ지 딴 소리 도 안 하 시 고 지각 도 안 하 시 어서 더 많이 배우 었 던 것 같 음,,,,,,,,,,,,,,
그래도 수업 에 적극적 으로 임하면 얻 어 가 는 것 많 아요,,,,,,,,,,,,,,
교수 님 좋 으시 고 책 다 집필 하 시 어서 지식 이 방대하 그만큼 배우 는 것 많 고 진정 하 ㄴ 대학 강의 느낌 이 ㄴ데 시험 으로 뒷통수 를 때리 시 ㄴ다,,,,,,,,,,,,,,
"""전 개인적 으로 그것 이 좋 았 고 배우 ㄴ 것 이 많 았 는데 "," 필기 하 는 그것 좋아하 고 딱딱 떨어지 는 수업 좋아하 시 는 분 들 한테 는 힘들 수도 있 습니다""",,,,,,,,,,,,,,
"""대진 탐 과 비슷 하 ㄴ 유형 의 과목 오프라인 였 으면 많 은 사람 들 을 만날 수 있 었 을 터 이 ㄴ데 너 런 부분 이 아쉽 ㄴ 과목 "," 페스 페일 이 라 온라인 출 결 이 중요 하 ㄴ데 비교적 여유 롭 게 주 시 었 지만 그래도 항상 한번 더 출 결 체크 하 아 보 아야 하 는 그런 과목""",,,,,,,,,,,,,,
영어 외 에 생각하 ㄹ 것 이 많 고 노력 하 는 만큼 본인 의 생각 하 는 능력 을 키우 ㄹ 수 있 다,,,,,,,,,,,,,,
하 ㄴ 학기 에 토론 하 ㄹ 정하 아 지 ㄴ 책 두 권 을 읽 은 후 책 에서 토론 주제 를 여러 개 뽑 은 뒤 책 별 로 토론 주제 제안서 를 내야 하 ㄴ다 책 에 대하 ㄴ 토론 이 다 끝나 면 서평 쓰기 를 하 아서 내야 하 고 백 원의 힘 5 권 을 쓰 어야 가산점 을 받 을 수 있 다,,,,,,,,,,,,,,
2 학년 1 학기 에 듣기 에 무리 가 있 는 강의 이 기 ㄴ 하 았 지만 성의 없 는 수업 이 라 별로 이 었 고 기말 내용 도 배우 ㄴ 것 랑 동떨어지 ㄴ 것 을 시험 문제 로 내 지 ㄹ 않 나 ....,,,,,,,,,,,,,,
기말 때 전범 위 시험 범위 라 공부 미리 열심히 하 아야 하 ㄴ다 채점 빡 세 므로 성적 잘 따 려면 아주 열심히 공부 하 아야 하 ㄴ다 프로젝트 쉽 지 않 다 일주일 날 아 가 ㅁ,,,,,,,,,,,,,,
좋 은 분 이 ㄴ 것 은 알 는 데 다른 교수 님 추천 하 ㄴ 다 한 10 년 있 다가 들 으면 좋 을 것 같 은 데 그 사이 에 나 가 돈 내 고 다니 면서 교수 님  올리 어 주 려고 다니 는 것 은 아니 니까,,,,,,,,,,,,,,
교수 님 강의 진짜 좋 아 여 조 별 숙제 많 아서 힘들 기 는 한데 그래도 남 는 것 는 많 습니다,,,,,,,,,,,,,,
적당히 공부 하고 좋 은 점수 얻 고 싶 다면 절대 듣 지 말 고 공부 하 ㄴ 만큼 성적 나오 기 ㄹ 바라 ㄴ다면 추천,,,,,,,,,,,,,,
"""시험 교수 님 마다 1 번 씩 다 보 아서 총 4 번 "," 토론 한 교수 님 마다 2 감상문 1 번 제출 하고 조 별 발표 도 1 번 있 고 있 어서 부담 스럽 다""",,,,,,,,,,,,,,
좋 은 성적 을 받 기 위하 아서 는 다른 교양 에 비하 아 많 은 활동 량 이 필요 하 ㄴ 것 은 확실 하 ㄴ 것 같 습니다,,,,,,,,,,,,,,
친구 사 귈 거라 기대 하고 가 았 는데 막상 가 니까 조원 들 이랑 밖에 안 친하 아 지 더라구 요 조원 들 이랑 도 막 친하 아 지 ㄴ 것 도 아니 고 그나마 같 은 과 친구 있 어서 재미있 었 습니다,,,,,,,,,,,,,,
물론 암기 도 필요 하 지만 수업 시간 에 듣 고 전체적 이 ㄴ 흐름 이나 이야기 로 기억 하 는 것 이 더 좋 은 것 같 아 요 많이 배워가 는 교양 이 ㅂ니다,,,,,,,,,,,,,,
평이 좋 아서 김진호 교수 님 수업 선택 하 았 는데 이번 학기 중 에 제일 잘 하 ㄴ 선택 이 ㄴ 것 같 고,,,,,,,,,,,,,,
세상 을 바라보 는 시각 이 달라지 고 많 는 내용 들 을 배우 ㄴ 것 같 아서 매우 만족 하 ㅂ니다,,,,,,,,,,,,,,
설계 제대로 하 ㄹ 것 면 도움 많이 되 ㅁ,,,,,,,,,,,,,,
자기 과목 들 으려면 전공 과목 드랍  하 ㄴ다는 소리 를 아무렇 지 않 게 하 는데 이것 이 결코 틀리 ㄴ 말 이 아니 에 요 전공 과 목 공부 하 ㄹ 시간 을 이 과목 때문 에 매우 많이 뺏 김 이 교양 은 진짜 4 학년 2 학기 쯤 되 어서 나태 하 아 지 ㄴ 나 를 발견 하 았 을 때 신청 하 시 기 ㄹ 바라 요,,,,,,,,,,,,,,
하지만 그만큼 얻 는 것 이 많 고 글 을 쓰 ㄹ수록 글 쓰 는 시간 도 단축 되 어서 부담 스럽 지 는 않 아요,,,,,,,,,,,,,,
배우 는 것 많 은데 ... 교수 님 엄청 똑똑 하 시 고 전문적 이 어서 확실히 배우 고 얻 어 가 는 것 많 다는 느낌 받 았 어요,,,,,,,,,,,,,,
여러 방면 으로 참 도움 이 되 고 배우 ㄹ 것 이 많 은 교수 님 이 시 ㅂ니다,,,,,,,,,,,,,,
많 은 분 들 이 ' 스피치 와 컨텐츠 ' 라고 하 면 말 잘하 는 방법 을 배우 는 수업 이 라고 기대 하 기 마련 이 ㄴ데 이 수업 은 ' 스피치 ' 보다 는 ' 컨텐츠 ' 에 집중 되 ㄴ 수업 이 ㅂ니다,,,,,,,,,,,,,,
부분 점수 가 없 다고 는 하 시 는데 막 총 5 개 쓰 는 거라 5 점 이 ㄴ데 3 개 쓰 어서 맞 았 으면 3 점 주 시 는 식 으로 부분 점수 가 명확 하 게 나누 어 지 는 문제 는 충분히 주 시 니 크 게 걱정 은 안 하 아 도 되 ㅁ,,,,,,,,,,,,,,
.. 이 수업 으로 뭘 배우 겠 다고 생각하 ㄴ 다면 수강 안 하 는 것 을 추천 하 ㅂ니다,,,,,,,,,,,,,,
무엇 보다 도 수업 에서 얻 어 가 고 남 는 것 이 많 음,,,,,,,,,,,,,,
그래도 숙제 랑 퀴즈 엄청 해대 느라 고생 은 하 았 지만 교수 님 께서 더 많이 가르치 어 주 시 려고 노력 하 시 는 만큼 배우 ㄴ 것 은 많 은 수업 이 었 음,,,,,,,,,,,,,,
"""첫 번 째 로 는 수업 의 내용 이 좋 고 유익 하 아서 열심히 듣 게 되 는 수업 이 고 "," 두 번 째 는 수업 의 질 은 상당히 떨어지 지만 교수 님 한테 찍히 면 큰일 나 ㄹ 것 같 아서 어쩌 ㄹ 수 없이 열심히 듣 게 되 는 수업 이 다""",,,,,,,,,,,,,,
지금 생각 하 면 참 좋 은 수업 이 었 음,,,,,,,,,,,,,,
"""엄마 같 아 ", 아니 ㄴ 것 같 은 데 시험 안 어렵 게 조절 하 아 주 시 고 , 범위 다 알리 어 주 고 ," 수업 도 진짜 인생 에 도움 되 는 얘기 많이 해주시 고 1 학기 수업 중 에 나 가 정 제일 많이 가 았 던 교양 이 ㅁ""",,,,,,,,,,,,,,
"""다만 배우 ㄴ 이론 을 팀 프로젝트 하 ㄹ 때 실제로 녹이 어서 활 용해 보고 적극적 이 ㄴ 자세 필요 "," 또 학기 내내 배우 ㄴ 디자인 씽 킹 메뉴얼 을 실 생활 에서 여러 목적 으로 활용 하 려는 노력 을 하 아 보 ㄴ다면 굉장히 많 은 것 을 얻 어 가 ㄹ 수 있 을 것 같 습니다""",,,,,,,,,,,,,,
1 학점 이 ㄴ데 시키 는 것 은 전공 보다 많 았 음,,,,,,,,,,,,,,
문과 라 컴퓨터 특히 프로그래밍 은 전혀 배경 지식 이 없 는 상태 이 었 지만 수업 내용 은 교수 님 께서 처음 부터 친절히 가르치 어 주 시 어서 따라가 는데 전혀 어려움 이 없 었 습니다,,,,,,,,,,,,,,
진짜 힘들 고 이 과목 때문 에 시 간 부족 하 아서 다른 과목 에 투자 를 좀 투자 를 못하 았 지만 그만큼 남 는 것 과 배우 ㄴ 것 이 많 다,,,,,,,,,,,,,,
뒤 로 갈수록 숙제 가 좀 어렵 ㄹ 수 있 지만 본인 이 열심히 만 하 ㄴ다면 시간 이 걸리 어도 풀어내 ㄹ 수 있 고 학점 잘 받 을 수 있 는 수업 이 에 요 전체적 으로 흥미 롭 고 얻 어 가 는 것 이 많 은 유익 하 ㄴ 수업 이 었 어요,,,,,,,,,,,,,,
"""출 결 중요시 하 는 것 알 겠 는데 나 가 잘 하 았 다 는 것 아니 지만 다 보건 에 유고 결석 이 라 무단 이 하나 도 없 었 는데 교수 재량 에서 점수 다 까 았 음 마음대로 아프 아도 안 되 ㄹ 듯 어느 정도 로 까 았 냐면 중간 ", 기말 , 에세이 ," 출 결 합산 하 아서 70 만점 에 67 점 받 았 는데 교수 재량 30 점 에서 맘대로 주 어서 시 뜸 이것 은 뭐 그냥 자 기 맘대로 학점 주 겠 단 심보 지 .. 그리고 성격 착하 아 보이 는데 몇 번 보다 보 면 뒤 끝 개 쩔 고 소심 찌 질 하 아서 하 ㄴ 것 도 없 는데 수업 시간 갑 분 쌓 아 만들 기 개 잘 하 ㅁ""",,,,,,,,,,,,,,
비 대면 이 어서 조원 들 과 친하 아 지 ㄹ 계기 가 적 어서 아쉽 고 오히려 비 대면 이 어서 더 귀찮 은 것 이 많 았 음,,,,,,,,,,,,,,
"""수강 전 에 강의 평 을 많이 찾아보 았 었 는데 호불호 가 많이 갈리 ㄹ 뿐 더러 듣 지 마르 아 는 얘기 가 많 아서 걱정 을 많이 하 았 는데 "," 생각 보다 훨 재미있 는 수업 이 었 다""",,,,,,,,,,,,,,
배우 ㄴ다고 치 면 킹 줄 ㄴ 근 교수 님 은 더 적 고 깊 것 이 기계공학 관련 배우 ㅂ니다,,,,,,,,,,,,,,
몇 번 빨리 끝내 주 시 ㄹ 때 가 있 기 ㄴ 있 는데 거의 드뭄 그래도 개인적 으로 는  교수 님 덕분 에 얻 어 가 ㄴ 것 도 많 다고 생각 하 ㅁ,,,,,,,,,,,,,,
사실 처음 에 ㄴ 열정 과 다이 시 ㄴ 것 같 아서 많이 부담 스럽 고 다 들 수업 때 벌 벌 떨 었 음,,,,,,,,,,,,,,
적극적 이 ㄴ 자세 갖 는다면 얻 어 가 는 것 이 참 많 을 것 에 요,,,,,,,,,,,,,,
강의 가 끝나 ㄴ 지금 남 는 것 이 하나 없 고 올해 의 선택 중 가장 후회 가 되 ㅂ니다,,,,,,,,,,,,,,
""".. 가장 회피 하고 싶 은 강의 이 었 지만 "," 돌아보 면 기억 에 남 는 전공 지식 들 이 많 은 것 같 아서 가장 유익 하 ㄴ 강의 이 었 다고 말 하 고 싶 습 ㅂ니다""",,,,,,,,,,,,,,
.. 무엇 ㄴ가 어느 정도 전공 지식 과 경험 이 쌓이 고 나 서 이 과목 을 듣 어야 훨씬 얻 고 가 는 것 이 많 을 거라고 생각 하 ㅁ,,,,,,,,,,,,,,
코딩 을 배우 는 것 라서 열심히 하 면 도움 은 많이 되 는 교양인 것 같 아 요 요즘 에 는 코딩 이 필수 라고 하 니까 학교 에서 배우 는 교양 이 라서 구체적 이 ㄴ 부분 까지 다루 지 는 않 지만 기초적 이 ㄴ 부분 은 배우 ㄹ 수 있 는 수업 이 에 요 코딩 이 이런 거구 나 하 는 정도,,,,,,,,,,,,,,
교수 님 이 똑똑 하 다는 것 이 느끼 어 지 ㄴ다 C + + 에 대하 어 어느 정도 알 는 상태 로 수업 을 듣 었 는데 디테일 하 ㄴ 면 을 잘 가르치 어 주 시 어서 도움 이 많이 되 었 고 코딩 능력 뿐 만 아니 라 컴퓨터 내부 구조 와 연관 짓 어 서 설명 하 시 어서 이 하 아 가 아 잘 되 었 다,,,,,,,,,,,,,,
이 부분 에 있 어서 도 기존 에 비하 아 수업 에 대하 ㄴ 준비 도 가 떨어지 시 ㄴ 것 이 아니 ㄴ지 생각 되 었 음,,,,,,,,,,,,,,
수업 시간 에 스크래치 랑 파이 썰 ㄴ 기본 알리 어 주 시 고 응용 문제 한 번 풀 어 보 게 하 시 는 것 이 처음 에 ㄴ 좀 힘들 기 도 하 았 지만 학기 지나 고 나 서 보 니 확실히 무엇 ㄴ가 배우 ㄴ 것 같 고 기억 에 도 남 음,,,,,,,,,,,,,,
그리고 배우 었 던 내용 이 라 집중 도 가 덜 하 ㅁ,,,,,,,,,,,,,,
... 배우 ㄹ 것 은 많 은데 시간 을 많이 투자 하 아야 하 아서 이 과목 에 관심 있 고 열정 이 넘치 는 사람 만 수 강하 시 어요,,,,,,,,,,,,,,
미분방정식 라 플라스 변환 행렬 푸리에 급수 까지 다른 공대 에서 배우 는 내용 똑같이 배우 는 데 이 산수 학 위주 로 배우 고 생각 하 던 컴퓨터 쪽 은 배우 ㄹ 때 좀 머리 아픔,,,,,,,,,,,,,,
학점 개 깐깐 하 게 줌,,,,,,,,,,,,,,
1 학년 2 학기 건축구조 의 이 하 아 양승열 교수 님 수업 시간 에 배우 ㄴ 것 들 이 훨씬 유익 하고 남 는 것 이 많 았 고,,,,,,,,,,,,,,
.. 시험 문제 유형 도 시험 전 주 에 어떤 식 으로 나오 ㄹ 수 있 는지 예시 를 들 어 주 시 어서 시험 공부 하 ㄹ 때 수월 하 게 하 ㄹ 수 있 었 어요,,,,,,,,,,,,,,
나 만 좋 았 나 .... 팀 프로젝트 이 진짜 많 기 는 한데 절대평가 라 팀 프로젝트 하 아도 다 같이 열심히 하 는 분위기 이 었 고 기여 도 평가 도 있 어서 억울 하 ㄹ 일 이 타 아 강의 에 비하 아 현저히 적 음,,,,,,,,,,,,,,
얻 어 가 는 것 이 제일 많 았 던 강의 인 거 같 아 요 대신 진짜 수업 잘 듣 고 공부 하 아야 성적 나오 아 요 어렵 어 서 그래도 교수 님 진짜 좋 아요,,,,,,,,,,,,,,
프랑스어 제대로 배우 고 싶 다면 무조건 한선혜 교수 님 갓 선혜 모두 외치 어 학생 들 사랑하 시 는 마음 이 다 느끼 어 지 고 수업 중 에 지루 하 ㄹ까 보 아 재미있 는 영상 과 사진 과 맛있 는 것 도 아낌없이 주 시 고 진짜 사랑 스럽 ㄴ 교수 님,,,,,,,,,,,,,,
저번 학기 들 었 던 강의 들 중 가장 얻 어 가 는 것 이 많 았 던 수업,,,,,,,,,,,,,,
학점 은 +  채우 어 주 시 는 것 같 다,,,,,,,,,,,,,,
분 .. 성적 잘 받 으시 려면 예 복습 진짜 잘하 시 어야 되 고 설명 자체 가 수많 은 개념 들 을 이미 알 ㄴ다는 가 정하 에 이루어지 어서 수업 시간 에 나오 는 개념 들 에 대하 어 개인적 으로 혼자 공부 하 면서 충분히 이해 가 되 어야 하 ㄹ 것 같 아요,,,,,,,,,,,,,,
언론 홍보 2 학년 수업 중 가장 얻 어 가 는 것 이 많 은 강의,,,,,,,,,,,,,,
"""학생 들 에 대하 ㄴ 애정 과 관심 이 아주 높 으시 어서 강의 준비 는 잘 하 아 오심 "," 사실 빡 세 ㄴ 과목 이 었 는데 하 는 만큼 받 아 가 는 얻 어 가 는 뜻 깊 은 수업 이 었 음""",,,,,,,,,,,,,,
"""중간 기말 의 경우 시험 전주 에 시험 범위 PPT 를 다시 만들 어서 올리 어 주 기 때문 에 그것 ㄹ 보 면 되 지만 "," 중간 와 기말 전 에 치르 어 지 는 두 번의 퀴즈 는 정리 보 ㄴ 을 따로 안 올리 어 주 어서 아무튼 결국 다 읽 어 보 아야 되 ㄴ다고 생각 하 면 되 ㅁ""",,,,,,,,,,,,,,
"""그래도 도움 이 많이 되 는 강의 이 었 고 "," 학생 들 의 참여 를 계속 이 끌어내 시 고 꽤 나 학생 들 도 적극적 으로 수업 시간 에 참여 하 아서 대학 생활 중 한 번 은 듣 어 보 ㄹ 만 하 ㄴ 강의 이 ㄴ 것 같 습니다""",,,,,,,,,,,,,,
그래도 매우 유익 하고 즐겁 ㄴ 수업 이 었 음,,,,,,,,,,,,,,
교수 님 진짜 친절 보스 .. 친절 하고 세심 하 게 알리 어 주심 그래서 좀 지루 하 ㄴ 감 이 있 는데 처음 배우 기 에 ㄴ 좋 음,,,,,,,,,,,,,,
과목 자체 가 느끼 기 에 굳이 의 미부 여 하 아 가 면서 공부 하 ㄹ 거리 만들 는 것 같 다고 느끼 었 습니다,,,,,,,,,,,,,,
학점 채우 기 는 좋 은데 1 학년 과목 대진 탐 보다 는 시키 는 것 이 많 아서 별로 .. 조원 들 이 좋 다면 괜찮 지만 조원 이 별로 면 수업 자체 가 지루 하 아 지 ㅁ,,,,,,,,,,,,,,
"""식의 진행 이 많 고 조 별 발표 영어 발표 도 하나 "," 대본 쓰 고 보 면서 발표 하 기 때문 에 크 ㄴ 어려움 없 음""",,,,,,,,,,,,,,
책 두 권 읽 고 서평 쓰 고 토론 준비 ... 쉽 ㄹ 것 같 아 보이 지만 시간 투자가 많이 필요 하 ㄴ 것 들 이 라 다른 공부 에 부담 이 되 었 음,,,,,,,,,,,,,,
저 는 힘들 었 지만 아주 배우 ㄹ 것 이 많 았 던 수업 이 었 습니다,,,,,,,,,,,,,,
줌 에서 자꾸 지 정하 아서 질문 해보 라는 것 빼 고 ..... 그래도 강의 에 대하 ㄴ 열정 이 넘치 시 고 학생 들 피드백 잘 받 아 주 시 는 편 이 ㄴ 것 같 아서 괜찮 은 편 이 라고 생각 하 ㅁ,,,,,,,,,,,,,,
이번 학기 수업 중 에 가장 얻 은 것 이 많 은 수업 이 었 습니다,,,,,,,,,,,,,,
"""형평 성 "," 공정 성 부분 에서 진짜 높 은 점수 를 주 고 싶 다""",,,,,,,,,,,,,,
을 기대 하 지 는 말 고 국제적 이 ㄴ 상황 에 대하 ㄴ 상식 이나 흐름 을 배우 어 가 ㄴ다고 생각 하 면 편안 하 게 듣 을 수 있 는 강의 이 었 음,,,,,,,,,,,,,,
"""개인 숙제 는 교수 님 이 제시 하 시 는 여러 가지 사건 진주만 공격 사건 ", 노르망디 작전 , 쿠바 미사일 위기 , 닉슨 중국 방문 , 포클랜드 전쟁 , 이 라고 하 는 911 테러 중 하 ㄴ 가지 사건 을 자유롭 게 선정 하 아 사건 개요 , 성공적 이 ㄴ 정보 적 측면 , 실패 적 이 ㄴ 정보 적 측면 ," 개인적 이 ㄴ 소감 을 작성 하 아 보고서 한 장A 4 1 장 제출 하 는 것 과 이에 대하 어 간단히 발표 하 는 것 이 개인 숙제 이 ㅂ니다""",,,,,,,,,,,,,,
다른 전공 수업 들 에 비하 아 특별히 시간 을 많이 투자 하 아야 하 았 다 거나 골머리 를 많이 썩 는 수업 도 아니 었 는데 안일하 생각 하 시 ㄴ 학우 분 도 있 으시 군요,,,,,,,,,,,,,,
1 학점 에 비하 아 하 아야 하 ㄹ 것 이 많 은 과목 이 고 학생 들 이 주도 하 는 수업 이 길 ㄴ 하나 교수 님 이 가르치 어 주 시 고 알리 어 주 시 는 것 도 많 아 매우 유익 하 ㄴ 수업,,,,,,,,,,,,,,
코로나 때문 에 비 대면 이 라 조원 들 못 만나 는 것 은 아쉽 었 지만 또 그만큼 조 별 모임 부담 이 적어지 ㄴ 것 도 사실 이 ㅂ니다,,,,,,,,,,,,,,
전체적 으로 만족 스럽 ㄴ 강의,,,,,,,,,,,,,,
"""재미있 는 수업 "," 남 는 것 이 많 은 수업 이 었 음""",,,,,,,,,,,,,,
스피치 와 관련 되 ㄴ 내용 보다 는 글쓰기 에 대하 어 알 아 가 는 것 이 더 많 은 것 같 음,,,,,,,,,,,,,,
약간 고등학교 같 은 느낌 이 ㅂ니다,,,,,,,,,,,,,,
이번 학기 제일 하 ㄹ 것 이 많 았 던 수업 .. 하지만 그만큼 성적 잘 주 시 어서 꿀 수업 교수 님 이 좋 으시 ㄴ 분,,,,,,,,,,,,,,
기 출 문제 시험 기간 에 올리 어 주 시 는데 기 출 토대 로 공부 하고 총정리 해주시 는 것 잘 들 으면 좋 은 성적 받 으 것 에 요,,,,,,,,,,,,,,
그래도 멀 ㄴ 가 그래픽 이 결과 로 나오 니 것 좀 재미있 는 것 같 기 도 ..,,,,,,,,,,,,,,
문화유산 모르 겠 고 나 가 뭘 배우 고 있 는지 가르치 는 것 은 있 는지 의심 스럽 ㅁ,,,,,,,,,,,,,,
어찌 되 었 던 힘 들 었 고 걱정 도 많이 하 았 지만 그만큼 남 은 것 도 많 고 생각 보다 좋 은 결과 에 참 뿌듯 하고 기분 좋 은 강의 로 남 겠 네요,,,,,,,,,,,,,,
전임 교수 님 들 이 다 이 분 같 았 다면 좋 았 을 터 이 ㄴ데 .. 이 하 아 생략 교수 님 진짜 좋 으시 고 배우 ㄹ 점도 많 고 소극적 이 ㄴ 사람 도 자연 스럽 게 수업 에 참여 하 도록 수업 을 잘하 시 는 듯 이 수업 의 유일 하 ㄴ 오점 은 읽 고 조 별 로 발표 를 두 번 하 아야 되 는 책 이 ㄴ데 차라리 원서 를 읽 고 싶 을 만큼 번역 이 거지 임 근데 번역 제 1 저 자는 최강 은 수초 이,,,,,,,,,,,,,,
얻 을 것 이 많 은 강의 이기 때문 에 단점 보다 장점 이 많 다고 생각 하 ㅁ,,,,,,,,,,,,,,
꿀 교양 이 라고 하 아서 잡 았 지만 타 아 과 생 들 만나 는 것 빼 고 는 딱히 크 ㄴ 느낌 으로 와 닿 지 는 않 은 수업,,,,,,,,,,,,,,
필 수 과목 이 기에 그렇게 코드 위주 의 시험 은 아니 ㄴ 것 같 고 프로그래밍 을 공부 하 지 않 으나 B + 이상 받 기 를 원하 시 는 분 들 은 이론적 이 ㄴ 내용 을 꼼꼼히 공부 하 아 가 면 나름 만족 하 ㄹ 만 하 ㄴ 점수 를 얻 으시 ㄹ 수 있 을 것 이 ㅂ니다,,,,,,,,,,,,,,
목소리 되게 작 다가 갑자기 엄청 크 게 기 침하 시 고 아무 일 없 다는 듯 수업 하 시 는데 .. 귀 가 이 파 았 고 진짜 얻 어 가 는 것 이 없 는 수업 그렇 다고 꿀 도 아니 ㄴ 음 등록금 조금 아깝 다고 생각하 ㄹ 수 있 는 수업 이 ㅂ니다,,,,,,,,,,,,,,
정보활동 이 라는 것 에 대하 아서 무지 하 았었 는데 이 강의 를 통하 아서 많이 얻 고 가 ㅂ니다,,,,,,,,,,,,,,
"""중간 2 번 이 쉽 어서 변별력 없 어서 걱정 하 았 지만 "," 중간 2 번 보 ㄴ 것 과 같 은 퍼센트 의 기말 을 오 지 게 어렵 게 내 었 고 이 때 어 마 어마 하 게 수강 생 들 이 좌절 하 았 다 100 점 만점 에 평균 이 40 점 이 ㄴ 가 30 점 이 ㄴ 가 그리하 었 음""",,,,,,,,,,,,,,
숙제 점수 되게 후하 게 잘 주 시 고 성적 은 잘 주 시 려고 노력 하 시 는 것 같 아 요 수업 하 시 면서 다른 얘기 엄청 많이 하 시 고 발성 때문 이 ㄴ지 수업 자체 는 되게 어 수선 하 다고 느끼 었 습니다,,,,,,,,,,,,,,
칠판 에 적 어서 수업 하 시 고 예시 문제 를 풀 어 주 시 는 형식 연습 문제 를 학생 들 이 풀 어 가 면 학생 들 이 많이 모르 는 문제 를 무작위 로 뽑 아 칠판 에 설명 하 는 방식 이 라 내주 시 는 연습 문제 를 풀 수 밖에 없 다,,,,,,,,,,,,,,
열심히 하 ㄴ다면 얻 는 것 이 많 은 수업 이 지만 멘탈 두 동강 나 기 도 딱 좋 은 수업 임,,,,,,,,,,,,,,
교수 님 은 참 인자 하고 좋 으시 ㄴ데 .. 행렬 에 대하 ㄴ 기본 지식 이 전무 하 ㄴ 상태 에서 듣 어서 그렇 ㄴ지 수업 이해 하 기 는 어렵 었 음,,,,,,,,,,,,,,
족보 로 공부 하 ㄹ 수 있 는 것 이 장점 이 자 단점 .... 개인적 으로 공부 하 ㄹ 때 힘들 었 고 하 ㄴ 학기 가 끝나 고 나 의 머릿속 에 남 는 것 이 없 다는 것 이 짜증 나 았 다,,,,,,,,,,,,,,
다만 팀 프로젝트 이 많 고 발표 를 하 아야 하 는 것 이 흠 이 길 ㄴ 한데 어차피 전공 기초 니까 열심히 배우 ㄴ 다 생각 하고 들 으면 얻 어 가 는 것 은 많 아서 좋 아요,,,,,,,,,,,,,,
교수 님 은 전반적 으로 재미있 게 수업 하 려고 노력 하 시 고 좋 은 말씀 도 많이 하 아 주 시 어서 좋 습니다,,,,,,,,,,,,,,
"""특히 시험 이 오픈 북 이 ㄴ 것 이 가장 좋 은데 "," 법대 는 시험 때 마다 공부 를 하 는 것 이 ㄴ지 답지 를 외우 는 것 이 ㄴ지 항상 현 타 아 가 오 곤 하 았 는데 노동법 공부 하 ㄹ 때 는 진짜 공부 하 는 느낌 이 라 얻 어 지 는 것 이 많 았 다""",,,,,,,,,,,,,,
1 학기 동안 약 2 번 정도 진로 관련 영상 보여주 는데 그 시간 동안 은 자유롭 게 먹 을 것 가지 어 오 아서 먹 어도 되 ㄴ다고 하 아서 좋 았 고 아쉽 ㄴ 점 은 조마 다,,,,,,,,,,,,,,
힘들 어도 열심히 참여 하고 교수 님 이 시키 시 는 것 충실히 잘 하 시 면 얻 어거 는 것 이 많 은 수업 이 ㄹ 것 같 습니다,,,,,,,,,,,,,,
"""시험 은 중간 를 비 대면 퀴즈 형 으로 보 고 기말 를 대면 으로 보 았 는데 "," 중간 는 답 만 적 는 형식 이 라 부분 점수 가 없 어서 부담 스럽 었 으나 기 말 는 부분 점수 를 주 시 어서 괜찮 았 고 학점 도 점수 에 비하 아 후하 것 이 주 시 ㄴ 듯""",,,,,,,,,,,,,,
"""장점 생각 보다 재미있 고 금융 투자 관련 지식 을 얻 어 가 는 것 "," 교수 님 이 알 고 계시 는 것 이 엄청 많 다는 느낌""",,,,,,,,,,,,,,
교수 님 은 좋 고 수업 에 대하 ㄴ 열정 이 많 으시 어요,,,,,,,,,,,,,,
시험 은 다소 배우 는 내용 에 비하 아 어렵 고 나 를 컴 파일 러 로 만 드리 어 고 이러 는 것 이 ㄴ가 싶 을 정도 로 문제 가 더럽 지만 수업 그 자체 로 는 그것 보다 얻 어 가 는 것 이 많 다고 느끼 어 지 는 수업,,,,,,,,,,,,,,
인원 도 많 아서 절대평가,,,,,,,,,,,,,,
"""시험 문제 는 OX 랑 단답 형 "," 서술 형 이렇게 나오 았 는데 프린트 꼼꼼히 보 아야 다 맞 을 수 있 다""",,,,,,,,,,,,,,
믿 고 듣 는 정규식 교수 님 수업 공부 량 이 방대하 길 ㄴ 하지만 열심히 노력 하 면 얻 어 가 는 것 이 많 음,,,,,,,,,,,,,,
무엇 보다 도 학생 들 잘 이해 하 아 주 시 고 최대한 맞추 어 주 시 려고 하 고 좋 은 말씀 도 많이 하 아 주 시 어서 하 ㄴ 학기 동안 힐링 하 았 습니다,,,,,,,,,,,,,,
하지만 차라리 관심 분야 교양 을 듣 는다 거나 하 는 것 이 진로 고민 에 는 더 도움 이 되 ㄹ 것 같 다는 생각 이 듣 었 음,,,,,,,,,,,,,,
학점 취득 은 둘째 치고 과목 에 대하 ㄴ 이 해도 를 확 높히 어 주 시 기 때문 에 나중 에 배우 것 이 되 는 과목 으로 들어가 ㄹ 때 도움 이 되 ㄹ 것 으로 보이 ㅁ,,,,,,,,,,,,,,
평소 에 는 배우 ㄹ 수 없 는 유익 하 ㄴ 내용 들 을 많이 배우 었 는데요,,,,,,,,,,,,,,
교수 님 께서 친절 하 시 고 이 분야 에 대하 ㄴ 지식 이 깊 은 것 은 느끼 어 지 는데 그것 과 는 별개 로 그것 ㄹ 설명 하 어 주 는 강의 력 이 매우 뛰어나 신 편 은 아니 라 고 생각,,,,,,,,,,,,,,
번개 가 치 는 과정 이나 고 전압 기기 에서 일어나 ㄹ 수 있 는 문제 들 이나 고 전압 을 만들 수 있 는 회로 에 대하 어 배우 ㄹ 수 있 습니다,,,,,,,,,,,,,,
교수 님 이 알 는 것 은 많 으시 ㄴ데 네트워크 를 처음 배우 는 학생 이 듣기 에 는 따라가 기 어렵 ㄴ 수업 이 에요,,,,,,,,,,,,,,
"""장점 1 엄청 유익 하고 "," 배워가 는 것 이 제일 많 아요""",,,,,,,,,,,,,,
"""교수 님 이 해박 하 시 고 알 는 것 이 많 으시 어서 개인적 으로 공부 에 도움 이 되 었 고 "," 시험 도 수업 시간 에 다루 ㄴ 것 과 해보 라고 하 ㄴ 것 들 에서 나오 기 때문 에 성실히 하 ㄴ다면 좋 은 결과 가지 ㄹ 수 있 을 거라 생각 하 ㅂ니다""",,,,,,,,,,,,,,
.. 그치만 재미있 고 배우 는 것 이 많 은 것 은 확실 하 아요,,,,,,,,,,,,,,
팀 프로젝트 만 빼 면 좋 은 것 같 다,,,,,,,,,,,,,,
퀴즈 는 메일 로 4 번 5 번 정도 주 시 었 고 채점 은 어떻하 게 되 ㄴ 지 는 모르 아 요 실험 + 퀴즈 가 합산 되 어서 평균 이 나오 았 기 때문 에 ... 아무튼 학생 들 배려 하 아 주 시 는 교수 님 으로 기억 에 남 습니다,,,,,,,,,,,,,,
개인적 으로 는 국어학 쪽 에 흥미 가 없 었 는데 의 외로 재미있 고 얻 어 가 ㄹ 것 이 많 은 수업 이 었 어요,,,,,,,,,,,,,,
수업 듣 는 내내 존중 받 는 느낌 이 들 는 수업 계속 듣 고 싶 은 수업 이 지만 교수 님 이 올해 에 도 신입 생 들 대상 으로 하 는 수업 이랑 교양 만 진행 하 ㄴ다고 하 아서 아쉬움 .. 정규 시험 2 번 중간 기말 보 고 중간 중간 마다 단어 시험 진행 2 번 정도 하 는데 공부 하 ㄴ다면 성적 도 그만큼 잘 나오 는 정도 라 걱정 안 하 어 도 되 ㅁ,,,,,,,,,,,,,,
시험 에서 좋 은 성적 을 얻 기 위하 아서 는 수업 때 필기 를 열심히 하 는 것 이 좋 을 것 같 다,,,,,,,,,,,,,,
기업 의 이해 랑 고민하 듣 었 는데 확실히 꿀 이 기 ㄴ 하 ㅂ니다 별거 하 는 것 없이 이 학점 얻 어 가 요,,,,,,,,,,,,,,
수업 의 퀄리티 부터 강의 방식 까지 기존 의 타 강의 들 과 는 달리 하나하나 배우 고 가지 ㄹ 것 이 참 많 은 수업 이 ㅂ니다,,,,,,,,,,,,,,
50 분 수업 이 ㄴ 만큼 출석 체크 를 꼼꼼히 하 시 었 던 것 같 고 시험 은 중간 기말 두 번 보 는데 교수 님 이 시험 전 시간 에 짚 어 주 시 는 거만 공부 하 아도 되 ㅁ,,,,,,,,,,,,,,
하지만 그렇 기 때문 에 교수 님 께서 요구 하 시 는 숙제 양도 많 고 많 은 것 과 더불 어 나 의 성적 이 ㄴ 분 들 은 더욱이 그렇 고 나 의 성적 이 지 않 은 분 들 이 라 하 ㄹ지라도 굉장히 귀찮 은 숙제 가 많 습니다,,,,,,,,,,,,,,
독후감 도 쓰 어야 되 고 1 학점 이 ㄴ데 하 아야 되 ㄹ 것 은 짱짱 많 음,,,,,,,,,,,,,,
교수 님 발음 이 안 좋 은 것 은 맞 는데 지나 고 보 니까 시험 은 교수 님 수업 자료 에서 나오 기 때문 에 별로 문제 안 되 ㄴ다고 생각 알 는 것 도 많 으시 고 영상 같 은 자료 도 많이 가지 고 오 시 어서 지루 하 ㄴ 수업 도 아니 ㅁ,,,,,,,,,,,,,,
전반적 으로 러시아 예술 에 대하 ㄴ 교양 을 쌓 는데 많 은 도움 이 되 었 다고 생각 하 ㅁ,,,,,,,,,,,,,,
... 교수 님 이 강의 안 에서 많 은 것 을 알리 어 주시 려다 보 니 양이 무척 많 고 내용 도 좀 뒤죽박죽 되 ㄴ 것 이 아쉽 네요,,,,,,,,,,,,,,
1 학년 때 재미있 고 좋 은 수업 을 듣 어 버리 ㄴ 것 은 아니 ㄴ지 ... 버릇 나쁘 아 지 ㄹ 것 같 네요,,,,,,,,,,,,,,
자신 의 성격 이 완벽 주의 형 이 ㄴ지 아니 ㄴ지 등 의 여부 에 따르 아 공부 방식 을 달리 하 시 거나 공부 방식 을 살짝 다르 게 하 시 ㄴ다면 좋 은 결과 를 얻 을 것 같 습니다,,,,,,,,,,,,,,
수업 준비 도 완벽 하 게 하 아 오 시 고 불편 하 ㄴ 것 하나 도 없이 수업 내용 이 나 한테 도움 이 많이 되 었 고 대학 에 오 아서 3 년 동안 듣 은 수업 중 에서 가장 듣 을 만 하 ㄴ 수업 이 었 다,,,,,,,,,,,,,,
개인적 으로 재귀 함수 부분 을 잘 모르 았 는데 많 은 도움 이 되 었 습니다,,,,,,,,,,,,,,
"""1 학년 수업 보다 부분적 이 ㄴ 내용 을 다루 는 만큼 "," 내용 도 훨씬 깊 고 배우 는 작품 들 도 훨씬 다양 하 아 지 ㅂ니다""",,,,,,,,,,,,,,
"""조 별 로 구성 되 ㄴ 학생 들 의 발표 내용 을 중심 으로 수업 을 진행 ", 부족 하 ㄴ 부분 은 교수 님 의 설명 으로 보충 개인 숙 제 1 번 장점 은 전공 과 관련 되 ㄴ 미래 사회 에 대하 ㄴ 고민 을 계속 하 아서 하 게 만들 어 주 는 수업 ," 단점 은 답 이 정하 아 지 어 있 지 않 기 때문 에 끝맺음 이 아쉽 ㄴ 수업 계속 하 아서 생각하 아 야 하 는 점 팀 프로젝트 1 번 주제 별 조 별 발표 시 험 유형 단답 식""",,,,,,,,,,,,,,
실험 도 재미있 고 후 에 배우 ㄹ 내용 관하 아서 도 어느 정도 지식 습득 에 도움 이 되 ㅂ니다,,,,,,,,,,,,,,
그만큼 몰입 이 잘 되 ㄴ 수업 ... 예시 를 많이 들어주 시 어서 수업 듣기 즐겁 었 다,,,,,,,,,,,,,,
"""좋 은 점 은 공부 도움 되 는 사이트 나 자료 강의 올리 어 주 시 고 ", 이 번 오프라인 수업 어렵 다고 온라인 으로 도 올리 어 주 시 고 ," 무엇 보다 중간 시험 풀이 를 하 아 주 시 ㄴ 것 이 좋 았 음""",,,,,,,,,,,,,,
수업 내용 은 고등학교 때 진로 수업 이랑 차이 가 없 을 정도 로 퀄리티 가 떨어지 며 교수 님 이 말씀 이 엄청 많 으시 어서 피곤 하 다,,,,,,,,,,,,,,
"""시험 문제 난이도 는 중간 랑 기말 차이 가 크 다고 느끼 었 는데 ", 중간 시험 문제 는 고등학교 때 배우 ㄴ 확률 과 통계 ," 수업 시간 에 배우 ㄴ 것 들 만 철저히 공부 하 ㄴ다면 좋 은 성적 을 받 을 수 있 었 지만 기 말 는 배우 ㄴ 이론 을 문제 에 적용 하 는 것 이 어렵 었 어요""",,,,,,,,,,,,,,
다른 분 들 의견 처럼 교수 님 진짜 매력적 이 고 많 은 것 을 배우 ㄹ 수 있 는 수업,,,,,,,,,,,,,,
공부 하 ㄹ 때 ㄴ 화 나 았 지만 그래도 배우 ㄹ 것 이 많 아서 좋 았 어요,,,,,,,,,,,,,,
수업 만들 어도 도움 이 되 나 프로젝트 하 ㄹ 때 는 독학 하 아야 대 는 것 이 아쉽 지만 그래도 전반적 이 ㄴ 수업 이나 실력 향상 에 도움 되 ㅂ니다,,,,,,,,,,,,,,
강의 내용 도 쉽 고 간결 하 게 알리 어 주 시 고 워낙 에 에너지가 넘치 는 분 이 시 어서 오히려 수업 을 통하 아서 얻 어 가 는 것 이 많 았 어요,,,,,,,,,,,,,,
시험 도 수업 시간 에 배우 ㄴ 내용 으로 나오 ㄴ다고 말씀 하 아 주 시 고 어느 부분 나오 ㄹ 것 라는 것 을 알리 어 주 시 는데 느끼 었 던 것 이 실습 하 았 던 내용 위주 로 나오 았 던 것 같 네요,,,,,,,,,,,,,,
중간 중간 에 교수 님 사적 이 ㄴ 얘기 들 도 나 재미 짐 레포트 쓰 는 것 은 귀찮 았 지만 이 분 들 덕분 에 덜 고생 하고 덜 힘들 ㄴ 물리 수업 이 되 었 던 것 같 음,,,,,,,,,,,,,,
얻 어 가 는 것 1 도 없 고 딱 1 학년 과목 에 어울림 많이 치 어 주 어도 2 학년 1 학기,,,,,,,,,,,,,,
평소 에 진도 는 진짜 빨리 나가 시 는 편 이 고 수업 시 간 내내 잡담 없이 계속 수업 만 하 시 는 스타일 이 에 요 교수 님 이 수업 중간 중간 에 엑셀 다루 시 는 데 저 는 그때 마다 수업 안 듣 고 쉬 었 어요,,,,,,,,,,,,,,
.. 수업 들 으면서 얻 은 것 이 하나 도 없 지 ㄴ 않 지만 학점 을 따 는 것 이 아니 라면 알 ㄴ 들 어도 되 ㄹ 것 같 아요,,,,,,,,,,,,,,
1 학점 에 비하 아 하 아야 하 ㄹ 것 이 많 기 는 하 았 지만 그래도 유익 하 ㄴ 수업 이 었 어요,,,,,,,,,,,,,,
뭐 저 가 다 몰아 서 그런 것 겠 죠 .. 아무튼 하 ㄴ 학기 하 면서 나름 기본 교양 도 쌓 은 것 같 고 러시아 에 가 고 싶 은 마음 이 좀 생기 ㄴ 것 같 습니다,,,,,,,,,,,,,,
.. 전 얻 은 것 이 로 많 은 수업 이 었 거든요,,,,,,,,,,,,,,
수업 시간 이외 에 자신 의 진로 에 대하 어 생각 하고 활동 하 ㄹ 여유 가 많 다면 추천,,,,,,,,,,,,,,
딱히 어렵 ㄴ 것 은 없 고 교수 님 이 정보 를 매 어 주 마다 알리 어 주 시 어서 생각 보다 는 얻 어 가 는 것 이 있 었 지만 교수 님 말씀 하 시 는 것 이 힘겹 ㄹ 때가 다소 있 었 어요,,,,,,,,,,,,,,
처음 에 조 별 로 랜덤 지정석 에 앉 게 되 고 지정석 이 1 학기 동안 너 의 자리 야 일단 조원 듣 을 잘 만나 야 1 학기 동안 재미있 는 수업 이 되 고 아니 면 좀 지루 하 ㄹ 수 도 있 어 중간 중간 에 뭐 쓰 라는 것 많 은 것 랑 파일 에 활동 지 채우 어야 되 는 것 빼 고 는 2 학점 에 PF 과목 이 라 감수 하 ㄹ 만 하 다,,,,,,,,,,,,,,
개인적 으로 배우 ㄹ 점 이 많 고 설명도 핵심 만 전달 하 아 주 시 어서 좋 았 음,,,,,,,,,,,,,,
근데 어렵 ㄴ 만큼 또 유익 하고 깊 게 생각 하 는 계기 가 되 어서 저 는 좋 았 어요,,,,,,,,,,,,,,
초반 에 는 원론적 이 ㄴ 사회학 을 배우 고 뒤 로 갈수록 정신분석학 에 대하 아서 배우 는 강의 로 이런 것 에 관심 이 많 다면 타 전공자 들 도 수 강해 도 좋 을 듯 하 다,,,,,,,,,,,,,,
그래도 수업 은 재미있 게 진행 하 시 고 적극적 으로 참여 하 시 면 배우 어 가 ㄹ 것 도 많 고 생각 도 많이 하 게 되 는 수업 이 에요,,,,,,,,,,,,,,
강의 교안 과 강의 내용 이 다른 경우 가 종종 있 는 것 으로 보 아 강의 준비 를 따로 하 시 는 것 같 지 는 않 고 본인 논문 많이 쓰 시 고 다른 연구 에 시간 투자 를 많이 하 시 는 것 같 습니다,,,,,,,,,,,,,,
고등학교 정보 수업 같 아 용 스크래치 랑 파이 썰 ㄴ 하 는데 저 는 너무 재미있 었 답니다,,,,,,,,,,,,,,
또 다른 문제 는 시험 을 많이 보 는데 반대 로 생각 하 면 배우 ㄴ 것 이 오래 가 ㄹ 것 같 음,,,,,,,,,,,,,,
또한 교수 님 께서 전문가 이상 으로 많 은 지식 을 갖추 고 계시 고  또한 훌륭 하 아서 많 은 지식 을 얻 어 가 ㄹ 수 있 음,,,,,,,,,,,,,,
본인 이 스파이 나 정보 공작 에 관심 이 많 거나 암기력 좋 은 스타일 이 라면 추천 하 ㅁ,,,,,,,,,,,,,,
"""좋 으시 ㄴ 교수 님 과 함께 하 았 던 강의 "," 수업 내용 도 도움 되 고 이런 것 이 대학 강의 가 아니 ㄹ까라는 생각 을 하 았 습니다""",,,,,,,,,,,,,,
열심히 하 면 얻 어 가 는 것 이 많 으나 대신 진짜 열심히 하 아야 하 ㅁ,,,,,,,,,,,,,,
내용 자체 가 흐름 이 끊어지 면 이해 가 어렵 ㄴ 부분 이 많 아서 화장실 가 는 것 조차 참게 되 ㅁ,,,,,,,,,,,,,,
별로 어렵 지 않 아서 처음 하 시 는 분 들 도 수업 시간 에 열심히 참여 하 면 좋 은 등급 받 을 수 있 을 것 같 아 요 추천 하 ㅂ니다,,,,,,,,,,,,,,
팀 숙제 는 많 은 팀 들 이 교수 님 이 요구 하 시 는 수준 보다 많 은 것 을 해 가 려 하 는 경향 이 있 는데 변별력 이 크 지 않 으니 하 았 다 는 데 의의 를 두 시 고 양식 말 ㄴ 지켜 적당히 하 시 면 되 ㅂ니다,,,,,,,,,,,,,,
정도 배우 ㄴ다고 생각 하 면 좋 음,,,,,,,,,,,,,,
대학 수업 에 기대 되 는 방식 이 ㅂ니다,,,,,,,,,,,,,,
수업 을 강 약 조절 없이 하 ㄴ 패턴 으로 계속 가 시 는데 그만큼 흥미 도 떨어지 고 수업 내용 자체 를 따라가 기 힘들 게 만들 ㅂ니다,,,,,,,,,,,,,,
수업 내용 자체 도 배우 ㄹ 것 이 많 지만 교수 님 이 해주시 는 수업 외 이야기 도 재미있 고 배우 ㄹ 점 이 많 음,,,,,,,,,,,,,,
"""조 별 로 얘기 하 는 활동 이 많 은데 같 은 학년 ", 다른 과 친구 들 과 만날 수 있 어 개인적 으로 좋 다고 생각 하 지만 ," 조원 들 과 안 맞 는다면 이 수업 은 재미 가 없 을 듯""",,,,,,,,,,,,,,
교수 님 이 진짜 알 는 것 이 많 으시 어서 수업 내용 도 유익 하 았 고 수업 도 열정적 으로 하 시 ㅂ니다,,,,,,,,,,,,,,
더 크 ㄴ 문제 는 이것 이 대학 강의 이 ㄴ지 의심 스럽 ㄹ 수준 .... 계속 온라인 강의 를 재탕 하 시 는 것 같 은 데 강의 에 대하 ㄴ 성의 가 전혀 없 음,,,,,,,,,,,,,,
초반 에 는 고 3 수학 같 아서 하 ㄹ 만하 겠 다고 생각하 았 으나 가 면 갈수록 복습 과 문제 풀이 의 필요 성 을 느낌 .. 숙제 는 하 ㄴ 단원 이 끝나 면 연습 문제 를 그 다음 시간 에 풀 어 가 아서 랜덤 으로 호명 되 는 학생 이 칠판 에서 문제 풀이 하 는 거인 데 이 것 열심히 하 아 가 면 중간 기말 준비 하 는데 도움 이 많이 되 ㅁ,,,,,,,,,,,,,,
강의 내용 외 에 개인적 이 ㄴ 이야기 많이 하 시 었 지만 부모 님 께 감사 드리 는 마음 같 은 좋 은 이야기 많이 하 아 주 시 어서 상관 없 었 다,,,,,,,,,,,,,,
그래도 나름 제스 치 어 나 쓰 는 방식 을 배우 ㄴ 것 같 아 나중 에 발표 하 ㄹ 때 도움 이 되 ㄹ 것 같 음,,,,,,,,,,,,,,
잘 가르치 시 고 배워가 는 것 이 있 는 수업 진짜 교양 이 고 생각 하 게 되 고 수업 을 들 었 다는 생각 이 들 는 수업 이 ㅂ니다,,,,,,,,,,,,,,
그래도 얻 어 가 는 정보 도 있 고 학점 말 ㄴ 챙기 ㄹ 것 면 추천,,,,,,,,,,,,,,
수업 내용 같 은 경우 에 는 진로 에 대하 ㄴ 이야기 도 되게 많이 해주시 고 학교 프로그램 도 중간 중간 소개 하 아 주 시 어서 되게 유익 하 ㄴ 것 같 아요,,,,,,,,,,,,,,
저 가 여태 까지 듣 은 강의 중 가장 좋 았 고 보람차 고 수업 듣 는 것 이 즐겁 었 던 수업 이 ㅂ니다,,,,,,,,,,,,,,
강의 를 통하 아 배우 ㄹ 수 있 는 것 은 많이 없 는 것 같 습니다,,,,,,,,,,,,,,
"""하지만 진지 하 게 들 으면 유익 하고 "," 많이 배우 어 가 ㄹ 수 있 을 거라고 생각 하 ㅂ니다""",,,,,,,,,,,,,,
"""장 교수 님 강의 가 늘 그렇듯이 "," 힘들 ㄴ 만큼 얻 어 가 는 것 은 많 은 강의 라고 생각 하 ㅂ니다""",,,,,,,,,,,,,,
다만 확실 하 ㄴ 것 은 교수 님 께서 수업 에 대하 ㄴ 열정 하나 만큼 은 뛰어나 시기 에 수업 을 통하 아서 무엇 ㄴ가 를 많이 배우 ㄴ다는 것 보다 는 전반적 이 ㄴ 경영학 의 이 해 를 배우 고 스스로 공부 하 아 나가 며 발전 하 는 타입 이 ㄴ 사람 들 에게 는 수업 이 맞 을 수 도 있 을 것 같 습니다,,,,,,,,,,,,,,
다만 출 튀 족 들 이 개 많 았 고 교수 님 도 마지막 시간 에 이 부분 에 대하 아서 인지 는 하 셨 으나 일부러 출석 을 두 번 부르 지 않 으시 었 다고 ...,,,,,,,,,,,,,,
교수 님 께서 철저 하 게 준비 하 시 고 강의 력 도 좋 으시 다,,,,,,,,,,,,,,
개인적 으로 악명 높 은 디 구 교수 님 의 수업 도 들 어 보 았 는데 오히려 디 구 교수 님 이 학점 도 잘 주 시 고 수업 도 훨씬 재미있 고 학생 들 끼리 도 더 친하 아 지 ㄴ 것 같 아요,,,,,,,,,,,,,,
"""4 저 는 개인적 으로 국제 경영 에 대하 어 많이 배우 ㄴ 것 같 아서 좋 았 는데 "," 호불호 가 많이 갈리 ㄹ 수업 이 라 잘 생각 하 시 고 수강 신청 하 면 좋 을 것 같 아요""",,,,,,,,,,,,,,
그리고 범위 가 많 다는 데 솔직히 페이지 수만 많 지 중간 중간 건너뛰 는 것 도 많 고 그래프 나 그림 그런 것 다 빼 면 어 마 어마 하 ㄴ 정도 는 아니 ㅁ,,,,,,,,,,,,,,
"""저 는 프랑스 도 모르 고 예술 쪽 도 전혀 모르 았 는데 "," 프랑스 예술 에 대하 어 알 아 가 ㄹ 수 있 는 수업 이 라 재미있 었 고 교양 이 쌓이 었 어요""",,,,,,,,,,,,,,
"""1 번 은 설치 ", 2 번 은 부트 로더 , 3 번 은 키보드 인터 트 와 PCB , 4 번 은 스케쥴 링 , 5 번 은 메모리 , 6 번 은 파일 시스템 , 7 번 은 시스템 콜 ," 8 번 은 파일 시스템 INDIRECT I NODE BLOCK 에 관하 ㄴ 주제 로 나오 았 으며 2 개 정도 가 어렵 고 3 개 정도 가 까다롭 고 나머지 는 쉽 습니다""",,,,,,,,,,,,,,
수업 에 관하 아서 는 아무것 도 배워가 는 것 이 없 지만 발표 한번 외 에 는 아무것 도 준비 안 하 어 도 되 어서 좋 기 는 하 ㅂ니다,,,,,,,,,,,,,,
숙제 는 좀 있 는 편 이 ㄴ데 열심히 하 아 가 면 하 아 가 ㄴ 만큼 좋 은 성적 얻 어 가 ㅁ,,,,,,,,,,,,,,
총점 이 1 이 과목 을 이 교수 님 에게 수강 하 아 좋 은 점수 맞 는 것 보다 다른 과목 선택 하 아 A 맞 는 것 을 추천 하 ㄴ 다 가르치 시 는 것 랑 나오 는 것 이 왜 이렇게 다른 지 다른 과목 시험 보 는 느낌 이 다,,,,,,,,,,,,,,
이 강의 또한 열심히 노력 하 면 점수 도 잘 받 고 실력 도 기 를 수 있 는 강의 이 ㅂ니다,,,,,,,,,,,,,,
그래 어서 이 ㄴ가 A 0 에서 A + 로 오르 아 감 별은 잡다 하 ㄴ 얘기 를 많이 하 시 어서 하 나 빼 ㅁ,,,,,,,,,,,,,,
필기 량 많 고 수업 이 빡 세 기 는 하지만 수업 내용 이 흥미 롭 고 또 배우 어 가 ㄴ다는 느낌 을 많이 받 았 어요,,,,,,,,,,,,,,
그래도 다양 하 ㄴ 학과 에서 오 ㄴ 수강 생 분 들 과 많 은 의견 교류 를 하 고 다양 하 ㄴ 관점 과 배경지식 을 배우 ㄹ 수 있 어서 좋 았 습니다,,,,,,,,,,,,,,
"""저 는 컴퓨팅 언어 에 대하 ㄴ 개념 이 어느 정도 있 는 상태 여서 개념 을 다른 언어 에 적용 시키 기 만 하 는 상태 라 굉장히 쉽 었 습니다 만 "," 처음 배우 시 는 분 들 에게 는 좀 버겁 ㄴ 강의 이 었 을 수도 있 습니다""",,,,,,,,,,,,,,
"""교수 님 께서 즉석 에서 발표 보충 하 아 수업 진행 하 시 는 만큼 지식 이 풍부 하 시 고 "," 얻 어 가 는 것 이 많 은 수업 이 ㅂ니다""",,,,,,,,,,,,,,
"""실용 중국어 표현 을 많이 배우 ㄹ 수 있 는 기회 이 었 고 "," 또 여러 중국인 친구 들 과 중국어 로 이야기 하 면서 많 은 표현 을 배우 고 어휘력 도 늘 수 있 는 좋 은 기회 이 었 음""",,,,,,,,,,,,,,
"""온라인 수업 관련 개선 사항 다양 하 ㄴ 사람 들 과 친하 아 지 는 것 도 기대 하고 수강 신청 을 하 ㄴ 것 이 ㄴ데 "," 비 대면 으로 진행 되 어 아무래도 조원 들 과 친하 아 지 지 못하 ㄴ 것 같 아 아쉽 었 다""",,,,,,,,,,,,,,
그 시간 동안 얻 어 가 는 것 이 많 아 좋 은 수업 이 라고 생각 하 았 습니다,,,,,,,,,,,,,,
하 ㄴ 학기 동안 수업 은 즐겁 게 잘 들 었 던 것 같 아요,,,,,,,,,,,,,,
저 는 음악 미술 영화 등 예술 에 관심 이 많 았 어서 부담 없이 유익 하 게 들 었 습니다,,,,,,,,,,,,,,
정보 에 관련 되 ㄴ 파트 를 배우 고 수업 방식 은 교수 님 이 판서 하 는 내용 을 바탕 으로 진행 되 ㅁ,,,,,,,,,,,,,,
교수 님 도 좋 으시 고 얻 어 가 는 것 도 많 은 수업 이 니 꼭 듣기 를 추천 하 ㅂ니다,,,,,,,,,,,,,,
팀 프로젝트 이 스트레스 였 길 ㄴ 하지만 전반적 으로 ㄴ 얻 어 가 는 것 이 많 고 편하 았 던 수업,,,,,,,,,,,,,,
교수 님 은 호탕 하 시 고 좋 으시 나 시험 이 많 아서 힘들 었 음,,,,,,,,,,,,,,
전체적 으로 무난 하 ㄴ 수업 이 고 목소리 가 살짝 졸리 시 기 는 한데 배우 는 것 이 많 은 수업,,,,,,,,,,,,,,
무엇 보다 열심히 가르치 어 주 시 어서 배우 어 가 ㄹ 것 이 많 았 음,,,,,,,,,,,,,,
"""수업 은 조 별 로 이루 어 지 는데 "," 조원 을 나누 는 것 이 STVN 이 라는 어플 로 자기 자신 에 대하 어 알 고 나 는 후 다른 친구 들 과 얼마나 맞 는지 대치 하 아서 성향 이 맞 는 친구 들 끼리 같 은 조가 되 는데 수업 을 하 면서 성향 이 같 다고 느끼 ㄴ 적 은 없 었 음""",,,,,,,,,,,,,,
"""어떤 곳 이 창의적 환경 이 ㄴ지 를 주변 에서 찾아보 고 ", 창의적 이 라고 생각 하 는 이 유 근거 를 생각 하 기 ' 효과적 이 ㄴ 학습 전략 ' 은 무엇 이 ㄴ지 , 나 가 사용 하 는 학습 전략 은 무엇 인지 에 대하 여 생각 하 기 어떤 사람 이 창의적 이 ㄴ 리더 라고 생각 하 는지 ," 나 가 닮 고 싶 은 창의적 이 ㄴ 리더 는 누구 이 ㄴ지 를 이 유 근거 와 함께 생각 하 기 강제 결합 법 을 활용 하 아 자신 만 의 창의적 아이디어 산출물 만들 기 창의적 사고기 법 을 활용 하 ㄴ 자신 만 의 창의적 아이디어 상품 개발 하 기 자신 만 의 창의적 이 ㄴ 명함 만들 기 등 의 숙제 를 수행 하 시 어서 워드 파일로 숙제 제출 하 는 것 이 19""",,,,,,,,,,,,,,
"""다음번 에 같 은 강의 가 생기 ㄴ다면 "," 진득 하 게 하 ㄴ 언어 에 대하 아서 배우 는 강의 가 되 었 으면 하 ㅂ니다""",,,,,,,,,,,,,,
교과서 를 배우 ㄴ 다기 보다 는 교수 님 이 알 고 계시 는 국제 경영 지식 을 배우 ㄴ다는 것 이 더 맞 는 말 이 ㄴ 것 같 음,,,,,,,,,,,,,,
저 는 숙제 를 저 의 때 제때 하 아서 공부 하 는 데 에 크 ㄴ 무리 는 없 었 지만 그래도 대면 일 때 더 편하 ㄹ 것 같 아 요 안 미루 고 하 ㄹ 자신 없 으시 면 대면 일 때 들 으시 어요,,,,,,,,,,,,,,
강의 력 이 좋 으시 고 대학 에서 교양 답 은 교양 을 배우 ㄹ 수 있 는 시간 임 예술 에 관심 이 조금 이 라도 있 는 사람 이 라면 흥미 롭 게 배우 ㄹ 수 있 다고 생각 하 ㅁ,,,,,,,,,,,,,,
진짜 수업 은 좋 은데 학점 생각 하 면 안 되 는 수업 이 에 요 근데 얻 어 가 는 것 은 많 고 대학 수업 이 구나 싶 은 수업 이 기 는 하 아요,,,,,,,,,,,,,,
"""다 들 공부 량 많 다고 피하 는 경향 이 있 는데 ", 대학원 식 수업 방식 을 취하 고 계시 어서 공부 하 ㄹ 것 들 이 많 은 것 은 맞 지만 그만큼 얻 어 가 ㄹ 수 있 는 것 도 많 고 ," 공부 하 기 힘들 ㄴ 부분 에 있 어 교수 님 께 질문 하 면 그 질문 들 다 잘 받 아 주 시 고 학점 도 공평 하 게 주 시 려 노력 하 시 기 때문 에 대학교 생활 제대로 해보 고 싶 다면 들 어 보 는 것 을 추천 하 ㄴ 다 처음 에 는 수업 못 따라가 고 헤매 었 었 는데 한 번 흐름 파악 하 면 자연 스럽 게 따라가 ㄹ 수 있 다""",,,,,,,,,,,,,,
"""수업 하 는 과정 에서 배우 ㄹ 것 도 많 고 "," 도움 이 되 었 습니다""",,,,,,,,,,,,,,
중간 기말 보다 산발적 이 ㄴ 퀴즈 있 는 것 이 다소 부담 스럽 ㄹ 수 도 있 겠 으나 실력 향상 에 는 도움 되 는 듯,,,,,,,,,,,,,,
팀 프로젝트 많 앗 지만 얻 어 가 ㄹ 것 많 은 수업 임 교수 님 강의 방식 이 깔끔 하고 핵심 위주 이심,,,,,,,,,,,,,,
없 는 설명 과 풀이 에 감탄 하 ㄹ 정도 단점 은 학생 들 에 대하 ㄴ 기대감 이 높 으시 어서 기 대치 에 못 미치 면 격 하 아 지 시 고 또 학점 을 박하 게 주 시 ㄴ 다 교수 님 께서 알 는 것 이 많 으시 어서 배우 는 학생 의 입장 에서 ㄴ 벅차 고 힘들 다고 느끼 어 지 ㄹ 수 있 지만 하 ㄴ 학기 버티 고 돌아보 면 아 우리 를 아끼 고 생 각 하 아 주 시 었 구나 깨닫 게 되 ㄴ다 다른 학과 는 수학 과 교수 님 들 이 가르치 어 주시 지만 우리 학과 는 학과 교수 님 께서 직접 가르치 어 주 시 ㄴ다는 것 이 얼마나 크 ㄴ 고마움 이 ㄴ지 후배 들 이 수강 하고 깨 달 았 으면 좋 겠 다,,,,,,,,,,,,,,
그리고 1 교시 수업 이 었 는데 저희 힘들 까 보 아 배려 하 아 주 시 어서 20 분 늦 게 시작 하 는 것 도 교수 님 이 학생 들 생각 잘 하 아 주 시 ㄴ다고 생각하 아 요,,,,,,,,,,,,,,
.. 교수 님 자체 도 착하 시 고 친절 하 게 가르치 어 주시 지만 개인적 으로 이과 생 이 지만 고등학교 때 뭐 프로그래밍 .. 코딩 ... 이런 것 한 번 도 접하 아 보 ㄴ 적 없 는데 도 재미있 게 열심히 잘 배우 ㄹ 수 있 었 어요,,,,,,,,,,,,,,
"""하지만 배우 ㄴ 것 도 많 고 "," 교수 님 께서 수업 시간 에 알리 어 주 시 는 유익 하 ㄴ 정보 도 많 은 도움 이 되 ㅂ니다""",,,,,,,,,,,,,,
조 와 용 조 와 용 조 와 용 조 와 용 조 와 용 조 와 용 조 와 용 조 와 용 조 와 용 조 와 용 조 와 용 조 와 용 조 와 용 조 와 용 조 와 용 조 와 용 조 와 용 조 와 용 조 와 용 조 와 용 조 와 용 조 와 용 조 와 용 조 와 용 조 와 용 조 와 용 조 와 용 조 와 용 조 와 용 조 와 용 조 와 용 조 와 용 조 와 용 조 와 용 조 와 용 조 와 용 조 와 용 조 와 용 조 와 용,,,,,,,,,,,,,,
듣 고 나 면 나 에게 남 는 것 이 많 은 수업 항상 인원 이 적 어 학점 따 기 는 힘들 었 지만 열심히 하 면 하 ㄴ 대로 나오 ㅁ,,,,,,,,,,,,,,
그만큼 얻 어 가 는 것 이 많 고 중요 하 ㄴ 과목 이 라 공부 많이 하 는 것 이 좋 음,,,,,,,,,,,,,,
물론 대학교 까지 오 아서 고등학교 식 수업 을 진행 하 는 것 같 은 느낌 이 들 었 으며 심지어 고등학교 수업 내용 보다 질 이 더 안 좋 았 던 것 같 음,,,,,,,,,,,,,,
"""강의 력 은 좋 으시 나 굉장히 빨리 나가 시 고 필기 량 최고 ", , ," 저 는 머리 가 안 좋 아서 힘들 었 는데 머리 좋 으시 면 남 는 것 도 많 고 좋 은 강의 같 아요""",,,,,,,,,,,,,,
아랫 분 강의 평 에서 출 결 관련 한 문제 가 있 었 는데 확실히 출 결 관련 하 아서 혼동 스럽 었 던 학생 들 이 많 았 던 것 으로 보이 고 지각 도 가끔 하 시 고 숙제 를 내주 시 는 것 도 좀 애매 하 ㄴ 것 도 있 고 약속 을 지키 시 지 않 는 경우 가 있 지만 그래도 기본적 으로 수업 때 수강 학생 중 제대로 듣 는 학생 은 40 푸 어 정도 이 지만 열심히 수업 하 시 ㅁ,,,,,,,,,,,,,,
사담 이 잦 아서 개인적 으로 집중 하 기 힘들 ㄴ 수업 이 었 음,,,,,,,,,,,,,,
.. 주제도 그렇 고 목소리 도 그렇 고 잠 이 오 ㄹ 수 밖에 없 는 수업 이 길 ㄴ 한데 예술 분야 에 관심 많 으시 면 좋아하 시 ㄹ 수업 은 확실히 맞 는 것 같 습니다,,,,,,,,,,,,,,
이번 학기 에 듣 은 수업 중 가장 좋 았 던 수업 이 ㅂ니다,,,,,,,,,,,,,,
..... B + 만 나오 아도 좋 을 것 같 았 는데 A + 나오 ㅁ,,,,,,,,,,,,,,
열심히 참여 하고 하 면 도움 은 많이 되 ㄹ 터 이 ㄴ데 ... 그놈 의 학점 이 무엇 이 ㄴ지 1 학점 짜리 수업 은 1 학점 수준 으로 대충 하 아서 점수 잘 받 고 싶 은 못나 ㄴ 심리,,,,,,,,,,,,,,
배우 려고 노력 하 ㄴ다면 많이 얻 어 가 ㄹ 수 있 는 수업 이 ㅂ니다,,,,,,,,,,,,,,
취업 관련 에서 도움 을 얻 는 것 보다 다른 과 사람 들 이랑 만나 고 얘기 하 ㄹ 수 있 는데 이 수업 의 가장 크 ㄴ 메리트 라고 생각하 ㄴ 다,,,,,,,,,,,,,,
"""학생 들 이 어떻하 게 하 면 더 배우 어 가 ㄹ 수 있 을까 고민하 것 이 보이 고 "," 수업 이 지루 하 지 않 습니다""",,,,,,,,,,,,,,
"""수업 시간 에 흥미 로 울 ㄴ 내용 도 많이 배우 고 "," 교수 님 께서 수업 과 관련 하 아 매 수업 시간 마다 하나 하나 피드백 을 받 으시 어서 다음 수업 시간 에 어떻하 게 하 겠 다라고 말씀 하 아 주 시 어서 좋 았 습니다""",,,,,,,,,,,,,,
무엇 ㄴ가 하 는 것 이 많 은 수업 이 ㄴ데 열심히 하 면 그만큼 학점 은 받 아 가 ㄹ 수 있 는 수업 이 ㅁ,,,,,,,,,,,,,,
파이팅 이 넘치 시 고 교수 님 이 기초 를 가르치 시 는 능력 이 뛰어나 신 분 이 라서 얻 어 가 는 것 이 많 습니다,,,,,,,,,,,,,,
강의 듣 을 때 는 굉장히 힘들 었 는데 지금 보 니 유익 하고 도움 많이 되 는 강의 였 어요,,,,,,,,,,,,,,
교수 님 께서 는 수업 내용 에 대하 ㄴ 학생 들 의 자유로 울 ㄴ 의견 개진 과 발표 내용 에 대하 ㄴ 열띠 ㄴ 토론 이 이루어지 기 ㄹ 바라 시 는 것 같 지만 그런 분위기 를 만들 려고 하 지 ㄴ 않 으시 기 때문 에 수업 의 참여 가 일부 학생 에게서 만 이루어지 ㅂ니다,,,,,,,,,,,,,,
"""굳이 알 ㄴ 들 어도 되 ㄹ 수업 이 ㄴ 것 같 아 요 페스 페일 이 어도 지루 하고 뻔하 ㄴ 얘기 들 도 많 고 "," 물론 정보 알리 어 주 시 는 것 에 있 어서 얻 어 가 는 것 이 많 은 학생 들 도 있 는 것 같 습니다""",,,,,,,,,,,,,,
"""물론 원어 수업 에 학점 도 잘 딸 수 있 는 가 "," 나 반 이 학점 따 기 는 더 쉽 ㄹ 수 있 겠 지만 많 은 것 을 배우 고 유익 하 게 얻 어 가 ㄹ 수 있 었 던 수업 이 라고 생각 하 ㅂ니다""",,,,,,,,,,,,,,
4 차 산업혁명 에 관 란 다양 하 ㄴ 주제 로 발표 하고 토론 하 는 수업 숙제 는 한 번 처음 에 ㄴ 하 ㄹ 것 이 생각 보다 많 아서 귀찮 았 는데 스스로 하 는 부분 이 많 아서 배우 ㄴ 것 들 이 가장 오래 기억 에 남 을 수업 토론 못하 는 사람 들 에게 ㄴ 조금 힘들 수 있 음,,,,,,,,,,,,,,
"""시험 문제 도 딱히 고민 하 아서 내신 것 같 지 않 고 막 내신 느낌 도 나 고 "," 제일 별로 였 던 것 은 제일 마지막 사업 계획서 발표 시 발표 팀 순서 에 따라서 유동적 이것 이 발 표 시간 조절 하 시 고 질의 응답 갯수 제한 하 시 던 것 ... 개인적 으로 다시 는 이 교수 님 수업 은 알 ㄴ 듣 을 듯 하 ㅂ니다""",,,,,,,,,,,,,,
숙제 발표 팀 프로젝트 없 고 수업 내용 도 알차 고 재미있 게 수업 하 시 ㅁ,,,,,,,,,,,,,,
다른 전공 은 수식 에 넣 을 줄 알 면 A + 나오 았 는데 생각 을 하 아야 하 는 과목 이 라 나름 학점 얻 기 도 힘들 었 음,,,,,,,,,,,,,,
경영 전반적 이 ㄴ 지식 을 얻 고 싶 은 분 들 께 추천 하 아요,,,,,,,,,,,,,,
.. 그래도 저 는 나름 재미있 었 고 얻 어 가 ㄹ 것 이 많 은 수업 이 라고 생각 하 ㅂ니다,,,,,,,,,,,,,,
수업 이 조금 산만 하지만 그래도 쉽 게 설명 하 아 주 시 어서 이해 하 기 쉽 었 음,,,,,,,,,,,,,,
"""또한 수업 이 지루 하 아 지 ㄹ 여지 가 많 은데 토론 을 하 거나 ", 평가 하 거나 ," 영상 을 시청 하 는 등 학생 들 을 배려 하 시 ㄴ 내용 도 많 은 것 같 아요""",,,,,,,,,,,,,,
그래도 다른 교수 님 들 에 비하 아 발표 시간 이 짧 아서 외우 ㄹ 내용 도 다른 교수 님 한테 수업 듣 는 친구 들 보다 적 어서 좋 았 습니다,,,,,,,,,,,,,,
시험 에 대하 ㄴ 부담 이 없 고 진로 에 대하 어 고민 하 ㄹ 수 있 었 던 유익 하 ㄴ 수업,,,,,,,,,,,,,,
수업 같 은 경우 에 대부분 교수 님 께서 올리 어 주 시 는 자료 에 다가 그 내용 의 이 해 에 도움 이 되 ㄹ 만 하 ㄴ 영상 을 수업 시간 에 보여주 시 는 방식 으로 진행 되 ㅂ니다,,,,,,,,,,,,,,
저 는 운 이 좋 게 좀 성적 이 낮 은 애 들 이랑 듣 어서 A 받 은 것 같 아 요 다른 두 반 은 성적 엄청 높 아서 겅쟁 치열 하 ㄴ데 제거 듣 은 반 은  1 학년 이 좀 많 은 것 같 더라구 요 교수 님 도 진짜 좋 습니다,,,,,,,,,,,,,,
교수 님 .. 좋 은 분 이 시 기 는 한데 숙제 폭탄 이 고 배우 는 것 이 많 아서 좀 정신 없 었 습니다,,,,,,,,,,,,,,
"""법 ", 사회 , 과학 ," 역사 하 ㄹ 것 없이 페미니즘 과 연관 되 ㄴ 다양 하 ㄴ 주제 들 에 대하 어 배우 고 생각하 아 보 ㄹ 수 있 는 과목 이 었 습니다""",,,,,,,,,,,,,,
팀 프로젝트 도 크 게 힘들 지 않 아서 쉽 게 쉽 게 풀 어 가 았 고 ... 다만 수업 이 좀 지루 하고 시험 을 다 들 잘 보 아서 학점 따 기 가 힘들 ㄴ 것 같 다,,,,,,,,,,,,,,
수업 시간 에 여러 정보 들 을 알리 어 주 시 는 점 이 재밌 고 좋 습니다,,,,,,,,,,,,,,
중간 는 확률 과 통계 의 느낌 이 었 다면 기말 는 많 은 공식 과 비슷 하 ㄴ 내용 이 많 아 많이 부담 이 되 었 던 것 같 아요,,,,,,,,,,,,,,
학점 취득 은 둘째 치고 과목 에 대하 ㄴ 이 해도 를 확 높히 어 주 시 기 때문 에 나중 에 배우 것 이 되 는 과목 으로 들어가 ㄹ 때 도움 이 되 ㄹ 것 으로 보이 ㅁ,,,,,,,,,,,,,,
이 미 2 학년 때 배우 었 던 내용 복습 하 는 내용 이 많 고 이 점 에서 저 는 황교 수 님 다른 강의 를 이미 듣 어 보 ㄴ 사람 에게 는 좀 더 유리 하 겠 다는 생각 이 들 었 습니다,,,,,,,,,,,,,,
