하지만 유통 물류 쪽 에 관심 이 조금 이 라도 있 으면 매우 흥미 롭 고 나름 유통 이 어떤 것 이 ㄴ지 가 ㅁ,,,,,,,,,,,,,,
"""물류 유통 에 대하 ㄴ 전반적 이 ㄴ 기초적 이 ㄴ 지식 을 쌓기 좋 았 고 ", 팀 프로젝트 도 힘들 기 는 하 았 지만 ," 고생 스럽 었 지만 보람 은 있 었 음""",,,,,,,,,,,,,,
외부 특강 이 그만큼 가치 가 아 있 다면 좋 겠 는데 음주 운전 하 아서 면허 취소 되 었 다는 이야기 를 자랑 스럽 게 하 는 살인미수 범 이 오 아서 자기 인생 강의 하고 기 타 아 치고 노래 부름 .... 박수 치 어  현 타 아 오 아서 ..... 진짜 뼈 빠지 게 돈 벌어 서 자식 새끼 는 돈 갖 다,,,,,,,,,,,,,,
약간 어렵 ㄹ 수 있 으나 노력 말 ㄴ 하 ㄴ다면 많 은 것 을 얻 어 가 ㄹ 수 있 는 수업,,,,,,,,,,,,,,
근데 그만큼 사람 들 평균 이 높 고 열의 가 많 아서 성적 잘 받 기 는 어렵 어 요,,,,,,,,,,,,,,
교수 님 이 똑똑 하 다는 것 이 느끼 어 지 ㄴ다 C + + 에 대하 어 어느 정도 알 는 상태 로 수업 을 듣 었 는데 디테일 하 ㄴ 면 을 잘 가르치 어 주 시 어서 도움 이 많이 되 었 고 코딩 능력 뿐 만 아니 라 컴퓨터 내부 구조 와 연관 짓 어 서 설명 하 시 어서 이 하 아 가 아 잘 되 었 다,,,,,,,,,,,,,,
"""파이 썰 ㄴ 포기자 이 었 는데 씨 언어 가 오히려 더 쉽 었 고 ", 실기 시험 ," 필기시험 모두 배우 ㄴ 내용 을 확인 하 ㄹ 수 있 게 내주 시 어서 씨 언어 기초 를 배우 는 데 도움 이 많이 되 었 습니다""",,,,,,,,,,,,,,
교수 님 께서 매번 학생 들 눈높이 에 맞추 어서 생각하 아 주 시 고 학생 들 이 미래 에 더 나 은 방향 으로 나아가 도록 도움 을 주기 위하 아 노력 하 시 는 모습 이 돋 보이 어서 좋 았 습니다,,,,,,,,,,,,,,
"""첫 번 째 로 는 수업 의 내용 이 좋 고 유익 하 아서 열심히 듣 게 되 는 수업 이 고 "," 두 번 째 는 수업 의 질 은 상당히 떨어지 지만 교수 님 한테 찍히 면 큰일 나 ㄹ 것 같 아서 어쩌 ㄹ 수 없이 열심히 듣 게 되 는 수업 이 다""",,,,,,,,,,,,,,
자바 를 실무 에서 사용 하 ㄹ 때 실용적 이 ㄴ 패턴 들 을 알리 어 주 어서 언어 의 문법 만 배우 는 다른 수업 보다 더 유용 하 았 다,,,,,,,,,,,,,,
전반적 으로 이번 학기 에서 미디어 학부 에서 듣 을 수 있 었 던 강의 중 개발자 를 지망 하 는 학생 에게 는 가장 괜찮 았 던 강의 였 던 것 같 습니다,,,,,,,,,,,,,,
많이 배우 었 고 강의 도 좋 았 지만 그만큼 시험 어렵 고 깐깐 하 시 ㄴ 듯,,,,,,,,,,,,,,
시험 은 좀 못 보 더라도 얻 어 가 는 것 이 많 으면 다행 이 라고 생각 하 는데 저 는 여기 에 만족 하 아서 그저 좋 은 수업 이 었 습니다,,,,,,,,,,,,,,
시험 은 다소 배우 는 내용 에 비하 아 어렵 고 나 를 컴 파일 러 로 만 드리 어 고 이러 는 것 이 ㄴ가 싶 을 정도 로 문제 가 더럽 지만 수업 그 자체 로 는 그것 보다 얻 어 가 는 것 이 많 다고 느끼 어 지 는 수업,,,,,,,,,,,,,,
"""일주일 에 두 번의 수업 중 한 번 은 이론 수업 "," 한 번 은 실습 수업 이 ㅂ니다""",,,,,,,,,,,,,,
"""솔직히 하 ㄴ 학기 에 얻 어 가 는 것 이 다른 전공 에 비하 아서 그닥 많 지 않 고 "," 무엇 보다 교수 가 이 수업 을 하 ㄹ 만큼 의 충분 하 ㄴ 준비 가 되 어 있 지 않 아 보이 ㅁ""",,,,,,,,,,,,,,
강의 내용 도 자기 의 시간 관리 에 대하 ㄴ 내용 이 어서 자기 계발 하 는데 많 은 도움 이 되 요,,,,,,,,,,,,,,
"""또한 창업 이 라는 주제 에 대하 여 보다 간략 하고 효율적 이것 이 저희 에게 알리 어 주 시 었 고 다양 하 ㄴ 마케팅 방법 ", 소비자 들 의 니즈 를 파악 하 는 방법 , SWOT 분석 ," 사업 계획서 작성 등 등 1 학년 으 로서 배우 ㄹ 수 없 는 내용 들 을 많이 담 아 가 았 던 것 같 습니다""",,,,,,,,,,,,,,
재미있 고 얻 어 가 는 것 이 참 많 은 수업 이 ㅂ니다,,,,,,,,,,,,,,
집중 도 잘 되 고 배우 ㄹ 것 이 많 은 수업 시험 은 배우 ㄴ 것 다 공부 하 아야 하 아요,,,,,,,,,,,,,,
역시 가장 유익 하고 흥미 로웠 던 강의 이 었 습니다,,,,,,,,,,,,,,
배우 ㄴ 이론 을 실제 영화 에 적용 하 아서 분석 하 는 실습 도 하 고 하 아서 더욱 이 하 아 가 아 쉽 었 던 수업 이 었 어요,,,,,,,,,,,,,,
수업 이 어렵 고 난해 하긴 하 았 지만 그만큼 재미있 는 수업 이 었 다,,,,,,,,,,,,,,
처음 듣 었 는데 생각 보다 얻 어 가 는 것 이 많 아서 놀라 ㄴ 수업 .. 엄청 열정적 이 시 고 학생 들 신경 써 주 시 는 것 이 느끼 어 지 ㅁ,,,,,,,,,,,,,,
글쎄 얻 어 가 는 것 이 많이 없 는 것 같 은 강의,,,,,,,,,,,,,,
"""평이 안 좋 아서 걱정 하 았 는데 "," 전공 수업 인 데 도 수업 자체 는 재미있 고 교수 님 도 좋 으시 고 시험 도 분별력 있 고 많이 배우 어 가 ㄹ 수 있 었 던 좋 은 수업 이 었 습니다""",,,,,,,,,,,,,,
미분방정식 라 플라스 변환 행렬 푸리에 급수 까지 다른 공대 에서 배우 는 내용 똑같이 배우 는 데 이 산수 학 위주 로 배우 고 생각 하 던 컴퓨터 쪽 은 배우 ㄹ 때 좀 머리 아픔,,,,,,,,,,,,,,
"""그래도 철학사 를 전체적 으로 훑어보 려면 인식 론 은 꼭 듣 어야 하 는 수업 이 라고 생각하 아 서 듣 었 는데 "," 본인 이 열심히 만 들 으면 만족 스럽 ㄴ 수업 이 다""",,,,,,,,,,,,,,
배우 ㄹ 것 많 은 전공 답 은 수업 이 ㅁ,,,,,,,,,,,,,,
남 은 2 개 중 하나,,,,,,,,,,,,,,
또한 발표 를 하 ㄹ 때 어떤 점 이 좋 고 어떤 점 을 고치 어야 하 하 ㄹ지 잘 알리 어 주 시 어서 도움 이 잘 되 ㅁ,,,,,,,,,,,,,,
수업 내용 은 좀 어렵 다,,,,,,,,,,,,,,
많 은 저 도 꼬박꼬박 다 하 아 가 ㄹ 수 있 을 만큼 가 벼 울 ㄴ 거라 .. 암튼 학점 도 잘 주 시 고 최고 예 용,,,,,,,,,,,,,,
양이 많 기 는 하지만 재미있 게 수업 하 시 ㅁ,,,,,,,,,,,,,,
하지만 공수 는 우리 과 의 많 은 전공과목 에서 기초 가 되 니 얻 어 가 는 것 도 많 고 좋 았 음,,,,,,,,,,,,,,
하 시 려고 하 기 에 힘들 수도 있 는데 남 는 것 도 많 고 유익 하 ㄴ 강의 이 었 습니다,,,,,,,,,,,,,,
디스플레이 에 관심 이 있 는 학생 들 이 들 으면 도움 이 되 고 좋 을 것 같 다,,,,,,,,,,,,,,
법대 복전 을 생각 하고 경험 삼 아 듣 어 보 았 는데 교수 님 이 좋 으시 고 많이 배우 어 가 ㄹ 수 있 어서 좋 았 어요              ,,,,,,,,,,,,,,
보 니 이해 하고 후반 갈수록 얻 는 것 이 많 았 던 수업 질문 도 잘 받 아 주 시 고 시험 도 예상 보다 ㄴ 쉽 었 다              ,,,,,,,,,,,,,,
그런데 지금 도 기억나 는 것 이 참 많 고 얻 어 가 는 것 많 아서 불만 은 안 하 아 요              ,,,,,,,,,,,,,,
수업 준비 도 완벽 하 게 하 아 오 시 고 불편 하 ㄴ 것 하나 도 없이 수업 내용 이 나 한테 도움 이 많이 되 었 고 대학 에 오 아서 3 년 동안 듣 은 수업 중 에서 가장 듣 을 만 하 ㄴ 수업 이 었 다              ,,,,,,,,,,,,,,
강의 내용 도 풍부 하고 재미있 는데 발음 이 안 좋 으시 어서 강의 력 이 떨어지 ㄴ다는 것 이 가장 아쉽 ..              ,,,,,,,,,,,,,,
"""""""교 필 이 라 꼭 듣 어야 하 는 수업 이 라서 그냥 듣기 에 ㄴ 무난 하 ㄴ데   수업 이 그다지 컴퓨팅 적 사고 를 하 기 에 ㄴ 도움 이 안 되 는 것 이 더 아쉽 ㄴ 수업""""              """,,,,,,,,,,,,,,
교수 님 한테 많 은 것 을 배우 ㄹ 수 있 어서 좋 았 습니다              ,,,,,,,,,,,,,,
그래도 교수 님 께서 여러 취업 정보 도 많이 알리 어 주 시 고 유익 하 ㄴ 시간 이 었 어요              ,,,,,,,,,,,,,,
시험 끝 날 때 마다 수고 하 았 다 고 사탕 이나 과자 같 은 것 챙겨주 시 고 학생 들 을 많이 생각하 아 주 는 것 이 눈 에 보이 어 요 굉장히 흥 이 많 으시 ㄴ데 처음 에 는 적응 안 되 지만 나중 에 는 적응 되 어서 재미있 었 어요              ,,,,,,,,,,,,,,
"""""""나 는 이 과목 이 상당히 어렵 어 서 싫어하 았 고 점수 도 자 ㄹ 나오 지 않 은 과목 이 었 지만 그나마 윤 재 하 ㄴ 교수 님 의 강의 를 듣 어서 얻 어 가 ㄴ 것 도 있 고   나름 재미있 게 하 ㄴ 것 같 았 다""""              """,,,,,,,,,,,,,,
대신 진도 가 빠르 니까 그만큼 많 은 양 을 얻 어 가 ㄹ 수 있 는 거라고 생각하 ㄴ 다              ,,,,,,,,,,,,,,
진짜 제대로 공부 하 ㄹ 생각 있 으면 학점 따 기 두 쉽 고 얻 어 가 는 것 도 많 음              ,,,,,,,,,,,,,,
교양 에서 뭘 얻 어 가 려는 것 은 기대 하 지 말자 특히 PF 과목 에서 는              ,,,,,,,,,,,,,,
친절 하 시 고 배우 는 것 이 많 은 수업 외국어 강좌 로 적극 추천 하 ㅂ니다              ,,,,,,,,,,,,,,
귀엽 게 생기 시 ㄴ 듯 수업 준비 많이 하 시 고 기본적 으로 알 는 것 이 많 으시 ㄴ 것 같 음              ,,,,,,,,,,,,,,
이번 학기 는 소수 여서 더 만족 스럽 ㄹ 수 있 었 던 것 같 다              ,,,,,,,,,,,,,,
완전 최고 에 요 힘들 기 는 하지만 그만큼 얻 어 가 ㄹ 수 있 는 것 이 많 은 수업 이 ㅂ니다              ,,,,,,,,,,,,,,
시험 많 고 퀴즈 많 기 는 하 어 도 도움 되 ㅂ니다              ,,,,,,,,,,,,,,
수업 내내 유익 하고 흥미 로 울 ㄴ 강의 를 진행 하 았 고 조 모임 역시 여러 지원 을 하 아 주 시 어서 즐겁 게 마무리 하 았 습니다              ,,,,,,,,,,,,,,
뭐 저 가 다 몰아 서 그런 것 겠 죠 .. 아무튼 하 ㄴ 학기 하 면서 나름 기본 교양 도 쌓 은 것 같 고 러시아 에 가 고 싶 은 마음 이 좀 생기 ㄴ 것 같 습니다              ,,,,,,,,,,,,,,
딱히 어렵 ㄴ 것 은 없 고 교수 님 이 정보 를 매 어 주 마다 알리 어 주 시 어서 생각 보다 는 얻 어 가 는 것 이 있 었 지만 교수 님 말씀 하 시 는 것 이 힘겹 ㄹ 때가 다소 있 었 어요              ,,,,,,,,,,,,,,
처음 에 조 별 로 랜덤 지정석 에 앉 게 되 고 지정석 이 1 학기 동안 너 의 자리 야 일단 조원 듣 을 잘 만나 야 1 학기 동안 재미있 는 수업 이 되 고 아니 면 좀 지루 하 ㄹ 수 도 있 어 중간 중간 에 뭐 쓰 라는 것 많 은 것 랑 파일 에 활동 지 채우 어야 되 는 것 빼 고 는 2 학점 에 PF 과목 이 라 감수 하 ㄹ 만 하 다              ,,,,,,,,,,,,,,
근데 어렵 ㄴ 만큼 또 유익 하고 깊 게 생각 하 는 계기 가 되 어서 저 는 좋 았 어요              ,,,,,,,,,,,,,,
여러 가지 면 에서 배우 ㄹ 것 이 참 많 습니다              ,,,,,,,,,,,,,,
수업 즐겁 게 들 었 고 유익 하 ㄴ 내용 도 많이 알 게 되 었 어요              ,,,,,,,,,,,,,,
초반 에 는 원론적 이 ㄴ 사회학 을 배우 고 뒤 로 갈수록 정신분석학 에 대하 아서 배우 는 강의 로 이런 것 에 관심 이 많 다면 타 전공자 들 도 수 강해 도 좋 을 듯 하 다              ,,,,,,,,,,,,,,
고등학교 때 와 달리 대학 에 오 니 같 은 학과 를 제외 하 고 는 친 한 친구 사귀 기 가 쉽 지 않 고 동아리 를 제외 하 면 다른 학과 친구 만들 기 가 제한적 이 ㄴ데 리더십 과 진로 계획 은 한 번 에 다른 학과 친구 들 을 많이 그리고 깊 게 사귀 ㄹ 수 있 어서 좋 아요              ,,,,,,,,,,,,,,
발표 도 시 에 관심 이 있 으면 재미있 게 준비 하 ㄹ 수 있 음              ,,,,,,,,,,,,,,
또 다른 문제 는 시험 을 많이 보 는데 반대 로 생각 하 면 배우 ㄴ 것 이 오래 가 ㄹ 것 같 음              ,,,,,,,,,,,,,,
또한 교수 님 께서 전문가 이상 으로 많 은 지식 을 갖추 고 계시 고  또한 훌륭 하 아서 많 은 지식 을 얻 어 가 ㄹ 수 있 음              ,,,,,,,,,,,,,,
교수 님 이 굉장히 좋 으시 ㄴ 분 이 고 시 에 대하 어 조금 이 라도 관심 이 있 다면 얻 어 가 는 것 이 많 은 강의 이 ㅁ              ,,,,,,,,,,,,,,
얘기 도 많이 하 어 주 고 과 전망 이나 연구 분야 같 은 흥미 로 울 ㄴ 얘기 잘 하 아 주 시 ㅁ              ,,,,,,,,,,,,,,
진짜 많이 배우 어 가 ㄹ 수 있 는 좋 은 교수 님 평소 에 공부 하 게 만들 시 어서 긴장감 있 고 좋 아요              ,,,,,,,,,,,,,,
1 학점 치고 는 발표 도 있 고 생각 하고 준비 하 ㄹ 것 이 많 지만 교수 님 은 참 좋 음              ,,,,,,,,,,,,,,
수업 내용 자체 도 배우 ㄹ 것 이 많 지만 교수 님 이 해주시 는 수업 외 이야기 도 재미있 고 배우 ㄹ 점 이 많 음              ,,,,,,,,,,,,,,
매수 업 열심히 듣 으시 고 복습 꾸준히 하 면 높 은 학점 겠 일단 하 는 만큼 받 을 수 있 는 과목 이 어서 좋 기 는 한데 어리 어 웡 교수 님 은 가끔 아들 콜라 얘기 도 하 시 고 딴 얘기 해주시 면 잠시 쉬 ㄹ 틈 있 어서 좋 아요              ,,,,,,,,,,,,,,
대학 에 오 아서 배우 ㄴ다는 것 이 어떤 것 이 ㄴ지 를 느끼 ㄹ 수 있 게 되 ㅁ              ,,,,,,,,,,,,,,
그런 경우 는 교과목 에 대하 ㄴ 이 하 아 가 아 있 기 에 수 업 도 보다 쉽 게 적응 하 ㄹ 수 있 으며 교수 님 도 좋 으시 기 때문 에 앞자리 에 앉 아서 열심히 공부 하 시 ㄴ다면 좋 은 학점 을 얻 으시 ㄹ 수 있 을 것 에 요              ,,,,,,,,,,,,,,
"""""""비 폭력 대화 나   감정 코칭 등 의사소통 에 관련 되 ㄴ 전반적 이 ㄴ 스킬 들 에 대하 아서 배우 ㄹ 수 있 어서 좋 았 음""""              """,,,,,,,,,,,,,,
초반 에 는 고 3 수학 같 아서 하 ㄹ 만하 겠 다고 생각하 았 으나 가 면 갈수록 복습 과 문제 풀이 의 필요 성 을 느낌 .. 숙제 는 하 ㄴ 단원 이 끝나 면 연습 문제 를 그 다음 시간 에 풀 어 가 아서 랜덤 으로 호명 되 는 학생 이 칠판 에서 문제 풀이 하 는 거인 데 이 것 열심히 하 아 가 면 중간 기말 준비 하 는데 도움 이 많이 되 ㅁ              ,,,,,,,,,,,,,,
"""""""수업 에서 특별히 덧붙이 는 내용 없이 강의 자료 대로 수업 을 하 시 고   내용 이 쉽 었 던 것 은 아니 ㄴ데 시험 범위 를 추리 어서 알리 어 주 시 기 때문 에 시험 공부 하 ㄹ 범위 가 많이 줄어들 기 때문 이 ㅂ니다""""              """,,,,,,,,,,,,,,
강의 내용 외 에 개인적 이 ㄴ 이야기 많이 하 시 었 지만 부모 님 께 감사 드리 는 마음 같 은 좋 은 이야기 많이 하 아 주 시 어서 상관 없 었 다              ,,,,,,,,,,,,,,
첫 수업 때 수업 내용 외 에 도 전반적 이 ㄴ 대학 생활 과 인생 에 대하 아서 개인 상담 을 해주시 기 도 하 았 고 학생 들 의 애정 이 많 으시 ㄴ 교수 님 이 시 ㄴ 것 같 아요              ,,,,,,,,,,,,,,
그래도 막상 제일 즐겁 었 고 유용 하 ㄴ 수업 이 었 다고 생각 하 ㅂ니다              ,,,,,,,,,,,,,,
"""""""단점 이 라고 하 면 숙제 가 많 다는 것 이 ㄴ데   분명 나 에게 도움 이 되 는 것 이 느끼 어 지 고   열심히 만 잘 하 ㄴ다면 하 ㄴ 만큼 충분히 성 적 으로 반영 되 ㄴ다고 생각 하 ㅂ니다""""              """,,,,,,,,,,,,,,
조금 힘들 지만 교수 님 이 준비 도 많이 하 아 오 시 고 배우 는 맛 이 있 음              ,,,,,,,,,,,,,,
수업 내용 같 은 경우 에 는 진로 에 대하 ㄴ 이야기 도 되게 많이 해주시 고 학교 프로그램 도 중간 중간 소개 하 아 주 시 어서 되게 유익 하 ㄴ 것 같 아요              ,,,,,,,,,,,,,,
"""""""모든 강의 가 이런 스타일 이 라면 힘들 수도 있 지만 1   2 개 쯤 은 이런 스타일 의 강의 를 듣 는다면 분명 많 은 도움 이 되 ㄹ 수업 이 ㅂ니다""""              """,,,,,,,,,,,,,,
앞자리 수업 만 잘 들 으면 발표 기회 많이 얻 고 점수 쑥쑥              ,,,,,,,,,,,,,,
수업 빡 셈 정도 는 헬 이 라고 생각하 ㄹ 수 있 으나 생산관리 의 진수 를 맛보 고 많 은 것 을 배우 어 가 ㄹ 수 있 는 좋 은 수업              ,,,,,,,,,,,,,,
시험 이 많 아 힘들 다고 생각하 ㄹ 수 있 지만 그만큼 독일어 에 대하 어 배우 어 가 ㄹ 수 있 습니다              ,,,,,,,,,,,,,,
또한 매주 숙제 가 있 고 텍스트 의 분량 이 많 을 때가 종종 있 어서 다소 힘들 었 지만 그것 이 가장 많이 도움 이 되 었 다고 생각 하 ㅂ니다              ,,,,,,,,,,,,,,
"""""""하지만 진지 하 게 들 으면 유익 하고   많이 배우 어 가 ㄹ 수 있 을 거라고 생각 하 ㅂ니다""""              """,,,,,,,,,,,,,,
전체적 으로 괜찮 았 고 학점 따 기 도 어렵 지 않 은 강의 회로 망 해석 3 차 시험 범위 랑 겹치 는 부분 도 있 고 전자장 에서 도 벡터 회전 등 스토크 정리 라 하 아야 되 나 고 공수 에서 배우 는 것 을 사용 하 는 과목 들 이 많 으므로 듣 어서 나쁘 ㄹ 것 하나 없 는 강의              ,,,,,,,,,,,,,,
"""""""장 교수 님 강의 가 늘 그렇듯이   힘들 ㄴ 만큼 얻 어 가 는 것 은 많 은 강의 라고 생각 하 ㅂ니다""""              """,,,,,,,,,,,,,,
수업 시간 에 성의 있 는 모습 보여주 면 성적 잘 주 ㄴ다              ,,,,,,,,,,,,,,
내용 이 상당히 많 지만 시험 공부 는 데이터베이스 응용 1 처럼 하 시 면 되 ㅂ니다,,,,,,,,,,,,,,
학점 은 자 ㄹ 주시 지만 얻 어 가 는 것 이 적 은 강의 ... 그래도 1 학년 때 듣 은 이 산수 학보 다는 비 대면 이 라 그렇 ㄴ지 딴 소리 도 안 하 시 고 지각 도 안 하 시 어서 더 많이 배우 었 던 것 같 음,,,,,,,,,,,,,,
시험 문제 는 코딩 보다 는 원리 에 대하 어 많이 나오 아서 수업 잘 듣 은 것 이 도움 이 되 ㄴ 것 같 아요,,,,,,,,,,,,,,
"""포기자 가 많 았 던 만큼 공부 많이 안 하 어 도 학점 은 잘나 오 았 지만 "," 배우 ㄴ 것 이 없 던 강의 이 ㅂ니다""",,,,,,,,,,,,,,
판서 가 좀 엉망 이 라 멍 때리 면 무슨 소리 ㄴ 지 1 도 못 알 아 들 으므로 정신 똑바로 차리 어야 하 하 ㄴ다 수업 과 시험 에 영어 가 나오 지만 교수 님 이 영어 로 되 ㄴ 부분 은 다른 것 보다 더 공 을 들이 아 상세히 설명 하 아 줌 시험지 에 나오 는 영어 는 수업 내용 완벽히 숙지 + 고등학교 졸업자 수준 의 영어 실력 정도 만 있 으면 되 ㄴ 다 한마디 로 안 어려움,,,,,,,,,,,,,,
강의 듣 을 때 는 굉장히 힘들 었 는데 지금 보 니 유익 하고 도움 많이 되 는 강의 였 어요,,,,,,,,,,,,,,
C 언어 에 대하 어 자세히 알리 어 주 시 고 학점 도 꽉 꽉 채우 어서 주 시 ㅂ니다,,,,,,,,,,,,,,
"""작년 이 산수 학 때 부터 느끼 지만 "," 얻 어 가 는 것 이 타 학부 보다 현저히 적 어요""",,,,,,,,,,,,,,
"""여성학 대하 어 자세히 배우 ㄹ 수 있 고 "," 전문가 한테 배우 ㄴ다고 생각 하 니 신뢰감 도 생기 고 좋 았 음""",,,,,,,,,,,,,,
"""프랑스 의 회화 "," 영화 까지 깊 게 배우 ㄹ 수 있 어서 유익 하고 재미있 습니다""",,,,,,,,,,,,,,
하지만 공수 는 우리 과 의 많 은 전공과목 에서 기초 가 되 니 얻 어 가 는 것 도 많 고 좋 았 음,,,,,,,,,,,,,,
문제 에 관심 이 많 아 재미있 었 다,,,,,,,,,,,,,,
자기 과목 들 으려면 전공 과목 드랍  하 ㄴ다는 소리 를 아무렇 지 않 게 하 는데 이것 이 결코 틀리 ㄴ 말 이 아니 에 요 전공 과 목 공부 하 ㄹ 시간 을 이 과목 때문 에 매우 많이 뺏 김 이 교양 은 진짜 4 학년 2 학기 쯤 되 어서 나태 하 아 지 ㄴ 나 를 발견 하 았 을 때 신청 하 시 기 ㄹ 바라 요,,,,,,,,,,,,,,
이 강의 는 진짜 열심히 하 ㄴ 만큼 얻 게 되 는 수업 이 라 다른 수업 에 비하 아 힘들 수 있 어요,,,,,,,,,,,,,,
"""2 실무자 이 시 기 때문 에 관련 썰 "," 지식 을 얻 을 수 있 다""",,,,,,,,,,,,,,
강의 내용 은 좋 았 지만 평소 수업 숙제 가 많 은 이 들 에게 이 수업 의 숙제 는 부담 스럽 ㄴ 수준,,,,,,,,,,,,,,
여러 방면 으로 참 도움 이 되 고 배우 ㄹ 것 이 많 은 교수 님 이 시 ㅂ니다,,,,,,,,,,,,,,
"""실제 업계 종사자 의 관점 에서 강의 하 시 어서 "," 새롭 ㄴ 관점 을 배우 ㄹ 수 있 다는 것 이 가장 크 ㄴ 장점""",,,,,,,,,,,,,,
배우 ㄴ 것 도 많 고 좋 은 강의 길 ㄴ 하 ㅂ니다,,,,,,,,,,,,,,
.. 저 는 수많 은 교수 님 의 팬 들 중 하나 ... 얻 는 것 많 은 수업 이 ㅂ니다,,,,,,,,,,,,,,
평소 국가 안보 와 스파이 에 관심 이 많 지 는 않 았 는데 강의 자체 가 알차 고 역사적 이 ㄴ 사례 를 많이 다루 기 에 흥미 로웠 습니다,,,,,,,,,,,,,,
.. 한 자 괴물 들 많 으니 피해 가 시 어요,,,,,,,,,,,,,,
그래도 숙제 랑 퀴즈 엄청 해대 느라 고생 은 하 았 지만 교수 님 께서 더 많이 가르치 어 주 시 려고 노력 하 시 는 만큼 배우 ㄴ 것 은 많 은 수업 이 었 음,,,,,,,,,,,,,,
"""첫 번 째 로 는 수업 의 내용 이 좋 고 유익 하 아서 열심히 듣 게 되 는 수업 이 고 "," 두 번 째 는 수업 의 질 은 상당히 떨어지 지만 교수 님 한테 찍히 면 큰일 나 ㄹ 것 같 아서 어쩌 ㄹ 수 없이 열심히 듣 게 되 는 수업 이 다""",,,,,,,,,,,,,,
교수 님 이 수업 전 에 준비 를 아주 많이 하 아 오 시 고 수업 진행 도 재미있 습니다,,,,,,,,,,,,,,
"""엄마 같 아 ", 아니 ㄴ 것 같 은 데 시험 안 어렵 게 조절 하 아 주 시 고 , 범위 다 알리 어 주 고 ," 수업 도 진짜 인생 에 도움 되 는 얘기 많이 해주시 고 1 학기 수업 중 에 나 가 정 제일 많이 가 았 던 교양 이 ㅁ""",,,,,,,,,,,,,,
행정 에서 배우 는 교양 역사 강의,,,,,,,,,,,,,,
"""다만 배우 ㄴ 이론 을 팀 프로젝트 하 ㄹ 때 실제로 녹이 어서 활 용해 보고 적극적 이 ㄴ 자세 필요 "," 또 학기 내내 배우 ㄴ 디자인 씽 킹 메뉴얼 을 실 생활 에서 여러 목적 으로 활용 하 려는 노력 을 하 아 보 ㄴ다면 굉장히 많 은 것 을 얻 어 가 ㄹ 수 있 을 것 같 습니다""",,,,,,,,,,,,,,
열심히 하 면 얻 어 가 는 것 이 많 으나 대신 진짜 열심히 하 아야 하 ㅁ,,,,,,,,,,,,,,
숙제 힘들 지만 교수 님 좋 으시 고 그만큼 얻 어 가 는 것 도 많 은 수업,,,,,,,,,,,,,,
뒤 로 갈수록 숙제 가 좀 어렵 ㄹ 수 있 지만 본인 이 열심히 만 하 ㄴ다면 시간 이 걸리 어도 풀어내 ㄹ 수 있 고 학점 잘 받 을 수 있 는 수업 이 에 요 전체적 으로 흥미 롭 고 얻 어 가 는 것 이 많 은 유익 하 ㄴ 수업 이 었 어요,,,,,,,,,,,,,,
.. 얻 어 가 는 것 이 그렇게 많 지 는 않 았 지만 그래도 미래 에 컴퓨터 관련 공부 를 하 면 도움 이 되 는 부분 이 있 을 것 에 요,,,,,,,,,,,,,,
교수 님 께서 수업 내용 관련 아티클 을 평소 에 많이 많이 많이 많이 제공 하 아 주 시 ㅂ니다,,,,,,,,,,,,,,
인생 교양 듣 으시 고 배워가 시 는 것 도 많 았 으면 좋 겠 습니다,,,,,,,,,,,,,,
기존 의 강의 라는 궤 가 ,,,,,,,,,,,,,,
이 수업 으로 뭘 배우 겠 다고 생각하 ㄴ 다면 수강 안 하 는 것 을 추천 하 ㅂ니다,,,,,,,,,,,,,,
몇 번 빨리 끝내 주 시 ㄹ 때 가 있 기 ㄴ 있 는데 거의 드뭄 그래도 개인적 으로 는  교수 님 덕분 에 얻 어 가 ㄴ 것 도 많 다고 생각 하 ㅁ,,,,,,,,,,,,,,
차라리 이런 기회 로 배우 어 놓 으면 알 고 풀 때 도움 이 많이 되 ㅁ,,,,,,,,,,,,,,
※ 수업 교수 님 이 딱딱 하 ㄴ 수업 보다 는 기사 찾아오 아서 논의 하고 토론 하 시 는 것 을 좋아하 시 었 어요,,,,,,,,,,,,,,
실무 나 취업 관련 이야기 및 상담 도 원하 시 면 다 해주시 니 적극적 으로 수업 에 참여 하고 교수 님 이 질문 하 는 것 을 굉장히 중요 하 게 생각 하 시 니 열심히 하 면 분명 얻 어 가 는 것 이 많 은 수업 이 다,,,,,,,,,,,,,,
그리고 발표 준비 가 미흡 하 시 ㄴ 분 들 도 많 고 발표 종이 를 그냥 읽 는 분 도 많 아서 발표 시간 을 통하 아 뭘 얻 어가 거나 그런 것 은 없 었 어요,,,,,,,,,,,,,,
대신 그렇 기 때문 에 전공 지식 이 머릿속 에 가장 기억 이 잘 남 은 수업 이 었 다,,,,,,,,,,,,,,
.. 무엇 ㄴ가 어느 정도 전공 지식 과 경험 이 쌓이 고 나 서 이 과목 을 듣 어야 훨씬 얻 고 가 는 것 이 많 을 거라고 생각 하 ㅁ,,,,,,,,,,,,,,
코딩 을 배우 는 것 라서 열심히 하 면 도움 은 많이 되 는 교양인 것 같 아 요 요즘 에 는 코딩 이 필수 라고 하 니까 학교 에서 배우 는 교양 이 라서 구체적 이 ㄴ 부분 까지 다루 지 는 않 지만 기초적 이 ㄴ 부분 은 배우 ㄹ 수 있 는 수업 이 에 요 코딩 이 이런 거구 나 하 는 정도,,,,,,,,,,,,,,
"""1 도움 되 ㄹ 만 하 ㄴ 정보 를 알리 어 주 시 고 "," 스스로 에 대하 어 알 아 가 는 활동 을 수업 시간 에 많이 하 ㅁ""",,,,,,,,,,,,,,
얻 어 가 는 것 은 많 으며 이런 것 이 대학 강의 다라고 느끼 ㄹ 수 있 는 보람 있 는 강의 이 ㅂ니다,,,,,,,,,,,,,,
수업 시간 에 스크래치 랑 파이 썰 ㄴ 기본 알리 어 주 시 고 응용 문제 한 번 풀 어 보 게 하 시 는 것 이 처음 에 ㄴ 좀 힘들 기 도 하 았 지만 학기 지나 고 나 서 보 니 확실히 무엇 ㄴ가 배우 ㄴ 것 같 고 기억 에 도 남 음,,,,,,,,,,,,,,
그리고 배우 었 던 내용 이 라 집중 도 가 덜 하 ㅁ,,,,,,,,,,,,,,
이 교수 님 수업 좀 많이 힘들 지만 그만큼 얻 어 가 는 것 이 많 은 수업 이 에 요 영어 실력 많이 좋 아 지 었 어요,,,,,,,,,,,,,,
"""철학 을 좋아하 고 옛 고전 을 접하 고 싶 으며 서술 형 이나 토론 형 시험 보다 단답 형 시험 에 잘 맞 으면 추천 하고 "," 그렇지 않 다면 비 추천 하 ㅁ""",,,,,,,,,,,,,,
... 분명히 의미 있 었 고 배우 ㄴ 것 도 많 은 수업 이 었 지만 새내기 에게 는 조금 벅차 ㄴ 감 이 있 었 습니다,,,,,,,,,,,,,,
교양 과목 중 에서 는 상당히 유익 하 ㄴ 수업 이 라고 생각하 아 서 강의 평가 작성 하 ㅂ니다,,,,,,,,,,,,,,
러시아 에 관심 이 있 다면 재미있 게 듣 을 수 있 을 것 같 고 없 어도 집중 말 ㄴ 잘 하 ㄴ다면 충분히 괜찮 을 것 같 아 요 앞자리 에 앉 는 것 을 추천 드리 어요,,,,,,,,,,,,,,
또한 교수 님 께서 전문가 이상 으로 많 은 지식 을 갖추 고 계시 고  또한 훌륭 하 아서 많 은 지식 을 얻 어 가 ㄹ 수 있 음,,,,,,,,,,,,,,
1 학년 2 학기 건축구조 의 이 하 아 양승열 교수 님 수업 시간 에 배우 ㄴ 것 들 이 훨씬 유익 하고 남 는 것 이 많 았 고,,,,,,,,,,,,,,
나 만 좋 았 나 .... 팀 프로젝트 이 진짜 많 기 는 한데 절대평가 라 팀 프로젝트 하 아도 다 같이 열심히 하 는 분위기 이 었 고 기여 도 평가 도 있 어서 억울 하 ㄹ 일 이 타 아 강의 에 비하 아 현저히 적 음,,,,,,,,,,,,,,
얻 어 가 는 것 이 제일 많 았 던 강의 인 거 같 아 요 대신 진짜 수업 잘 듣 고 공부 하 아야 성적 나오 아 요 어렵 어 서 그래도 교수 님 진짜 좋 아요,,,,,,,,,,,,,,
얻 는 것 은 딱히 없 지만 컴퓨터 전공자 로서 MFC 는 한 번 쯤 하 아 보 ㄹ 만 하 ㄴ 부분,,,,,,,,,,,,,,
그것 ㄹ 버티 면 학점 잘 주 시 고 많이 배우 어 가 ㅁ,,,,,,,,,,,,,,
"""교수 님 이 수업 을 위하 ㄴ 적절 하 ㄴ 예시 와 시험 때 연상 을 하 ㄹ 수 있 을 있 도록 재미있 는 이야기 로 많이 하 아 주 시 어서 교양 수업 같 은 전공 이 지만 "," 실제로 남 는 것 이 많 은 수업 이 ㅂ니다""",,,,,,,,,,,,,,
상상 하 던 대학 수업 이미지 에 가장 부합 하 는 수업 이 았 던 것 같 아서 참 만족 스럽 습니다,,,,,,,,,,,,,,
"""숙제 가 많 아 좀 힘들 기 는 하 았 지만 독일어 뿐 만 아니 라 독일 의 문화 ", 교육제도 ," 철학 등 전반적 으로 유익 하고 많 은 것 을 배우 ㄹ 수 있 었 던 수업""",,,,,,,,,,,,,,
그래서 종강 후 평가 기준 및 방식 에 대하 ㄴ 꽤 많 은 논란 이 있 었 고 평가 에 수긍 하 지 못하 는 학생 들 이 많 았 음,,,,,,,,,,,,,,
듣 게 되 었 고 배워가 는 부분 이 많 아서 만족 하 게 되 었 습니다,,,,,,,,,,,,,,
저번 학기 들 었 던 강의 들 중 가장 얻 어 가 는 것 이 많 았 던 수업,,,,,,,,,,,,,,
수업 도 재미있 습니다,,,,,,,,,,,,,,
수업 도 대학 에서 배우 는 교양 다 워 서 좋 았 고 학점 도 잘 주 시 어서 만족 스럽 ㅁ,,,,,,,,,,,,,,
늦 은 시간 에 2 학점 을 투자 하 지만 얻 어 가 는 것 이 많이 없 는 수업,,,,,,,,,,,,,,
열심히 하 면 얻 어 가 는 것 도 많 고 느끼 는 것 도 많 은 과목 이 ㅂ니다,,,,,,,,,,,,,,
"""보통 수업 이 거의 끝나 가 ㄹ 무렵 "," 그 수업 의 제목 과 는 마무리 가 다소 동 떨어지 ㄴ 것 과 같 은 느낌 을 받 을 때가 많 다""",,,,,,,,,,,,,,
교수 님 께서 현장 경험 이 많 으시 어서 이론 을 배우 며 경험담 을 듣 을 수 있 어 좋 았 습니다,,,,,,,,,,,,,,
"""강의록 을 개인 블로그 에 올리 어 주시 기 는 하지만 그 내용 이 부실 하 아서 평소 에 필기 를 열심히 하 시 거나 친구 와 같 이 듣 는 것 을 추천 드리 어 요 개인 숙제 는 제시 되 ㄴ 주제 하나 를 A 4 한 장 분량 으로 조사 하 아 레포트 로 제출 하고 이 를 바탕 으로 발표 하 는 것 이 ㄴ데 "," 따로 준비 하 ㄹ 것 없이 레포트 만 만들 고 앞 에서 읽 으면 되 어 간단 하 아요""",,,,,,,,,,,,,,
""".. 덕분 에 많 은 그림 "," 영화 를 분석적 으로 보 고 미술관 도 가 ㄹ 수 있 어서 좋 았 다""",,,,,,,,,,,,,,
언론 홍보 2 학년 수업 중 가장 얻 어 가 는 것 이 많 은 강의,,,,,,,,,,,,,,
"""다만 중간 와 기말 의 범위 가 차이 가 크 고 ", 기말 는 특히 메커니즘 ....... 이 굉장히 많 아서 ," 중간 끝나 자마자 바로 공부 를 하 시 는 것 이 좋 을 것 같 습니다""",,,,,,,,,,,,,,
"""학생 들 에 대하 ㄴ 애정 과 관심 이 아주 높 으시 어서 강의 준비 는 잘 하 아 오심 "," 사실 빡 세 ㄴ 과목 이 었 는데 하 는 만큼 받 아 가 는 얻 어 가 는 뜻 깊 은 수업 이 었 음""",,,,,,,,,,,,,,
숙제 많 아서 빡 세 게 ㄴ 한데 배우 어 두 면 얻 어 가 는 것 은 많 은 과목 이 ㅁ,,,,,,,,,,,,,,
무엇 ㄴ가 곽원준 교수 님 평이 되게 좋 으시 어서 기대 하고 듣 었 으나 학기 내내 수업 준비 안 하 아 오 시 ㄴ다는 느낌 을 매 수업 마다 느끼 었 습니다,,,,,,,,,,,,,,
수업 외적 으로 도 교수 님 한테 배우 ㄹ 것 도 많 고 수업 중 에 도 생각 하 게 되 는 것 도 많 던데,,,,,,,,,,,,,,
학생 들 을 엄청 생각 하 시 는 천사 교수 님 이 다 학점 도 잘 주 시 고 학생 들 에게 중간 중간 간식 도 주 시 ㄴ 다 기말 범위 는 수업 을 잘 들 으면 도움 이 많이 되 ㄹ 것 이 다 교수 님 이 친절 하 게 천천히 잘 가르치 어 주 시 ㄴ 다 시험 이 약간 어렵 ㄹ 수 있 는데 다른 학생 들 도 어렵 어 하 아서 생각 보다 학점 을 잘 받 을 수 있 을 것 이 다 경 수통 을 듣 는다면 추천 하 ㄹ 만 하 ㄴ 수업 이 다,,,,,,,,,,,,,,
과목 자체 도 재미있 고 강의 도 도움 이 크 게 되 었 습니다,,,,,,,,,,,,,,
같 은 것 도 많이 준비 하 시 어요,,,,,,,,,,,,,,
자료구조 라는 개념 자체 를 배우 ㄴ 다기 보다 는 접하 는 것 에서 만족 하 면 충분히 얻 어 가 ㄴ다고 봄,,,,,,,,,,,,,,
한 학기 동안 많 은 것 을 배우 고 유익 하 게 배우 어 가 았 으나 그 만큼 수업 은 힘들 ㄴ 편 이 었 습니다,,,,,,,,,,,,,,
"""다만 지금 돌이키 어 보 면 수업 이 전공 느낌 보다 교양 느낌 이 강하 았 고 "," 기업 금융 에 대하 아서 는 배우 기 힘들 다""",,,,,,,,,,,,,,
저 는 힘들 었 지만 아주 배우 ㄹ 것 이 많 았 던 수업 이 었 습니다,,,,,,,,,,,,,,
좀 빡 치 기 는 하 아 교훈적 이 ㄴ 내용 을 많이 배우 고 교수 님 의 동양철학 적 지식 을 확실히 체감 하 ㄹ 수 있 는 수업 이 되 ㄹ 것 이 ㅁ,,,,,,,,,,,,,,
고등학교 때 와 달리 대학 에 오 니 같 은 학과 를 제외 하 고 는 친 한 친구 사귀 기 가 쉽 지 않 고 동아리 를 제외 하 면 다른 학과 친구 만들 기 가 제한적 이 ㄴ데 대학 생활 과 진로 탐색 은 한 번 에 다른 학과 친구 들 을 많이 그리고 깊 게 사귀 ㄹ 수 있 어서 좋 아요,,,,,,,,,,,,,,
이 수업 을 통하 아 자소 서 작성 에 크 ㄴ 도움 을 얻 어 가 자 라는 마인드 보다 는,,,,,,,,,,,,,,
이번 학기 수업 중 에 가장 얻 은 것 이 많 은 수업 이 었 습니다,,,,,,,,,,,,,,
중국어 와 더불 어 중국 에 대하 ㄴ 이 해 까지 얻 어 가 ㄹ 수 있 는 좋 은 강의,,,,,,,,,,,,,,
실제로 수업 을 들 으면 대학 생활 과 인생 에 도움 이 되 는 조언 을 많이 얻 을 수 있 습니다,,,,,,,,,,,,,,
1 학점 치고 는 부하 가 강하 기 는 하지만 그만큼 얻 어 가 는 것 도 많 은 수업 이 었 던 것 같 아요,,,,,,,,,,,,,,
"""재미있 는 수업 "," 남 는 것 이 많 은 수업 이 었 음""",,,,,,,,,,,,,,
숙제 는 많 지만 잘 따라가 면 그만큼 얻 어 가 는 것 이 많 은 수업 하지만 시험 4 번 에 프로젝트 까지 있 음,,,,,,,,,,,,,,
정치 에 막연 하 게 관심 이 있 었 는데 이 수업 을 듣 고 많 은 것 을 배우 었 습니다,,,,,,,,,,,,,,
학생 들 지루 하 ㄹ까 보 아 영상 도 많이 보여주 시 고 재미있 는 이야기 도 하 아 주 시 려고 많이 노력 하 시 ㅂ니다,,,,,,,,,,,,,,
"""이 수업 을 통하 아 자소 서 전반 에 대하 ㄴ 이 해 를 얻 고 "," 경력 개발 센터 나 사설 업체 의 도움 을 받자 라는 마인드 가 더 좋 으리라 생각 되 ㅂ니다""",,,,,,,,,,,,,,
어찌 되 었 던 힘 들 었 고 걱정 도 많이 하 았 지만 그만큼 남 은 것 도 많 고 생각 보다 좋 은 결과 에 참 뿌듯 하고 기분 좋 은 강의 로 남 겠 네요,,,,,,,,,,,,,,
학기 말 에 조 별 발표 있 는데 부담 없 는 정도 고 이 과목 을 추천 하 는 가장 크 ㄴ 이유 는 금융 재무 에 관심 있 는 학생 들 은 김수현 교수 님 수업 들 으면 반드시 도움 이 되 ㄹ 거라 생각 이 들 ㄹ 정도 로 실무적 이 ㄴ 얘기 도 많이 해주시 고 그 밖에 도 자신감 을 가지 고 자존감 을 높이 어 주 는 그런 좋 은 얘기 들 을 많이 하 아 주 시 ㅁ,,,,,,,,,,,,,,
"""무엇 이 ㄴ가 를 배워가 기 위하 ㄴ다면 많이 추천 하 지 ㄴ 않 지만 SPSS 프로그램 은 취직 에 도 도움 이 많이 되 니 "," 성적 잘 받 고 지루 함 을 참 을 수 있 다면 적절 하 ㄴ 강의 라고 생각 되 ㅂ니다""",,,,,,,,,,,,,,
최현희 교수 님 한테 배우 ㄹ 때 좀 이 하 아 많이 안 가 ㄹ 수 있 어,,,,,,,,,,,,,,
유익 하고 실질적 이 ㄴ 프로그램 많이 다루 는 수업 이 ㅂ니다,,,,,,,,,,,,,,
높 은 점수 를 얻 기 위하 아서 는 운 과 스피드 가 생명 이 ㅂ니다,,,,,,,,,,,,,,
수업 은 듣기 힘들 지 ㄴ 모르 아도 시험 은 수업 시간 에 다 배우 거나 찝  내용 시험 때 실수 만 않 하 면 좋 은 점수 얻 을 수 있 음,,,,,,,,,,,,,,
아침 수업 이 었 다는 것 이 가장 크 ㄴ 단점 ......,,,,,,,,,,,,,,
목소리 되게 작 다가 갑자기 엄청 크 게 기 침하 시 고 아무 일 없 다는 듯 수업 하 시 는데 .. 귀 가 이 파 았 고 진짜 얻 어 가 는 것 이 없 는 수업 그렇 다고 꿀 도 아니 ㄴ 음 등록금 조금 아깝 다고 생각하 ㄹ 수 있 는 수업 이 ㅂ니다,,,,,,,,,,,,,,
"""이번 학기 수업 중 에 유일하 A 를 받 지 못하 ㄴ 강의 지만 "," 가장 얻 은 것 이 많 은 강의 이 ㅂ니다""",,,,,,,,,,,,,,
교수 님 은 참 인자 하고 좋 으시 ㄴ데 .. 행렬 에 대하 ㄴ 기본 지식 이 전무 하 ㄴ 상태 에서 듣 어서 그렇 ㄴ지 수업 이해 하 기 는 어렵 었 음,,,,,,,,,,,,,,
매 수업 시간 마다 저번 에 배우 었 던 내용 을 정리 하 아 주 시 어서 강의 를 잘 들 으면 복습 도 동시 에 하 ㄹ 수 있 어서 개인적 으로 좋 았 던 수업 이 ㅂ니다,,,,,,,,,,,,,,
다만 팀 프로젝트 이 많 고 발표 를 하 아야 하 는 것 이 흠 이 길 ㄴ 한데 어차피 전공 기초 니까 열심히 배우 ㄴ 다 생각 하고 들 으면 얻 어 가 는 것 은 많 아서 좋 아요,,,,,,,,,,,,,,
보 면 아마 좋 은 점수 를 얻 게 되 ㄹ 것 에 요,,,,,,,,,,,,,,
많이 얻 어 가 ㅂ니다,,,,,,,,,,,,,,
교수 님 은 전반적 으로 재미있 게 수업 하 려고 노력 하 시 고 좋 은 말씀 도 많이 하 아 주 시 어서 좋 습니다,,,,,,,,,,,,,,
"""깊이 배우 는 것 도 "," 많이 얻 는 강의 는 아니 라 아쉽 네요""",,,,,,,,,,,,,,
민법 형법 행정법 에 관하 ㄴ 부분 을 배우 며 이해 와 함께 법 의식 이 깨어나 게 돕 아 주 고 미래 에 대하 ㄴ 고민 을 하 ㄹ 수 있 는 좋 은 기회 이 었 습니다,,,,,,,,,,,,,,
열심히 하 면 많이 배우 어 가 ㅁ,,,,,,,,,,,,,,
발표 는 좀 많 음,,,,,,,,,,,,,,
그래도 편하 게 2 학점 얻 을 수 있 고 조르 ㄹ 잘 만나 면 나름 재미 도 찾 을 수 있 다는 것 은 장점,,,,,,,,,,,,,,
"""장점 생각 보다 재미있 고 금융 투자 관련 지식 을 얻 어 가 는 것 "," 교수 님 이 알 고 계시 는 것 이 엄청 많 다는 느낌""",,,,,,,,,,,,,,
관련 지식 과 어 휘 가 남 은 것 도 있 지만 공부 하 는 태도 가 잘 적립 되 ㅁ,,,,,,,,,,,,,,
시험 은 다소 배우 는 내용 에 비하 아 어렵 고 나 를 컴 파일 러 로 만 드리 어 고 이러 는 것 이 ㄴ가 싶 을 정도 로 문제 가 더럽 지만 수업 그 자체 로 는 그것 보다 얻 어 가 는 것 이 많 다고 느끼 어 지 는 수업,,,,,,,,,,,,,,
"""파이 썰 ㄴ 포기자 이 었 는데 씨 언어 가 오히려 더 쉽 었 고 ", 실기 시험 ," 필기시험 모두 배우 ㄴ 내용 을 확인 하 ㄹ 수 있 게 내주 시 어서 씨 언어 기초 를 배우 는 데 도움 이 많이 되 었 습니다""",,,,,,,,,,,,,,
교수 님 이야기 도 재미있 고 실무 내용 도 많 아서 은근히 도움 되 ㅂ니다,,,,,,,,,,,,,,
믿 고 듣 는 정규식 교수 님 수업 공부 량 이 방대하 길 ㄴ 하지만 열심히 노력 하 면 얻 어 가 는 것 이 많 음,,,,,,,,,,,,,,
하지만 차라리 관심 분야 교양 을 듣 는다 거나 하 는 것 이 진로 고민 에 는 더 도움 이 되 ㄹ 것 같 다는 생각 이 듣 었 음,,,,,,,,,,,,,,
"""타 과 가 하 ㄴ 평통 캠프 가 아서 자리 가 많이 비 ㄴ 사이 에 수업 째 고 남 은 학생 들 커피 도 사주 시 고 시험 이나 수업 때 토론 ", 질의응답 ," 발표 그렇게 어렵 지 않 은 수준 에서 이루 어 지 ㅂ니다""",,,,,,,,,,,,,,
팀 프로젝트 도 얻 어 가 는 것 이 많 아서 좋 았 고 숙제 는 얻 어 가 는 것 이 하나 도 없 어도 좋 았 습니다,,,,,,,,,,,,,,
평소 에 는 배우 ㄹ 수 없 는 유익 하 ㄴ 내용 들 을 많이 배우 었 는데요,,,,,,,,,,,,,,
그리고 교수 님 발음 이 좀 안 좋 고 강의 력 도 안 좋 으시 ㅁ,,,,,,,,,,,,,,
강의 스타일 은 현대 OS 에 대하 아서 강의 하 는 식 이 라 교재 에서 산 으로 가 ㄹ 때가 많 았 는데 오히려 이런 점 이 유익 하 았 다,,,,,,,,,,,,,,
공부 하 면 점수 나오 기 는 하 는 과목 이 ㄴ데 솔직히 배우 는 것 1 도 없 고 거의 자습 수준 으로 만 공부 하 면서 점수 얻 어 감 교재 도 2 개 사 라고 하 아서 비싸 ㄴ 돈 주 고 두권 사 았 더니 결국 하 나 쓰 ㅁ,,,,,,,,,,,,,,
"""장점 1 엄청 유익 하고 "," 배워가 는 것 이 제일 많 아요""",,,,,,,,,,,,,,
"""교수 님 이 해박 하 시 고 알 는 것 이 많 으시 어서 개인적 으로 공부 에 도움 이 되 었 고 "," 시험 도 수업 시간 에 다루 ㄴ 것 과 해보 라고 하 ㄴ 것 들 에서 나오 기 때문 에 성실히 하 ㄴ다면 좋 은 결과 가지 ㄹ 수 있 을 거라 생각 하 ㅂ니다""",,,,,,,,,,,,,,
그래도 분명히 배우 어 가 ㄹ 것 은 많 은 교수 님 이 라고 생각 되 ㅁ,,,,,,,,,,,,,,
싶 으시 면 KOCW 에 있 는 김병기 교수 님 것 컴퓨터 구조 강의 로 예습 하 시 고 가 면 복습 용 수업 으로 는 최고 시 ㅂ니다,,,,,,,,,,,,,,
전체적 이 ㄴ 정보 보안 에 대하 ㄴ 크 ㄴ 틀 을 배우 는 과목 이 라 정보 보안 에 대하 ㄴ 분위기 를 잡 는 데 는 좋 다고 생각 하 ㅂ니다,,,,,,,,,,,,,,
개인적 으로 는 국어학 쪽 에 흥미 가 없 었 는데 의 외로 재미있 고 얻 어 가 ㄹ 것 이 많 은 수업 이 었 어요,,,,,,,,,,,,,,
알 는 것 이 없 었 는데 수업 따라가 면서 많이 배우 고 남 은 것 도 많 습니다,,,,,,,,,,,,,,
얻 는 것 은 많 은데 한 번 놓치 면 되돌리 ㄹ 수 없 음,,,,,,,,,,,,,,
그래도 몇 개 얻 어 가 는 것 이 있 어서 나름 만족,,,,,,,,,,,,,,
개인적 으로 는 지금 까지 듣 은 경제학 과 수업 중 가장 남 는 것 이 많 았 던 것 같 다,,,,,,,,,,,,,,
전반적 으로 러시아 예술 에 대하 ㄴ 교양 을 쌓 는데 많 은 도움 이 되 었 다고 생각 하 ㅁ,,,,,,,,,,,,,,
과천 까지 가 는 것 은 힘들 었 지만 저렴 하 ㄴ 값 으로 유명하 분 께 피겨 를 배우 ㄹ 수 있 다는 것 이 좋 았 어요,,,,,,,,,,,,,,
법대 복전 을 생각 하고 경험 삼 아 듣 어 보 았 는데 교수 님 이 좋 으시 고 많이 배우 어 가 ㄹ 수 있 어서 좋 았 어요,,,,,,,,,,,,,,
그런데 지금 도 기억나 는 것 이 참 많 고 얻 어 가 는 것 많 아서 불만 은 안 하 아 요,,,,,,,,,,,,,,
수업 준비 도 완벽 하 게 하 아 오 시 고 불편 하 ㄴ 것 하나 도 없이 수업 내용 이 나 한테 도움 이 많이 되 었 고 대학 에 오 아서 3 년 동안 듣 은 수업 중 에서 가장 듣 을 만 하 ㄴ 수업 이 었 다,,,,,,,,,,,,,,
실험 도 재미있 고 후 에 배우 ㄹ 내용 관하 아서 도 어느 정도 지식 습득 에 도움 이 되 ㅂ니다,,,,,,,,,,,,,,
 법학도 로서 법학 강의 는 많이 듣 을 수록 좋 겠 지,,,,,,,,,,,,,,
지금 오 아서 다시 생각하 아 보 면 무엇 을 배우 었 는지 잘 기억 이 안 남,,,,,,,,,,,,,,
시험 끝 날 때 마다 수고 하 았 다 고 사탕 이나 과자 같 은 것 챙겨주 시 고 학생 들 을 많이 생각하 아 주 는 것 이 눈 에 보이 어 요 굉장히 흥 이 많 으시 ㄴ데 처음 에 는 적응 안 되 지만 나중 에 는 적응 되 어서 재미있 었 어요,,,,,,,,,,,,,,
처음 수업 듣 을 때 는 약간 지루 하고 힘들 기 는 하 았 는데 시험 공부 하 면서 느끼 ㄴ 것 이 ㄴ데 유익 하 ㄴ 내용 이 많 아요,,,,,,,,,,,,,,
당일 수업 1 시간 전 에 휴강 공지 가 많 음,,,,,,,,,,,,,,
진짜 제대로 공부 하 ㄹ 생각 있 으면 학점 따 기 두 쉽 고 얻 어 가 는 것 도 많 음,,,,,,,,,,,,,,
공부 하 ㄹ 때 ㄴ 화 나 았 지만 그래도 배우 ㄹ 것 이 많 아서 좋 았 어요,,,,,,,,,,,,,,
거의 모든 학생 들 이 용기 얻 어서 발언 많이 들 ㄹ 하 ㅂ니다,,,,,,,,,,,,,,
수업 도 열심히 재미있 게 진행 하 시 려고 노력 하 는 것 이 보이 어 요 그리고 실제 수업 도 지루 하 지 않 고 좋 아요,,,,,,,,,,,,,,
얻 어 가 는 것 이 많 은 수업 발표 랑 질문 이랑 열심히 하 았 고 나름 발표 에 대하 ㄴ 칭찬 도 받 았 다고 생각하 아 서 적어도 A 0 기 는데 기대 보다 는 점수 를 안 주 심 그래도 매주 숙제 하 는 것 빼 면 시험 도 없 고 좋 은 수업,,,,,,,,,,,,,,
결국 에 는 하 는 만큼 성적 나오 고 얻 어 가 는 것 이 진짜 많 은 수업,,,,,,,,,,,,,,
강의 내용 도 쉽 고 간결 하 게 알리 어 주 시 고 워낙 에 에너지가 넘치 는 분 이 시 어서 오히려 수업 을 통하 아서 얻 어 가 는 것 이 많 았 어요,,,,,,,,,,,,,,
페페 과목 이 리 부담 없 음,,,,,,,,,,,,,,
퀴즈 준비 하 면 자연 스럽 게 공부 되 고,,,,,,,,,,,,,,
수업 준비 는 힘들 지만 그만큼 얻 어 가 는 것 은 꽤 있 는 것 같 음,,,,,,,,,,,,,,
이 것 듣 어서 자소 서 에 쓰 일지 도 잘 모르 겠 고 학부 수준 으로 베 릴로 그 이 정도 배우 어 보 았 자 쓸 모 없 다 는데 그렇 ㄹ 것 면 그냥 IDEC 에서 3 일 동안 베 릴로 그 배우 ㄴ 것 이 훨씬 더 도 움 되 ㅁ,,,,,,,,,,,,,,
완전 최고 에 요 힘들 기 는 하지만 그만큼 얻 어 가 ㄹ 수 있 는 것 이 많 은 수업 이 ㅂ니다,,,,,,,,,,,,,,
교재 가 따로 없 고 자료 가 매우 많 아서 공부 하 ㄹ 때 혼란 스럽 지만 노력 하 ㄴ 만큼 나오 기 때문 에 열심히 하 면 좋 은 결과 를 얻 을 수 있 는 것 같 아요,,,,,,,,,,,,,,
시험 많 고 퀴즈 많 기 는 하 어 도 도움 되 ㅂ니다,,,,,,,,,,,,,,
수업 내내 유익 하고 흥미 로 울 ㄴ 강의 를 진행 하 았 고 조 모임 역시 여러 지원 을 하 아 주 시 어서 즐겁 게 마무리 하 았 습니다,,,,,,,,,,,,,,
그만큼 학생과 소통 하 시 려고 많이 노력 하 시 는 것 같 아요,,,,,,,,,,,,,,
.. 전 얻 은 것 이 로 많 은 수업 이 었 거든요,,,,,,,,,,,,,,
처음 에 조 별 로 랜덤 지정석 에 앉 게 되 고 지정석 이 1 학기 동안 너 의 자리 야 일단 조원 듣 을 잘 만나 야 1 학기 동안 재미있 는 수업 이 되 고 아니 면 좀 지루 하 ㄹ 수 도 있 어 중간 중간 에 뭐 쓰 라는 것 많 은 것 랑 파일 에 활동 지 채우 어야 되 는 것 빼 고 는 2 학점 에 PF 과목 이 라 감수 하 ㄹ 만 하 다,,,,,,,,,,,,,,
근데 어렵 ㄴ 만큼 또 유익 하고 깊 게 생각 하 는 계기 가 되 어서 저 는 좋 았 어요,,,,,,,,,,,,,,
교수 님 이 중국 에 대하 어 많이 알리 어 주 시 려 하 고 열 정도 많 으시 어서 좋 았 습니다,,,,,,,,,,,,,,
여러 가지 면 에서 배우 ㄹ 것 이 참 많 습니다,,,,,,,,,,,,,,
그리고 무엇 보다 학생 들 한테 관심 이 많 으시 고 그렇게 부담 되 지 는 않 음,,,,,,,,,,,,,,
독일어 를 배우 는 데 흥미 있 게 배우 ㄴ 다 라 기 보다 는 다소 지루 하 ㄴ 감 이 있 었 습니다,,,,,,,,,,,,,,
그래도 수업 은 재미있 게 진행 하 시 고 적극적 으로 참여 하 시 면 배우 어 가 ㄹ 것 도 많 고 생각 도 많이 하 게 되 는 수업 이 에요,,,,,,,,,,,,,,
고등학교 때 와 달리 대학 에 오 니 같 은 학과 를 제외 하 고 는 친 한 친구 사귀 기 가 쉽 지 않 고 동아리 를 제외 하 면 다른 학과 친구 만들 기 가 제한적 이 ㄴ데 리더십 과 진로 계획 은 한 번 에 다른 학과 친구 들 을 많이 그리고 깊 게 사귀 ㄹ 수 있 어서 좋 아요,,,,,,,,,,,,,,
"""원래 여성학 관심 이 많 아서 그렇 기 도 한데 "," 여성학 배우 면서 사회 에 대하 ㄴ 문제 들 을 많이 배워가 는 것 같 아서 재미있 고 좋 았 다""",,,,,,,,,,,,,,
또한 교수 님 께서 전문가 이상 으로 많 은 지식 을 갖추 고 계시 고  또한 훌륭 하 아서 많 은 지식 을 얻 어 가 ㄹ 수 있 음,,,,,,,,,,,,,,
좋 은 말씀 도 많이 해주시 고 학생 들 의견 반영 을 위하 아서 도 많이 노력 하 시 어요,,,,,,,,,,,,,,
본인 이 스파이 나 정보 공작 에 관심 이 많 거나 암기력 좋 은 스타일 이 라면 추천 하 ㅁ,,,,,,,,,,,,,,
그래도 남 는 것 이 많 은 수업 이 라고 생각 하 ㅂ니다,,,,,,,,,,,,,,
교육부 지침 상 온라인 강의 15 분 을 대면 1 시간 으로 하지만 이 사람 은 온라인 강의 를 주 당 150 분 씩 배포 실제 비 대면 수업 시 강의 시간 과 동일,,,,,,,,,,,,,,
이런 분 들 은 학점 도 쉽 게 얻 고 배우 는 것 도 은 근 많 은 강의 이 ㅂ니다,,,,,,,,,,,,,,
진짜 많이 배우 어 가 ㄹ 수 있 는 좋 은 교수 님 평소 에 공부 하 게 만들 시 어서 긴장감 있 고 좋 아요,,,,,,,,,,,,,,
충실히 준비 하 시 고 작년 까지 IT 서비스 학회 회장 에 도 계시 었 을 만큼 IT 기술 에 많 은 지식 을 가지 고 계시 며 쉽 게 설명 하 아 주 시 ㅂ니다,,,,,,,,,,,,,,
정도 배우 ㄴ다고 생각 하 면 좋 음,,,,,,,,,,,,,,
개인적 으로 대학 에서 듣 어 보 ㄴ 수업 중 에 제일 좋 았 어요,,,,,,,,,,,,,,
1 학점 치고 는 발표 도 있 고 생각 하고 준비 하 ㄹ 것 이 많 지만 교수 님 은 참 좋 음,,,,,,,,,,,,,,
수업 내용 자체 도 배우 ㄹ 것 이 많 지만 교수 님 이 해주시 는 수업 외 이야기 도 재미있 고 배우 ㄹ 점 이 많 음,,,,,,,,,,,,,,
얻 은 것 은 폰 열심히 하 는 능력,,,,,,,,,,,,,,
강의 력 이 좋 으시 어서 많 은 것 을 배워가 는 수업 이 ㅁ,,,,,,,,,,,,,,
그래도 얻 어 가 는 정보 도 있 고 학점 말 ㄴ 챙기 ㄹ 것 면 추천,,,,,,,,,,,,,,
조금 힘들 지만 교수 님 이 준비 도 많이 하 아 오 시 고 배우 는 맛 이 있 음,,,,,,,,,,,,,,
수업 내용 같 은 경우 에 는 진로 에 대하 ㄴ 이야기 도 되게 많이 해주시 고 학교 프로그램 도 중간 중간 소개 하 아 주 시 어서 되게 유익 하 ㄴ 것 같 아요,,,,,,,,,,,,,,
수업 빡 셈 정도 는 헬 이 라고 생각하 ㄹ 수 있 으나 생산관리 의 진수 를 맛보 고 많 은 것 을 배우 어 가 ㄹ 수 있 는 좋 은 수업,,,,,,,,,,,,,,
"""하 ㄴ 학기 에 책 두 권 읽 고 독후감 내야 하 고 ", 범위 정하 아서 요약 발표 한 번 , 독서 토론 이나 향연 책 관련 자유 주제 발표 중 에 하나 선택 하 아서 하 아야 하 ㅂ니다 처음 에 하 ㄹ 것 이 너무 많 은 느낌 이 라 힘들 었 는데 , , ," 학점 은 그냥 평소 에 발표 많이 하 고 숙제 꼬박 꼬박 내면 한 만큼 받 는 것 같 아요""",,,,,,,,,,,,,,
배우 ㄹ 점 이 많 고 예비 교사 로서 많 은 것 을 생각하 아 보 게 되 는 수업 이 다,,,,,,,,,,,,,,
"""그러나 발제자 뿐 만 아니 라 다른 학생 도 질문 을 준비 하 아 오 ㄹ 수 있 고 "," 자유롭 게 발언 하 ㄹ 수 있 으니까 적극적 으로 참여 하 면 얻 어 가 는 것 이 많 을 것 이 에요""",,,,,,,,,,,,,,
"""결론 은 공부 하 ㄴ 만큼 성적 이 나오 고 나름 배우 ㄹ 것 이 많 았 던 수업 비록 교수 님 이 이 과목 을 처음 하 시 지만 수업 진행 에 크 ㄴ 무리 도 없 었 고 "," 테스트 해보 는 수업 이 라고 하 기 에 ㄴ 완성도 가 높 은 수업 이 었 던 것 같 다""",,,,,,,,,,,,,,
배우 ㄹ 것 도 생각하 ㄹ 것 도 많이 던지 어 주 는 수업 이 ㅂ니다,,,,,,,,,,,,,,
"""하지만 진지 하 게 들 으면 유익 하고 "," 많이 배우 어 가 ㄹ 수 있 을 거라고 생각 하 ㅂ니다""",,,,,,,,,,,,,,
근데 그만큼 배우 ㄹ 것 도 많 고 하 란 대로 만 제대로 하 면 점수 잘 받 을 수 있 음,,,,,,,,,,,,,,
"""장 교수 님 강의 가 늘 그렇듯이 "," 힘들 ㄴ 만큼 얻 어 가 는 것 은 많 은 강의 라고 생각 하 ㅂ니다""",,,,,,,,,,,,,,
열심히 하 면 힘들 지만 그만큼 얻 는 것 도 많 은 수업 이 ㅂ니다,,,,,,,,,,,,,,
"""시험 범위 많 다고 하 는데 솔직히 내용 엄청 쉽 지 않 아 겹치 는 것 도 엄청 많 고 ... 그래서 엄청 잘 외우 어 지 던데 아 근데 수업 듣 어야 되 어 시험 범위 아니 ㄴ 부분 ", 중요 하 ㄴ 부분 ," 건너뛰 는 부분 많이 말하 아 주시 거든 특히 건너뛰 는 부분 되게 많 으니까 수업 들 어 수업 계 속 들 으면 시험 공부 진짜 쉽 ㄹ 것 이 야 내용 이 쉬 울 니까""",,,,,,,,,,,,,,
다만 확실 하 ㄴ 것 은 교수 님 께서 수업 에 대하 ㄴ 열정 하나 만큼 은 뛰어나 시기 에 수업 을 통하 아서 무엇 ㄴ가 를 많이 배우 ㄴ다는 것 보다 는 전반적 이 ㄴ 경영학 의 이 해 를 배우 고 스스로 공부 하 아 나가 며 발전 하 는 타입 이 ㄴ 사람 들 에게 는 수업 이 맞 을 수 도 있 을 것 같 습니다,,,,,,,,,,,,,,
1 학점 이 라 슬렁슬렁 하 려고 하 았 는데 교수 님 이 열심히 준비 하 아 오 아서 놀라 았 고 유익 하 ㄴ 강의 이 었 습니다,,,,,,,,,,,,,,
"""암튼 강의 를 들 으면서 얻 어 가 ㄹ 수 있 는 것 는 1 도 없 고 ", 몇 년 전 에 만들 어 놓 은 자료 같 은 것 그대로 재활용 하고 ," 꽤 시간 많이 잡아먹 는 팀 프로젝트 까지 있 는 기분 나쁘 ㄴ 과목""",,,,,,,,,,,,,,
조금 돌아서 가 더라도 기계적 이 ㄴ 반복 이 아니 ㄴ 왜 이렇게 되 는지 고민 해보면 서 공부 하 시 어요,,,,,,,,,,,,,,
온라인 강의 라 조금 아쉽 ㄴ 부분 이 있 지만 오프라인 에서 는 더 더 좋 은 교수 님 이 ㄹ 것 같 아 요 수업 내용 에 대하 ㄴ 질문 도 꼼꼼히 답 하 아 주 시 고 1 학기 에 진행 하 ㄴ 수업 중 에 제일 좋 았 다고 하 어 도 과 언 이 아니 ㄹ 정도 기 때문 에 추천 을 안 하 ㄹ 수 가 없 습니다,,,,,,,,,,,,,,
대부분 의 학우 들 이 점수 를 받 으므로 놓치 시 면 좋 은 학점 을 얻 기 는 힘들 시 ㄹ 것 이 ㅂ니다,,,,,,,,,,,,,,
수업 준비 도 많이 하 아 오 시 고 배우 는 것 이 많 은 수업,,,,,,,,,,,,,,
이 수업 에서 디스플레이 에 대하 ㄴ 전반적 이 ㄴ 이해 를 얻 어 가 ㄹ 수 있 다,,,,,,,,,,,,,,
수업 조금 알 ㄴ 들 어도 이해하 ㄹ 수 있 는 내용 들 이 길 ㄴ 하 아서 지루 하 게 느끼 ㄹ 수 는 있 는데 시험 자체 가 외우 어서 하 는 시험 이 아니 라 교재 좀 만 읽 어 보 면 잘 보 ㄹ 수 있 음,,,,,,,,,,,,,,
"""4 저 는 개인적 으로 국제 경영 에 대하 어 많이 배우 ㄴ 것 같 아서 좋 았 는데 "," 호불호 가 많이 갈리 ㄹ 수업 이 라 잘 생각 하 시 고 수강 신청 하 면 좋 을 것 같 아요""",,,,,,,,,,,,,,
저번 주 시험 보 ㄴ 범위 이후 그 주차 에 해당 하 는 이 ㄴ 강 내용 까지 가 범위 이 ㄴ데 학기 중반쯤 가 서 야 대충 인 강 3 개 정도 가 퀴즈 한 번 범위 라는 것 을 깨달음,,,,,,,,,,,,,,
시험 은 범위 가 많 은 것 같 지만 은근히 보 고 나 면 깔끔 하 ㄴ 느낌 이 들 ㅁ,,,,,,,,,,,,,,
"""그냥 공부 제일 열심히 하 았 던 강의 지만 "," 제일 점수 못 얻 어 가 ㄴ 강의 이 ㅁ""",,,,,,,,,,,,,,
교수 님 은 좋 은데 난이도 는 높 기 로 유명하 ㄴ 수업 ... 성적 이 잘 안 나오 아 도 얻 어 가 ㄹ 것 은 충분히 많 은 수업 이 다,,,,,,,,,,,,,,
열심히 잘 알리 어 주심 배우 어 두 면 많 은 도움 이 되 는 과목 교재 있 어야 시험 공부 하 ㄹ 때 매우 편하 ㅁ,,,,,,,,,,,,,,
배우 는 내용 이 어렵 기 는 한데 교수 님 이 자료 준비 도 많이 하 아 오 시 고 질문 하 면 항상 꼼꼼 하 게 답변 하 아 주 시 어서 노력 하 면 따라가 ㄹ 수 있 음,,,,,,,,,,,,,,
숙제 가 있 는 편 이 지만 그만큼 배우 는 것 이 많 은 수업 이 ㅂ니다,,,,,,,,,,,,,,
프로그래밍 이 라는 과목 을 처음 배우 기 도 하 고 두려움 을 느끼 었 지만 박진호 교수 님 의 열정적 이 고 재미있 는 수업 덕분 에 우수 하 ㄴ 성적 을 거두 ㄹ 수 있 었 습니다,,,,,,,,,,,,,,
인용 을 하 시 거나 말씀 하 시 는 것 이 되게 좋 은 말 도 많이 해주시 고 1 학점 짜리 교양 이 지만 전공 도 열심히 알 ㄴ 듣 었 는데 이 수업 은 재미있 게 들 었 던 것 같 아요,,,,,,,,,,,,,,
시험 전 에 대충 강의 해주시 던 것 적 어 두 ㄴ 것 보 고 평소 에 앞줄 에 앉 아서 교수 님 이랑 친목 좀 다지 어 두 면 무난히 학점 챙기 어 가 ㄹ 수 있 는 나름 꿀 교 양 이 ㅂ니다,,,,,,,,,,,,,,
"""실용 중국어 표현 을 많이 배우 ㄹ 수 있 는 기회 이 었 고 "," 또 여러 중국인 친구 들 과 중국어 로 이야기 하 면서 많 은 표현 을 배우 고 어휘력 도 늘 수 있 는 좋 은 기회 이 었 음""",,,,,,,,,,,,,,
열정 만 있 다면 좋 은 학점 받 고 많이 얻 어 가 는 수업,,,,,,,,,,,,,,
"""엄청나 게 편하 ㄴ 수업 은 아니 었 고 신경 쓸 것 이 조금 되 기 ㄴ 하 았 지만 "," 교수 님 이 굉장히 친절 하 시 고 학생 들 이 하나라 더 배우 어 가 ㄹ 수 있 도록 배려 하 아 주 시 는 수업 이 ㅂ니다""",,,,,,,,,,,,,,
그 시간 동안 얻 어 가 는 것 이 많 아 좋 은 수업 이 라고 생각 하 았 습니다,,,,,,,,,,,,,,
"""그런데 이 과목 은 책 을 읽 고 리더십 에 대하 ㄴ 자신 의 생각 을 적기 위하 아 깊이 생각 하고 "," 스스로 리더십 에 대하 ㄴ 의미 를 생각하 아 보 며 이에 대하 어 다짐 하 아 보 ㄹ 수 있 기 때문 에 오히려 여러 경영학 과 과목 중 에 지금 까지 인상 이 남 아 있 는 과목 중 하나 이 네요""",,,,,,,,,,,,,,
저어 어엉 말 빡 새 ㄴ 교수 님 이 지만 그만큼 얻 어 가 는 것 은 매우 많 은 수업 교수 님 착하 시 고 재미있 고 학생 들 에 대하 ㄴ 관심 도 매우 많 으시 ㅁ,,,,,,,,,,,,,,
"""점수 엄청 안 나오 ㄹ 것 같 아서 걱정 하 았 는데 ", 생각 보다 잘 나오 는 것 같 아 요 좀 벅차 ㄹ 수 도 있 겠 지만 ," 교수 님 으로부터 배워가 는 것 이 많 은 것 같 아 요 열심히 듣 으시 면 좋 을 것 같 네요""",,,,,,,,,,,,,,
교수 님 께서 매번 학생 들 눈높이 에 맞추 어서 생각하 아 주 시 고 학생 들 이 미래 에 더 나 은 방향 으로 나아가 도록 도움 을 주기 위하 아 노력 하 시 는 모습 이 돋 보이 어서 좋 았 습니다,,,,,,,,,,,,,,
판서 가 좀 엉망 이 라 멍 때리 면 무슨 소리 ㄴ 지 1 도 못 알 아 들 으므로 정신 똑바로 차리 어야 하 하 ㄴ다 수업 과 시험 에 영어 가 나오 지만 교수 님 이 영어 로 되 ㄴ 부분 은 다른 것 보다 더 공 을 들이 아 상세히 설명 하 아 줌 시험지 에 나오 는 영어 는 수업 내용 완벽히 숙지 + 고등학교 졸업자 수준 의 영어 실력 정도 만 있 으면 되 ㄴ 다 한마디 로 안 어려움,,,,,,,,,,,,,,
엄청 많 은 지식 을 얻 는 다 기 보다 는 다양 하 ㄴ 현안 에 대하 어 고민 해보 는 수업,,,,,,,,,,,,,,
교수 님 도 좋 으시 고 얻 어 가 는 것 도 많 은 수업 이 니 꼭 듣기 를 추천 하 ㅂ니다,,,,,,,,,,,,,,
팀 프로젝트 이 스트레스 였 길 ㄴ 하지만 전반적 으로 ㄴ 얻 어 가 는 것 이 많 고 편하 았 던 수업,,,,,,,,,,,,,,
"""숙제 는 1 시간 컷 "," 이슈 에 관심 이 많 으면 시험 공부""",,,,,,,,,,,,,,
중국 사회 공부 하 는데 진짜 좋 았 고 수업 은 진짜 지루 하고 때려치 고 싶 었 는데 막상 끝나 고 중국 관련 뉴스 보 면 수업 시간 에 배우 었 던 내용 이 잘 떠오르 ㅁ,,,,,,,,,,,,,,
"""본인 은 전반적 으로 만족 하나 "," 교수 님 이 수업 도 중 말씀 하 시 는 학습 외 얘기 는 대부분 수긍 하 기 힘들 고 다소 편협 적 이 신 거 같 음""",,,,,,,,,,,,,,
본인 이 노력 하 면 좀 더 많 은 것 을 배우 어 가 ㄹ 수 있 는 강의,,,,,,,,,,,,,,
교수 님 도 엄청 열정적 으로 준비 하 아 오 시 는 것 이 느끼 어 지 고 많이 얻 어 가 ㄹ 수 있 었 습니다,,,,,,,,,,,,,,
수업 자체 는 솔직히 어렵 고 지루 하 ㄴ데 ... 그래도 많이 얻 어 가 았 던 것 같 아 요 시험 도 논술 형 이 라 부담 은 있 는데 교수 님 이 학생 들 위하 시 는 모습 이나 아끼 시 는 것 이 느끼 어 지 어서 좋 았 습니다,,,,,,,,,,,,,,
팀 프로젝트 도 굉장 하고 숙제 도 굉장 하고 .. 그런데 남 는 것 이 진짜 많 고 유익 하 아서 추천 은 하 고 싶 어요,,,,,,,,,,,,,,
"""교양 수업 같 은 경우 "," 다양 하 ㄴ 전공 학생 들 이 모이 어 얕 은 지식 을 하 나 얻 어 가 는 수업 이 ㅂ니다""",,,,,,,,,,,,,,
수업 준비 도 많이 하 아 오 시 고 수업 도 재미있 어요,,,,,,,,,,,,,,
특히 수업 시작 하 시 ㄹ 때 중소기업 에 대하 어 소개 해주시 면서 유용 하 ㄴ 정보 많이 얻 어 가 았 습니다,,,,,,,,,,,,,,
"""어떤 곳 이 창의적 환경 이 ㄴ지 를 주변 에서 찾아보 고 ", 창의적 이 라고 생각 하 는 이 유 근거 를 생각 하 기 ' 효과적 이 ㄴ 학습 전략 ' 은 무엇 이 ㄴ지 , 나 가 사용 하 는 학습 전략 은 무엇 인지 에 대하 여 생각 하 기 어떤 사람 이 창의적 이 ㄴ 리더 라고 생각 하 는지 ," 나 가 닮 고 싶 은 창의적 이 ㄴ 리더 는 누구 이 ㄴ지 를 이 유 근거 와 함께 생각 하 기 강제 결합 법 을 활용 하 아 자신 만 의 창의적 아이디어 산출물 만들 기 창의적 사고기 법 을 활용 하 ㄴ 자신 만 의 창의적 아이디어 상품 개발 하 기 자신 만 의 창의적 이 ㄴ 명함 만들 기 등 의 숙제 를 수행 하 시 어서 워드 파일로 숙제 제출 하 는 것 이 19""",,,,,,,,,,,,,,
교과서 를 배우 ㄴ 다기 보다 는 교수 님 이 알 고 계시 는 국제 경영 지식 을 배우 ㄴ다는 것 이 더 맞 는 말 이 ㄴ 것 같 음,,,,,,,,,,,,,,
"""중간 "," 기말 시험 모두 서술 형 1 문제 와 괄호 넣 기 로 나오 며 시험 범위 는 대략 전공 책 300 P 정도 로 세세히 공부 하 기 보다 는 크 ㄴ 틀 에서 이해 하고 책 에 있 는 도표 와 PPT 내용 을 중점적 으로 공부 하 면 좋 은 성적 을 얻 을 수 있 을 것 이 ㅂ니다""",,,,,,,,,,,,,,
"""시험 이 2 번 "," 퀴즈 가 2 번 있 지만 퀴즈 는 수업 잘 듣 으시 었 다면 굉장히 쉽 ㄴ 편 이 고 퀴즈 와 시험 을 제외 하 면 내내 영화 와 드라마 를 보 ㅂ니다""",,,,,,,,,,,,,,
수업 시간 에 가끔 재미있 는 얘기 도 많이 해주시 고 학생 들 을 배려 하 는 마음 이 크 시 ㄴ 분 이 라고 느끼 었 습니다,,,,,,,,,,,,,,
... 스캇 티처 최고,,,,,,,,,,,,,,
진짜 수업 은 좋 은데 학점 생각 하 면 안 되 는 수업 이 에 요 근데 얻 어 가 는 것 은 많 고 대학 수업 이 구나 싶 은 수업 이 기 는 하 아요,,,,,,,,,,,,,,
저 는 하 ㄴ 학기 동안 유익 하 았 던 것 같 습니다,,,,,,,,,,,,,,
높 은 점수 를 얻 기 위하 아서 는 운 과 스피드 가 생명 이 ㅂ니다,,,,,,,,,,,,,,
"""다 들 공부 량 많 다고 피하 는 경향 이 있 는데 ", 대학원 식 수업 방식 을 취하 고 계시 어서 공부 하 ㄹ 것 들 이 많 은 것 은 맞 지만 그만큼 얻 어 가 ㄹ 수 있 는 것 도 많 고 ," 공부 하 기 힘들 ㄴ 부분 에 있 어 교수 님 께 질문 하 면 그 질문 들 다 잘 받 아 주 시 고 학점 도 공평 하 게 주 시 려 노력 하 시 기 때문 에 대학교 생활 제대로 해보 고 싶 다면 들 어 보 는 것 을 추천 하 ㄴ 다 처음 에 는 수업 못 따라가 고 헤매 었 었 는데 한 번 흐름 파악 하 면 자연 스럽 게 따라가 ㄹ 수 있 다""",,,,,,,,,,,,,,
한 달 에 두 번 숙제 가 좀 많 고 부담 스럽 어 보이 지만 막상 하 다,,,,,,,,,,,,,,
"""어쨌든 성적 비율 이 명확히 있 고 누구 는 저 가 위 에 기술 하 ㄴ 것 처럼 열심히 찾아보 고 노력 하 아서 많 은 것 을 얻 어 가 았 고 "," 본인 이 이 수업 을 통하 아 받 을 점수 는 딱 남 들 이 고생 하 아서 이해 하 ㄴ 문제 못 풀 어서 받 은 결과 에 요""",,,,,,,,,,,,,,
진짜 학생 하나하나 를 따듯 하 게 챙겨주 시 고 강의 준비 철저히 하 시 어서 수업 내내 불편 하 ㄴ 것 1 도 없 었 어요,,,,,,,,,,,,,,
진짜 얻 는 것 이 있 는 수업 이 길 ㄴ 하 았 는데 발표 가 많 아서 그것 ㄹ 어렵 어 하 시 는 분 들 이 면 많이 부담 스럽 ㄹ 것 같 네요,,,,,,,,,,,,,,
없 는 설명 과 풀이 에 감탄 하 ㄹ 정도 단점 은 학생 들 에 대하 ㄴ 기대감 이 높 으시 어서 기 대치 에 못 미치 면 격 하 아 지 시 고 또 학점 을 박하 게 주 시 ㄴ 다 교수 님 께서 알 는 것 이 많 으시 어서 배우 는 학생 의 입장 에서 ㄴ 벅차 고 힘들 다고 느끼 어 지 ㄹ 수 있 지만 하 ㄴ 학기 버티 고 돌아보 면 아 우리 를 아끼 고 생 각 하 아 주 시 었 구나 깨닫 게 되 ㄴ다 다른 학과 는 수학 과 교수 님 들 이 가르치 어 주시 지만 우리 학과 는 학과 교수 님 께서 직접 가르치 어 주 시 ㄴ다는 것 이 얼마나 크 ㄴ 고마움 이 ㄴ지 후배 들 이 수강 하고 깨 달 았 으면 좋 겠 다,,,,,,,,,,,,,,
"""하지만 배우 ㄴ 것 도 많 고 "," 교수 님 께서 수업 시간 에 알리 어 주 시 는 유익 하 ㄴ 정보 도 많 은 도움 이 되 ㅂ니다""",,,,,,,,,,,,,,
하지만 그만큼 배우 ㄹ 것 이 많 고 흥미 로 울 ㄴ 수업 이 라고 생각 되 ㅁ,,,,,,,,,,,,,,
교수 님 도 좋 으시 고 얻 어 가 는 것 도 많 은 수업 이 니 꼭 듣기 를 추천 하 ㅂ니다,,,,,,,,,,,,,,
예습 복습 만 하 았 어도 배우 ㄴ 내용 이 기억 에 저 의 데로 남 았 을 터 이 ㄴ데 ... 배우 ㄴ 내용 이 엄청 조금 밖 에 기 억 안 나 아요,,,,,,,,,,,,,,
"""화장실 가 는 것 도 학생증 내 고 가 아야 하 고 유고 결석 이런 것 뭐 어림 도 없 는 듯 한 번 빠지 면 자동 F 고 ", ," 존 버  2 학점 얻 을 수 있 는 것 은 좋 은데 꿀 교양 까지 ㄴ 하 지 말 아""",,,,,,,,,,,,,,
그만큼 얻 어 가 는 것 이 많 고 중요 하 ㄴ 과목 이 라 공부 많이 하 는 것 이 좋 음,,,,,,,,,,,,,,
진짜 힘들 고 이 과목 때문 에 시 간 부족 하 아서 다른 과목 에 투자 를 좀 투자 를 못하 았 지만 그만큼 남 는 것 과 배우 ㄴ 것 이 많 다,,,,,,,,,,,,,,
"""강의 력 은 좋 으시 나 굉장히 빨리 나가 시 고 필기 량 최고 ", , ," 저 는 머리 가 안 좋 아서 힘들 었 는데 머리 좋 으시 면 남 는 것 도 많 고 좋 은 강의 같 아요""",,,,,,,,,,,,,,
""""," 교수 님 도 좋 은 말씀 많이 하 아 주 시 어서 강의 듣 는 내내 좋 았 음""",,,,,,,,,,,,,,
배우 려고 노력 하 ㄴ다면 많이 얻 어 가 ㄹ 수 있 는 수업 이 ㅂ니다,,,,,,,,,,,,,,
얻 는 것 이 많 은 수업 이 ㅂ니다,,,,,,,,,,,,,,
"""1 학년 때 만 듣 을 수 있 고 워낙 유명하 ㄴ 교양 수업 이 라 듣 었 는데 다음 학년 들어오 는 학생 들 에게 는 비추 ... 한 번 결석 하 면 무조건 페일 이 다 이 것 생각 보다 힘들 고 지각 "," 수업 시간 핸드폰 사용 같 은 것 페널티 주 고 중간 못 보 ㄴ 정도 로 페널티 주 어서 생각 보다 F 받 는 사람 많 음""",,,,,,,,,,,,,,
"""강의 내내 피 말리 고 더 좋 은 성적 얻 었 으면 좋 았 겠 지만 "," 나름 만족 하 ㅂ니다""",,,,,,,,,,,,,,
이 분야 에 관심 이 있 는 사람 이 라면 배워가 는 것 이 많 다고 생각하 ㄴ 다 고통 받 으면서 많 은 것 을 얻 어 가 기 ㄹ 바라 는 학생 이 라면 추천,,,,,,,,,,,,,,
디스플레이 에 관심 이 있 는 학생 들 이 들 으면 도움 이 되 고 좋 을 것 같 다,,,,,,,,,,,,,,
"""음 ... 교수 님 이 설명 을 좀 쉽 고 친절히 하시진 않 지만 그래도 문학 해석 이나 문학사 "," 예술사 에 관심 있 고 좀 알 는 학생 은 교수 님 이 하 시 는 말 에 자기 가 알 고 있 는 지식 들 을 끼우 어 넣 어 유추 하 아서 듣 는 재미 도 있 ........ 다고 하 ㄹ 수 있 음""",,,,,,,,,,,,,,
"""수업 시간 에 흥미 로 울 ㄴ 내용 도 많이 배우 고 "," 교수 님 께서 수업 과 관련 하 아 매 수업 시간 마다 하나 하나 피드백 을 받 으시 어서 다음 수업 시간 에 어떻하 게 하 겠 다라고 말씀 하 아 주 시 어서 좋 았 습니다""",,,,,,,,,,,,,,
무엇 ㄴ가 하 는 것 이 많 은 수업 이 ㄴ데 열심히 하 면 그만큼 학점 은 받 아 가 ㄹ 수 있 는 수업 이 ㅁ,,,,,,,,,,,,,,
그래도 수업 제대로 들 으면 얻 어 가 ㄹ 것 은 많 은 수업 같 습니다,,,,,,,,,,,,,,
"""강의 내용 은 세계 테마 기행 "," 걷 어 서 세계 속 으로 같 은 영상 을 많이 보이 어 주 시 었 고 이런 쪽 으로 관심 이 있 고 긍정적 으로 재미있 게 보 ㄹ 수 있 는 사람 들 이 아니 면 많이 힘들 수도 있 을 것 같 습니다""",,,,,,,,,,,,,,
여성학 원래 공부 하 았었 어서 쉽  지 라는 생각 으로 듣 었 는데 생각 보다 기본 과 생각하 아 보 ㄹ 만 하 ㄴ 고민거리 를 많이 얻 을 수 있 어서 좋 았 음,,,,,,,,,,,,,,
수강 생 이 적 어서 그렇 ㄴ지 이런저런 얘기 도 하 고 수업 분위기 도 좋 았 음,,,,,,,,,,,,,,
강의 듣 을 때 는 굉장히 힘들 었 는데 지금 보 니 유익 하고 도움 많이 되 는 강의 였 어요,,,,,,,,,,,,,,
"""굳이 알 ㄴ 들 어도 되 ㄹ 수업 이 ㄴ 것 같 아 요 페스 페일 이 어도 지루 하고 뻔하 ㄴ 얘기 들 도 많 고 "," 물론 정보 알리 어 주 시 는 것 에 있 어서 얻 어 가 는 것 이 많 은 학생 들 도 있 는 것 같 습니다""",,,,,,,,,,,,,,
"""물론 원어 수업 에 학점 도 잘 딸 수 있 는 가 "," 나 반 이 학점 따 기 는 더 쉽 ㄹ 수 있 겠 지만 많 은 것 을 배우 고 유익 하 게 얻 어 가 ㄹ 수 있 었 던 수업 이 라고 생각 하 ㅂ니다""",,,,,,,,,,,,,,
시험 은 좀 못 보 더라도 얻 어 가 는 것 이 많 으면 다행 이 라고 생각 하 는데 저 는 여기 에 만족 하 아서 그저 좋 은 수업 이 었 습니다,,,,,,,,,,,,,,
학점 잘 안 나오 아도 배우 ㄴ 것 에서 만족 하 ㄹ 것 같 아 요 숙제 그닥 안 많 고 강의 노트 엄청 잘 만들 시 어서 이해 하 기 도 쉽 었 어요,,,,,,,,,,,,,,
결론 은 교수 님 에 대하 어 별로 걱정 하 ㄹ 것 은 없 구 하 ㄴ 학기 동안 영어 교수 님 이랑 재미있 게 수업 하 아야 지라는 마인드 로 수업 임하 시 면 되 ㄹ 것 같 아요,,,,,,,,,,,,,,
나 가 엑셀 을 배우 러 이 강의 를 듣 는 것 이 ㄴ지 물리 를 배우 러 이 강의 를 듣 는 것 이 ㄴ지 혼란 이 오 ㅂ니다,,,,,,,,,,,,,,
교수 님 이 하 라는 것 신경 쓰 어서 열심히 하 고 적극적 으로 수업 참여 하 시 ㄴ다면 얻 어 가 는 것 도 많 고 공부 하 는 것 없이 학점 도 쉽 게 받 을 수 있 습니다,,,,,,,,,,,,,,
성적 이 딱 생각하 ㄴ 만큼 나오 아서 그런 가 암튼 만족,,,,,,,,,,,,,,
시 발표 하 는 것 듣 다 보 면 교양적 이 ㄴ 부분 에서 얻 는 것 이 많 습니다,,,,,,,,,,,,,,
.. 그래도 저 는 나름 재미있 었 고 얻 어 가 ㄹ 것 이 많 은 수업 이 라고 생각 하 ㅂ니다,,,,,,,,,,,,,,
수업 에서 최대한 재미있 게 실속 있 는 내용 을 챙기 ㄹ 수 있 게 하 려고 노력 하 시 ㄴ다,,,,,,,,,,,,,,
그래도 집 에서 배우 ㄴ 대로 준비 하 아 가 면 저 처럼 점수 가 잘 나 오 ㅂ니다,,,,,,,,,,,,,,
피드백 잘 해주시 고 수업 은 무난 하 지만 의 외로 얻 어 가 는 것 이 많 음,,,,,,,,,,,,,,
교수 님 재미있 으시 다,,,,,,,,,,,,,,
전 수업 시간 에 배우 ㄴ 개념 에 책 이나 다른 자료 를 통하 아 얻 은 개념 까지 정리 하 아서 쓰 었 고 좋 은 점수 를 받 았 습니다,,,,,,,,,,,,,,
한 학기 내내 따라가 느라 힘들 었 지만 교수 님 들 이 날로 먹 는 수업 에 비하 면 훨씬 좋 은 수업 이 라고 생각 하 ㅁ,,,,,,,,,,,,,,
진짜 꼭 한 번 듣 어서 열심히 하 면 분명 좋 은 학점 과 좋 은 경험 얻 을 수 있 음,,,,,,,,,,,,,,
솔직히 처음 에 시키 는 것 많 고 2 주 마다 발 표시 켜 어서 열 받 는데 하 란 것 만 하 면 학점 은 잘 주 고 융통 성 없 다고 느끼 어 지 ㄹ 때 많 은데 학기 끝나 면서 생각하 아 보 면 리얼 참 교수 .. 꼭 들 어 요,,,,,,,,,,,,,,
"""우리 에게 부담 을 주 지 않 으려고 애쓰 시 는 교수 님 덕분 에 수업 시간 은 즐겁 었 고 "," 부담 없 지만 유익 하 ㄴ 토론 을 경험 하 ㄹ 수 있 었 습니다""",,,,,,,,,,,,,,
전체적 으로 괜찮 았 고 학점 따 기 도 어렵 지 않 은 강의 회로 망 해석 3 차 시험 범위 랑 겹치 는 부분 도 있 고 전자장 에서 도 벡터 회전 등 스토크 정리 라 하 아야 되 나 고 공수 에서 배우 는 것 을 사용 하 는 과목 들 이 많 으므로 듣 어서 나쁘 ㄹ 것 하나 없 는 강의,,,,,,,,,,,,,,
.. 교수 님 께서 지식 이 많 으시 어서 관련 지식 을 많이 얘기 해주시 는 편 이 시 어요,,,,,,,,,,,,,,
수업 도 토론 하 거나 이 야기 하 는 부분 이 많 아서 지루 하 지 않 고 재미있 습니다,,,,,,,,,,,,,,
주제 미리 다 알리 어 주 시 고 주제가 어렵 ㄴ 편도 아니 니 준비 말 ㄴ 열심히 하 면 좋 은 결과 얻 어 내 ㄹ 수 있 으시 ㄹ 것 이 ㅂ니다,,,,,,,,,,,,,,
중간 는 확률 과 통계 의 느낌 이 었 다면 기말 는 많 은 공식 과 비슷 하 ㄴ 내용 이 많 아 많이 부담 이 되 었 던 것 같 아요,,,,,,,,,,,,,,
암튼 하 ㄴ 학기 동안 힘들 었 지만 얻 어 가 아 는 것 은 많 은 과목,,,,,,,,,,,,,,
저 가 듣 어 보 ㄴ 모든 수업 중 에 가장 만족 하 는 수업 이 ㅂ니다,,,,,,,,,,,,,,
