지금껏 이렇게 시험 범위 가 적 었 던 전공 이 없 었 습니다,,,,,,,,,,,,,,
평소 에 배우 ㄴ 적 도 없 고 관심 도 없 는 분야 이 었 지만 부담 없이 들 었 다,,,,,,,,,,,,,,
솔직히 뭐 엄청나 ㄴ 것 을 배우 ㄴ 것 은 아니 지만 유통 이나 물류 에 대하 ㄴ 기초 지식 을 배우 ㅁ,,,,,,,,,,,,,,
학문적 으로 어렵 지 않 고 유용 하 ㄴ 것 들 배우 ㅂ니다,,,,,,,,,,,,,,
"""수업 내용 과 시험 이 관계없 는 내용 이 많 아서 아쉽 기 도 하지만 "," 그래서 다른 수업 에서 ㄴ 듣 을 수 없 는 내용 들 이 많 아 좋 기 도 하 았 다""",,,,,,,,,,,,,,
개인적 으로 는 아주 재미있 게 들 었 던 수업 이 ㄴ데 모든 강의 평 에서 아주 강하 ㄴ 혹평 을 하 길래 안타깝 ㄴ 마음 에 강의 평 을 쓰 ㅁ,,,,,,,,,,,,,,
심지어 일반 학생 들 이  하 ㄹ 때 보 니까 ㄴ 안 온 사람 중 몇 명 은 출석 해 놓 고 몇 명 은 결석 해 놓 던데,,,,,,,,,,,,,,
여태 들 었 던 수업 중 가장 기억 에 남 는 것 이 없 는 수업 이 고 시험 은 그냥 책 한 권 읽 고 독서 골든벨 하 는 것 같 았 음,,,,,,,,,,,,,,
일부 학생 들 의 불성실 하 ㄴ 태도 에 도 문제 가 있 었 지만 그 학생 들 이 모든 수업 에 그런 태도 를 보이 는 것 이 아니 라는 점 과 이 교수 님 강의 도 처음 에 는 모두 집 중하 는 모습 을 보이 었 다는 점 을 생각하 았 을 때 교수 님 께서 도 강의 를 되돌아보 는 시간 을 가지 었 으면 하 는 바람 이 네요,,,,,,,,,,,,,,
... 나 의 최 애 교수 님 근데 수업 내용 이 재미있 으면서 도 심오 하 면서 도 어렵 ㄴ 그런 과목,,,,,,,,,,,,,,
개인적 으로 는 새롭 ㄴ 분야 공부 하고 지식 쌓 는 것 같 아서 좋 았 음,,,,,,,,,,,,,,
책 그대로 읽 음,,,,,,,,,,,,,,
새롭 ㄴ 신화 들어가 기 전 에 사진 자료 나 관련 영상 들 가끔 보여주 시 면서 조금 더 이해 하 기 쉽 게 하 어 주 려고 노력 하 시 는 것 같 습니다,,,,,,,,,,,,,,
"""숙제 는 자기 가 선택 하 ㄴ 시 가 1 개 의 창작 배경 과 현대적 의의 를 A 4 1 장 분량 으로 제출 하 는 것 이 고 총 2 번 ", 즉 중간 ," 기말 주간 에 한 번 씩 내야 하 ㅂ니다""",,,,,,,,,,,,,,
중간 중간 에 재미있 는 애기 도 많이 하주 시 어요,,,,,,,,,,,,,,
영어 한국어 수업 이 라 나오 지만 100 한국어 수업 이 ㅂ니다,,,,,,,,,,,,,,
개념 위주 로 설명 을 잘 해주시 고 학생 들 에게 지식 을 전달 하 기 위하 아 노력 하 시 ㅁ,,,,,,,,,,,,,,
스포츠 관련 되 ㄴ 내용 이 라 부담 없이 듣 을 수 있 었 고 숙제 도 없이 조 별 발표 있 는데 어렵 지 않 은 내용 이 라 부담 이 적 다,,,,,,,,,,,,,,
교수 님 이 똑똑 하 다는 것 이 느끼 어 지 ㄴ다 C + + 에 대하 어 어느 정도 알 는 상태 로 수업 을 듣 었 는데 디테일 하 ㄴ 면 을 잘 가르치 어 주 시 어서 도움 이 많이 되 었 고 코딩 능력 뿐 만 아니 라 컴퓨터 내부 구조 와 연관 짓 어 서 설명 하 시 어서 이 하 아 가 아 잘 되 었 다,,,,,,,,,,,,,,
사람 도 좋 고 학점 도 채우 어 주 시 고 수업 은 잘 .. 하 는 것 은 아니 ㄴ데 따르 아 말 ㄴ 가 면 건 질 게 많 은 수업,,,,,,,,,,,,,,
코딩 을 잘 모르 시 는 1 학년 분 들 은 많이 배우 ㄹ 수 있 는 기회 이 ㄹ 것 이 에요,,,,,,,,,,,,,,
덕분 에 C 언어 를 굉장히 재미있 게 배우 ㄴ 것 같 아요,,,,,,,,,,,,,,
"""첫 번 째 로 는 수업 의 내용 이 좋 고 유익 하 아서 열심히 듣 게 되 는 수업 이 고 "," 두 번 째 는 수업 의 질 은 상당히 떨어지 지만 교수 님 한테 찍히 면 큰일 나 ㄹ 것 같 아서 어쩌 ㄹ 수 없이 열심히 듣 게 되 는 수업 이 다""",,,,,,,,,,,,,,
수업 은 꿀 이 지만,,,,,,,,,,,,,,
"""관련 공지 나 가이드라인 도 철저 하 시 고 "," 숙제 도 실력 기르 기 에 도움 이 많이 되 ㅂ니다""",,,,,,,,,,,,,,
자바 를 이미 충분히 알 고 듣 었 는데 도 새롭 ㄴ 내용 을 배우 ㄹ 수 있 어서 좋 았 다,,,,,,,,,,,,,,
그거 풀 어서 제출 하 는 것 이 ㄴ데 실습 시간 내 에 하 면 되 고 시간 오래 걸리 ㄹ 것 같 은 학생 들 은 미리 풀 어 오 아도 되 어서 시간 에 대하 ㄴ 부담 이 ,,,,,,,,,,,,,,
그리고 팀 프로젝트 시간 매우 많이 오래 걸리 어요,,,,,,,,,,,,,,
시험 은 다소 배우 는 내용 에 비하 아 어렵 고 나 를 컴 파일 러 로 만 드리 어 고 이러 는 것 이 ㄴ가 싶 을 정도 로 문제 가 더럽 지만 수업 그 자체 로 는 그것 보다 얻 어 가 는 것 이 많 다고 느끼 어 지 는 수업,,,,,,,,,,,,,,
아예 자바 를 모르 거나 언어 를 처음 배우 ㄴ 다면 힘들 ㅂ니다,,,,,,,,,,,,,,
아 싸 라면 좋 은 학점 기대 하 기 어려움,,,,,,,,,,,,,,
공대 생 이 지만 수업 잘 가르치 시 고 나름 프 잉 재미있 게 배우 ㅁ,,,,,,,,,,,,,,
공대 생 이 프로그래밍 왜 하 는가 에 대하 어 의 문 을 갖 게 만들 는 수업 이 ㅂ니다,,,,,,,,,,,,,,
처음 에 는 시간 제한 이 있 어서 부담 스럽 었 는데 덕분 에 실력 이 많이 늘 수 있 었 던 것 같 다,,,,,,,,,,,,,,
"""이론 시간 에 는 객 체지 향 언어 의 이론 을 배우 고 "," 실습 시간 에 는 자바 를 이용 하 아 이론 을 실습""",,,,,,,,,,,,,,
성적 은 꽉 꽉 채우 어 주 시 는 편 이 ㄴ 것 같 음,,,,,,,,,,,,,,
솔직히 공부 하 ㄹ 생각 이 있 으면 듣 는 거르 ㄹ 추천,,,,,,,,,,,,,,
"""교수 님 도 원래 1 학년 안 가르치 셨 는데 올라오 는 애 들 이 다 들 씨 언어 포기 하고 오 니까 안 되 겠 다고 직접 가르치 겠 다며 1 학년 수업 하 시 게 되 ㄴ 것 이 ㄴ데 "," 사실 교수 님 이 처음 부터 자기 수업 빡 세 ㄹ 테 니까 정정 기간 에 다른 반 가 라고 가 라고 하 시 ㅁ""",,,,,,,,,,,,,,
머신 러닝 처음 가르치 시 고 처음 배우 는 수업 이 라 자기 가 공부 열심히 알 ㄴ 하 면 못 따라가 ㅂ니다,,,,,,,,,,,,,,
250 쪽 정도 외우 면 A 이 ㅁ,,,,,,,,,,,,,,
물론 혼자 책 보 고 공부 하 면 어느 정도 이해 는 가 는데 책 보 고 공부 하 ㄹ 것 이 었 으면 등록금 내 고 대학 안 오 았 지 ... 덧붙이 어 중간 기말 도 공지 로 안 올리 어 주 ㅁ,,,,,,,,,,,,,,
이정진 교수 님 수업 에 열정 이 넘치 시 고 학생 들 의 숙제 를 하 ㄴ 명 한 명 살피 시 는 좋 은 교수 님 이 시 ㅂ니다,,,,,,,,,,,,,,
.. 스파르타식 이 기 ㄴ 한데 도움 은 되 ㅂ니다,,,,,,,,,,,,,,
본인 한테 도움 은 되 ㄹ 것 이 ㅂ니다,,,,,,,,,,,,,,
예 를 들 면 진로 얘기 가 많 아서 플밍 수업 이 아니 라 진로 수업 이 ㄴ 줄,,,,,,,,,,,,,,
"""솔직히 하 ㄴ 학기 에 얻 어 가 는 것 이 다른 전공 에 비하 아서 그닥 많 지 않 고 "," 무엇 보다 교수 가 이 수업 을 하 ㄹ 만큼 의 충분 하 ㄴ 준비 가 되 어 있 지 않 아 보이 ㅁ""",,,,,,,,,,,,,,
그만큼 배우 는 것 이 의미 있 고 좋 았 어요,,,,,,,,,,,,,,
강의 내용 도 자기 의 시간 관리 에 대하 ㄴ 내용 이 어서 자기 계발 하 는데 많 은 도움 이 되 요,,,,,,,,,,,,,,
출석 까먹 지 않 고 하 기,,,,,,,,,,,,,,
"""시험 은 없 지만 중간 대체 숙제 "," 기말 대체 숙제 가 많 다""",,,,,,,,,,,,,,
매주 숙제 가 있 기 ㄴ 한데 그 날 듣 은 강의 복습 하 면서 하 면 공부 하 는데 도 도움 되 고 좋 음,,,,,,,,,,,,,,
퀴즈 숙제 가 많 으나 중간 기말 볼 때 다 도움 되 ㅂ니다,,,,,,,,,,,,,,
교수 님 께서 질문 잘 받 아 주심,,,,,,,,,,,,,,
수업 준비 도 열심히 해주시 고 학생 을 소비자 라 생각 하 시 기 때문 에 책임 있 는 모습 을 보이 시 려고 노력 하 시 ㅂ니다,,,,,,,,,,,,,,
"""또한 창업 이 라는 주제 에 대하 여 보다 간략 하고 효율적 이것 이 저희 에게 알리 어 주 시 었 고 다양 하 ㄴ 마케팅 방법 ", 소비자 들 의 니즈 를 파악 하 는 방법 , SWOT 분석 ," 사업 계획서 작성 등 등 1 학년 으 로서 배우 ㄹ 수 없 는 내용 들 을 많이 담 아 가 았 던 것 같 습니다""",,,,,,,,,,,,,,
"""많 은 분 들 이 창업 에 관하 ㄴ 숙제 는 많이 어렵 ㄹ 것 이 라고 생각 하 시 는데 그렇게 어렵 지 도 않 은 "," 쉽 지 도 않 은 숙제 이 었 습니다""",,,,,,,,,,,,,,
수업 을 들 으며 영어 공부 도 겸 하 ㄹ 수 있 기 때문 에 적극적 으로 자신 이 작성 하 ㄴ CASE BRIEF 나 MEMO 들 을 발표 하고 피드백 을 받 으면 더 많 은 것 을 얻 어 가 ㄹ 수 있 음,,,,,,,,,,,,,,
"""그냥 매너 둥이 ..... 수업 도 항상 열심히 준비 하 아 오 시 어서 알차 고 "," 모든 면 에서 학생 들 에게 맞추 어 주 려고 최대한 노력 하 시 ㅁ""",,,,,,,,,,,,,,
"""수업 이 영어 로 진행 되 어서 어렵 더라도 노력 하 면 되 는 수업 이 고 "," 스트레스 안 받 고 하 ㄴ 학기 를 이 교수 님 만나 는 행복 으로 다니 ㄴ다 .... 그냥 한 마디 로 인생 교수 ........""",,,,,,,,,,,,,,
"""내용 은 한국 의 영화 ", 드라마 , 음악 ," 미술 등등 과 동아시아 국가 들 중국 일본 홍콩 대 만들 의 영화 드라마 음악 이런 것 들 에 대하 어 공부 하 ㅂ니다""",,,,,,,,,,,,,,
금융 수리 과목 을 영어 로 배우 었 기 때문 에 해석 상 의 문제 도 많 고 문제 자체 가 어렵 어 서 질문 하 ㄹ 내용 이 많 은데 도 항상 친절 하 게 알리 어 주 시 ㅂ니다,,,,,,,,,,,,,,
시험 에 대하 ㄴ 부담 도 적습 ㅂ니다,,,,,,,,,,,,,,
한마디 로 교수 님 이 학생 의 편의 를 최대한 봐주 실리 어 고 하 는 마음 + 최고 의  + 심도 있 고 약간 난이도 가 있 지만 분명히 유익 하 ㄴ 수업 이 세 요소 의 완벽 하 ㄴ 삼박자,,,,,,,,,,,,,,
저번 학기 에 교수 님 의 다른 강의 를 듣 고 좋 은 수업 이었 어서 이번 학기 에 도 교수 님 의 수업 을 듣 게 되 었 습니다,,,,,,,,,,,,,,
역시 가장 유익 하고 흥미 로웠 던 강의 이 었 습니다,,,,,,,,,,,,,,
그 자체 스토리텔링 에 대하 ㄴ 시야 를 270 도 회전 시 켜 버리 는 유익 하고 재미있 는 강의 이 번 학기 주관식 이어서 더 어렵 었 던 것 빼 고,,,,,,,,,,,,,,
그래도 여러 작품 을 예시 로 보 면서 배우 ㄹ 점 이 많 은 강의 이 었 음,,,,,,,,,,,,,,
"""수업 도 재미있 었 고 "," 숙제 랑 시험 도 유익 하 았 습니다""",,,,,,,,,,,,,,
평소 에 어떤 주제 에 대하 어 생각 하 는 것 을 좋아하 거나 철학적 이 ㄴ 내용 에 조금 이 라도 흥미 가 있 으면 무조건 추천 하 ㅂ니다,,,,,,,,,,,,,,
학점 따 기 는 쉽 지만 남 는 것 은 없 는 것 같 네요,,,,,,,,,,,,,,
처음 듣 었 는데 생각 보다 얻 어 가 는 것 이 많 아서 놀라 ㄴ 수업 .. 엄청 열정적 이 시 고 학생 들 신경 써 주 시 는 것 이 느끼 어 지 ㅁ,,,,,,,,,,,,,,
"""평이 안 좋 아서 걱정 하 았 는데 "," 전공 수업 인 데 도 수업 자체 는 재미있 고 교수 님 도 좋 으시 고 시험 도 분별력 있 고 많이 배우 어 가 ㄹ 수 있 었 던 좋 은 수업 이 었 습니다""",,,,,,,,,,,,,,
학생 들 의 질문 을 잘 받 아 주 시 ㅂ니다,,,,,,,,,,,,,,
인식 론 에 입문 하 기 에 아주 최적 이 ㄴ 강의,,,,,,,,,,,,,,
남 은 2 개 중 하나,,,,,,,,,,,,,,
수업 3 번 씩 3 개,,,,,,,,,,,,,,
보강 2 번 실습 시험 1 번 필기시험 1 번,,,,,,,,,,,,,,
뭘 배우 어야 하 는지 는 강의 계획서 보 고 찾아보 아라,,,,,,,,,,,,,,
내 로 남불 그 자체,,,,,,,,,,,,,,
그래서 수업 의 질 은 좋 은 편 이 아니 ㅂ니다,,,,,,,,,,,,,,
도움 되 는 얘기 도 많이 해주시 고 수업 즐겁 게 잘 들 었 습니다,,,,,,,,,,,,,,
또한 발표 를 하 ㄹ 때 어떤 점 이 좋 고 어떤 점 을 고치 어야 하 하 ㄹ지 잘 알리 어 주 시 어서 도움 이 잘 되 ㅁ,,,,,,,,,,,,,,
일단 조 별 숙제 는 물류 에 관하 ㄴ 주제 를 정하 아서 발표 하 는 것 이 고 그다지 어렵 지 않 았 습니다,,,,,,,,,,,,,,
그리고 계속 수업 시간 에 어,,,,,,,,,,,,,,
글 고 조 별 숙제 로 하 ㄴ 부분 요약 하 ㄴ 후 PPT 만들 어서 발표 하 는데 그래서 그렇 ㄴ지 집중 하나 도 안 되 어 것 머리 에 들어오 는 것 없 음,,,,,,,,,,,,,,
전 필 도 아니 ㄴ데,,,,,,,,,,,,,,
근데 진도 가 느리 어 서 배우 는 양이 좀 적 다고 생각 ..,,,,,,,,,,,,,,
학생 들 마음 이 하 아 잘 해주시 고 학점 도 잘 챙겨주 시 ㅂ니다,,,,,,,,,,,,,,
덕분 에 다른 과목 들 과 달리 수월 하 게 수업 을 따라가 ㄹ 수 있 었 습니다,,,,,,,,,,,,,,
어 지간 히 고득점 맞 으시 어야 하 기 때문 에 별 4 개 달 겠 습니다,,,,,,,,,,,,,,
"""전 빽빽 하 게 조건 다 만족 시키 었 더니 "," 점수 는 꽤 나오 ㄴ 것 같 아요""",,,,,,,,,,,,,,
하지만 시험 개 어렵 어 서 중간 때 망하 ㄴ 줄 알 앗 는데 다 같이 망하 아서 그 중 에서 ㄴ 성적 좋 게 나오 았 다,,,,,,,,,,,,,,
객관식 이 라 쉽 ㄹ 것 이 라고 생각 하 았 지만 다소 까다롭 고 어렵 ㄴ 문제 가 많 습니다,,,,,,,,,,,,,,
수업 시간 에 이 하 아 안 되 는 것 은 계속 질문 하 라고 말씀 하 시 고 예시 도 자세 하 게 알리 어 주 시 어서 좋 음,,,,,,,,,,,,,,
시험 문제 는 40 문제 이 었 고 답 중 에 답 없 음,,,,,,,,,,,,,,
교수 님 이 계속 강조 하 시 는 것 은 시험 에 나오 ㅂ니다,,,,,,,,,,,,,,
수업 중간 중간 학생 들 이 피곤 하 아 하 거나 지루 하 아 하 면 준비 하 아 오 시 ㄴ 만화 또는 그림 으로 하 ㄴ 텀 쉬 고 가 시 ㅂ ㅂ니다,,,,,,,,,,,,,,
숙제 는 학기 초 에 하나 있 고 맨 마지막 기말 때 팀 프로젝트 발표 하나 밖에 없 어서 숙제 에 대하 ㄴ 부담감 은 없 었 습니다,,,,,,,,,,,,,,
팀 프로젝트 주제 와 발표 형식 도 자유 라서 편하 았 던 것 같 았 습니다,,,,,,,,,,,,,,
원래 기말 은 논술 형,,,,,,,,,,,,,,
근데 PPT 는 교제 거의 요약 하 ㄴ 느낌 이 ㅁ,,,,,,,,,,,,,,
자신 이 만들 ㄴ PPT 로 혼자 서 만 말씀 하 시 ㅂ니다,,,,,,,,,,,,,,
저 같 은 경우 에 ㄴ 중간 딱 평균점 받 고 발표 랑 기말 에서 점수 좀 올리 어도 비제 로 나오 았 네 여 ..,,,,,,,,,,,,,,
그렇 다고 교수 님 그래도 나름 귀 여우 심,,,,,,,,,,,,,,
그리고 거의 PPT 읽 는 정도 라 수업 하나 도 안 듣 고 PPT 말 ㄴ 암기 하 면 학점 잘 받 을 수 있 음,,,,,,,,,,,,,,
만 약 이 교수 님 수업 을 듣 게 되 ㄴ다면 무조건 반장 을 하 는 것 을 추천 하 ㅂ니다,,,,,,,,,,,,,,
교수 님 수업 에 덜 집중 하 더라도 PPT 를 완벽 하 게 외  시험 을 잘 보 ㄹ 수 있 습니다,,,,,,,,,,,,,,
양이 은 근 많 은데 막상 시험 문제 보 면 왜 그렇게 외우 었 나 싶 은데 은 근 OX 퀴즈 에서 많이 틀리 더라,,,,,,,,,,,,,,
기업 조사 팀 프로젝트 있 고 되게 중요 하 ㄹ 줄 알 았 는데 그닥 ...,,,,,,,,,,,,,,
최악 ...... 팀 프로젝트 준비 단계 부터 엄청 부담 주 고 닦달 하 았 으면서 정작 발표 날 은 앞 에서 열심히 발표 하 아도 치 어다 도 안보 심 ... 그리고 나 서 돌아오 는 것 은 충격적 이 ㄴ 성적 저 의 점수 는 다 어디 가 ㄴ 것 이 ㄴ가요,,,,,,,,,,,,,,
"""시험 은 ０ "," X 가 포함 되 ㄴ 주관식 이어서 오 엑스 문제 는 쉽 ㄹ 줄 알 았 지만 아니 었 다""",,,,,,,,,,,,,,
자기자 랑이 수업 의 반 인 교수 님 이 ㅂ니다,,,,,,,,,,,,,,
교수 님 의 강 의의 경우 PPT 내용 을 배우 는 것 고 교수 님 이 학자 가 아니 ㄴ 삼성 출신 임원 이 어서 그렇 ㄴ지 객관적 으로 교수법 이 좋 지 는 않 아 개인적 으로 추천 하 지 는 않 습니다,,,,,,,,,,,,,,
같 은 느낌 으로 논술식 으로 작성 하 ㄴ다,,,,,,,,,,,,,,
언제 뭘 물어보 아도 다 답변 하 아 주 시 ㅁ,,,,,,,,,,,,,,
여기 서 쓰 었 던 것 활용 하 아서 서 어 타 ㄹ 하 ㄴ 적 은 없 네요,,,,,,,,,,,,,,
뇌 피셜 도 많 은 것 같 다,,,,,,,,,,,,,,
그럼 이 수업 은,,,,,,,,,,,,,,
괜찮 음 1 번 빠지 면 바로 페일 이 지만 면접 확인서 랑 면접 후기 쓰 어서 내면 출석 처리 하 아 주 ㅁ,,,,,,,,,,,,,,
시험 은 중간 기말 둘 다 온라인 에서 1 시간 정도 내 에 45 가지 주제 주 고 논술문 제출 하 는 형식,,,,,,,,,,,,,,
개인적 으로 매우 좋 았 던 강의,,,,,,,,,,,,,,
온라인 강의 이 ㄴ데 온라인 강의 에서 하 는 발음 이 개 오바 이 었 음,,,,,,,,,,,,,,
데이터베이스 응용 이 라기 보다 는 데이터베이스 프로그램 의 설계 로 보 는 것 이 맞 을 것 같 습니다,,,,,,,,,,,,,,
시험 이 좀 복잡 하고 번 거로 울 떄  있 지만 학점 도 과하 다,,,,,,,,,,,,,,
도망가 라 유기 1 보다 체감 분량 이 3 배 는 많 다,,,,,,,,,,,,,,
강의 하 시 는 것 도 좋 다,,,,,,,,,,,,,,
선생 님 좋 으시 어서 다른 교양 도 선생 님 강의 로 듣 고 싶 어요,,,,,,,,,,,,,,
발표 가 엄청 많 지만 시험 이 비교적 쉽 고 점수 도 잘 주심,,,,,,,,,,,,,,
스마트 캠퍼스 의 도입 으로 가끔 올리 어 주 시 는 김 남미 님 의 동영상 강의 출 첵 이 숙제 점수 로 포함 되 ㅁ,,,,,,,,,,,,,,
실험 교수 님 은 이동 재 교수 님,,,,,,,,,,,,,,
이론 은 열심히 가르치 어 주 시 려고 노력 하 시 ㄴ 다 하지만 과목 이 과목 이 ㄴ지 라 어렵 었 다,,,,,,,,,,,,,,
숙제 열심히 하 시 어요,,,,,,,,,,,,,,
시험 은 크 게 중간 하 고 기말 이 며 형태 는 기 출 문제 와 같이 OX 문제 와 서술 형 문제 로 구성 되 ㅁ,,,,,,,,,,,,,,
꼼꼼 하 게 강의 하 시 는데 시험 에 비하 아 깊 게 하 ㅂ니다,,,,,,,,,,,,,,
대신 다른 반보 다,,,,,,,,,,,,,,
실험 에서 좀 많이 깎이 어도 이론 시험 잘 보 면 커버 되 는 듯,,,,,,,,,,,,,,
박종순 교수 님 개 꾸 ㄹ 실험 교수 님 이 시 었 는데 늦 게 오 시 고 일찍 끝내 주 시 어서 좋 았 음,,,,,,,,,,,,,,
시험공부 는 숙제 하 ㄹ 때 풀 었 던 것 랑 강의 에서 풀 었 던 예제 만 풀 면 반 타작 하 ㅁ,,,,,,,,,,,,,,
레포트 늦 게 내면 아예 0 점 처리,,,,,,,,,,,,,,
크 ㄴ 시험 은 중간 기말 뿐 이 었 지만 자잘 하 ㄴ 쪽지 시험 많이 봄,,,,,,,,,,,,,,
수업 이 1 교시 랑 점심시간 에 있 어서 딴 짓 도 많이 하 고 멍 도 많이 때리 었 는데 점수 잘 주 시 었 어요,,,,,,,,,,,,,,
일주일 마다 한 번 씩 실습 을 하 는데 플밍 초보 이 ㄴ 저 한테 ㄴ 빡 세 고 힘들 기 는 한데 지나 고 보 면 많이 도움 이 되 었 다는 것 을 깨 달 을 수 있 습니 당 시험 보다 빡 세 ㄴ 것 은 팀 별 숙제 .. 시간 많이 들 ㄹ 고요,,,,,,,,,,,,,,
"""채점 하 다가 "," 갑자기 좀 더 구체적 이 ㄴ 답변 이 나오 아서 채점 하 ㄴ 시험지 들 다시 찾아가 서 감점 시키 는 그런 스타일""",,,,,,,,,,,,,,
수업 빨리 끝내 주심,,,,,,,,,,,,,,
앞 에서 말하 았 듯 양 많 아서 노트북 들 고 다니 어야 하 ㅁ,,,,,,,,,,,,,,
"""5 학자 이름 "," 당연히 안 낼 것 같 은 이념 이런 것 꼭 외우 어야 A 가능 하 ㅁ""",,,,,,,,,,,,,,
퀴즈 도 별로 시험 도 별로 강의 도 별로,,,,,,,,,,,,,,
"""", ," 금융 투자 론 은 무조건 이상기 교수 님 들 으시 어요""",,,,,,,,,,,,,,
교수 님 사랑 하 ㅂ니다,,,,,,,,,,,,,,
초반 에 는 상식 수준 에서 강의 가 진행 되 기 때문 에 편하 게 이해하 ㄹ 수 있 습니다,,,,,,,,,,,,,,
그것 도 강평 들 이 하나같이 이 교수 님 말 고 다른 교수 님 들 으라는 식의 뉘앙스,,,,,,,,,,,,,,
강의 는 학생 들 따라오 는 것 체크 하 시 며 진행 하 시 ㅁ,,,,,,,,,,,,,,
교수 님 목소리 가 작 은 것 이 단점 이 길 ㄴ 하 ㅁ,,,,,,,,,,,,,,
시험 은 나 만 어렵 ㄴ 가 족 보 필요 없 음,,,,,,,,,,,,,,
시험 은 진짜 핵심 만 쓰 면 점수 주 는 것 같 음,,,,,,,,,,,,,,
그러 다 보 니 암기 가 안 되 ㅁ,,,,,,,,,,,,,,
이해 하나 도 안 되 고 .. 시험 도 그냥 암기 ... 비추 이 ㅂ니다,,,,,,,,,,,,,,
그리고 젤 중요 하 ㄴ 성적 엄청 후하 게 주 시 ㅂ니다,,,,,,,,,,,,,,
이공 계열 은 시험 채점 에서 더 깐깐 하 게 하 시 ㄹ 것 라는 말씀 하 시 ㅂ니다,,,,,,,,,,,,,,
강의 도 잘하 시 고 학점 도 잘 채우 어 주 시 고 친절 하 시 ㄴ 교수 님 이 시 어요,,,,,,,,,,,,,,
공대 애 들 은 C 언어 랑 범위 가 거의 겹치 기 때문 에 좀 더 편하 ㄴ 것 도 있 는 것 같 아요,,,,,,,,,,,,,,
그리고 코드 작성 하 는 것 그날그날 복습 하세 여,,,,,,,,,,,,,,
출 결 열심히 하 고,,,,,,,,,,,,,,
#NAME?,,,,,,,,,,,,,,
온라인 강의 추상화 의 개념 을 쓰 시 오 이런 거나 오 니까 이런 내용 들 따로 적 어서 암기 하 시 면 되 ㄹ 것 같 아요,,,,,,,,,,,,,,
숙제 가 어렵 습니다,,,,,,,,,,,,,,
진짜 짱 이 에요,,,,,,,,,,,,,,
"""시험 범위 도 널 널 하고 "," 좋 다고 소문나 ㄴ 교수 님 들 얘기 듣 어 보 았 는데 도 강의 선교 수 님 만 한 분 없 습니다""",,,,,,,,,,,,,,
사랑 합 니 당 교수 님,,,,,,,,,,,,,,
사실 수업 에서  하 시 는 부분 은 PPT 내용 이 라 따로 공부 하 아도 되 ㄴ다,,,,,,,,,,,,,,
시험 도 엄청나 게 어렵 다고 느끼 지 않 았 고 다른 컴사 수업 은 조 별 발표 나 숙제 가 있 었 는데 이 교수 님 만 수업 시간 에 하 는 것 만 잘 따라오 면 따로 하 아야 하 ㄹ 것 이 없 어서 부담 없이 듣 을 수 있 었 다,,,,,,,,,,,,,,
숙제 없 고 시험 문제 알리 어 주시 지만 그만큼 성적 받 기 힘들 어요,,,,,,,,,,,,,,
1 문제 정도 틀리 고 출석 은 거의 만점 이 어야 A + 가능 하 ㄴ 것 같 네요,,,,,,,,,,,,,,
교수 님 이 친절 하 시 고 재미있 는 얘기 를 많이 하 아 주 시 ㅁ,,,,,,,,,,,,,,
중간 쉽 ㅁ,,,,,,,,,,,,,,
"""+ 채우 어 주 시 어서 B + 은 쉽 지만 ","""",,,,,,,,,,,,,,
숙제 는 다 쉽 어서 기말 로 학점 나뉘 는데 기 말 은 쉽 게 안 내심 .. 쉽 ㄴ 것 랑 어렵 ㄴ 것 갭 차이 가 크 었 음,,,,,,,,,,,,,,
비 대면 수업 이 라 그런 건지 는 모르 겠 으나 학생 들 부담 덜 어 주 려고 숙제 도 간단 하 ㄴ 내용 으로 내주 시 고 시험 도 적당 하 ㄴ 수준 으로 나오 ㅁ,,,,,,,,,,,,,,
다만 모든 학생 들 이 시험 을 잘 보 기 때문 에 출석 이 크 ㄴ 영향 을 끼 치 ㅂ니다,,,,,,,,,,,,,,
적당히 뒤 에 앉 아서 강의 안 듣 고 하 고 싶 은 것 하 어 도 되 ㅁ,,,,,,,,,,,,,,
다른 교수 님 들 에 비하 아 기초적 이 ㄴ 것 만 가르치 어 주 시 ㅂ니다,,,,,,,,,,,,,,
또 좋 은 것 이 수업 시간 을 빨리 끝내 줄 때 가 많 음,,,,,,,,,,,,,,
설명 을 해주시 기 보다 는 코딩 하 ㄴ 것 을 띄우 어 주 시 고 해보 라는 식 이 어서 무엇 이 ㄴ가 를 많이 얻 어가 겠 구나 하 는 생각 은 전혀 들 지 않 았 습니다,,,,,,,,,,,,,,
교수 님 열정 있 으시 고 최고 이 ㅁ,,,,,,,,,,,,,,
... 하 대 ㄴ 듯 다음 주 성적 확인 이 두렵 네요,,,,,,,,,,,,,,
수업 내용 은 엄청 어렵 지 않 았 는데 개인 의 흥미 에 따르 아 수업 내용 에 대하 ㄴ 평가 가 크 게 갈리 ㄹ 것 같 음,,,,,,,,,,,,,,
"""7 주 간 수업 하고 시험 보 는데 범위 가 넓 고 "," 온라인 강의 에서 나오 ㄴ 내용 이 적지 않 음""",,,,,,,,,,,,,,
숙제 점수 는 모든 강의 를 잘 정리 하 아서 기 한 만 잘 지켜 제출 하 면 대부분 만점 을 주 시 ㅂ니다,,,,,,,,,,,,,,
성적 도 채우 어 주 시 는 것 같 아요,,,,,,,,,,,,,,
숙제 는 한번 있 는데 싸 강 요약 하 는 것 이 ㅂ니다,,,,,,,,,,,,,,
어렵 ㄴ 내용 은 가르치 치 도 않 고 시험 에 나오 지 도 않 으니,,,,,,,,,,,,,,
” 라며 눈치 를 주 시 곤 하 았 습니다,,,,,,,,,,,,,,
시험 매우 쉽 ㅁ,,,,,,,,,,,,,,
열정적 으로 모든 학생 들 을 이해 시키 려고 노력 하 시 는 교수 님 께 감사 하 았 고 숙제 는 많 았 으나 그리 어렵 ㄴ 숙제 가 아니 고 시험 에 관련 되 ㄴ 숙제 를 내주 시 어서 시험 공부 하 는 셈 치고 열심히 하 면 되 ㅂ니다,,,,,,,,,,,,,,
시험 을 개떡 같이 치 어도 숙제 말 ㄴ 잘 하 아 가 면 B + 은 받 음,,,,,,,,,,,,,,
그리고 숙제 하 ㄹ 때 손 계산 대충 하 시 면 점수 깎 이 어요,,,,,,,,,,,,,,
' ' 나 도 사람 이 야,,,,,,,,,,,,,,
강의 듣 는데 목적 이 없 음,,,,,,,,,,,,,,
"""그래 어서 이 ㄴ지 기말 는 클로즈 북 에 어렵 게 내 었 는데 "," 어렵 게 내야 겠 는데 못 풀 거 같 아 문제 를 쉽 게 내 려고 하 시 ㄴ 노력 이 보이 었 음""",,,,,,,,,,,,,,
하 나 만 실수 하 아도 등수 가 바닥 을 치 ㅂ니다,,,,,,,,,,,,,,
또한 출 튀 대출 이 어 마 어마 하 지만 교수 님 이 신경 을 안 쓰 시 구요,,,,,,,,,,,,,,
컴 학부 생 이 라면 알고리즘 은 굉장 히 중요 하 ㄴ 과목 이 니 꼭 제대로 되 ㄴ 교수 님 께 듣 는 것 을 추천 드리 ㅂ니다,,,,,,,,,,,,,,
밑 에 분 성적 잘 주 시 는 것 은 어떻하 게 알 아요,,,,,,,,,,,,,,
애 들 이 못하 ㅁ,,,,,,,,,,,,,,
수업 이해 가 면 듣 는 것 도 좋 으나 그냥 시험 기간 에 혼자 공부 하 아서 시험 잘 보 면 좋 은 점수 를 얻 을 수 있 습니다,,,,,,,,,,,,,,
알고리즘 을 제대로 배우 시고 싶 으시 ㄴ 분 은 타 아 과 알고리즘 을 수강 하 시 기 바라 ㅂ니다,,,,,,,,,,,,,,
TTSX 교수 님 △ 어 처 피 조교 가 내 겠 지,,,,,,,,,,,,,,
숭실 사이버 대 과목 으로 사이버 강의 를 듣 어야 하 ㅂ니다,,,,,,,,,,,,,,
그치만 남 는 것 이 많 은 수업 이 고 강의 내용 도 좋 았 음,,,,,,,,,,,,,,
마냥 미치 ㄴ 경쟁 이 일어나 서 다 들 열심히 하 고 어디 하나 못하 는 팀 이 없 음,,,,,,,,,,,,,,
온오 프 라서 편하 ㄹ 줄 알 았 지 교수 님 두 분 이 서 어 한 시간 을 쪼개 번 갈 아 강의 하 니까,,,,,,,,,,,,,,
배우 는 것 꽤 유익 하고 교수 님 도 나쁘 ㄴ 사람 은 아니 ㄴ데 개 지루 하 아요,,,,,,,,,,,,,,
진짜 잘 가르치 어 주 시 ㄴ다,,,,,,,,,,,,,,
성적 +  다 채우 어 주 는 것 같 아요,,,,,,,,,,,,,,
매트 랩 내용 도 조금 씩 하 는데 흥미 로 워 요,,,,,,,,,,,,,,
3 학년 1 학기 개설 과목 중 최고 의 강의,,,,,,,,,,,,,,
진짜 학점 알 ㄴ 채우 어 주 ㄴ다,,,,,,,,,,,,,,
수능 수학 전체 를 다 알리 어 주 고 시험 은 수 1 수 2 에서 만 내 는 느낌 이 ㅁ,,,,,,,,,,,,,,
나머지 10 은 프로젝트 5 에 출 결 5 이 다,,,,,,,,,,,,,,
따로 혼자 서 공부 하 아야 하 ㄴ다,,,,,,,,,,,,,,
조르 ㄹ 잘 만나 면 편하 ㅁ,,,,,,,,,,,,,,
"""말하 아 뭐 하 아 ", , 그냥 최고 , ," 아무리 못하 아도 에 저 가 보장 되 ㄴ 수업""",,,,,,,,,,,,,,
과목 특성 상 수업 도 굉장히 스트레스 받 아요,,,,,,,,,,,,,,
강의 도 괜찮 고 수업 방식 자체 도 되게 알차 고 좋 았 어요,,,,,,,,,,,,,,
한 학기 내내 이 과목 때문 에 스트레스 엄청 받 았 네요,,,,,,,,,,,,,,
6 학점 정도 로 ㄴ 하 아 주 어야 하 ㄹ 만 하 ㄹ 듯 ,,,,,,,,,,,,,,
교수 님 은 좋 으시 ㅁ,,,,,,,,,,,,,,
교수 님 이 좋 으시 고 학생 들 과 많 은 소통 을 하 시 려고 하 시 ㄴ다,,,,,,,,,,,,,,
교수 님 이 열정적 이 시 ㅂ니다,,,,,,,,,,,,,,
시험 은 그냥 PPT 그대로 나오 ㅁ,,,,,,,,,,,,,,
재미있 게 하 ㄴ 학기 수업 듣 다가,,,,,,,,,,,,,,
그래도 그거 보 고 강의 듣기 에 ㄴ 조 별 숙제 랑 개인 숙제 가  많 다,,,,,,,,,,,,,,
알 는 것 은 많 은데 설명 진짜 못하 ㅁ,,,,,,,,,,,,,,
정신 이 없 고 눈 에 들어오 지 않 아서 수업 자체 에 집중 을 하 아야 하 ㅂ니다,,,,,,,,,,,,,,
시험 은 책 에 나오 는 개념 정의 예시 쓰 면 되 ㅁ,,,,,,,,,,,,,,
수업 에 대하 ㄴ 부담감 은 없 지만 시험 에 대하 ㄴ 부담감 은 가지 시 어야 하 ㄹ 것 같 습니다,,,,,,,,,,,,,,
우선 그냥 수업 은 하나 도 알 ㄴ 들 아도 되 ㄹ 장도 ..,,,,,,,,,,,,,,
시험문제 도 다 알리 어 주 시 고 조 별 숙제 는 그냥 참여 만 하 면 말 ㄴ 점 주 시 ㅂ니다,,,,,,,,,,,,,,
수업 듣 는 내내 그림 을 그리고 프로세싱 을 하 며 나 가 예술대학 에 오 았 는지 의문 이 들 게 하 아 주 ㄴ다,,,,,,,,,,,,,,
제대로 배우 ㄴ 것 이 없 는데 자꾸 배우 ㄴ 것 을 이용 하 아서 숙제 하 라고 하 시 ㅁ,,,,,,,,,,,,,,
.. 학점 은 열심히 하 면 무난 하 게 는 나오 아요,,,,,,,,,,,,,,
열심히 만 하 면 점수 는 잘 나오 ㅁ,,,,,,,,,,,,,,
이런 수업 은 영상 만 정하 고 그 에 대하 ㄴ 주제 만 정하 면 되 는 수준 이 라고 생각 하 ㅂ니다,,,,,,,,,,,,,,
PPT 도 열심히 만 들 시 고,,,,,,,,,,,,,,
중간 전날 에 는 문제 유형 이나 서술 형 문제 몇 개 를 미리 알리 어 주 시 는데 제대로 생각 을 안 하 아 가 아서 시험 을 보 면 서술 형 이 문제 당 배점 이 가장 크 ㄴ 터 라 점수 에 크 게 타격 을 받 습니다,,,,,,,,,,,,,,
"""수업 방식 중간 전 까지 ㄴ 수업 시간 에 매주 주제 에 맞 는 미드 "," 코미디 를 봄""",,,,,,,,,,,,,,
그래도 시험 어느 정도 만 보 ㄴ다면 A 대 는 나오 는 듯 하 아요,,,,,,,,,,,,,,
쪽지 시험 은 개 쉽 게 나오 기 때문 에 절반 이 만점,,,,,,,,,,,,,,
상대적 으로 점수 대가 낮 은 반 에 있 어도 혜택 은 없 다,,,,,,,,,,,,,,
수업 내내 계속 질문 하 시 고 초반 에 교수 님 이 이름 외우 어서 찍히 ㄴ 사람 위주 로 물어보 니까 조 심하 시 기 ㄹ .. 퀴즈 도 단답 식 객관식 아니 고 그냥 예비 중간 이 었 음,,,,,,,,,,,,,,
그리고 제발 교수 님 좀 괴롭히 지 말 으시 어요,,,,,,,,,,,,,,
1 학기 자바 는 안 듣 고 바로 듣 었 는데 귀찮 게 하 ㅁ,,,,,,,,,,,,,,
"""비 대면 이 ㄴ 이번 학기 는 "," 숙제 1 개 이것 이 1 부 2 부 로 나누 어 지 어 있 어서 조금 시간 이 많이 걸리 고 노력 도 들어가 ㅂ니다""",,,,,,,,,,,,,,
중간 없 음,,,,,,,,,,,,,,
강의 평 수정 을 못하 아서 시험 정보 는 못 적 는 것 이 아쉽 ㄴ데 절대평가 이 므로 강의 만 잘 따라오 시 면 되 ㄹ 듯 하 ㅂ니다,,,,,,,,,,,,,,
가볍 게 듣 을 사람 에게 는 비추,,,,,,,,,,,,,,
다음 수업 도 또 듣 고 싶 어요,,,,,,,,,,,,,,
교수 님 이 되게 열정적 이 시 구 숙제 는 아예 없 고 다만 수업 시간 에 활동 량 이 좀 많이 많 아요,,,,,,,,,,,,,,
이 수업 어,,,,,,,,,,,,,,
시험문제 어렵 지 않 음,,,,,,,,,,,,,,
그리고 교수 님 이 질문 잘 받 아 주 시 어서 질문 하 는 것 이 답,,,,,,,,,,,,,,
숙제 는 없 고 교수 님 이 최소한 의 문제 를 풀 어 보 라고 문제 선별 하 아 주 시 ㅁ,,,,,,,,,,,,,,
중간 잘 봄 = 학점 잘 받 음,,,,,,,,,,,,,,
좋 은 점 은 너 만 어렵 ㄴ 데 에 아니 ㅁ,,,,,,,,,,,,,,
물론 사람 에 따르 고 개 취 겠 지만 같 은 과목,,,,,,,,,,,,,,
시험 난이도 적당 하고,,,,,,,,,,,,,,
이해 하 기 쉽 게 잘 가르치 시 나,,,,,,,,,,,,,,
대신 그만큼 학점 을 꽉 꽉 채우 어 주 ㅁ,,,,,,,,,,,,,,
강의 를 들 으면 1 도 못 알아먹 음,,,,,,,,,,,,,,
그냥 이 과목 독학 이 ㅂ니다,,,,,,,,,,,,,,
쉽 ㄴ 과목 이 라던데 교수 님 은 대단 하 ㄴ 능력 을 가지 고 계시 ㄴ 것 같 다,,,,,,,,,,,,,,
고구마 를 좋아하 고 다른 사람 과 의 팀 프로젝트 을 즐기 ㄹ 수 있 는 용자 에게 강력 추천 하 ㅁ,,,,,,,,,,,,,,
그래서 시간 오바 하 ㄹ 때 조금 있 었 음,,,,,,,,,,,,,,
기본적 으로 머리 에 수학적 센스 가 있 는 사람 이 들 으면 잘 맞 을 교수 님 이 ㅂ니다,,,,,,,,,,,,,,
학기 중 에 하 아야 하 ㄹ 것 굉장히 많 고 시험 없 는 것 감안 하 아도 ,,,,,,,,,,,,,,
마케팅 은 처음 이 ㄴ데 이해 가 잘 되 어요,,,,,,,,,,,,,,
다음 에 오 아서 고치 면 되 니까 ㄴ,,,,,,,,,,,,,,
교수 님 도 목소리 는 졸리 지만 좋 으시 ㅁ,,,,,,,,,,,,,,
온라인 강의 라 그렇 ㄴ지 강의 와 수기 레포트 가 조금 많 아서 힘들 ㄴ 부분 은 있 었 습니다,,,,,,,,,,,,,,
러시아 나 문화 예술 에 대하 어 관심 많 으시 ㄴ 분 들 들 으면 좋 을 것 같 아요,,,,,,,,,,,,,,
대면 하 ㄹ 때 들 으시 어요,,,,,,,,,,,,,,
이번 학기 총 14 장 이 었 습니다,,,,,,,,,,,,,,
저 랑 은 자 ㄹ 맞 지 않 는 교양 이 었 습니다,,,,,,,,,,,,,,
수업 방식 은 대형 강의실 에서 다 같이 영상 을 보 거나 교수 님 강의 듣 는 형식 이 라 필기 부담 이나 그런 것 하나 도 없 습니다,,,,,,,,,,,,,,
나 는 안 하 아서 망하 ㅁ,,,,,,,,,,,,,,
뒤 에서 맨날 떠들 고 영상 집중 안 하 고 수업 시간 에 딴 과목 공부 하 는 사람 들 은 억울 하 ㄹ 것 하나 없 음,,,,,,,,,,,,,,
16 줄 에 앉 는 것 을 추천,,,,,,,,,,,,,,
나름 신경 쓰 어서 공부 하 시 어야 하 아요,,,,,,,,,,,,,,
생각하 ㄹ 수 있 는 기회 이 었 다고 생각 하 ㅂ니다,,,,,,,,,,,,,,
교수 님 이 도움 되 는 이야기 도 많이 해주시 고 러시아 문화 에 관해 관심 보이 면 좋 게 봐주 시 지만 출석 부르 시 ㄹ 때 뛰어넘 고 부르 시 어서 나중 에 문의 드리 면 두루뭉술 하 게 대답 하 시 는 편 이 라는 것 이 조금 걸리 는 점,,,,,,,,,,,,,,
다만 학점 은 겁나 잘 주 ㄴ다,,,,,,,,,,,,,,
교수 님 이 프리 하 시 어서 졸리 면 나가 아서 커피 사 아 오 아 서 어 마시 어라 그러 심,,,,,,,,,,,,,,
본인 이 A 0 맞 앗기 때문 이 ㅁ,,,,,,,,,,,,,,
첫날 테스트 보 고 실력 이 어느 정도 이 ㄴ지 강사 가 판단 하 고 시험 날 에 향상 도 를 많이 봄,,,,,,,,,,,,,,
그냥 고민 하 ㄹ 것 없이 이 분 들 으면 되 ㅁ,,,,,,,,,,,,,,
MVP 도 뽑 고 소정 의 상품 도 주심,,,,,,,,,,,,,,
전 에 하 았 던 사람 이나 아이스하키 하 았 던 사람 들 이 있 을 수 있 어서 힘들 ㄴ 데 에 1 시간 수업 하고 1 시간 게임 하 는데 게임 이 진짜 재미있 었 습니다,,,,,,,,,,,,,,
스키장 수업 은 교수 님 이 직접 알 ㄴ 하 ㅂ니다,,,,,,,,,,,,,,
싶 은 부분 에서 만 출제 되 었 습니다,,,,,,,,,,,,,,
자신 에 대하 ㄴ 철학 이 확실 하 다,,,,,,,,,,,,,,
그리고 싸 강 에서 PPT 읽 어 쥬 기 만 하 아서 위치 쫓아가 기 좀 어려움,,,,,,,,,,,,,,
먼저 장점 기출문제 주 시 고 책 에 있 는 문제 랑 기출 에서 거의 다 나오 ㄴ다고 보 면 되 ㅁ,,,,,,,,,,,,,,
전자기 학 자체 가 어렵 고 교수 님 도 약간 교수 님 속도 에 맞추 어서 강의 하 시 기 때문 에 처음 에 ㄴ 따라가 기 어렵 다,,,,,,,,,,,,,,
족보 가 있 으면 도움 은 되 겠 지만 결국 핵심 이론 을 이해 하고 있 어야 점수 받 을 수 있 습니다,,,,,,,,,,,,,,
수업 을 이해 하 지 못하 기 때문 에 그냥 책 보 고 삘  대충 끄적이 거나 친구 들 이랑 공유 하 아서 나 의 셈 그리고 말 안 하 면 숙제 답 안 알리 어 주 ㅁ,,,,,,,,,,,,,,
진짜 하 ㄹ 말 이 많 은데 간략 하 게 쓰 었 음,,,,,,,,,,,,,,
한국사 는 팀 으로 발 표시 켜 심,,,,,,,,,,,,,,
1 TRACERT 화면 캡 치 어,,,,,,,,,,,,,,
교수 님 강의 좋 으시 ㅂ니다,,,,,,,,,,,,,,
공부 많이 하 는 대로 성적 잘 나오 는 듯,,,,,,,,,,,,,,
인원 이 적 어서 교수 님 이 학생 들 편의 많이 봐주 시리 어 하 았 던 것 같 습니다,,,,,,,,,,,,,,
열심히 공부 하 면 얻 어 가 는 것 이 많 다,,,,,,,,,,,,,,
공부 양 이 어 마 어마 하고 깊이 있 게 공부 하 아야 하 ㅁ,,,,,,,,,,,,,,
도대체 왜 이 과목 에 별점 을 많이 주 는지 이 하 아 못하 겠 는 과목,,,,,,,,,,,,,,
장훈 과 쌍벽 을 이루 는 교수 .. 본인 이 온라인 으로 강의 하 았 던 내용 에 대하 아서 질문 을 하 면 3 분 의 1 정도 는 기 억 을 못하 고 횡설수설 하 고 질문 이 없 으면 본인 자랑 또는 자식 자랑 을 하 ㄴ 다 아 멋있 어,,,,,,,,,,,,,,
퀴즈 는 그냥 풀 다가 시간 좀 지나 면 10 분 정도 오픈 북 타임 을 줌,,,,,,,,,,,,,,
빡 치 어서 쓰 고 감,,,,,,,,,,,,,,
그리고 숙제 가 많 았 습니다,,,,,,,,,,,,,,
숙제 는 적당히 있 었 고 이 번 학기 는 온라인 이 라 프로젝트 가 없 었 는대,,,,,,,,,,,,,,
PPT 쭉 읽 어 주 다가,,,,,,,,,,,,,,
스시 소 나 통계 학과 학생 들 이 코딩 능력 이 부족 하 다고 판단 하 시 어서 소프트웨어 공학 수업 을 하 지 않 으시 고 프로그래밍 수업 을 하 시 었 어요,,,,,,,,,,,,,,
배우 는 것 없 고 그냥 팀 프로젝트 던지 어 주 고 끝 이 다,,,,,,,,,,,,,,
그냥 나 는 영어 로 통 암기 하 아서 영어 로 쓰 었 는데 나 의 시험 점수 1 도 모르 ㅁ,,,,,,,,,,,,,,
개인적 으로 시험 도 없 고 그냥 매주 성실 하 게 수업 챙기 는 사람 은 무난 하 게 점수 받 을 수 있 음,,,,,,,,,,,,,,
형식 상 의 점수 라고 생각 하 시 면 되 ㅂ니다,,,,,,,,,,,,,,
항상 넷 플릭스 나 다른 동영상 으로 수업 시간 을 때 우 시 고 수업 10 여 분 정도 농담 을 하 시 ㅂ니다,,,,,,,,,,,,,,
중간 기말 시험 성적 에서 확연히 갈리 ㄴ 것 같 습니다,,,,,,,,,,,,,,
#NAME?,,,,,,,,,,,,,,
본인 이 금융 권 에 종사 하고 싶 다,,,,,,,,,,,,,,
재수강 이나 고 학번 이 라면 절대 듣 지 말 것,,,,,,,,,,,,,,
중간 못 보 아도 기말 100 제도 가 있 기 때문 에 괜찮 은데 기말 시험 범위 가 저 는 범위 라 보통 거의 다 중간 못 보 면 기말 도 같이 조 지 ㅂ니다,,,,,,,,,,,,,,
문제 수 는 7 개 정도 되 었 던 것 ㄹ로 기 억 하 ㅂ니다,,,,,,,,,,,,,,
교수 님 친절 하 시 기 는 한데  가르치 ㄹ 때 시간 이 부족 하 시 었 나 약간 날림 으로 가르치 시 길 ㄴ 하 ㅁ,,,,,,,,,,,,,,
좋 아요 좋 아요,,,,,,,,,,,,,,
법대 복전 을 생각 하고 경험 삼 아 듣 어 보 았 는데 교수 님 이 좋 으시 고 많이 배우 어 가 ㄹ 수 있 어서 좋 았 어요,,,,,,,,,,,,,,
""""," 고 학년 들 에게 는 학점 짠 것 ㄹ로 유명하 ㄴ 데 1 학년 이 기 는 의 외로 학점 후한 것 같 습니다""",,,,,,,,,,,,,,
아무것 도 안 하고 점수 받 았 기에 B + 도 만족 하 는 수업,,,,,,,,,,,,,,
"""한자 의 생성 원리 부터 시작 하 아 부수 ", 생활 하 ㄴ 자 어 ," 사자 성어 와 얽히 ㄴ 이야기 까지 하 ㅂ니다""",,,,,,,,,,,,,,
교수 님 친절 하 시 고 젠 틀 하 시 ㅁ,,,,,,,,,,,,,,
싸 강인 것 이 아쉽 었 던 유일 하 ㄴ 수업 이 기초 한문 이 었 습니다,,,,,,,,,,,,,,
근데 하 ㄴ 자 모르 면 안 하 는 것 이 좋 음,,,,,,,,,,,,,,
김성훈 교수 님 사랑 스 러 우 니 다,,,,,,,,,,,,,,
벼락치기 하 기 에 ㄴ 양이 꽤 많 다는 것 을 알 아야 하 ㅁ,,,,,,,,,,,,,,
"""필자 는 한문 이 노 베이스 이 었 지만 ", 열심히 하 면 잘 받 을 수 있 다고 생가 하 았 기 때문 에 딱히 고민 이 없 었 지만 ," 언어 과목 은 한 번 하 아 보 았 고 안 하 아 보 았 고 의 차이 가 확실 하 ㄴ 과목 중 하나 이 ㄴ 것 같 았 다""",,,,,,,,,,,,,,
독 강이 이 었 는데,,,,,,,,,,,,,,
.. 내용 도 많 고,,,,,,,,,,,,,,
교수 님,,,,,,,,,,,,,,
"""하지만 앵 가 ㄴ 히 만 하 면 출 튀 자 "," 숙제 미 제출 자 가 많 으니 점수 는 좋 게 받 을 수 있 음""",,,,,,,,,,,,,,
교수 님 되게 좋 으시 고 진짜 엄마 같 으시 ㅁ,,,,,,,,,,,,,,
단점 은 시험 양이 많 다,,,,,,,,,,,,,,
그리고 하 ㄴ 문 처음 접하 는 사람 들 에게 는 외우 어 질 수 있 는 범위 가 아니 ㅁ,,,,,,,,,,,,,,
중국인 들 개 많 습니다,,,,,,,,,,,,,,
진짜 .. 아마 내 어 대학 생활 최악 의 수업 이 지 않 았 을까 싶 다,,,,,,,,,,,,,,
그지 같 았 어요,,,,,,,,,,,,,,
실험 이 꽤 빨리 끝나 는 편 이 라 편하 았 음,,,,,,,,,,,,,,
숙제 도 수업 중 읊조리 다가 나오 니까 딴짓 하 면서 도 듣 고 는 있 어야 하 ㅁ,,,,,,,,,,,,,,
"""온라인 에서 하 았 던 말 수업 시간 에 반복 하고 "," 그러 다""",,,,,,,,,,,,,,
그리고 마지막 에 설계 숙제 있 는데 좀 귀찮 음,,,,,,,,,,,,,,
조교 님 은 개 좋 은데 교수 님 때문 에 늦 게 마침,,,,,,,,,,,,,,
교수 님 자체 는 좋 으 시 지만 과목 말 ㄴ 보고 얘기 하 ㄴ다면 왜 인 필 이 ㄴ지 모르 겠 음,,,,,,,,,,,,,,
수업 내용 은 산 공과 에서 알 아 두 면 좋 을 교양 정도 다,,,,,,,,,,,,,,
교수 님 좋 으시 ㄴ 분 이 고 강의 도 좋 습니다,,,,,,,,,,,,,,
여전히 방치 형 수업 이 지만 그래도 툴 은 조금 알리 어 주 었 음,,,,,,,,,,,,,,
다만 팀 프로젝트 에서 팀원 을 잘못 만나 ㄴ다면 고생 을 많이 하 ㄹ 것 같 네요,,,,,,,,,,,,,,
맨날 일찍 끝내 주 시 고 대학교 에서 ㄴ 상상 하 ㄹ 수 없 을 정도 로 다 정 다감 하 게 잘 가르치 어 주심,,,,,,,,,,,,,,
교수 님 착하 시 고 성적 도 잘 주 시 ㅂ니다,,,,,,,,,,,,,,
이해 하 기 어렵 었 음,,,,,,,,,,,,,,
통수 때 림 추천 하 지 않 음,,,,,,,,,,,,,,
사실 중간 도 쉽 ㄴ 거로 대체 해주시 고 항상 학생 들 의견 물어보 심 중간 숙제 를 저 는 그 냐는 나누 어 주 시 ㄴ 영문 한글 로 다 번역 하고 엄청 열심히 하 ㅁ,,,,,,,,,,,,,,
조 별 숙제 가 중간 과 기말 사이 에 한 번 있 음,,,,,,,,,,,,,,
기말 2 주 우 전쯤 조 별 로 발표 있 어요,,,,,,,,,,,,,,
"""아 하나 더 있 는데 종강 날 까지 수업 이 있 었 다는 점 ", ,"""",,,,,,,,,,,,,,
2 5 번 이 ㄴ가 까지 빠지 ㄹ 수 있 었 어요,,,,,,,,,,,,,,
그래도 듣 을 만 은 하 ㅁ,,,,,,,,,,,,,,
별로 부담 없이 듣 을 수 있 는 수업,,,,,,,,,,,,,,
시험 도 없 는데 수업 만 이 라도 성의 를 보이 어야 하 ㄴ다고 봄,,,,,,,,,,,,,,
다만 가끔 씩 교수 님 이 이야기 해보 라고 하 ㄹ 때 교수 님 무시 하 는 것 이 ㄴ지 .... 표 정도 개 썩 고 하 기 싫 은 것 티 내 ㅁ,,,,,,,,,,,,,,
"""교수 님 이 자기 분야 에 대하 아서 자부심 이 있 고 즐거워하 시 는 모습 이 종종 보이 었 는데 "," 그 부분 은 좋 았 음""",,,,,,,,,,,,,,
신기 하 다,,,,,,,,,,,,,,
"""숙제 난이도 는 어렵 ㄴ 수준 은 아니 었 고 "," 해당 챕터 를 잘 이해 하 았 다 면 모두 풀 수 있 는 문제 이 었 습니다""",,,,,,,,,,,,,,
보 면 교수 님 침 넘어가 는 소리 가 하도 많이 들리 어서,,,,,,,,,,,,,,
실습 도 그닥 도움 되 는 것 같 지 않 고 그냥 기 보 ㄴ 개념 가지 고 이렇게 하 는 것 에 요 하 는 수준,,,,,,,,,,,,,,
이상호 교수 님 의 책 팔 이 본능 때문 에 박동주 교수 님 반도 어쩌 ㄹ 수 없이 쓰레기 같 은 교재 를 사 야 만 하 는 대 참사 가 벌어지 ㅁ,,,,,,,,,,,,,,
총체적 난국 이 ㅂ니다,,,,,,,,,,,,,,
수업 시간 에 딴 짓 하 ㄹ 수 있 는 강의 에 요,,,,,,,,,,,,,,
"""숙제 한 챕터 가 끝 날 때 마다 숙제 를 하 나 씩 내주 시 는데 "," 생각 을 많이 하 아야 하 는 문제 를 주로 내신 다""",,,,,,,,,,,,,,
열정적 으로 잘 가르치 어 주 시 ㅂ니다,,,,,,,,,,,,,,
은 상상 을 초월 하 ㅁ,,,,,,,,,,,,,,
처음 에 스마트 캠퍼스 가 불안정 하 ㄹ 때 출석 에 오류 가 생기 ㄹ 수 있 다고 3 주 우 정도 는 아예 출석 체크 를 하 지 않 으시 었 습니다,,,,,,,,,,,,,,
웅얼웅얼 뭐 라는 지 알아듣 기 힘들 지만,,,,,,,,,,,,,,
강의 듣 는 내내 많이 힘들 었 지만 마음 만 은 착하 시 고 저 는 결론적 으로 성적 이 잘 나오 아서 이 럴 지 ㄴ 모르 지만 하 ㄴ 학기 동안 그래도 이 디스플레이 과목 중 에 가장 난이도 가 쉽 ㄴ 반 이 었 던 것 같 습니다,,,,,,,,,,,,,,
두서 없 는 말 이 많 다,,,,,,,,,,,,,,
거의 언제나 웃 는 얼굴 로 수업 을 하 시 ㄴ다,,,,,,,,,,,,,,
질문 을 하 면 웃 는 얼굴 로 더 어렵 ㄴ 답 을 해주시 는 교수 님,,,,,,,,,,,,,,
발표 도 그냥 스크린 앞 에 서 어서 다소곳 하 게 마이크 잡 고 하 시 어요,,,,,,,,,,,,,,
팀 프로젝트 에서 점수 갈리 지 도 않 고,,,,,,,,,,,,,,
저 는 기 초 안 듣 고 처음 듣 는 것 이 었 어요,,,,,,,,,,,,,,
"""금융 "," 재무 분야 에 관심 이 있 는 학우 들 이 라면 꼭 수업 듣 는 것 을 추천 하 ㄴ다""",,,,,,,,,,,,,,
학기 말 에 조 별 발표 있 는데 부담 없 는 정도 고 이 과목 을 추천 하 는 가장 크 ㄴ 이유 는 금융 재무 에 관심 있 는 학생 들 은 김수현 교수 님 수업 들 으면 반드시 도움 이 되 ㄹ 거라 생각 이 들 ㄹ 정도 로 실무적 이 ㄴ 얘기 도 많이 해주시 고 그 밖에 도 자신감 을 가지 고 자존감 을 높이 어 주 는 그런 좋 은 얘기 들 을 많이 하 아 주 시 ㅁ,,,,,,,,,,,,,,
.. 실무자 의 위엄 을 보여주 시 는 분,,,,,,,,,,,,,,
분 .. 성적 잘 받 으시 려면 예 복습 진짜 잘하 시 어야 되 고 설명 자체 가 수많 은 개념 들 을 이미 알 ㄴ다는 가 정하 에 이루어지 어서 수업 시간 에 나오 는 개념 들 에 대하 어 개인적 으로 혼자 공부 하 면서 충분히 이해 가 되 어야 하 ㄹ 것 같 아요,,,,,,,,,,,,,,
후회 안 하 ㄴ 다 배우 ㄹ 것 많 지만 하 ㄹ 것 울 ㄴ 없 는,,,,,,,,,,,,,,
기백 신은 믿 어도 되 ㄴ다,,,,,,,,,,,,,,
시험 3 번 보 아야 하 는 것 은 매우 귀찮 지만 문제 는 프린트 에서 거의 다 내 는 편 이 ㅁ,,,,,,,,,,,,,,
속도 가 좀 빠르 다,,,,,,,,,,,,,,
물론 불가피 하 ㄴ 상황 으로 못 올리 시 게 되 었 을 때 는 다음 영상 에서 미안 하 다는 말씀 과 함께 수업 을 시작 하 아 주 시 어서 감사 하 았 습니다,,,,,,,,,,,,,,
아직 1 년 다니 었 지만 4 년 동안 학교 를 다니 면서 이 교수 님 이 가장 최고 이 ㄹ 거라고 예상 하 ㅁ,,,,,,,,,,,,,,
매우 훌륭 하 ㄴ 교수 님 이 다 산 공과 학생 이 면 모두 챙기 어 듣 자,,,,,,,,,,,,,,
"""일단 굉장히 잘 가르치 시 고 "," 인성 킹 가 아""",,,,,,,,,,,,,,
본인 이 원래 수학 을 잘 하 아서 혼자 하 는 것 을 선호 하 면 오히려 이 분 이 나 을 수 도 있 음,,,,,,,,,,,,,,
중간 난이도 가 그리 어렵 지 않 아서 무난 하 ㅁ,,,,,,,,,,,,,,
수업 중간 중간 에 이상 하 ㄴ 드립 치 시 는데 어떻하 게 풀 어야 잘 풀 었 다고 소문 이 날 까요,,,,,,,,,,,,,,
교수 님 은 똑똑 하 시 고 다른 교수 님 에 비하 아 강의 력 이 좋 으 시자 만 이 과목 은 교수 님 의 강의 력 으로 더 커버 불가능 하 ㄴ 과목 이 다,,,,,,,,,,,,,,
"""RECRUSIVE DEFINITION 과 ESTIMATION "," TIME COMPLEXITY 세 개 가 연관 되 니까""",,,,,,,,,,,,,,
그리고 잔소리 도 하 시 ㅁ,,,,,,,,,,,,,,
앞자리 앉 아서 보너스 점수 꼭 딸 것,,,,,,,,,,,,,,
보 니 만점 을 받 지 않 으면 A + 은 힘들 고 실수 한두 개 하 아서 부분 점수 깎이 면 A 하지만 항상 그렇 듯 공부 를 조금 이 라도 하 아야 풀 수 있 음,,,,,,,,,,,,,,
시험 문제 중 에 이것 이 뭐 어쩌 라는 것 이 지 싶 은 문제 가 하 ㄴ 개 씩 꼭 있 음,,,,,,,,,,,,,,
5 번,,,,,,,,,,,,,,
심지어 기말 는 작년도 기 출 과 아예 똑같이 나오 아 족보 가 없 는 사람 들 은 엄청 불리 하 았 다,,,,,,,,,,,,,,
눈높이 를 낮추 어서 교육 하 아 주 시 ㅂ니다,,,,,,,,,,,,,,
요약 배경 지식 없 어도 알아보 ㄹ 마인드 가 항상 있 어야 되 고 애초 에 배경 지식 꾸준히 쌓 으면 좋 은 성적 받 음,,,,,,,,,,,,,,
진짜 교수 님 이 나 보고 직접 전화 로 지금 부터 이 라도 수업 나오 아서 시험 치 면 F 는 알 ㄴ 줄 거라고 말씀 하 시 어서 기말 60 점 받 았 는데 그냥 F 주심 성적 나오 자마자 어이 가 없 고 머리 가 멍 해지 더라 내년 에 ㄴ 이 산수 학 하 시 는데 수업 듣 어야 하 나 고민 까지 하 게 말 ㄴ 심 저 의 발 다른 교수 님 으로 바꿔주 셨 으면,,,,,,,,,,,,,,
하 고 넘어가 ㅁ,,,,,,,,,,,,,,
수업 자체 는 재미있 음,,,,,,,,,,,,,,
매달 무엇 이 ㄴ가 를 준비 하 아야 하 ㄴ다는 부담감 이 좀 세 기 는 하 다,,,,,,,,,,,,,,
이진홍 교수 님 외 모두 발표 혹은 토론 이 시험 대체 이 다,,,,,,,,,,,,,,
교수 님 들 수업 이 급히 만들 ㄴ 티 가 팍팍 남 .. 두 분,,,,,,,,,,,,,,
열심히 듣 는다면 남 는 것 이 많 은 수업 이 ㅂ니다,,,,,,,,,,,,,,
... 교수 님 은 신경 안 쓰 심 ...,,,,,,,,,,,,,,
하지만 중국 이 미 어느 정 더 아 는 사람 에게 ㄴ 이 리 저리 두서 없이 하 어 도 본인 들 이 잘 머리 속 에서 주제 별 로 분류 하 아서 포인트 가 무엇 이 ㄴ지 잘 캐치 하 아서 듣 을 듯,,,,,,,,,,,,,,
숙제 는 리포트 한 장 으로 지정 다큐멘터리 감상 이나 중국 에 대하 ㄴ 자유 주제 중 택 1 하 아 제출 하 는 것 으로 부담 이 없 습니다,,,,,,,,,,,,,,
연 강 으로 진행 되 는 강의 이 ㅂ니다,,,,,,,,,,,,,,
왜냐하면 수업 은 어렵 지 않 게 따라가 도 시험 문제 가 조금 어렵 게 나오 ㅂ니다,,,,,,,,,,,,,,
강경태 세무회계 연습 서 1 법인 세 편 수업 을 진행 하 ㅂ니다,,,,,,,,,,,,,,
저녁 에 보강 이 두 번 이나 있 고 시험 을 토요 일 나 ㄹ 보 며 연 강 수업 있 는 날 저녁 에 보강 을 잡 아 하루 6 시간 수업 을 하 는 경우 가 있 음,,,,,,,,,,,,,,
남궁 미옥 교수 님 이론 좋 아요,,,,,,,,,,,,,,
실험 수업 때 도 조교 님 이 직접 수업 진행 못하 게 교수 님 이 다 진행 하 시 어서 개인적 으로 별로 이 었 음,,,,,,,,,,,,,,
김윤기 교수 님 ...............,,,,,,,,,,,,,,
그런데 문제 는 실험 레포트 .. 뭘 쓰 어야 하 는 지도 잘 모르 겠 고 수기 로 작성 하 는데 진짜 손목 뿌러지 는 줄 알 았 어요,,,,,,,,,,,,,,
1 학년 1 학기 새내기 들 에게 편 미분 가르치 어 주 고 식 유도 하 ㄴ 것 을 문제 에 내 ㄴ다,,,,,,,,,,,,,,
그저 갓 ROBIE 숙제 같 은 것 1 도 없 고 같 은 반 사람 들 이랑 영어 로 말 만 하 면 되 ㅁ,,,,,,,,,,,,,,
그르 ㄹ 만나 았 다면 당신 은 위너,,,,,,,,,,,,,,
준비 만 열심히 하 면 하 ㅁ,,,,,,,,,,,,,,
수업 시간 에 참여 를 잘 하 아야 점수 가 잘 나오 ㄴ다,,,,,,,,,,,,,,
온 학생 들 이 대다수 이 었 지만 국내 파 이 어도 노력 하 면 저 처럼 A + 받 을 수 있 습니다,,,,,,,,,,,,,,
수업 을 일찍 끝내 주 는 편 은 아니 시 지만 그래도 우리 교수 님 이 최고 이 ㅁ,,,,,,,,,,,,,,
교수 님 엄청 착하 시 고 밝 은 에너지 뿜 뿜 학점 잘 주 시 ㅂ니다,,,,,,,,,,,,,,
밑 분 말 처럼 진짜 수업 빨리 끝내 주 ㅁ,,,,,,,,,,,,,,
수업 도 1 시간 만 딱 하 시 고 진짜 좋 아요,,,,,,,,,,,,,,
나 는 봄 꽃 을 보 려면 어디 로 가 아야 하 니,,,,,,,,,,,,,,
교수 님 이 항상 몇 분 씩 늦 게 들 어 오 시 ㅂ ㅂ니다,,,,,,,,,,,,,,
출석 부르 ㄹ 때 어 저 의 뭐 하 았 는지 말 하 는 시간 이 있 는데 초반 에 는 뻘 쭘 하 어 시간 지나 면 익숙 하 아 지 ㄹ 것 이 ㅁ,,,,,,,,,,,,,,
그리고 나 의 마음 도 찢어지 어,,,,,,,,,,,,,,
수업 하 ㄹ 때 굉장히 편안 하 게 해주시 심,,,,,,,,,,,,,,
""""," 숙제 많 음""",,,,,,,,,,,,,,
학점 개 깐깐 숙 제 제출 도 하 고 시험 도 다 보 았 는데 점수 가 ... 출 결 굉장히 중요 하 게 생각 하 는 것 같 음,,,,,,,,,,,,,,
수업 시간 에 열심히 참여 하 아야 하 ㅂ니다,,,,,,,,,,,,,,
그래도 완전 좋 은 수업 이 었 습니다,,,,,,,,,,,,,,
우선 교수 님 이 글쓰기 에 대하 ㄴ 수업 을 매우 열정적 으로 하 시 어서 제한 이 많 습니다,,,,,,,,,,,,,,
팁 을 주자 면 우선 교수 님 과 무조건 친하 아 지 어야 되 ㅂ니다,,,,,,,,,,,,,,
시키 는 것 이 엄청나 게 많 으 심 조 별 로 영어 로 토론 을 일주일 에 한 번 씩 하 아야 하 ㅁ,,,,,,,,,,,,,,
"""문법 ", 어휘 , 표현 ," 발음 등 등 등""",,,,,,,,,,,,,,
교수 님 조 아 요 수업 나름 괜찮 고 ... 듣 을 만 하 ㅂ니다,,,,,,,,,,,,,,
당연히 A 나 오 ㄹ 줄 알 고 있 어도 보통 B 이하 로 나오 아요,,,,,,,,,,,,,,
나 도 엄청 웃 고 열심히 하 았 는데 고작 B 라니 나 진짜 A 맞 는 줄 알 고 열심히 하 았 는데,,,,,,,,,,,,,,
수업 은 재미있 는 편,,,,,,,,,,,,,,
에 도 불구 하고 대한민국 은 언론 이 통제 되 어 있 고 투명 하 지 않 아서 기사 한 줄 도 없 다는 얘기 를 하 았 다,,,,,,,,,,,,,,
절대평가 라 성적 을 그나마 잘 받 아서 괜찮 았 지 2 학기 때 도 이런 식 으로 강의 하 면 나 는 알 ㄴ 들 음,,,,,,,,,,,,,,
시험 문제 는 무난 하 았 던 것 같 음,,,,,,,,,,,,,,
특히 스탯슨  다른 모의 재판 대회 나 가 려고 하 는 친구 들 은 이 것 꼭 들 어 라,,,,,,,,,,,,,,
""".. 솔직히 설명 을 못하 시 지 ㄴ 않 는데 집중 되 는 목소리 도 아니 라서 ","""",,,,,,,,,,,,,,
숙제 는 없 고 학기 에 1 번 팀 프로젝트 발표 가 있 음,,,,,,,,,,,,,,
김 남미 교수 님 은 열정 이 넘치 시 고 잘 가르치 시 ㄴ다,,,,,,,,,,,,,,
설명도 열심히 하 시 는 것 이 눈 에 보이 고,,,,,,,,,,,,,,
학생 들 에게 공부 를 진짜 많이 시키 시 ㅂ니다,,,,,,,,,,,,,,
"""김수경 교수 님 애교 많 으시 고 좋 지만 "," 강의 내용 이 이해 하 기 힘들 고 숙제 나 쪽지 시험 도 없 어서 공부 를 안 하 다가 시험 기간 에 몰아 서 하 게 되 ㄴ다""",,,,,,,,,,,,,,
숙제 는 무지 하 게 많 음,,,,,,,,,,,,,,
김 남미 교수 님 은 평소 호불호 가 많이 갈리 는 스타일 이 라고 들 었 지만 신청 하 았 다,,,,,,,,,,,,,,
태도 점수 로 매 수업 시간 최대 2 번 씩 질문 받 으시 고 그 횟수 기록 하 아서 출석부 에 기록 하 았 다 가 나중 에 태도 점수 로 평가 하 시 는 것 같 습니다,,,,,,,,,,,,,,
.. 관심 없 는 학생 들 은 아예 뒤 에서 수업 안 듣 고 휴대폰 말 ㄴ 하 았 어도 어느 정도 성 적 나오 는 것 같 더라구요,,,,,,,,,,,,,,
장담 하 는 것 은 공부 량 과 내용 은 빡 세 지만 남 는 것 도 있 고 교수 님 자체 는 학생 을 굉장히 생각 하 시 는 좋 은 분 이 시 라는 것,,,,,,,,,,,,,,
퀴즈 있 으니까 대충 내용 이 라도 알 고 가 시 어요,,,,,,,,,,,,,,
3 이해하 ㄹ 수 없 는 시험,,,,,,,,,,,,,,
그러나 책 이 원서 이 ㄴ 것 이 함정 ...,,,,,,,,,,,,,,
에 변 은 이 향 범 < 변진규,,,,,,,,,,,,,,
"""근데 시험 쉽 게 나오 고 "," 부분 점수 도 거의 없 음""",,,,,,,,,,,,,,
중간 때 변별력 제로,,,,,,,,,,,,,,
시험 전 에 어디 서 나오 ㄹ지 다 알리 어 주 시 기 때문 에 다 잘 보 아서 B 권 의 학생 은 조금 어렵 ㄹ 수 있 습니다,,,,,,,,,,,,,,
수학 하 ㅁ,,,,,,,,,,,,,,
그냥 최고 이 ㅁ,,,,,,,,,,,,,,
응용력 필요 하 ㅁ,,,,,,,,,,,,,,
교수 님 수업 스타일 과 안 맞 는 듯 하 다,,,,,,,,,,,,,,
코드 공부 하 다가 빡 치 어서 쓰 ㅂ니다,,,,,,,,,,,,,,
별 X 같 은 교재 에 X 같 은 시험,,,,,,,,,,,,,,
열심히 하 시 면 잘 받 을 수 있 어요,,,,,,,,,,,,,,
교수 님 평이 워낙 좋 길래 신청 하 아서 듣 었 는데 듣 던 대로 좋 았 습니다,,,,,,,,,,,,,,
학점 도 잘 줌 추천 하 ㅁ,,,,,,,,,,,,,,
나 는 엄청 마일드 하 다고 느끼 었 는데 이 정도 도 불편 하 다면 그냥 듣 지 않 는 것 이 맞 을 듯,,,,,,,,,,,,,,
두 시 가 수업 듣 는 것 이 조금 힘들 지만 잘 들 으면 나쁘 지 않 아요,,,,,,,,,,,,,,
수업 대충 듣 고 주입식 으로 외우 는 그것 좋아하 는 사람 에게 추천,,,,,,,,,,,,,,
같 은 것 분석 하 아서 쓰 는 거인 데 사실 상 자유 주제,,,,,,,,,,,,,,
열정적 이 시 고 수업 잘 해주시 고 출 튀하 기 쉽 어요,,,,,,,,,,,,,,
어쨌든 알 ㄴ 바쁘 ㄴ 학기 고 제대로 되 ㄴ 공부 를 하 고 싶 으시 다면 추천 드리 ㄹ게요,,,,,,,,,,,,,,
저 는 매우 만족 이 ㅂ니다,,,,,,,,,,,,,,
4 학년 이 ㄴ데 나 가 듣 은 과목 중 에 손 에 꼽 을 정도 로 좋 은 강의,,,,,,,,,,,,,,
"""갓 전 석 진짜 다른 반 들 레포트 에 허덕 여서 힘들 때 "," 레포트 분량 다 줄이 어 주 시 고 기간 도 넉넉 하 게 주 시 어서 너무 편하 고 여유 로웠 음""",,,,,,,,,,,,,,
기말 오픈 북 으로 마케팅 기법 활용 하 아서 쓰 라 하 시 고 ..,,,,,,,,,,,,,,
매번 같 은 시험 에 같 은 숙제 가 주어지 ㄴ다,,,,,,,,,,,,,,
예습 이나 복습 하 아 가 면 안 하 ㄹ 때 와 차이 굉장히 크 니 둘 중 하나 는 하 시 면 좋 겠 습니다,,,,,,,,,,,,,,
교수 님 은 좋 아요,,,,,,,,,,,,,,
개인적 으로 는 만족 하 았 던 강의,,,,,,,,,,,,,,
배우 ㄴ 사람 은 다르 구나 라는 생각 을 매수 업 마다 하 았 습니다,,,,,,,,,,,,,,
숙제 많 고 시간 많이 쓰이 ㄴ다는 사람 들 무슨 이야기 ㄴ 지 모르 겠 네 12 주마 다,,,,,,,,,,,,,,
"""본인 이 토론 벌 표 가 있 는 날 에 ㄴ 1 주일 정도 조원 들 이랑 모이 어서 팀 프로젝트 하고 ", 자료 찾 고 ," 발표 를 하 ㅂ니다""",,,,,,,,,,,,,,
진짜 갓 영식 교수 님 .. 저 가 생각하 ㄴ 이상적 이 ㄴ 대학 강의 이 에요,,,,,,,,,,,,,,
수업 참여 도 점수 가 중요 하 ㄴ 것 같 아요,,,,,,,,,,,,,,
토론 대회 를 나가 도록 유도 를 하 시 ㅁ,,,,,,,,,,,,,,
이것 하나 가 더 힘들 었 습니다,,,,,,,,,,,,,,
같이 토 크 어 듣 던 분 들 중 에 꿀 수업 같 은 댕 댕 이 소리 하 는 싸 패 가 숨 어 있 었 네요,,,,,,,,,,,,,,
아니 절 평인 데 왜 점수 를 이렇게 짜 게 주 는 지 모르 겠 음,,,,,,,,,,,,,,
수업 도 진짜 인기 강사 처럼 잘 하 시 어요,,,,,,,,,,,,,,
진짜 적어도 2 주 에서 3 주 는 잡 아야 되 ㅁ,,,,,,,,,,,,,,
따르 아 만 가 ㄴ다면 좋 은 수업 수업 을 처음 부터 집중 하 아서 듣 어야 학점 이 잘 나오 ㄹ 수업,,,,,,,,,,,,,,
영어 로 하 는 수업 이 라고 어렵 게 생각 안 하 어 도 되 ㄹ 것 같 음,,,,,,,,,,,,,,
거의 매일 복습 하 아 주시 지만 언급 한 번 하 고 별로 중 여한 것 처럼 말씀 안 하 시 ㄴ 것 을 시험 에 내 ㄴ 적 이 잇 으시 ㅂ니다,,,,,,,,,,,,,,
책 문제 만 풀 지 말 고 개념 꼼꼼히 하 시 면 거뜬 히 중간 기말 100 딴 것 그냥 아무것 도 안 하고 시험 만 잘 보 시 면 되 요,,,,,,,,,,,,,,
1 점 도 아깝 다,,,,,,,,,,,,,,
디지털 신호처리 다른 교수 님 이 시급 하 다,,,,,,,,,,,,,,
조교 님 없 으면 출석 도 못하 아 PPT 도 못하 아,,,,,,,,,,,,,,
제시 하 아 주 시 ㄴ 주제 로 격주 마다 글 한 페이지 정도 씩 쓰 어서 간단 하 ㄴ 첨삭 받 는 구조 이 에요,,,,,,,,,,,,,,
매번 질문 하 시 려는 분 들 이 많 아서 질문 하 려고 손 을 들 어도 못 하 ㄹ 때 도 있 습니다,,,,,,,,,,,,,,
"""남 들 앞 에서 처음 발표 하 ㄹ 때 는 긴장 이 됬  "," 그것 도 몇 번 해 보다 보 니 적응 이 되 더군요""",,,,,,,,,,,,,,
결론 교수 님 실습 에 도 모습 을 보여주 시 어요,,,,,,,,,,,,,,
.. 족 보 못 구하 ㄹ 것 면 듣 지 말 으시 어요,,,,,,,,,,,,,,
그냥 다 하셈 애매 하 ㄴ 것 다 그리고 다하 아야 잘 받 음,,,,,,,,,,,,,,
제 3 의 눈 을 뜨게 하 아 주 시 ㄴ,,,,,,,,,,,,,,
강의 는 교수 님 께서 증명 도 열심히 하 시 고 수박 을 자르 아서 효용 함수 를 보여주 시 기 도 하 ㅂ니다,,,,,,,,,,,,,,
강 달 원 교수 의 스웩  묻 어 있 다,,,,,,,,,,,,,,
하 ㄹ 정도 는 아니 ㄴ데 수업 시간 에 배우 ㄴ 기억 이 안 날 ㅂ니다,,,,,,,,,,,,,,
수업 을 듣 는데 이해 가 안 되 ㅁ,,,,,,,,,,,,,,
수업 시간 에 도 집중 하 는 애 를 찾 기 가 힘들 ㄴ 데 에 맨날 어렵 다고 찡찡,,,,,,,,,,,,,,
#NAME?,,,,,,,,,,,,,,
괴 제 는 하 아서 내면 만점 이 ㄴ 것 같 고 수업 은 그냥 ... 그러 려니 하 ㄴ다 ...,,,,,,,,,,,,,,
나 도 그렇게 만족 스럽 ㄴ 수업 은 아니 었 지만 밑 에 + 알 ㄴ 채우 어 주 ㄴ다고 찡찡거리 는 새끼 보고 쓰 ㄴ 다 +  맞 고 싶 으면 그 정도 공부 를 해라 그냥 달 라고 찡찡 대지 말 고,,,,,,,,,,,,,,
중간 은 쉽 고 기말 이 어렵 었 는데 아무리 중간 을 잘 보 아도 기말 을 못 보 면 학점 이 똥 이 되 ㄴ다는 것 을 제대로 보여주 심 .. 강 달 원 은 어느 수업 이 든 + 절대 안채 워 주 고 - 까지 꽉 꽉 채우 어 주 ㅁ,,,,,,,,,,,,,,
대신 제대로 대답 안 하 면 점수 안 주 시 ㅂ니다,,,,,,,,,,,,,,
강의 자체 는 괜찮 았 어요,,,,,,,,,,,,,,
발표 는 수업 중간 중간 에 새롭 ㄴ 내용 을 묻 는 것 이 있 고 수업 시작 전 에 저 는 수업 내용 을 복습 하 는 것 이 있 는데 문과 생 이 점수 를 벌리 어 면 수업 시작 전 을 잘 공략 하 아야 하 ㅂ니다 그런데 이 때 는 경쟁 이 심하 기 때문 에 쉽 지 는 않 습니다,,,,,,,,,,,,,,
"""물리 수업 이 고 "," 양자역학 이랑 엔트로피 부분 까지 다 훑 고 지나가 ㅁ""",,,,,,,,,,,,,,
웹 독학 하 시 어요,,,,,,,,,,,,,,
A 를 못 받 은 것 은 자랑 은 아니 지만 중점 은 A 를 못 받 았 어도 전혀 후회 가 없 다는 것 이 고 교수 님 강의 를 듣 은 것 을 다행 으로 여기 고 있 다는 것 이 ㅂ니다,,,,,,,,,,,,,,
교수 님 이 이 해 를 돕 기 위하 아서 설명 하 아 주 시 ㄴ 부분 을 반복 적 으로 설명 하 아 주 시 면서 강조 하 아 주 시 었 고 이 를 응용 하고 생각하 아 보 ㄹ 수 있 게 숙제 를 적절 하 게 내주 시 었 습니다,,,,,,,,,,,,,,
다 만 시험 이 완전히 서술 형 이 고 원하 는 답 을 정확히 적 어야 하 아서 학점 따 기 는 좀 까다롭 ㄹ 수 도 있 습니다,,,,,,,,,,,,,,
퀴즈 2 번 있 음,,,,,,,,,,,,,,
"""출석 한 번 도 안 빠지 고 ", 숙제 도 다 제출 하고 , 시험 도 다 보 았 는데 ," 돌대가리 라서 씨 마 나오 ㅁ""",,,,,,,,,,,,,,
원래 네트워크 를 공부 하 았 거나 자격증 이 있 는 사람 들 은 명강의 라고 하 기 도 하 더라구요,,,,,,,,,,,,,,
맛깔 나 게 잘 하 시 ㄴ다,,,,,,,,,,,,,,
4 번,,,,,,,,,,,,,,
뉴스거리 도 가지 어 오 아서 이야기 해주시 고 재미있 습니다,,,,,,,,,,,,,,
핸드폰 겁나 많이 하 고 출 튀 도 많이 하 ㅁ,,,,,,,,,,,,,,
평가 도 애매,,,,,,,,,,,,,,
숙제 자잘 하 ㄴ 것 많 고 팀 모임 도 많 은 축 이 지만 시험 안 보 고 A + 받 는 3 학점 강의 라고 생각 하 면 감지덕지,,,,,,,,,,,,,,
"""다만 이러 는 것 을 교수 님 이 싫어하 시 니까 알 아서 눈치껏 적기 그리고 이 정리 는 말 그대로 요약본 이 고 "," 교수 님 이 교재 를 따로 는 안 두 시 지만 추천 하 는 교재 가 있 으니 그 교재 를 읽 으면서 공부 하 아야 하 ㅁ""",,,,,,,,,,,,,,
다만 필기 를 하 려는 데 약간 진도 가 빠르 았 고 체계적 이 ㄴ 필기 를 하 는데 어려움 이 있 었 음,,,,,,,,,,,,,,
강의 는 좀 지루 하 지만 나름 많 을 것 을 알리 어 주 려 하 시 었 고 열심히 설명 하 아 주 시 었 습니다,,,,,,,,,,,,,,
그런데 가산점 이 부여 되 ㄴ 숙제 세 개 중 두 개 숙제 가 숙제 명세 에 없 는 내용 을 부분 감점 하 아 만점 을 못 받 은 경우 이 었 음,,,,,,,,,,,,,,
티끌 모으 어 태산 이 ㅂ니다,,,,,,,,,,,,,,
이론 만 보 면 꼼꼼 하 게 설명 하 아 주 시 어서 앞 으로 크 ㄴ 도움 되 ㄹ 것 같 습니다,,,,,,,,,,,,,,
.. 이론 수업 시험 도 그리 어렵 지 않 았 고 성적 도 매우 잘 주 시 었 음,,,,,,,,,,,,,,
범위 가 넓 은 과목 이 라 진도 가 매우 빠르 ㅂ니다,,,,,,,,,,,,,,
최악 은 아니 ㄴ데 그렇 다고 들어주 ㄹ 만 하 ㄴ 수준 도 아니 ㅁ,,,,,,,,,,,,,,
엑셀 기술 배우 는 수업 같 은 느낌 이 가장 크 었 음,,,,,,,,,,,,,,
재미 를 원하 ㄴ다면 다른 과목 을,,,,,,,,,,,,,,
전 문항 단답 식 이 ㅂ니다,,,,,,,,,,,,,,
그리고 중간 가 없 는 것 이 개 꿀 이 에 요 개인적 으로 추천 드리 고 싶 은 수업 이 ㅂ ㅂ니다,,,,,,,,,,,,,,
수업 퀼리티  좋 다고 못하 겠 음,,,,,,,,,,,,,,
수업 3 번 날림,,,,,,,,,,,,,,
강의 중간 중간 에 조원 들 과 함께 주어지 는 주제 에 대하 아서 말 하 는데 크 게 부담 가지 ㄹ 필요 는 없 다,,,,,,,,,,,,,,
"""조발 표 준비 하 ㄹ 때 신경 쓰 어야 하 는 부분 외 에 는 크 게 부담 되 지 않 고 "," 무엇 보다 교수 님 이 스윗 하 시 ㅂ니다""",,,,,,,,,,,,,,
근데 A + 아니 면 C + 이 라서 발표 를 좀 빡 세 게 준비 하 아요,,,,,,,,,,,,,,
이만 하 ㄴ 꿀 강의 없 음,,,,,,,,,,,,,,
20 분 짜리 단편영화 시나리오 를 완성 하 는 수업 이 ㅂ니다,,,,,,,,,,,,,,
기말 총 2 회,,,,,,,,,,,,,,
20 분 씩 일찍 끝내 주심 개인적 으로 ㄴ 이것 이 제일 좋,,,,,,,,,,,,,,
외치 어 요 갓 슬기 ... 퀴즈 를 2 주 에 한 번 정도 되게 자주 보 는 편 이 ㄴ데 그 전주 에 숙제물 로 문제 를 올리 어 주심,,,,,,,,,,,,,,
다 들 플밍 들 으시 어서 알 시 겠 지만 ... PPT 자료 도 깔끔 하고 설명도 잘 하 아 주 시 ㅂ니다,,,,,,,,,,,,,,
이 생각 이 들 ㄹ 정도 로 설명 매우 깔끔 하 시 고 친절 하 시 ㅁ,,,,,,,,,,,,,,
알리 어 주 시 는 수업 빠지지 않 고 잘 듣 고 복습 하 면 무난 하 게 성적 맞 을 수 있 다고 생각 하 ㅁ,,,,,,,,,,,,,,
시험 도 내 겠 다고 말씀 하 시 ㄴ 부분 만 딱 나오 ㅂ니다,,,,,,,,,,,,,,
매우 훌륭 하 ㄴ 교수 님 이 다 산 공과 학생 이 면 모두 챙기 어 듣 자,,,,,,,,,,,,,,
본인 이 조금 만 노력 하 면 A + 거저 받 는 과목,,,,,,,,,,,,,,
저 도 프로그래밍 못하 아서 처음 에 ㄴ 받아들이 기 어렵 었 는데 교수 님 이 차근차근 두 번 세 번 설명 하 아 주 시 ㅂ니다,,,,,,,,,,,,,,
납득 이 가 지 는 않 지만 듣 을 만 하 ㅂ니다,,,,,,,,,,,,,,
시험 은 앞서 말 하 았 다시피 4 번 보 는데 3 번 째 시험 까지 는 연습 문제 와 예제 에서 변형 하 아서 내 는 수준 이 ㅁ,,,,,,,,,,,,,,
기 출 문제 랑 정답 도 다 올리 어 주 시 어서 시험 준비 하 기 편하 고요,,,,,,,,,,,,,,
기본적 으로 공부 잘하 는 사람 들 이 신현 추 ㄹ 교수 하 ㄴ 테 몰리 는 경향 이 있 어 밑바닥 깔 아 주 어도 괜찮 으면 들 어,,,,,,,,,,,,,,
싸 강 으로 이론 설명 오프라인 으로 하 아 당 주차 내용 에 대하 ㄴ 토론 진행 하 ㅂ니다,,,,,,,,,,,,,,
하지만 딱 한 번의 숙제 와 쉽 ㄴ 시험 으로 부담 이 별로 없 는 장점 이 있 다,,,,,,,,,,,,,,
오일러 미 방이 라던가,,,,,,,,,,,,,,
다 들 열심히 하 는 것 같 지 는 않 다,,,,,,,,,,,,,,
숙제 많 고 아침 9 시 수업 실화 냐 ..,,,,,,,,,,,,,,
어떻하 게 그런 인자 한 얼굴 로 이런 학점 을 주 시 ㄹ 수 가 있 는지 ... 아마 강의 평 찾아보 시 는 분 들 다 저 는 공 기초 필수 과목 이 라 듣 으시 겠 죠,,,,,,,,,,,,,,
쉽 게 하 면 금방 끝 날 얘기 를 괜히 어렵 게 하 아서 이 해 를 방해 하 ㅁ,,,,,,,,,,,,,,
숙제 가 어렵 고 많 습니다,,,,,,,,,,,,,,
근데 애 들 다 F 라 조금 하 어 도 A 가능 이 ㅂ니다,,,,,,,,,,,,,,
대충 하 고 학점 잘 받 고 싶 다,,,,,,,,,,,,,,
"""두 반 으로 나누 어서 하 았 는데 우리 반 실력 중 에 도 없 고 "," 상대 반 실력 상 에 도 비율 채우 어서 주 지 않 음""",,,,,,,,,,,,,,
좋 은 과목 저번 한 학기 이 수업 때문 에 버티 었 어요,,,,,,,,,,,,,,
배드민턴 이 좋 아 지 ㄴ 수업 이 다,,,,,,,,,,,,,,
개강 초 에 실력 별로 클래스 구분 하 아서 학기 말 에 클래스 별로 자세 랑 폼 보고 평가 하 아 주 시 어요,,,,,,,,,,,,,,
대신 A 받 으려면 스케이트 좀 타 아 야 하 ㅁ,,,,,,,,,,,,,,
시험 에 외우 는 것 이 많 아서 포기 하 ㄴ 덕 에 B + 이 나오 기 는 하 았 지만 수업 은 잼 나 네 용 정태 린 교수 님 수고 하 시 었 어용,,,,,,,,,,,,,,
온라인 으로 진행 하 ㄴ 수업 을 들 었 습니다,,,,,,,,,,,,,,
특히 기말 때 ㄴ 조운 이 크 게 작용 하고 개인 춤 시험 때 ㄴ 5 명 이 하 ㄴ 조가 되 어 춤 외우 어서 시험 보 는데 본인 틀리 ㄹ 때 교수 님 이 다른 사람 보 고 있 으면 감점 안 되 고 보이 면 감점 되 는 것 에 요 그리고 교수 님 가운데 서 보 는 것 이 아니 라 한쪽 에서 앉 아서 채점 하 는 덕분 에 교수 님 앞 에서 추 는 사 람  좀 만 틀리 어도,,,,,,,,,,,,,,
교수 님 이 그냥 술 에 술 타 ㄴ 듯 물 에 물 타 ㄴ 듯 해석 하고 넘어가 서 어떤 단어 나 조사 등 이 정확히 어떻하 게 쓰이 는 지 모르 ㅁ,,,,,,,,,,,,,,
쓰 는 것 고 기말 는 간 자체 쓰 는 것 에 요,,,,,,,,,,,,,,
열심히 가르치 어 주 시 어요,,,,,,,,,,,,,,
수업 때 만 진지 하 게 임하면 발음 도 많이 좋 아 지 ㄹ 수 있 어요,,,,,,,,,,,,,,
교수 님 이 매우 좋 으시 기 때문 에 본인 이 조금 만 시간 투자 하 고 수업 출석 열심히 하 ㄴ다면 하 ㄴ 학기 동안 아무 스트레스 없이 듣 을 수 있 는 과목 이 ㅂ니다,,,,,,,,,,,,,,
열심히 만 하 면 성적 잘 주심,,,,,,,,,,,,,,
2018 년 2 학기 현재 중국어 입문 수강 중 이 ㅂ니다,,,,,,,,,,,,,,
"""교과 외 의 것 이 교과 내용 만큼 "," 혹은 그 이상 으로 많 은데 그 중 에서 뭐 가 시험 에 나오 ㄹ지 모르 ㅂ니다""",,,,,,,,,,,,,,
벗어나 ㄴ 것 을 알리 어 주 ㅂ니다,,,,,,,,,,,,,,
문제 는 벗어나 ㄴ 것 이 시험 범위 이 ㄴ지,,,,,,,,,,,,,,
진짜 빡 셈 매주 숙제 있 고 짝 짓 어 서 짝 이랑 단원 본문 외우 ㄴ 것 발표 하 아야 댐,,,,,,,,,,,,,,
도대체 이러 ㄹ 것 면 절 평 왜 하 ㄴ 것 이 ㅁ,,,,,,,,,,,,,,
확실히 한 달 에 한 번 이 님 두 번 정도 시험 을 보 니 몰아 서 공부 하 는 불상사 가 생기 지 ㄴ 않 음,,,,,,,,,,,,,,
영어 로 수업 하 ㄴ 다 아무리 들 어도 대충 같 다,,,,,,,,,,,,,,
그래도 열심히 하 아야 하 ㅁ,,,,,,,,,,,,,,
학기 초 에 는 그냥 빡 영어,,,,,,,,,,,,,,
 정규 수업 만들 든가 그거 없애 놓 고 제대로 안 가르치 ㄴ 상태 에서,,,,,,,,,,,,,,
학점 채우 어 줄 ㄴ 다더니 알 ㄴ 채우 어 주 ㅂ니다,,,,,,,,,,,,,,
앞자리 에 앉 을 수록 질문 을 많이 받 아서 피곤,,,,,,,,,,,,,,
후배 님 들 무섭 어 하 지 말 고 수업 듣 어 보 시 어요,,,,,,,,,,,,,,
시험 한 번 에 두 문제 나오 고 답 은 문제 당 45 페이지 정도 작성 하 면 되 ㅁ,,,,,,,,,,,,,,
시험 은 원래 3 번 보다 이번 에 는 2 번 봄 시험 은 교과서 에 있 는 문제 열심히 풀 면 되 ㅁ,,,,,,,,,,,,,,
시험 3 번 보 는 것 이 흠 이 지만 워낙 중급 회계 양이 많 다,,,,,,,,,,,,,,
시험 문제 는 어렵 기 는 한데 항상 내 던 패턴 으로 내 시 어요,,,,,,,,,,,,,,
중급 내용 많 은데 디테일 하 게 많 은 내용 안 하 고 각 단원 핵심 만 알리 어 주 시 고 진도 쭉 빼 시 는 스타일,,,,,,,,,,,,,,
강의 는 40 분 하고 쉬 고 40 분 집중 하 기 편하 ㅁ,,,,,,,,,,,,,,
"""깊이 있 게 강의 하 시 는데 "," 이 하 아 가 아 안 되 ㄴ다고 스트레스 받 을 필요 는 없 음""",,,,,,,,,,,,,,
최대한 학생 들 배려 도 해주시 고 질문 도 잘 받 아 주 시 ㅂ니다,,,,,,,,,,,,,,
시험 이랑 숙제 가 쉽 어서 만점 받 는 사람 이 많 기 때문 에 출석 이 매우 중요 하 ㅁ,,,,,,,,,,,,,,
강의 에서 는 GOF 의 디자인 패턴 중 10 개 남짓 되 는 디자인 패턴 을 가르치 어 주 고 실습 을 하 는 방식 으로 지 ㄴ 행이 되 ㅂ니다,,,,,,,,,,,,,,
재수강 이 면 얻 는 것 이 없 을 수 도 있 지만 처음 듣 는 것 라면 이해도 쉽 고 유익 하 ㅂ니다,,,,,,,,,,,,,,
남 는 것 은 없 다,,,,,,,,,,,,,,
기 말 도 역시 나 엄청 어렵 었 고 기본적 으로 안 배우 ㄴ 내용 이 많이 나오 았 습니다,,,,,,,,,,,,,,
매일 같이 대답 안 하 ㄴ다고 히스테리 부리 는데 가끔 씩 혼자 폭발 하 았 다 가 혼자 치유 되 어서 돌아오 ㅁ,,,,,,,,,,,,,,
플젝 주제도 괜찮 았 고 기말 시험 20 번 문제 가 좋 은 뭉 ,,,,,,,,,,,,,,
교수 님 엄청 자세 하 게 잘 알리 어 주 시 는데 자바 를 예습 하고 가 ㄴ다면 자신 의 실력 에 날개 를 달 아주 시 ㄹ 것 이 ㅂ니다,,,,,,,,,,,,,,
꼭 열심히 들 으시 어요,,,,,,,,,,,,,,
하지만 열심히 노력 하 ㄴ다면 충분히 잘 하 ㄹ 수 있 는 수업 이 ㅁ,,,,,,,,,,,,,,
외치 어 갓 익 수 교수 님,,,,,,,,,,,,,,
처음 에 는 교수 님 이 무섭 게 느끼 어 지 ㄹ 수 도 있 지만 점점 뒤 로 갈수록 교수 님 의 귀엽 ㄴ,,,,,,,,,,,,,,
과목 자체 가 어렵 ㄴ 것 빼 면 흠 잡 을 곳 이 없 습니다,,,,,,,,,,,,,,
단지 씨 언어 가 어렵 고 힘들 뿐 ... 개인 능 차 는 있 지만 그냥 자 기 가 씨 언어 에 자신 있 으면 학점 은 웬만큼 받 는 것 같 다,,,,,,,,,,,,,,
잘 가르치 시 ㅂ니다,,,,,,,,,,,,,,
딱 3 점 짜리 강의,,,,,,,,,,,,,,
진짜 빡 세 었 음 ..,,,,,,,,,,,,,,
교수 님 자체 는 나쁘 시 ㄴ 분 은 아니 ㅁ,,,,,,,,,,,,,,
근데 나쁘 ㄴ 교수 는 아니 ㅁ,,,,,,,,,,,,,,
이러 ㄹ 것 면 수업 안 듣 고 띵 가 띵 가 놀 지 ..,,,,,,,,,,,,,,
바리 깡 으로 머리 한 번 밀 어 보고 시 펑,,,,,,,,,,,,,,
이론 실습 동시 에 나가 ㅁ,,,,,,,,,,,,,,
참고 하셈,,,,,,,,,,,,,,
다음 부터 는 안 하 시 었 으면 좋 겠 다,,,,,,,,,,,,,,
교단 에 서기 전 에 웅변 학원 을 다니 고 오 았 으면 좋 겠 음,,,,,,,,,,,,,,
뭐 하 냐,,,,,,,,,,,,,,
C 언어 에 대하 ㄴ 기본적 이 ㄴ 바탕 이 되 어 있 음,,,,,,,,,,,,,,
"""밑 에 별점 2 개 이상 줄 ㄴ 사람 무엇 이 ㄹ까 ..... 김밥 은 음 .... 정성 들이 어서 싸오 시 ㄴ 점 은 감사 하 지만 ", , , , 훔 , , , , ,"""",,,,,,,,,,,,,,
누구 한테 강의 하 는 지 잘 모르 겠 다,,,,,,,,,,,,,,
강의 가 산만 하 고 프로그래밍 의 포인트 를 자 ㄹ 집어 주 지 못하 ㅁ,,,,,,,,,,,,,,
이 교수 님 의 이름 을 보 면 피하 시 어요,,,,,,,,,,,,,,
이 교수 님 특징 이 ㄴ데 출석 을 안 부르 시 ㄴ다,,,,,,,,,,,,,,
전선 이 니까 예비 글 미 2 학년 은 절대로 절대로 절대로 이 수업 듣 지 말 아라,,,,,,,,,,,,,,
솔직히 하 ㄴ 학기 내내 뭘 배우 었 는지 모르 겠 음,,,,,,,,,,,,,,
발표 주제 는 없 음,,,,,,,,,,,,,,
학점 도 실험 지시 대로 하 시 고 레포트 도 요구 하 는 대로 만 잘 쓰 시 면 도 장 다 받 을 수 있 어요,,,,,,,,,,,,,,
시험 으로 판가름 안 남,,,,,,,,,,,,,,
미국 에서 바로 오 시 ㄴ 교수 님,,,,,,,,,,,,,,
민선기 교수 님 은 4 년 내내 듣 고 싶 을 정도 이 ㅂ니다,,,,,,,,,,,,,,
그리고 교수 님 이 학생 들 편의 많이 봐주 시 고 메일 답장 도 빠르 게 하 어 주 시 어 요 피드백 도 잘 들어주 시 어서 학생 들 이 중간 에 목소리 가 잘 알 ㄴ 들리 ㄴ다는 이야기 가 있 자 마이크 도 구입 하 시 고 영어 과목 이 ㄴ데 한국어 로 도 설명 하 아 주 시 었 습니다,,,,,,,,,,,,,,
"""중간 은 파이 썰 ㄴ "," 기말 은 자바""",,,,,,,,,,,,,,
없 는 질문 과 대답 이 잇 어 지 어 총 한 수업 시 간 내내 하 ㄴ 팀 이 팀 프로젝트 발표 를 진행 하 게 되 ㅂ니다,,,,,,,,,,,,,,
"""보통 학생 들 이 꺼리 어 하 는 조원 들 과 의 회의 "," 팀 발표 가 실무 에서 는 중요 하 ㄴ 요소 이 ㄴ데 매 수업 마다 자유롭 게 이야기 를 나누 ㄹ 수 있 는 시간 을 가짐""",,,,,,,,,,,,,,
선생 님 의 말씀 하나하나 잘 배우 고 가 ㅂ니다,,,,,,,,,,,,,,
나 는 진짜 싫 었 음,,,,,,,,,,,,,,
수업 자체 에 ㄴ 만족 하 지만 ..... 성적 은 어찌 나오 ㄹ지 모르 겠 음,,,,,,,,,,,,,,
본인 이 시험 보 는 것 싫 어 하 시 어서 시험 부담 없 어요,,,,,,,,,,,,,,
항상 강의 준비 도 하 시 고요,,,,,,,,,,,,,,
"""시험 은 중간 "," 기말 총 두 번 보 는데 객관식 단답 형 서술 형 다양 하 게 나오 ㅁ""",,,,,,,,,,,,,,
팀 별로 앉 으니까 출석 을 두 번 부르 지 는 않 으시 ㅁ,,,,,,,,,,,,,,
교수 님 이 진짜 박학 다식 하 시 고 강의 분위기 도 자유롭 게 질의응답 하고 좋 았 어요,,,,,,,,,,,,,,
본인 을 선생 님 이 라 칭하 면서 친근 하 ㄴ 척 다가가 려 하지만 권위 를 중요시 하 시 는 분임,,,,,,,,,,,,,,
외우 ㄹ 것 진짜 많 기 는 하 아요,,,,,,,,,,,,,,
"""팀 프로젝트 "," 숙제 없 다고 하 아서 듣 었 는데 팀 프로젝트 은 없 지만 숙제 있 어 별로 이 었 지만 숙제 쉽 ㅁ""",,,,,,,,,,,,,,
"""다른 것 은 잘 모르 겠 고 "," 교수 영어 수준 이 떨어지 는 듯""",,,,,,,,,,,,,,
A + 가지 어 가 았 다는 데 서 개 만족 하 ㄴ다,,,,,,,,,,,,,,
암기 의 자신 이 있 고 나 는 구석구 잘 보 ㄴ 다 하 면 점수 잘 나오 는 과목,,,,,,,,,,,,,,
이렇게 까지 시험 이 나오 ㄹ 수 있 다는 것 을 알 게 되 고 기말 을 치지 만 또 헬,,,,,,,,,,,,,,
숙제 주마 다,,,,,,,,,,,,,,
교수 님 자체 는 학생 들 에게 관심 많 고 이름 외 우려 고 하 시 고 착하 시 ㄴ데 ... 안타깝 ㅁ,,,,,,,,,,,,,,
거르 셈 ... 홍영란 교수 님 자체 는 능력 있 으시 ㄴ 것 같 고 똑똑 하 시 ㄴ 분 이 ㄴ데,,,,,,,,,,,,,,
진짜 좋 았 음,,,,,,,,,,,,,,
진짜 교수 님 은 어차피 조교 가 수업 진행 하 기 때문 에 상관없 는데,,,,,,,,,,,,,,
.. 근데 학점 에 대하 ㄴ 기준 은 불분명 하 ㄴ 것 같 음,,,,,,,,,,,,,,
영어 수업 이 지만 이해 가 안 되 면 한국어 로 설명 하 아 달 라고 하 면 하 아 주 시 ㅁ,,,,,,,,,,,,,,
"""시험 잘 보 는 사람 이 많 아서 숙제 "," 출 결 에서 점수 절대 까 이 면 안 되 ㅁ""",,,,,,,,,,,,,,
숭실대 포함 3 갠  4 학교 를 돌아다니 다,,,,,,,,,,,,,,
별 1 개 도 아깝 ㅁ,,,,,,,,,,,,,,
그래서 그렇 ㄴ지 객관식 말 ㄴ 있 던 중간 는 변별력 이 없 었 고 서술 형 과 객관식 이 합치 어 지 어 있 던 기 말 는 준비 하 는 것 이 많이 벅차 았 습니다,,,,,,,,,,,,,,
... 직접 겪 어 보 시 어요,,,,,,,,,,,,,,
... 배우 ㄹ 것 은 많 은데 시간 을 많이 투자 하 아야 하 아서 이 과목 에 관심 있 고 열정 이 넘치 는 사람 만 수 강하 시 어요,,,,,,,,,,,,,,
이때 만 하 어 도 별 두 개 정도 는 주 ㄹ 만 하 았었 는데 .....,,,,,,,,,,,,,,
약간 정치적 이 ㄴ 얘기 를 매시간 언급 하 시 기 는 하 는데 잠깐 이 ㅁ,,,,,,,,,,,,,,
매수 업 마다 세월호 나 박근혜 관련 언급 을 하 시 ㅁ,,,,,,,,,,,,,,
그냥 듣 지 말 고 도망가,,,,,,,,,,,,,,
.. 제발 .. 시험 은 진짜 무식 하 ㅁ,,,,,,,,,,,,,,
... 믿 것 오 라고 생각 하 ㅁ,,,,,,,,,,,,,,
너 모으 귀 여우 시 어,,,,,,,,,,,,,,
"""실습 문제 수준 과 매주 요약 하 는 숙제 "," 팀 프로젝트 소 코 반 까지 만만 하 ㄴ 것 이 없 었 는데 덕분 에 실력 이 늘 고 알 아 가 는 것 이 많 았 던 것 같 습니다""",,,,,,,,,,,,,,
왜 하 는지 모르 ㄹ .... 어렵 다,,,,,,,,,,,,,,
수업 잘 듣 고 하 라는 것 만 하 면 A +,,,,,,,,,,,,,,
세계 어 과목 을 채우 기 위하 아 들 었 다,,,,,,,,,,,,,,
성적 에 주관적 이 ㄴ 요소 도 조금 은 반영 되 는 것 같 습니다,,,,,,,,,,,,,,
"""수업 스타일 본문 을 나가 고 본문 에 나오 는 문법 을 알리 어 주 는 형식 이 었 는데 "," 처음 에 알파벳 알리 어 주 고 바로 본문 으로 넘어가 서 어렵 었 어요""",,,,,,,,,,,,,,
시험 은 독일어 본문 을 달달 외우 면 다 맞추 ㄹ 수 있 습니다,,,,,,,,,,,,,,
"""숙제 가 많 아 좀 힘들 기 는 하 았 지만 독일어 뿐 만 아니 라 독일 의 문화 ", 교육제도 ," 철학 등 전반적 으로 유익 하고 많 은 것 을 배우 ㄹ 수 있 었 던 수업""",,,,,,,,,,,,,,
밑 에 처럼 그렇게 악평 이 ㄹ 것 은 없 지만 교수 님 채점 기준 을 잘 모르 겠 음,,,,,,,,,,,,,,
선 대 2 다른 교수 님 이 없 지만 거르 시 어요,,,,,,,,,,,,,,
염 짱 ... 수업 에 대하 어 엄청 열정적 이 시 어요,,,,,,,,,,,,,,
"""그래서 처음 에 ㄴ 엄청 욕하 고 그리하 었 는데 "," 다른 반 설계 하 는 모습 을 보 고 나름 편하 게 설계 하 ㄴ다는 느낌 을 받 음""",,,,,,,,,,,,,,
퇴임 하 기 전 에 학점 + 로 좀 채우 어 주 시 지 ...,,,,,,,,,,,,,,
다른 친구 들 에게 도 추천 하고 싶 은 좋 은 강의,,,,,,,,,,,,,,
출석 만 저 의 시간 에 하 시 면 무난히 패스 하 ㄹ 수 있 는 수업 이 ㅂ니다,,,,,,,,,,,,,,
아 그리고 시험 은 1 번 있 는데 온라인 이 고 수업 자료 를 보 고 쓸 수 있 으며 자신 의 의견 을 적 는 것 이 많 아 크 게 어렵 지 않 아요,,,,,,,,,,,,,,
근데 출석 다 하 아야 하 는 것 이 좀 흠 이 다,,,,,,,,,,,,,,
패 패 어 과목 으로 양호,,,,,,,,,,,,,,
이 교수 님 쉅  항상 조가 중요 하 ㄴ데 조가 좋 으면 재미있 고 아니 면 노잼 .. 쉅시  지루 하고 길 게 느끼 어 지 ㅁ,,,,,,,,,,,,,,
밑 에 핸드폰 때문 에 빡 치 ㄴ다고 하 는 사람 은 다른 수업 시간 에 ㄴ 게임 이 라도 하 는 것 이 ㄴ가,,,,,,,,,,,,,,
솔직히 진짜 개 꾸 ㄹ 수업 임 그냥 2 학점 받 아 가 는 느낌,,,,,,,,,,,,,,
취업 얘기 관련 하 다는 식의 얘기 가 많 았 는데 음 글쎄,,,,,,,,,,,,,,
필요 이상 으로 깐깐 하 다는 느낌 을 지우 ㄹ 수 없 다,,,,,,,,,,,,,,
그래도 수업 에 적극적 으로 임하면 얻 어 가 는 것 많 아요,,,,,,,,,,,,,,
프린트 뽑 아서 파일 만 들 고 그것 으로 수업 진행,,,,,,,,,,,,,,
나 는 유익 하 았 는데 .. 수업 듣 는 사람 나름 이 ㄴ 듯,,,,,,,,,,,,,,
중간 기말 한 번 씩 보 는데 문제 수준 그렇게 어렵 지 않 고 범위 도 좁 아요,,,,,,,,,,,,,,
결론 은 추천 하 ㅂ니다,,,,,,,,,,,,,,
시험 보 기 저 는 타임 에 자습 시간 주 시 면서 마지막 으로 질문 도 받 아 주 시 ㅂ니다,,,,,,,,,,,,,,
저 는 잘 안 맞 았 던 강의 에 요 .. 교수 님 은 좋 으시 ㄴ 분 이 지만 강의 가 지루 하 아서 별로 귀 기울이 어 지지 않 는 강의 이 ㅂ니다,,,,,,,,,,,,,,
교수 님 강의 력 이 어떻든 열공 하 시 ㄹ 수 있 는 분 께 추천 드리 어요,,,,,,,,,,,,,,
발음 알아듣 기 힘들 때가 있 습니다,,,,,,,,,,,,,,
우리 송 교수 님 까 여서 맘 아프 다,,,,,,,,,,,,,,
' 믿 거 ',,,,,,,,,,,,,,
그리고 열심히 하 시 ㄴ다면 성적 은 잘 나오 아요,,,,,,,,,,,,,,
주제 별 로 5 개 만들 어야 하 아서 처음 엔 부담 스럽 었 는데 인터넷 자료 로 만들 어도 되 어서 괜찮 았 어요,,,,,,,,,,,,,,
교수 님 발음 이 안 좋 은 것 은 맞 는데 지나 고 보 니까 시험 은 교수 님 수업 자료 에서 나오 기 때문 에 별로 문제 안 되 ㄴ다고 생각 알 는 것 도 많 으시 고 영상 같 은 자료 도 많이 가지 고 오 시 어서 지루 하 ㄴ 수업 도 아니 ㅁ,,,,,,,,,,,,,,
그래서 그 굿 굿,,,,,,,,,,,,,,
그닥 중요 하 지 ㄴ 않 음,,,,,,,,,,,,,,
단점 출석 안 부르 시 ㄹ 때 가 많 음,,,,,,,,,,,,,,
지루 하 아 보이 는가,,,,,,,,,,,,,,
빠르 ㄴ 말 알 아들 으면 통 으로 암기 하 면 되 어요,,,,,,,,,,,,,,
.. 평소 귀 를 잘 기울이 기 ㄹ .. 또한 3 문제 중 2 문제 가 나오 고 그 중 1 문제 선택 이 니까 4 문제 중 3 문제 나오 고 2 문제 선택 이 었 을 수 도 있 음,,,,,,,,,,,,,,
범위 사 일단 많 아요,,,,,,,,,,,,,,
수업 은 재미있 는데 중간 이후 내용 이 어렵 다,,,,,,,,,,,,,,
포기 하 지 말 고 듣 자,,,,,,,,,,,,,,
강의 도 재미있 게 하 시 고 숙제 없 고 시험 두 번,,,,,,,,,,,,,,
성적 이 후 하 아서 무난히 3 점,,,,,,,,,,,,,,
진짜 인성 이 ...... 사 ㄹ 빼 라고 쟤 뚱뚱 하 다고 하 고 ....,,,,,,,,,,,,,,
평소 국가 안보 와 스파이 에 관심 이 많 지 는 않 았 는데 강의 자체 가 알차 고 역사적 이 ㄴ 사례 를 많이 다루 기 에 흥미 로웠 습니다,,,,,,,,,,,,,,
영어 에 어느 정도 자신 이 있 으시 ㄴ 분 들 이 들 으면 좋 을 것 같 아요,,,,,,,,,,,,,,
"""다만 영어 듣기 의 ' 기초 ' 답 게 기초 영문법 "," 기초 영어 .. 위주 로 배우 ㅂ니다""",,,,,,,,,,,,,,
퀴즈 가 좀 있 는데 안 어렵 ㄴ 데 에 좀 세세 하 기 ㄴ 하 ㅁ,,,,,,,,,,,,,,
이렇게 고생 하 ㄴ다고 하 어 도 고득점 이 보장 되 는 것 은 아니 ㄴ 것 이 시험 자체 의 난도 가 상당 하 아서 절대 90 점 이상 을 맞 을 수 가 없 음,,,,,,,,,,,,,,
정성 들이 어 강의 하 시 ㄴ다고 느끼 ㄴ 수업 중 하나 이 ㅂ니다,,,,,,,,,,,,,,
듣기 30 단어 외우 기 40 무엇 이 ㄴ지 모르 겠 는 외국식 문법 과 음절,,,,,,,,,,,,,,
시험 은 배우 ㄴ 내용 다 외우 면 되 ㅁ,,,,,,,,,,,,,,
교수 님 이 매우 답답 하 시 ㅁ,,,,,,,,,,,,,,
시험 은 지문 외우 시 면 A + 이 에요,,,,,,,,,,,,,,
시험 준비 는 무조건 암기 로 하 는 것 을 추천,,,,,,,,,,,,,,
사실 호불호 가 충분히 갈리 ㄹ 수 도 있 는 수업 이 ㅁ,,,,,,,,,,,,,,
교재 를 그대로 읽 는 수준,,,,,,,,,,,,,,
매우 끔찍 하 ㅁ,,,,,,,,,,,,,,
참여 식 으로 진행 되 고 교수 님 이 아주 친절 하 게 설명 하 어 주 시 ㄴ다,,,,,,,,,,,,,,
대답 을 알 ㄴ 하 니 우리 가 알아먹 는지 못 알아먹 는지 모르 아서 그런 듯,,,,,,,,,,,,,,
중간 은 시험 기말 은 레포트 대체,,,,,,,,,,,,,,
수업 은 재미있 고 비 종교인 입장 에서 도 유익 하 아요,,,,,,,,,,,,,,
기독교 와 타 종교 를 비교 분석 하 는 과목 이 아니 고,,,,,,,,,,,,,,
.... 근데 시험 공부 도 심지어 열심히 하 았 는데,,,,,,,,,,,,,,
내용 도 이어지 는 편 이 ㄴ데 앞 에 이야기 하 았 던 부분 이 뒤 에 다시 연결 되 기 도 하 아서 수업 을 잘 들 으면 이해 하 기 쉽 었 던 것 같 습니다,,,,,,,,,,,,,,
다만 노트북 으로 타이핑 하 는 것 은 필수,,,,,,,,,,,,,,
"""세계사 와 한국 의 역사 와 정보활동 에 대하 아서 도 이야기 형 으로 잘 풀 어 주 시 어서 이해 하 기 도 쉽 고 "," 전반적 이 ㄴ 스토리 를 이해 하 면 시험 도 쉽 습니다""",,,,,,,,,,,,,,
저 가 4,,,,,,,,,,,,,,
다 받 아 적 을 자신 없 으면 B 말 ㄴ 노리 시 고 ... A 를 원하 시 면 이 것 안 나오 ㄹ 것 같 은 데,,,,,,,,,,,,,,
분명히 수업 시간 에 시험 문제 낼 거라고 찍 어주셨 던 문제 가 단 한 개 도 안 나오 았 습니다,,,,,,,,,,,,,,
강의 듣 는 동안 관련 서적 을 찾아보 ㄹ 정도 로 재미있 었 습니다,,,,,,,,,,,,,,
출석 체크 는 매 수업 시작 때 만 딱 한번 하 시 고 그 이후 에 는 지 각자 도 결석 처리 하 ㅁ,,,,,,,,,,,,,,
진짜 억울 하 아서 죽 여 버리 고 싶 어요,,,,,,,,,,,,,,
집 에 오 아서 번 역본 책 이랑 필기 하 ㄴ 것 랑 같이 보 면서 공부 하 아야 하 ㅁ,,,,,,,,,,,,,,
조 별 숙 제도 하나 있 는데 매 시간 마다 모일 만큼 좀 귀찮 아요,,,,,,,,,,,,,,
"""버스 를 탈지 라도 조원 들 잘 만나 면 "," 팀 프로젝트 점수 가""",,,,,,,,,,,,,,
중간 이랑 기말 각각 1 번 씩 보 는데 그렇게 난이도 가 높지 않 고 기출 을 올리 어 주심,,,,,,,,,,,,,,
에 도 성적 은 비율 에 맞추 어 주 시 어서 A + 따 기 힘들 ㅂ니다,,,,,,,,,,,,,,
학생 들 다 와 있 었 는데 ...,,,,,,,,,,,,,,
또 듣 고 싶 어요,,,,,,,,,,,,,,
솔직히 레포트 랑 필기시험 은 반영 크 게 안 하 ㅁ,,,,,,,,,,,,,,
아니 면 학점 책임 못 짐 수업 방식 이 자유로 울 ㄴ 부분 에 는 만족 하 ㅁ,,,,,,,,,,,,,,
갓 종 후 .... 무조건 들 으시 어요,,,,,,,,,,,,,,
외계인 미스테리 에 관심 많 은 사람 이 들 으면 좋 다,,,,,,,,,,,,,,
교수 님 은 착하 고 질문 도 잘 받 아 주 시 어요,,,,,,,,,,,,,,
교수 님 강의 력 은 그냥 그럼 솔직히 졸리 ㅁ,,,,,,,,,,,,,,
디자인 에 관심 있 는 분 이 라면 얻 어 가 는 것 이 많 을 것 같 은 강의,,,,,,,,,,,,,,
..... 팁 을 주자 면 반드시 조원 은 4 명 이상 으로 구성 하 ㄹ 것 ...... 되도록 이면 5 명 ...,,,,,,,,,,,,,,
"""물론 팀 프로젝트 각오 하 아야 하긴 하지만 "," 진로 가 이 쪽 이 라 그렇 ㄴ지 저 는 재미있 었 습니다""",,,,,,,,,,,,,,
팀 프로젝트 생각 을 하 아야 만 하 ㅁ,,,,,,,,,,,,,,
시험 은 쉽 ㅁ,,,,,,,,,,,,,,
친절 하 게 설명 해주시 려고 노력 하 시 ㅂ니다,,,,,,,,,,,,,,
C + + 모르 면 수업 듣기 불가능 하 니 참고 하 시 기 ㄹ,,,,,,,,,,,,,,
학과 커리큘럼 상 C + + 과목 이 없 는 채 로 C + + 을 통하 아서 자료구조 를 배우 어서 어렵 ㄴ 감 이 없 지 않 아 있 지만 수업 말 ㄴ 잘 들 으면 충분히 따라가 ㄹ 수 있 음,,,,,,,,,,,,,,
감점 이 빡 세다,,,,,,,,,,,,,,
"""익수 님 ", , ," ... 가끔 깨알 개그 웃 김 개 귀엽""",,,,,,,,,,,,,,
강의 력 도 좋 으시 고 친절 하 시 ㅂ니다,,,,,,,,,,,,,,
진도 엄청 스피디 하 ㅁ,,,,,,,,,,,,,,
수업 하 시 ㄹ 수록 딱딱 하 시 던 교수 님 도 약간 편하 아 지 시 었 는지 개그 아니 ㄴ 개그 도 치 시 는 것 같 고 설명도 잘 해주시 고 좋 음,,,,,,,,,,,,,,
그래도 하 나 빼 고 나머지 는 강의 에서 설명 하 아 주 시 ㄴ 것 고 숙제 에 대하 ㄴ 것 도 질문 자주 받 아 주심,,,,,,,,,,,,,,
는 어느 정도 베이스 를 깔 고 하 시 는 것 이 좋 을 것 같 습니다,,,,,,,,,,,,,,
출 결 부르 기 는 하 시 는데 별 메리트 없 고 수업 은 그럭저럭 이나 굉장히 이론적 이 며 교수 님 성격 이 가끔 이해 안 되 ㄹ 때가 있 음,,,,,,,,,,,,,,
"""이번 학기 에 복학 하 았 는데 "," 개인적 으로 마 프 이 찬호 교수 님 이랑 자구 김동성 교수 님 이 젤 빡 세 었 다""",,,,,,,,,,,,,,
조 별 숙 저 가 강의 최대 무리수 이 었 음,,,,,,,,,,,,,,
1 지루 하 ㄴ 수업 설명 방식,,,,,,,,,,,,,,
"""3 가 나 반의 다른 평가 방식 PDF 도 약간 씩 다르 고 ", 시험 문제 도 다르 고 ," 학점 도 따로 매기 ㅁ""",,,,,,,,,,,,,,
이 라고 생각 하 ㅂ니다,,,,,,,,,,,,,,
사람 이 잘 나 서 나 같 은 쩌리  어떤 생각 을 하 고 살 는 지 를 모르 는 것 같 음,,,,,,,,,,,,,,
시험 은 그냥 코드 무작정 외우 어야 되 ㅁ,,,,,,,,,,,,,,
시험 은 숙제 로 내주 ㄴ 코드 솔루션 을 통채로 외우 면 되 ㅁ,,,,,,,,,,,,,,
수업 시간 하 는 것 이 라고 ㄴ 자료구조 에 DATA 삽입 하 는 것 밖에 없 음,,,,,,,,,,,,,,
"""과목 자체 가 계산 도 많 고 좀 짜증 나 는 과목 이 길 ㄴ 하지만 "," 원래 가르치 어 주 시 던 분 보다 는 좀 나 은 듯 .... 앞 으로 또 이 과목 맡 아주 시 ㄹ 일 이 있 을지 모르 겠 네요""",,,,,,,,,,,,,,
시험 은 그냥 하루 전 에 눈 으로 훑 어 만 보 아도 앵 가 ㄴ 히 나오 ㄴ다,,,,,,,,,,,,,,
알 아서 자기 하 ㄹ 것 잘 찾 고 하 지 마르 아 는 것 절대 하 지 말 고,,,,,,,,,,,,,,
그런데 다행히 도 학점 은 잘 주 시 ㄴ 것 같 다,,,,,,,,,,,,,,
근데 분명히 안 좋 은 점도 있 음,,,,,,,,,,,,,,
이것 은 의 심의 여지 가 없 어요,,,,,,,,,,,,,,
"""", ," 개인적 으로 저 는 개판 치 었 다""",,,,,,,,,,,,,,
족보 있 으면 만점 혼자 하 면 삐 정도,,,,,,,,,,,,,,
"""그리고 그때 출 튀 하 ㄴ 학생 들 에게 는 엄청나 ㄴ 패널 티 를 부여 하 시 겠 다고 말씀 하 시 었 는데 "," 정확히 얼마나 엄청나 ㄴ 패널 티 가 부여 되 었 는지 는 모르 겠 습니다""",,,,,,,,,,,,,,
"""1 "," 2 주 차 보강 으로 숙제 대신 보강 올리 어 주 시 었 습니다""",,,,,,,,,,,,,,
수능 때 는 수학 4 등급 이 었 는데 감격,,,,,,,,,,,,,,
퀴즈 는 이번 에 20 개 보 았 는데 12 개 말 ㄴ 반영 되 었 어요,,,,,,,,,,,,,,
성격 도 좋 으시 어요,,,,,,,,,,,,,,
한 번 수업 을 빠지 면 진도 를 따라가 기 어려움,,,,,,,,,,,,,,
시험 보 았 다는 데 이번 에 는 안 하 았 음,,,,,,,,,,,,,,
빡 시 어요 ... 아주 .... 열심히 하 ㄹ 분 들 은 점수 잘 받 아여,,,,,,,,,,,,,,
교수 님 진짜 좋 으시 고 다 들 잘 따라오 게 돕 아 주 시 ㅂ니다,,,,,,,,,,,,,,
등 등 의 질문 들 그 질문 들 을 자 ㄹ 대답 하 지 못하 면 점수 가 깎이 ㄹ 수 있 습니다,,,,,,,,,,,,,,
위 의 숙제 방식 외 에 다른 숙제 와 조 모임 은 존재 하 지 않 습니다,,,,,,,,,,,,,,
"""시험 은 중간 "," 기말 총 2 번 실시 되 며 하 ㄴ 시험 당 5 문제 를 출제 하 시 는 편입 ㅂ니다""",,,,,,,,,,,,,,
숙제 를 하 ㄴ 단원 이 끝 날 때 마다 연습 문제 풀 어 오 는 것 을 숙제 로 내주 시 며 그 다음 시간 에 연습 문제 중 학생 들 이 질문 하 는 것 혹은 어렵 어 하 ㄹ 만 하 ㄴ 문제 를 4 문제 가량 뽑 고 난수표 를 통하 아 발표 하 ㄹ 학생 을 뽑 으시 ㄴ다,,,,,,,,,,,,,,
조 별 숙제 는 없 고 수업 시간 의 숙제 를 매번 하 아 가 면 시험 을 어렵 지 않 게 보 ㄹ 수 있 음,,,,,,,,,,,,,,
조 별 숙제 는 없 습니다,,,,,,,,,,,,,,
수업 은 주로 다 채우 어서 하 시 고 가끔 씩 은 학생 들 상태 보 고 조금 일찍 끝내 주 시 ㄹ 때 도 있 습니다,,,,,,,,,,,,,,
숙제 하 는 순간 은 힘들 지만 수업 자체 가 분명 유익 하고 어렵 ㄴ 내용 을 최대한 이해 하 기 쉽 도록 해주시 는 것 같 습니다,,,,,,,,,,,,,,
ㅇ 안 뽑히 는 사람 들 은 출석 점수 에 비례 하 아서 숙제 점수 를 받 음,,,,,,,,,,,,,,
첫 수업 시간 자신 통계학 을 세상에 서 제일 쉽 게 알리 어 주 겠 다고 말씀 하 시 는데 .. 흠 믿 지 않 으셨 으면 좋 겠 어요,,,,,,,,,,,,,,
숙제 는 교재 1 장 끝나 면 뒤 의 연습 문제 를 숙제 로 내 어 주 시 어요,,,,,,,,,,,,,,
"""숙제 는 하 ㄴ 단원 나가 면 그 다음 주 까지 해 오 는 것 이 ㄴ데 "," 거의 하 ㄴ 주 에 하 ㄴ 단원 이 나가 요""",,,,,,,,,,,,,,
"""그런데 중간 쉽 다고 "," 잘 보 았 다 도 방심 하 았 다가 ㄴ 기 말 따 통수 맞 습니다""",,,,,,,,,,,,,,
A 받 고 싶 습니다,,,,,,,,,,,,,,
에 도 불구 하고 교수 님 이 C 를 주 시 는 경우 가 있 으니 유의 하 아 주 시 어요,,,,,,,,,,,,,,
숙제 도 전혀 어렵 지 않 고 쉽 ㄴ 것 몇 번 주 시 고,,,,,,,,,,,,,,
뜨 어 는 것 을 더 좋아하 시 는 것 같 아서 좋 았 음,,,,,,,,,,,,,,
1 학기 때 영어 B + 받 아서 스캇 교수 님 수업 듣 었 는데 수업 도 항상 10 분 씩 늦 게 들 어 오 시 어서 좋 았 고 수업 적극적 으로 참여 하 는 그것 좋아하 심 발표 점수 가 가장 크 ㄴ 듯 라이팅 은 다 들 무난 무난 하 게 점수 잘 주심 쨌  성적 잘 주 시 어서 대 만족,,,,,,,,,,,,,,
저 는 영어 진짜 발음 도 안 좋 고 못하 는데 도 교수 님 이랑 눈 마주치 려는 노력 도 많이 하 고 고개 끄덕끄덕 거리 고 그리하 었 습니다,,,,,,,,,,,,,,
영어 수업 은 지정 되 ㄴ 교제 로 진행 되 는 거라 자칫 지루 하 아 지 ㄹ 수 도 있 지만 마크 교수 님 은 항상 같이 앉 은 4 명 끼리 즐겁 게 활동 하 ㄹ 수 있 도록 준비 하 아 오 시 어요,,,,,,,,,,,,,,
성적 도 생각 보다 잘 나오 았 고 중간 에 숙제 두 번 안 하 아 가 았 는데 도 A 나 옴 출 결 을 좀 중요시 생각 하 시 는 것 같 기 는 하 았 음,,,,,,,,,,,,,,
"""MIDTERM "," FINAL 개인 발표 로 진행 되 었 고 숙제 몇 번 이랑 퀴즈 몇 번 있 었 음""",,,,,,,,,,,,,,
THIS TEACHER IS VERY GOOD,,,,,,,,,,,,,,
시험 도 크 게 어렵 지 않 으나 대화 를 중요 하 게 여기 는 수업 이 라 낯 가리 는 성격 이 면 조금 부담 스럽 ㄴ 수업일수 도 있 음,,,,,,,,,,,,,,
이 분 걸리 면 그냥 복 받 은 것 이 ㅁ,,,,,,,,,,,,,,
밑 에 말 개공 가 ㅁ,,,,,,,,,,,,,,
로버트 아 지 ㄴ 심 으로 좋 습니다,,,,,,,,,,,,,,
착하 시 지만 지루 하 ㅂ니다,,,,,,,,,,,,,,
수업 내용 은 ... 굳이 이런 것 을 이렇게 까지 오랜 시간 을 걸치 어서 배우 어야 하 나 싶 을 정도 로 ... 음 ... 별로 배우 ㄴ 것 은 없 는 듯,,,,,,,,,,,,,,
하 라는 것 만 열심히 하 면 성적 도 잘 주 시 ㅂ니다,,,,,,,,,,,,,,
숙제 도 없 고 스피 킹 많이 시키 시 는 것 빼 곤 좋 다,,,,,,,,,,,,,,
교수 님 진짜 착 하 시 어요,,,,,,,,,,,,,,
한국인 교수 님 이 라 수업 이 비교적 원활 하 기 ㄴ 하 아요,,,,,,,,,,,,,,
그래서 수업 참여 도 만 높 아도 학점 은 로 잘 주 시 는 교수 님 이 ㅂ니다,,,,,,,,,,,,,,
뭐 하나 그냥 넘어가 는 쉽 ㄴ 숙제 나 시험 이 없 습니다,,,,,,,,,,,,,,
시험 성적 은 대부분 비슷 하 게 잘 주 시 는 것 같 아요,,,,,,,,,,,,,,
하 지 말 아 철학 수업,,,,,,,,,,,,,,
에세이 는 그냥 형식 따라서 쓰 면 되 는데 발표 하 ㄹ 때 시각 자료 를 요구 하 시 ㅂ니다,,,,,,,,,,,,,,
개 힘들 기 는 하 았 음,,,,,,,,,,,,,,
그 치 만 제스 치 어 를 잘 하 아야 하 아요,,,,,,,,,,,,,,
성적 관련 메일 도 잘 안 받 아 주 시 어요,,,,,,,,,,,,,,
당일 가 아서 교수 님 맘대로 뽑 아요,,,,,,,,,,,,,,
시험 이 발표 이 ㅁ,,,,,,,,,,,,,,
성적 좋 은 친구 들 이 모이 어 있 어서 숙제 나 학점 잘 나오 는 것 은 꿈 도 못 꾸 었 고요,,,,,,,,,,,,,,
프레젠테이션 하 ㄹ 때 평가 요소 가 많 은데 이것 은 다 연습 하 면 다 컨트롤 가능 하 ㅁ,,,,,,,,,,,,,,
"""나 의 경우 기준 은 조금 틀리 었 는데 "," 에세이 는 하 ㄴ 페이지 꽉꽉""",,,,,,,,,,,,,,
그냥 FM 이 ㅁ,,,,,,,,,,,,,,
퀴즈 는 자잘 하 ㄴ 문항 25 개 정도 15 분 간 풀 게 하 고 범위 는 공지 하 어 주 며 주요 문법 강조 하 았 던 것 들 위주 로 나오 ㅂ니다,,,,,,,,,,,,,,
개인적 으로 직접 말 하 는 수업 이 원어민 수업 이 존재 하 는 의 미라 고 생각하 아 서 교수 님 과 수업 자체 는 좋 았 습니다,,,,,,,,,,,,,,
출 결 기준 시험 기준 지 좆 대로 하 고 틀 딱 새끼 이 ㅁ,,,,,,,,,,,,,,
짜 잘 하 ㄴ 숙제 와 사 험 이 많 고 점수 도 짬,,,,,,,,,,,,,,
나 는 나 의 인생 젤 후회 되 는 순간 이 영어 2 드랍 안 하 ㄴ 것 이 ㅁ,,,,,,,,,,,,,,
출석 부르 ㄹ 때 마다 한 명 씩 질문 하고 답 하 는 것 이 있 다,,,,,,,,,,,,,,
"""출 결 중요시 하 는 것 알 겠 는데 나 가 잘 하 았 다 는 것 아니 지만 다 보건 에 유고 결석 이 라 무단 이 하나 도 없 었 는데 교수 재량 에서 점수 다 까 았 음 마음대로 아프 아도 안 되 ㄹ 듯 어느 정도 로 까 았 냐면 중간 ", 기말 , 에세이 ," 출 결 합산 하 아서 70 만점 에 67 점 받 았 는데 교수 재량 30 점 에서 맘대로 주 어서 시 뜸 이것 은 뭐 그냥 자 기 맘대로 학점 주 겠 단 심보 지 .. 그리고 성격 착하 아 보이 는데 몇 번 보다 보 면 뒤 끝 개 쩔 고 소심 찌 질 하 아서 하 ㄴ 것 도 없 는데 수업 시간 갑 분 쌓 아 만들 기 개 잘 하 ㅁ""",,,,,,,,,,,,,,
짜증나 는 개그 받 아 주 다가 속 뒤집 어 지 ㄴ 적 한 번 이 아니 에요,,,,,,,,,,,,,,
나 랑 은 성향 이 맞 지 않 아서 웬만하 면 피하 고 싶 음,,,,,,,,,,,,,,
무서움 암튼 그래도 나쁘 지 ㄴ 않 지만 추천 은 안 하 ㅁ,,,,,,,,,,,,,,
개인적 으로 저 는 영어 추천 하 지 않 아요,,,,,,,,,,,,,,
항상 수업 을 꼼꼼 하고 체계적 으로 준비 하 아 오 아서 1 학기 때 보다 체계적 으로 배우 ㄴ 느낌 ..,,,,,,,,,,,,,,
나름 잘 주 시 는 것 같 고 참여 점수 는 평소 에 참여 잘 하 면 잘 나오 는 것 같 습니다,,,,,,,,,,,,,,
보 면 뒷통수 후리 고 가 ㄹ 수 도 있 음,,,,,,,,,,,,,,
수업 은 이해 잘 가게 설명 하 시 ㅁ,,,,,,,,,,,,,,
중간 중간 동영상 도 보여주 시 고 자리 가 지정 되 어 있 어서 조끼 리 활동 하 는 수업 도 많 습니다,,,,,,,,,,,,,,
"""워크샵 은 영상 찍 어 올리 고 ", 다름 사람 들 의 영상 에 댓글 을 다는 형식 이 었 는데 ," 생각 보다 시간 을 많이 잡아먹 는다""",,,,,,,,,,,,,,
활동 지 내용 이 좀 많 기 는 하지만 미루 지 않 고 바로바로 하 면 괜찮 음,,,,,,,,,,,,,,
하 ........ 드랍  2 학기 에 듣 을 것 을 후회 하 ㅁ,,,,,,,,,,,,,,
조 만 잘 만나 면 좋 은 강의 이 ㅂ니다,,,,,,,,,,,,,,
라는 생각 이 들 면 이 수업 을 들 어 보 자,,,,,,,,,,,,,,
결석 하 면 페일,,,,,,,,,,,,,,
시험 은 기말 때 온라인 시험 을 치 었었 는데 1 시간 30 분 이나 소요 되 어서 조금 놀라 았 다,,,,,,,,,,,,,,
까딱 하 아서 경고 한 두 번 이 면 바로 페일 .... 타 과 친구 를 사귀 ㄹ 수 있 다는 것 은 좋 지만 그것 도 조르 ㄹ 잘 만나 야 하 ㅁ,,,,,,,,,,,,,,
완전 꿀 강의 이 ㄴ 줄 알 고 듣 은 것 이 ㄴ데 좀 귀찮 게 하 는 것 이 많 았 는데 그냥 ... 페페 이 ㄴ 것 자체 로 듣 을 가치 가 있 습 ㅂ니다,,,,,,,,,,,,,,
레전드 PPT 로 뭘 하긴 하 는데 이 미 다 배우 ㄴ 거라 노잼 이 ㅁ,,,,,,,,,,,,,,
글 고 기말 은 워크샵 이 라고 있 는데 친구 없 으면 겁나  하 ㄹ 듯 조원 들 잘 만나 면 좋 아요,,,,,,,,,,,,,,
개인적 으로 추천,,,,,,,,,,,,,,
약간 활동 하 는 수업 이 라서 수업 시간 에 귀찮 을 수 도 있 는데 고등학교 진로 시간 같 다고 생각하 았 음,,,,,,,,,,,,,,
수업 내용 도 좀 의미 없 고 .. 인터넷 에 검색 몇 번 하 면 다 나오 ㄹ 이야기 들 .. 여 트 ㄴ 그냥 수 강하 지 않 으시 는 것 을 ,,,,,,,,,,,,,,
숙제 가 진짜 많 아서 하 느라 죽 을 뻔,,,,,,,,,,,,,,
진로 에 대하 어 고민 많이 해보 게 되 ㄴ 계기 가 되 었 음,,,,,,,,,,,,,,
조르 ㄹ 잘 만나 서 그렇 ㄴ지 모르 아도 하 ㄴ 학기 동안 재미있 었 습니다,,,,,,,,,,,,,,
배우 는 것 없이 2 학점 먹 는 과목 출석 이 깐깐 하 ㅁ,,,,,,,,,,,,,,
.. 이 것 다 하 아야 기말 때 제출 하고 패스 받 을 수 있 습니다,,,,,,,,,,,,,,
유고 결석계 가 안 나오 는 경우 면 너 가 얼마나 수강 하 았 던 전부 무 로 돌아가 ㄴ다,,,,,,,,,,,,,,
노동경제학 알 ㄴ 듣 었 으면 비추,,,,,,,,,,,,,,
복전 생 은 이 것 듣 지 마 요,,,,,,,,,,,,,,
숙제 도 두 번 있 었 으나 그리 어렵 지 않 은 문제 들,,,,,,,,,,,,,,
최고 의 교수 님,,,,,,,,,,,,,,
갓 병기 교수 님,,,,,,,,,,,,,,
그러나 숙제 와 시험 은 강의 만 듣 고 절대 풀 수 없 으며 평가 는 조금 깐깐 하 ㄴ 편,,,,,,,,,,,,,,
은퇴 하 시 는 것 이 안타깝 네요,,,,,,,,,,,,,,
"""공학 계열 문제 의 답안 에 풀이 과정 이나 정답 의 단위 도 제대로 표기 하 지 않 고서 맞 게 하 아 주 ㄹ 거라 기 대하 어 놓 고 "," 낮 은 점수 를 받 고 나 서 교수 님 이 자기 맘대로 주 었 다고 까 는 것 라면 핑계 다""",,,,,,,,,,,,,,
숭 컴 이 몇 안 되 는 최고 의 명 강의 다,,,,,,,,,,,,,,
무난 하 ㅂ니다,,,,,,,,,,,,,,
만약 사실 이 면 싫 다,,,,,,,,,,,,,,
장점 은 편하 다는 것 하나 뿐 퇴출 1 순위 이 ㄴ 교수,,,,,,,,,,,,,,
예습 을 해 가 면 나 가 교수 님 보다 잘 알 고 있 는 것 같 다는 생각 마저 들 게끔 수업 을 대충 하 시 ㅂ니다,,,,,,,,,,,,,,
... 보강 도 알 ㄴ 하고 등록금 아깝 ㄴ 수업,,,,,,,,,,,,,,
제대로 체크 하 는 지 의문,,,,,,,,,,,,,,
하루 전날 공부 하 아도 A + 가능,,,,,,,,,,,,,,
일단 수업 내용 은 둘째 치고 그냥 일 상대 화 도 알 ㄴ 통하 ㄹ 정도 로 의사소통 능력 이 떨어지 ㅁ,,,,,,,,,,,,,,
듣 지 마르 아 면 듣 지 말 아라 별 생각 없 었 는데 중간 지나 니까 드랍 마렵 더라,,,,,,,,,,,,,,
첫 강의 듣 고 바로 드랍했 ,,,,,,,,,,,,,,
지금 마지막 시험 공부 중인 데 강의 노트 에 내용 이 없 어서 책 보 고 인터넷 보 고 하 아서 화 가 날 ㄴ다,,,,,,,,,,,,,,
문법 을 다루 다,,,,,,,,,,,,,,
수업 의 방향 성 이 제대로 잡히 어 있 지 않 았 음,,,,,,,,,,,,,,
중간 기말 둘 다 시 창작 하 는 것,,,,,,,,,,,,,,
나 는 타 아 과 생 이 고 문창 과 수업 도 입학 이후 처음 이 었 는데 A + 받 음,,,,,,,,,,,,,,
"""어리 ㄹ 때 부터 글쓰기 를 좋아하 던 필자 이 었 지만 "," 시 라는 장르 에 있 어서 는 생소 하 았 음""",,,,,,,,,,,,,,
이 세 가 지만 잘하 면 성적 잘 나오 는 것 같 아요,,,,,,,,,,,,,,
"""시험 이 없 다는 것 이 최대 장점 이 고 "," 어렵 ㄴ 수업 이 지만""",,,,,,,,,,,,,,
그것 이 이 수업 에서 학점 잘 받 을 수 있 는 조건 이 ㅁ,,,,,,,,,,,,,,
설계 주제 를 주 기 ㄴ 하지만 설계 를 해결 하 는데 있 어서 많 은 답 을 주 지 는 않 는다,,,,,,,,,,,,,,
"""다만 가반 은 공지 가 빨리 잘 올라오 고 "," 다반 은 매번 늦 게 올라오 았 네요""",,,,,,,,,,,,,,
피드백 도 꼼꼼히 해주시 고 대학 오 아서 이렇게 학생 듣 을 생각하 아 주 시 는 교수 님 은 처음 봄,,,,,,,,,,,,,,
매번 출석 부르 고 시작,,,,,,,,,,,,,,
학기 말 에 SPSS 프로그램 돌리 어서 자기 가 선정 하 ㄴ 연구 주제 관하 아서 통계 내 는 레포트 제출 하 아야 되 는데 이 것 생각 보다 많이 빡 치 ㅂ니다,,,,,,,,,,,,,,
시험 문제 는 5 문제 고 하 나 당 20 점 .... 5 문제 다 연습 문제 에서 나오 는 것 은 아니 ㄴ 것 같 고 교과서 예제 나 개념 풀어쓰 ㄴ 것 도 공부 하 아야 하 ㄹ 듯 중간 보다 기 말 이 체감 상 더 어렵 지만 남 들 도 똑같 으니 5 문제 다 풀이 과정 끄적이 면 평균 이 하 는 안 나오 ㄹ 것 같 음,,,,,,,,,,,,,,
시험 때 매우 유리,,,,,,,,,,,,,,
열심히 가르치 어 주 시 는 데 전달력 이 좀 떨어지 심,,,,,,,,,,,,,,
통계학 을 마스터 한 분 들 께 이 강의 를 추천 드리 ㅂ니다,,,,,,,,,,,,,,
수업 과 관련 없 는 이야기 짱 많이 하 ㅁ,,,,,,,,,,,,,,
교수 님 착하 ㄴ 것 은 모르 겟 는데 교단 에 서기 에 ㄴ 못 가르침,,,,,,,,,,,,,,
강의 를 분명히 이해하 ㄹ 수 없 으며 쉽 ㄴ 내용 도 어렵 게 설명 하 시 ㄴ다,,,,,,,,,,,,,,
교수 님 재미있 으시 다,,,,,,,,,,,,,,
자기 가 알 ㄴ다고 학생 도 알 ㄴ다는 전제 하 에 진도 가 빠르 다,,,,,,,,,,,,,,
사이버 강의 도 별로 고 실습 은 조교 님 이 돌아다니 면서 가르치 어 주 시 어서 그렇 다,,,,,,,,,,,,,,
않 이 진짜 아니 제발 거르 고 또 거르 고 세 번 거리 시 어요,,,,,,,,,,,,,,
교수 님 은 다른 수업 을 들 어 본 대로 매너 좋 으시 고 학생 들 을 잘 배려 하 아 주 시 는 좋 으시 ㄴ 분 이 ㅂ니다,,,,,,,,,,,,,,
전혀 부담 없 었 고 좋 았 음,,,,,,,,,,,,,,
시험 이 통 암기 라서 힘들 다면 힘들 지만 그래도 어렵 지 는 않 음,,,,,,,,,,,,,,
성품 도 완전 젠 트 ㄹ 하 시 어서 잘 웃 고 학생 다 배려 하 아 주 시 고 최고 이 ㅁ,,,,,,,,,,,,,,
시험 은 없 음,,,,,,,,,,,,,,
그래도 김기형 교수 님 최고,,,,,,,,,,,,,,
중간 평균 이 26,,,,,,,,,,,,,,
팀 프로젝트 없 음,,,,,,,,,,,,,,
이 느낌 이 었 습니다,,,,,,,,,,,,,,
다만 강의 는 뭐 ... 음 ... 이 것 다 독학 하 는 것 알 지,,,,,,,,,,,,,,
보 면 이해 가 되 고 말 는 문제 가 생김,,,,,,,,,,,,,,
수업 방식 이나 여러모로 최악 이 었 다,,,,,,,,,,,,,,
전공 중 에 가장 재미없 었 음,,,,,,,,,,,,,,
A 0 A,,,,,,,,,,,,,,
을 주 고 싶 어 하 시 는 것 같 은 데 다른 수업 듣 는 학생 들 입장 에서 는 부담 일 뿐 그 이상 그 이 하도 아니 ㄴ 것 같 은 느낌,,,,,,,,,,,,,,
혹은 보살 이 다 혹은 팀원 들 끼리 모든 수업 진행 되 고 배우 는 것 없 어도 좋 다,,,,,,,,,,,,,,
그러나 강의 내용 면 에서 ㄴ 60 정도 만 별 다섯 개 고 나머지 는 별 세 개 정도 되 는 것 같 아 별 네 개 하 았 습니다,,,,,,,,,,,,,,
그림 프로세싱 숙제 가 많 아서 힘들 었 어요,,,,,,,,,,,,,,
숙제 가 많 았 지만 교수 님 은 착하 시 었 고 학점 도 후하 게 주 시 ㅂ니다,,,,,,,,,,,,,,
교수 님 이 수업 하 시 다가 를 해 오면 되 ㅂ니다,,,,,,,,,,,,,,
근데 확실히 그림 만 엄청나 게 시키 니까 낙서 에서 그림 으로 보 ㄹ 수 있 는 수준 까지 올라오 기 는 하 더라구요,,,,,,,,,,,,,,
글 미에 코딩 하 러 온 학생 들 에게 절망 을 줄 수도 있 는 그림 강의 .... 이 ㄴ지 라 저 는 많이 힘들 었 습니다,,,,,,,,,,,,,,
매주 숙제 퀴즈 가 있 는데 퀴즈 는 막 풀 지 않 는 이상 은 문제 없 는 듯 참여 에 의의 가 있 음,,,,,,,,,,,,,,
자기 도 해석 버벅  지문 갖 다,,,,,,,,,,,,,,
오 알 투 폐 강의 이유 를 절대적 으로 공감 하 ㄴ다,,,,,,,,,,,,,,
알 는 것 은 많 으시 ㄴ데 강의 를 못하 심,,,,,,,,,,,,,,
수학 과목 이 ㄴ 만큼 벼락치기 하 지 않 고 미리 하 아 놓 는 것 이 좋 을 듯,,,,,,,,,,,,,,
중간 는 점수대 높 고 기말 는 낮 습니다,,,,,,,,,,,,,,
..... 시험 잘못 보 면 무조건 가차 없이 D 때려 밖 으시 ㅁ,,,,,,,,,,,,,,
미리미리 독학 으로 중요 하 ㄴ 부분 들 외우 어 두 는 것 이 좋 음,,,,,,,,,,,,,,
플밍 처음 이 ㄴ 사람 기준 으로 수업 꼬박꼬박 나가 아도 세 번 째 수업 부터 는 따라가 ㄹ 수 가 없 음,,,,,,,,,,,,,,
대학 수업 이 무엇 이 ㄴ지 알 수 있 었 던 수업 이 었 습니다,,,,,,,,,,,,,,
"""이론 부터 유형 적용 까지 완벽 하 ㄴ 강의 흐름 "," 개념 설명 으로 유익 하 ㄴ 수업 이 았 던 것 같 음""",,,,,,,,,,,,,,
시험문제 좀 어렵 게 내 는 감 이 없 지 않 아 있 는데 그래도 교수 님 이 열심히 하 시 어서 좋 다,,,,,,,,,,,,,,
학점 을 잘 받 은 편 은 아니 지만 이것 은 나 가 노력 안 하 아서 이 ㅁ,,,,,,,,,,,,,,
5 점 드리 고 싶 지만 그거 때문 에,,,,,,,,,,,,,,
내용 은 어렵 고 교수 님 은 PPT 만 줄줄 읊 고,,,,,,,,,,,,,,
이 산수 학 을 살짝 맛보 는 강의,,,,,,,,,,,,,,
"""솔직히 쉬엄쉬엄 하 고 "," 성적 을 잘 주 려고 시험 문제 거진 알리 어 주 는 부분 에서 좋아하 는 사람 들 많 을 거라 생각 하 ㅂ니다""",,,,,,,,,,,,,,
교수 님 최고 .. 교수 님 보다 ㄴ 이 교수 님 이 최고 지,,,,,,,,,,,,,,
"""나현숙 교수 님 수업 은 처음 이 었 는데 "," 왜 그렇게 유명하 지 알 수 있 던 강의 이 었 습니다""",,,,,,,,,,,,,,
잘 가르치 ㄴ 다구 하 았 는데 그저 그리하 었 음,,,,,,,,,,,,,,
강의 력 은 그닥 이나 내용 을 다 다루 어 주 시 ㄴ다,,,,,,,,,,,,,,
반타작 하 았 다 고 생각 하 면 A 를 주 시 ㄴ다,,,,,,,,,,,,,,
실력 이 출 중 하 시 니 많이 배워가 시 어요,,,,,,,,,,,,,,
나 는 무엇 보다 교수 님 이 싫 었 음,,,,,,,,,,,,,,
"""그저 웃음 만 ", ," 숙제 는 다 베끼 어 쓰기 대결 이 다 수업 내내 말 이 계속 바뀌 고 뭐 하 는지 모르 겠 다""",,,,,,,,,,,,,,
물론 맨 처음 시간 으로 이 인식 은 바뀌 ㄴ다,,,,,,,,,,,,,,
야 너 괜 힌 성적 못 받 아서 꼬장 부리 는 것 아니 냐,,,,,,,,,,,,,,
다른 창사 독 에 비하 아 토론 도 많 지 않 고 편안 하 ㄴ 편,,,,,,,,,,,,,,
"""이것 과 유인물 을 나누 어 주 시 는 데 유인물 괄호 빈칸 채우 기 "," 각 조가 토론 하 ㄹ 때 마다 필기 하 는 유인물 등 등 으로 숙제 점수 를 체크 하 시 ㅂ니다""",,,,,,,,,,,,,,
그러나 에 타 강의 평점 믿 고 끝 까지 하 았 음,,,,,,,,,,,,,,
1 점 짜리 교양지 만 저 는 공보 다,,,,,,,,,,,,,,
토론 이후 에 는 기 말 보 고 바로 종강 이 죠,,,,,,,,,,,,,,
수업 을 압도 하 ㄴ다는 느낌 이 었 고 집중 도 잘 되 었 어요,,,,,,,,,,,,,,
진짜 천사 .. 묻 지 말 아 결석 권 도 있 음,,,,,,,,,,,,,,
기말 한번 보 ㅂ니다,,,,,,,,,,,,,,
다 들 외치 어 갓 영식,,,,,,,,,,,,,,
알 는 것 이 굉장히 많 으시 ㄴ 교수 님 근데 강의 자체 가 조금 쓸데 없 어요,,,,,,,,,,,,,,
아직 신입 생 이 라 여러 교 슈 님 들 강의 를 들 어 보 지 못하 았 지만,,,,,,,,,,,,,,
바리데기 내용 이해 는 다른 조 발표 를 듣 는 것 으로 충분 하고 팀 별 발표 만 하 면 크 게 부담 되 지 않 아서 좋 습니다,,,,,,,,,,,,,,
토론 답 은 토론 을 하 ㄹ 수 있 으며 수업 은 교수 님 의 인생 철학 이 묻어나 ㄴ다,,,,,,,,,,,,,,
하지만 교수 님 자체 로서 ㄴ 최고 이 ㅁ,,,,,,,,,,,,,,
1 학기 듣 은 과목 들 중 제일 화나 는 과목,,,,,,,,,,,,,,
근데 나 가 학점 자 ㄹ 받 지 못하 ㄹ 것 같 아서 4 점 드림,,,,,,,,,,,,,,
시험 은 수업 시간 에 적지 않 고 그냥 듣기 만 하 어 도 잘 보 ㄹ 수 있 는 문제 들 이 나오 ㅁ,,,,,,,,,,,,,,
"""시험 은 3 문제 이 ㄴ데 첫 번 째 는 제시 되 ㄴ 짧 은 글 을 읽 고 키워드 5 가지 를 발췌 하고 "," 줄거리 를 요약 하 기""",,,,,,,,,,,,,,
아 그리고 이것 이 편안 하 ㄴ 수업 이 다 보 니 시험 의 변별력 이 떨어지 어 가산점 이 굉장히 중요 하 ㄴ데요,,,,,,,,,,,,,,
성적 은 기말 시험 하나 에 갈리 는 것 같 아요,,,,,,,,,,,,,,
보 니 학점 대비 빡 셈 ..,,,,,,,,,,,,,,
시험 은 하루 이틀 잡 고 공부 하 면 되 는데 팀 프로젝트 가 탈모 를 유발 하 ㅁ,,,,,,,,,,,,,,
아 그리고 출석 되게 중요 하 게 생각 하 시 ㅁ,,,,,,,,,,,,,,
나 의 등록비 가 아깝 ㅁ,,,,,,,,,,,,,,
"""우선 "," 교수 님 께서 무조건 + 로 채우 어 주 시 ㅂ니다""",,,,,,,,,,,,,,
토론 을 싫어하 아서 좋아하 지 않 았 던 수업 이 ㅂ니다,,,,,,,,,,,,,,
학생 을 많이 배려 하 아 주 ㅁ,,,,,,,,,,,,,,
교수 님 항상 수업 20 분 정도 일찍 끝내 주 시 어서 편하 았 던 수업 이 었 어요,,,,,,,,,,,,,,
저 는 개인적 으로 추천 드리 지 ㄴ 않 습니다,,,,,,,,,,,,,,
힘들 어요 .. 아직 학기 가 안 끝나 서 학점 을 어떻하 게 채우 어 주시 는지 는 모르 겠 지만 비추,,,,,,,,,,,,,,
시험 한번 치 는 것 은 주관식 쉽 ㅁ,,,,,,,,,,,,,,
1 학점 짜리 가 아니 ㅁ,,,,,,,,,,,,,,
"""조 별 발표 전 에 교수 님 이 밥 을 하 ㄴ 번 사주 시 고 피드백 해주시 는 시간 이 있 는데 "," 여기 서 교수 님 눈 에 띄 면 좋 음""",,,,,,,,,,,,,,
