"""교수 님 "," 진짜 저 가 엎드리 어 절 드리 고 싶 을 만큼 인자 하 시 고 잘 가르치 시 ㅂ니다""",,,,,,,,,,,,,,
교수 님 재미있 으시 고 좋 으시 ㅂ니다,,,,,,,,,,,,,,
남자 분 이 시 ㄴ데 앵앵거리 는 목소리 시다,,,,,,,,,,,,,,
교수 님 이 완전 매력 넘치 ㄴ다,,,,,,,,,,,,,,
갓 줄 ㄴ 성 교수 님 이 계시 ㄴ다면 다른 강의 다 버리 고 갓 줄 ㄴ 성 교수 님 수업 들 으시 어요,,,,,,,,,,,,,,
교수 님 은 착하 심 나 가 수업 을 못 따라가 는 것 뿐,,,,,,,,,,,,,,
학생 편의 엄청 챙기 어 주심,,,,,,,,,,,,,,
 진짜 좋 으시 ㅁ,,,,,,,,,,,,,,
온화 하 시 고 왕 친절 하 시 고 모르 는 것 완전 친절 하 게 답 하 아 주 시 ㄴ다,,,,,,,,,,,,,,
외치 어 갓 선기 수학 을 수강 하고 싶 은데 민선기 교수 님 이 있 다,,,,,,,,,,,,,,
학점 도 후하 게 주 시 ㄴ 것 같 아 요 열심히 하 ㄴ 만큼 챙겨주 시 는 좋 은 수업 이 ㅂ니다,,,,,,,,,,,,,,
교수 님 말투 도 귀 여우 시 고 학점 도 잘 주 시 어요,,,,,,,,,,,,,,
학점 느 님 갓 태욱 거의 80 A + 받 은 것 같 아요,,,,,,,,,,,,,,
양태욱 교수 님 은 최고 시 ㅂ니다,,,,,,,,,,,,,,
뭐 라고요 갓 태욱 이 라고요,,,,,,,,,,,,,,
맞 습니다 태욱 교수 님 은 갓,,,,,,,,,,,,,,
눈 이 부시 었 기 때문 에 ... 양태욱 교수 님 은 그저 빛 이 ㅂ니다,,,,,,,,,,,,,,
양태욱 교수 님 은 학점 느 님 그 자체 이 ㅂ니다,,,,,,,,,,,,,,
그냥 학점 느 님 그 자체 ... 갓 태욱 교수 님 사랑 하 ㅂ니다,,,,,,,,,,,,,,
교수 님 도 굉장히 좋 은 분 이 고 열정적 이 시 ㄴ데 하 ㄴ 자 안 좋아하 면 강의 가 조금 졸리 ㄹ 수 있 어요,,,,,,,,,,,,,,
나 가 지금 까지 듣 은 과목 교수 님 들 중 에서 가장 학생 듣 을 위하 ㄴ 강의 를 하 시 는 분 같 다,,,,,,,,,,,,,,
교수 님 은 진짜 좋 으시 ㅁ,,,,,,,,,,,,,,
교수 님 이 진짜 좋 으시 어서 질문 완전 친절 하 게 받 아 주 시 ㅂ니다,,,,,,,,,,,,,,
미시 국제 는 갓 창 수 교수 님 수업 들 으세 요,,,,,,,,,,,,,,
교수 님 인성 이 좋 으시 ㅁ,,,,,,,,,,,,,,
이 교수 님 수업 3 번 이나 듣 었 는 대 인성 이 좋 으시 ㄴ 분 나 가 좋아하 는 분 정도 되게 많 으 시 구 그러 심,,,,,,,,,,,,,,
사람 적 어서 개 빡 세 었 지만 교수 님 좋 은 분,,,,,,,,,,,,,,
갓 갓 교수 님 하 ㄹ 수만 있 다면 모든 과목 을 이 교수 님 한테 듣 고 싶 다,,,,,,,,,,,,,,
갓 인 채,,,,,,,,,,,,,,
갓 이 ㄴ 채 교수 님 이 꽉 채우 어 주 시 어서 그렇 ㄴ가,,,,,,,,,,,,,,
갓 이 ㄴ 채 교수 님,,,,,,,,,,,,,,
인성  귀엽 ㄴ 외모 뭐 하나 빠지지 않 는 갓 창 근 교수 님 ... 회로 쪽 생각 하 시 ㄹ 것 면 무조건 박창근 교수 님 강의 들 으시 어요,,,,,,,,,,,,,,
... 언제 찾아가 도 친절 하 ㅂ니다,,,,,,,,,,,,,,
교수 님 은 사람 좋 으시 고 착하 시 ㄴ 분 이 ㄴ데,,,,,,,,,,,,,,
새로 오 시 ㄴ 교수 님 이 ㄴ데 잘 가르치 시 어서 좋 았 어요,,,,,,,,,,,,,,
교수 님 이 친절 하 시 고 잘 가르치 어 주심 질문 도 잘 받 아 주 시 어 소 좋 았 음,,,,,,,,,,,,,,
리얼 갓 교수 .....,,,,,,,,,,,,,,
다 들 종강 전이 든 후 든 갓 청 심 을 외치 ㅂ니다,,,,,,,,,,,,,,
천사 교수 님 친절 하 시 고 프로그래밍 에 관심 있 는 학생 들 이 들 으면 좋 아요,,,,,,,,,,,,,,
교수 님 천사 에 학점 잘 주심,,,,,,,,,,,,,,
갓 광진교 수 님 플밍포기자  하 ㄹ 수 있 었 습니다,,,,,,,,,,,,,,
이번 에 오경 수 교수 님 이 연구 년 이 시 ㄴ가 그래서 홍광진 교수 님 이 짬,,,,,,,,,,,,,,
물론 강의 력 도 좋 습니다,,,,,,,,,,,,,,
갓 근 호 ,,,,,,,,,,,,,,
 좋 으시 고 친절 하 게 알리 어 주 시 어요,,,,,,,,,,,,,,
진짜 갓 지 웅 지금 까지 보 ㄴ 교수 님 들 중 최고 에 요,,,,,,,,,,,,,,
갓 지 웅,,,,,,,,,,,,,,
성함 석 자 로 최고 라는 것 을 알 수 있 다,,,,,,,,,,,,,,
"""..... 그래도 교수 님 좋 고 "," 시험 을 노리 기 보다 팀 프로젝트 깔끔 하 게 하 는 것 이 성적 올리 는 데 좋 을 듯 .... 시험 은 그냥 센스 가 넘치 어 나 아야 잘 나오 ㄹ 듯""",,,,,,,,,,,,,,
근데 진짜 학생 들 이 모르 ㄹ 것 같 은 부분 을 다 하나하나 알리 어 주 시 는 모습 이 매우 좋 았 음,,,,,,,,,,,,,,
설명도 최대한 친절 하 게 하 시 고 가끔 나오 는 웃 기 려는 부분 이 있 던 것 이 오히려 오 작용 이 었 지만 그것 ㄹ 감안 하 더라도 좋 은 분 이 시다,,,,,,,,,,,,,,
조교 님 도 열심히 하 시 고 다 좋 다,,,,,,,,,,,,,,
교수 님 설명 이 좋 으시 ㅂ니다,,,,,,,,,,,,,,
열정 있 게 가르치 어 주 려고 하 시 는 몇 안 되 는 저 의 기준 교수 님 중 한 분,,,,,,,,,,,,,,
외치 어 갓 익 수 교수 님,,,,,,,,,,,,,,
킹 갓 익 수,,,,,,,,,,,,,,
킹 가 아 더 엠 퍼 러 마제 티 충무공 익 수 킴,,,,,,,,,,,,,,
킹 가 아 엠 폐 러 제너럴 충무공 마제 티 익 수,,,,,,,,,,,,,,
킹 갓 익 수 찬양,,,,,,,,,,,,,,
"""그냥 갓 익 수 킹 익 수 모든 컴퓨터 교수 님 이 익 수 쌤 만 같 아라 ", ,"""",,,,,,,,,,,,,,
킹 익 수 교수 님 진짜 사랑 하 ㅂ니다,,,,,,,,,,,,,,
수업 방식 도 좋 고 교수 님 도 좋 으시 다,,,,,,,,,,,,,,
킹 익 수 소리 지르 어,,,,,,,,,,,,,,
로 진행 교수 님 이 기본적 으로 성격 이 좋 다,,,,,,,,,,,,,,
이론 수업 이 좀 지루하 기 ㄴ 한데 교수 님 도 열심히 가르치 어 주 시 려고 하 는 것 같 아서 열심히 수업 들 었 습니다,,,,,,,,,,,,,,
중간 기말 은 컴퓨터 로 시험 보 는 것 이 아니 라 연필 로 하 ㅂ니다 .. 교수 님 귀 여우 시 어요,,,,,,,,,,,,,,
교수 님 사랑하 아 요,,,,,,,,,,,,,,
이정진 교수 님 수업 에 열정 이 넘치 시 고 학생 들 의 숙제 를 하 ㄴ 명 한 명 살피 시 는 좋 은 교수 님 이 시 ㅂ니다,,,,,,,,,,,,,,
수강 신청 하 ㄹ 때 다른 교수 님 이 계시 었 는데 그분 이 진짜 별로 라 이 교수 님 것 들 ㄹ 음 그래도 하 다가 모르 는 것 있 으면 친절 하 게 알리 어 주 시 고 피드백 이 좀 빠르 ㄴ 편 이 라 좋 음,,,,,,,,,,,,,,
진짜 인생 은 운 빨 이 라는 것 을 뼈저리 게 느끼 게 하 아 주 시 ㄴ 분,,,,,,,,,,,,,,
조교 님 이 말투 가 낭낭 하 시 고 차근차근 하 시 어서 굉장히 유한 수업 에 눈 높이 도 맞추 어 주 시 ㄴ 수업,,,,,,,,,,,,,,
개인적 으로 질문 하 아도 바로바로 답변 해주시 고 참 교수 님 이 ㅁ,,,,,,,,,,,,,,
일단 교수 님 은 진짜 착하 심,,,,,,,,,,,,,,
그 에 걸 맞 게 시험 문제 도 어렵 습니다,,,,,,,,,,,,,,
확실히 젊은 분 이 시 어서 그렇 ㄴ지 통하 는 부분 도 있 고 가끔 씩 유머 아니 ㄴ 유머 도 날리 심,,,,,,,,,,,,,,
인사관리 도 이 태 식 교수 님 듣 었 는데 좋 으시 ㄴ 분,,,,,,,,,,,,,,
교수 님 매우 좋 으시 ㅁ,,,,,,,,,,,,,,
교수 님 은 열심히 수업 하 시 지만 죄송 하 게 도 귀 에 잘 알 ㄴ 들어오 ㅁ,,,,,,,,,,,,,,
교수 님 이 열심히 수업 은 하 시 는데 .. 귀 에 전혀 들어오 지 는 않 는 안타깝 ㅁ,,,,,,,,,,,,,,
그저 빛 이 심 ......  되게 좋 으 시 었 음,,,,,,,,,,,,,,
친절 하 시 고 좋 음,,,,,,,,,,,,,,
"""나름 시간 많이 걸리 는 숙제 이 었 지만 재미있 고 "," 교수 님 이 친절 하 시 어서 모르 는 것 도 이 메일 로 빠르 게 대답 하 아 주 시 ㅂ니다""",,,,,,,,,,,,,,
강의 력 도 좋 으시 고 무엇 보다 교수 님 그냥 천 사이 심,,,,,,,,,,,,,,
교수 님 너무 재미있 으시 다,,,,,,,,,,,,,,
교수 님 성격 도 시 원시 원하 시 고 설명도 조리 있 고 재미있 게 하 아 주 시 어서 좋 았 음,,,,,,,,,,,,,,
에 도 불구 하고 귀 에 잘 들어오 ㅂ니다,,,,,,,,,,,,,,
귀 에 쏙쏙 들어오 는 강의 력 을 가지 시 었 습니다,,,,,,,,,,,,,,
그냥 교수 님 이 좋 은 분임,,,,,,,,,,,,,,
일단 교수 님 열정 이 대단 하 시 ㄴ 분 이 시다,,,,,,,,,,,,,,
.. 그래도 화학 과 교수 님 중 에서 는 가장 꼼꼼 하 게 강의 하 시 고 열정 넘치 는 교수 님 이 ㄴ 것 같 다,,,,,,,,,,,,,,
정외과 에서 최악 의 교수 님,,,,,,,,,,,,,,
성격 이 되게 쿨 하 시 ㅁ,,,,,,,,,,,,,,
학생 들 을 많이 아끼 어 주 시 는 갓 종 우 교수 님,,,,,,,,,,,,,,
갓 성호,,,,,,,,,,,,,,
회사 에서 실제로 많이 쓰이 는 용어 들 도 잘 알리 어 주심,,,,,,,,,,,,,,
갓 병 규 교수 님 듣 고 성적 잘 맞 으시 기 ㄹ 바라 요,,,,,,,,,,,,,,
"""교수 님 "," 감사 하 ㅂ니다""",,,,,,,,,,,,,,
수업 재미있 는 편입 ㅂ니다,,,,,,,,,,,,,,
교수 님 도 유쾌 하 시 고 학생 들 이 적극적 이 ㄴ 반 이 라면 재미있 게 한 시간 십 오 분 이 흐르 어 가 ㄴ다고 장담 하 ㄹ 수 있 을 정도 이 ㅂ니다,,,,,,,,,,,,,,
""""," 교수 님 좋 으시 어요""",,,,,,,,,,,,,,
교수 님 은 일단 훌륭 하 시 고 강의 력 도 좋 으시 ㅂ니다,,,,,,,,,,,,,,
PPT 만 읽 어 주심,,,,,,,,,,,,,,
.... 이것 이 최고,,,,,,,,,,,,,,
그리고 교수 님 인성 은 되게 좋 으시 고 선하 심,,,,,,,,,,,,,,
일단 교수 님 자체 는 착하 다,,,,,,,,,,,,,,
교수 님 파이팅 학생 들 의 태도 에 도 불구 하고 열심히 설명 해주시 려고 하 는 모습 이 멋지 어요,,,,,,,,,,,,,,
교수 님 이 말씀 하 는 것 이 귀 에 잘 알 ㄴ 들어오 아요,,,,,,,,,,,,,,
근데 교수 님 기 여우 심,,,,,,,,,,,,,,
먼저 교수 님 의 수업 방식 은 모두 PPT 로 진행 하 시 ㅂ니다,,,,,,,,,,,,,,
그래도 좀 일찍 끝내 주 시 ㄴ다는 장점 이 있 고 편의 를 봐주 시 ㅂ니다,,,,,,,,,,,,,,
교수 님 은 좋 은데 수업 은 PPT 만 읽 으시 ㅁ,,,,,,,,,,,,,,
교수 님 은 참 좋 으시 다,,,,,,,,,,,,,,
교수 님 좋 음,,,,,,,,,,,,,,
교수 님 은 친절 하고 좋 으시 ㄴ 분임,,,,,,,,,,,,,,
이승복 교수 님 인자 하고 좋 으시 어요,,,,,,,,,,,,,,
"""교수 님 좋 은 분 이 ㄴ 것 는 영문 과 학생 이 면 다 알 것 고 ","""",,,,,,,,,,,,,,
학점 은 잘 안 주 시 ㄹ 지 모르 아도 교수 님 은 진짜 좋 으시 ㄴ 분 이 ㅂ니다,,,,,,,,,,,,,,
교수 님 은 착하 ㅁ,,,,,,,,,,,,,,
그냥 이 재 호 교수 님 은 사랑 이 ㅂ니다,,,,,,,,,,,,,,
일단 진짜 참 교수 님 이 시 고 학생 하나하나 신경 쓰 시 는 것 이 보이 었 음,,,,,,,,,,,,,,
교수 님 도 엄청 친절 하 시 고 힘들 면 많이 돕 아 주시 기 도 하 아요,,,,,,,,,,,,,,
수업 내용 보다 교수 님 들 이 재미있 다 특히 실험 교수 님 굿,,,,,,,,,,,,,,
김 남미 교수 님 좋 으시 ㅂ니다,,,,,,,,,,,,,,
교수 님 들 이 잘 설명 하 아 주 시 어요,,,,,,,,,,,,,,
실험 은 박혜련 교수 님 이 ㄴ데 보고서 에 별다르 ㄴ 양식 은 안 올리 어 주시 지만 채점 에 빡빡 하 지 않 으시 어서 열심히 말 ㄴ 하 면 좋 은 점수 받 을 수 있 어요,,,,,,,,,,,,,,
김 남미 교수 님 이론 수업 차근차근 잘 알리 어 주 시 어서 이해 하 기 좋 습니다,,,,,,,,,,,,,,
실험 과목 교수 님 귀 여우 심 .... 그때그때 공지 올리 어 주 시 고 슈팅 통하 아서 연락 주 시 고 진짜 학생 들 배려 많이 해주시 는 듯,,,,,,,,,,,,,,
실험 교수 님 은 실용주의 를 좋아하 시 ㄴ다,,,,,,,,,,,,,,
"""갓 인수 에 요 ", , ," 솔직히 졸리 기 는 한데 짱 이 ㅂ니다""",,,,,,,,,,,,,,
교수 님 성격 도 좋 으시 고 수업 재미있 어서 잘 들 으면 시험 준비 가 쉽 ㅁ,,,,,,,,,,,,,,
실험 교수 님 은  교수 님 상당히 천사 시 었 음,,,,,,,,,,,,,,
일단 김 남미 교수 님 이 수업 을 잘 가르치 어 주심,,,,,,,,,,,,,,
문제 예비 문제 정도 만 풀 면 무 닌 하 게 A 받 을 수 있 을 듯 하지만 진짜 레알 교수 님 은 천사 이 ㅁ,,,,,,,,,,,,,,
가끔 귀 여우 시 ㄴ 모습 도 있 음,,,,,,,,,,,,,,
너무 좋 았 어요,,,,,,,,,,,,,,
잘 가르치 어 주 시 고 줌 으로 수업 하 면서 질문 계속 유도 해주시 고 성적 도 후하 게 잘 주심,,,,,,,,,,,,,,
박정현 교수 님 은 다른 실험 교수 님 보다 평가 기준 이 빡빡 하 지만 열심히 하 면 좋 은 점수 얻 을 수 있 습니다,,,,,,,,,,,,,,
특히 실험 교수 님  교수 님 이 친절 하 시 었 는데 학생 들 물어보 는 것 에 하나 하나 자세히 알리 어 주 시 고 돕 아 주 시 어서 좋 았 습니다,,,,,,,,,,,,,,
이 재 환 교수 님 은 마인드 가 되게 좋 으시 어요,,,,,,,,,,,,,,
교수 님 이 착하 시 ㄴ 데 그냥 착하 시다,,,,,,,,,,,,,,
교수 님 이 워낙 꼼꼼 하 시 고 시간 도 칼 같이 지키 시 는 분 이 라 꽉 꽉 채우 어서 강의 해주시 고 출석 도 정각 에 체크 하 시 어요,,,,,,,,,,,,,,
갓 광진 .. 시험 만 잘 보 면 되 ㅁ,,,,,,,,,,,,,,
박진호 교수 님 은 최고 이 ㅂ니다,,,,,,,,,,,,,,
그냥 빛 또는 갓 그 자체 임 탄탄 하 ㄴ 깊이 를 가르침 에 도 초심자 에게 무리 없 는 가르침,,,,,,,,,,,,,,
처음 에 ㄴ 무섭 ㄴ 분 이 ㄴ 줄 알 았 는데 알 고 보 니 너무 친절 하 시 더라구요,,,,,,,,,,,,,,
익 수 플로 러 ....,,,,,,,,,,,,,,
교수 님 은 강의 안 하고 조교 님 이 전부 다 하 아요,,,,,,,,,,,,,,
밑 에 분 이 잘 써 주심 진짜 하 그냥 거르 어 요 제발,,,,,,,,,,,,,,
진짜 수업 하 시 는데 계속 PPT 만 읽 으시 어요,,,,,,,,,,,,,,
금 투괸 은 무조건 갓 상기 이 ㄴ 이유 ... 교수 님 수업 또 듣 고 싶 어요,,,,,,,,,,,,,,
"""이상 기 교수 님 ", , 그 는 , , 그저 빛 , , , , 빛 상기 , , 갓 상기 , , , , ,"""",,,,,,,,,,,,,,
금 투 관 은 무조건 갓 상기 이 ㅂ니다,,,,,,,,,,,,,,
최고 의 교수 님,,,,,,,,,,,,,,
학점 도 매우 잘 주시 는 편 .. 괜히 상기 갓 이 라고 불리 는 것 이 아니 다,,,,,,,,,,,,,,
... 갓 상기 ... 믿 었 어요,,,,,,,,,,,,,,
설명도 참 잘 하 아 주 시 어요,,,,,,,,,,,,,,
교수 님 은 영어 로 수업 을 진행 하 시 지만 수업 도중 질문 을 언제나 받 아 주 시 고 한국어 로 설명 하 아 달 라고 하 어 도 잘 하 아 주 시 ㅂ니다,,,,,,,,,,,,,,
하지만 김준호 교수 님 은 기억력 이 매우 좋 으시 ㄴ 분 이 시 어서 다 체크 하 시 ㅂ니다,,,,,,,,,,,,,,
학문 에 있 어 선 열정적 이 고 학생과 의 관계 에 있 어 선 원만 하 고 둥글둥글 하 시 ㄴ 분 이 ㅂ니다,,,,,,,,,,,,,,
다른 교수 님 추천,,,,,,,,,,,,,,
킹 가 아 진짜 완섭  그저 빛 ....,,,,,,,,,,,,,,
진짜 무조건 김 섭,,,,,,,,,,,,,,
.. 김 섭 교수 님 은 진짜 전설 이 다,,,,,,,,,,,,,,
점수 도 후하 게 주 시 는 듯 좋 아요,,,,,,,,,,,,,,
완전 착하 시 고 온라인 강의 이 ㄴ 것 최대한 고려 하 아 주 시 었 어요,,,,,,,,,,,,,,
컴사 교수 님 을 선택 은 못하 지만 김 섭 교수 님 되 ㄴ다면 진짜 감사 하 아야 하 ㅂ니다 .....,,,,,,,,,,,,,,
그저 빛 .. 친절 하 시 고 학점 꽉 꽉 채우 어 주 시 는 듯 갓 완섭 킹 완섭,,,,,,,,,,,,,,
내용 도 쉽 어서 교 필 로 아주 좋 아요,,,,,,,,,,,,,,
컴사 는 무조건 조문기 교수 님,,,,,,,,,,,,,,
윤수연 교수 님 그냥 좋 음,,,,,,,,,,,,,,
교수 님 진짜 엄청 친절 하 시 고 강의 도 처음 배우 는 사람 도 잘 따라가 ㄹ 수 있 을 정도 로 이해 하 기 쉽 게 가르치 어 주심,,,,,,,,,,,,,,
교수 님 이 엄청 친절 하 시 고 공지 를 잘 하 어 주 심 성적 도 후하 게 잘 주 시 었 다,,,,,,,,,,,,,,
천사 가 따로 없 으시 어요,,,,,,,,,,,,,,
갓 완섭 ... 컴맹 에게 이런 과 분한 학점 을 주 시 ㄴ 분 .... 그저 빛 ...,,,,,,,,,,,,,,
갓 완섭 저 가 공부 는 안 하 았 지만 교수 님 보 러 가 았 습니다,,,,,,,,,,,,,,
갓 완섭 찬양 하 ㅂ니다,,,,,,,,,,,,,,
모두 완섭 T 하 시 어요,,,,,,,,,,,,,,
그냥 느 님 착하 시 고 숙제 없 고,,,,,,,,,,,,,,
김 섭 교수 님 이 니까 참 고 잘 들 었 다,,,,,,,,,,,,,,
컴사 듣 을 것 면 꼭 갓 완섭 교수 님 으로 듣 으시 기 ㄹ,,,,,,,,,,,,,,
와 갓 완섭 진짜 좀 만 공부 하 면 성적 완전 완전 잘 받 을 수 있 어요,,,,,,,,,,,,,,
전체적 으로 부담 없 어서 좋 았 음,,,,,,,,,,,,,,
굿 진짜 짱짱맨 축복 이 ㅁ,,,,,,,,,,,,,,
진짜 그냥 갓 섭,,,,,,,,,,,,,,
교수 님 도 진짜 친절 하 시 구 다 좋 았 다,,,,,,,,,,,,,,
굿 굿,,,,,,,,,,,,,,
교수 님 도 굉장히 좋 으시 ㄴ 분임,,,,,,,,,,,,,,
역시 갓 완섭 교 필 이 지만 괜찮 았 음,,,,,,,,,,,,,,
갓 완섭  사실 이 었 음 다,,,,,,,,,,,,,,
갓 완섭교수 ,,,,,,,,,,,,,,
갓 킹 왕 짱 완섭 교수 님,,,,,,,,,,,,,,
완섭 쓰 ... 갓 완섭 ,,,,,,,,,,,,,,
컴사 교수 님 중 에 ㄴ 최고 이 시 ㄴ 듯,,,,,,,,,,,,,,
킹 가 아 완섭 교수 님 성적 도 잘 주 시 고 숙제 도 몇 번 없 고 BB,,,,,,,,,,,,,,
교수 님 귀엽 고 착하 시 ㄴ 것 은 완전 인정,,,,,,,,,,,,,,
#NAME?,,,,,,,,,,,,,,
성적 은 + 로 주시 고 교수 님 좋 음,,,,,,,,,,,,,,
굿 굿,,,,,,,,,,,,,,
매주 숙제 가 있 는데 무지 쉽 고 강의 력 이 좋 으시 어서 이 해 만 잘하 면 좋 은 성적 받 을 수 있 어요,,,,,,,,,,,,,,
진짜 착하 시 ㄴ 교수 님 이 ㅂ니다,,,,,,,,,,,,,,
진짜 짱 이 에요,,,,,,,,,,,,,,
갓 의 선 .... 교수 님 착하 시다,,,,,,,,,,,,,,
나긋나긋 완전 친절 하 시 ㅁ,,,,,,,,,,,,,,
설명도 잘 해주시 고 진짜 좋 아요,,,,,,,,,,,,,,
교수 님 진짜 인자 한 엄마 같 으시 고 좋 아요,,,,,,,,,,,,,,
교수 님 도 좋 으시 고 학점 도 잘 주심,,,,,,,,,,,,,,
교수 님 께서 친절히 가르치 어 주 시 고 질문 하 는 것 도 친절히 다 대답 하 아 주 시 고 돌아다니 시 면서 봐주 시 어서 따라가 기 편하 았 어요,,,,,,,,,,,,,,
좋 은 교수 님 에다 좋 은 강의 에 요,,,,,,,,,,,,,,
교수 님 진짜 편하 고 좋 으시 ㄴ 분임,,,,,,,,,,,,,,
왜 다 들 갓 동구 라고 하 는지 알 것 같 음,,,,,,,,,,,,,,
컴사 는 무조건 강동구 교수 님 이 다,,,,,,,,,,,,,,
교수 라 기 보다 스타 강사 같 음,,,,,,,,,,,,,,
진짜 좋 은 교수 님 학점 도 최대한 잘 주 ㄹ려고 하 시 고 수업 도 쉽 고 재 맜 게 하 어 주 심,,,,,,,,,,,,,,
왜 갓 동구 갓 동구 하 는 지 알 게 되 었 음,,,,,,,,,,,,,,
빛 동구 에 요 진짜 잘 가르치 어 주 시 고 모르 면 바로 옆 에서 과외 하 듯이 가르치 어 주 시 ㅂ니다,,,,,,,,,,,,,,
교수 님 도 좋 으시 고 강의 도 잘 알리 어 주 시 어서 좋 았 습니다,,,,,,,,,,,,,,
목소리 가 참 좋 으시 어요,,,,,,,,,,,,,,
컴사 강의 중 에 제일 편하 고 좋 고,,,,,,,,,,,,,,
교수 님 이 진짜 좋 으시 ㅁ,,,,,,,,,,,,,,
교수 님,,,,,,,,,,,,,,
교수 님 재미있 으시 고 자세 하고 친절 하 게 다 잘 알리 어 주 시 어요,,,,,,,,,,,,,,
교수 님 은 진짜 갓 갓 이 심,,,,,,,,,,,,,,
컴사 들 을 것 면 이 교수 님 것 들 어 라,,,,,,,,,,,,,,
교수 님 께서 목소리 톤 이 좋 아서 귀 에 쏙 쏙 박히 는 느낌,,,,,,,,,,,,,,
컴사 는 강동구 교수 님 수업 들 으시 어요,,,,,,,,,,,,,,
교수 님 매우 친절 하 시 고 못 따라가 면 붙 어서 천천히 알리 어 주심 갓 갓 가 아,,,,,,,,,,,,,,
최고 의 교수 님 이 시 ㅂ니다,,,,,,,,,,,,,,
나이 도 교수 님 들 중 에서 ㄴ 젊은 편 에 속하 심,,,,,,,,,,,,,,
교수 님 자체 는 착하 시 ㄴ데 학점 을 못 받 아서 열 폭 하 는 것 맞 음,,,,,,,,,,,,,,
교수 님 이 젊 으시 ㄴ 편 이 어서 학생 들 하고 소통 많이 하 시 ㅂ니다,,,,,,,,,,,,,,
교수 님 께서 워낙 젊 으시 고 학생 들 에게 점수 를 많이 주 시 려고 노력 하 는 분 이 시 ㅂ니다,,,,,,,,,,,,,,
갓 문기 교수 님 이 ㅂ니다,,,,,,,,,,,,,,
엄청 친절 하 시 고 설명도 잘하 시 ㄴ다,,,,,,,,,,,,,,
굿 굿,,,,,,,,,,,,,,
갓 동구 .... 진짜 꼭 들 으시 어요,,,,,,,,,,,,,,
성적 도 잘 주 시 고 최고 이 ㅁ,,,,,,,,,,,,,,
진짜 갓 동구 님 ....,,,,,,,,,,,,,,
갓 동구 는 무슨 ... 설명도 별로 이 었 고 교수 님 이 애 들 을 신경 쓰 ㄴ다는 느낌 하나 도 알 ㄴ 들 고 혼자 수업 하 시 던데 .. 거기 다가 자기 입 으로 갓 동구 라고 하 면서 의 기양 양하 던 그 모습 ... + 채우 어 주 시 ㄹ 것 처럼 말씀 하 시 더니 메일 도 다 무시 하고 답장 도 안 하 네요,,,,,,,,,,,,,,
갓 동구 강동구 교수 님 수업 무조건 들 으시 어요,,,,,,,,,,,,,,
교수 님 참 괜찮 으시 ㄴ 분 이 고 수업 도 진짜 쉽 고 재미있 다,,,,,,,,,,,,,,
다른 교수 님 들 에 비하 아 기초적 이 ㄴ 것 만 가르치 어 주 시 ㅂ니다,,,,,,,,,,,,,,
밑 에 기말 잘 보 아서 학점 잘 받 았 다는 분 중간 도 잘 보신 것 이 ㅂ니다,,,,,,,,,,,,,,
교수 님 열정 있 으시 고 최고 이 ㅁ,,,,,,,,,,,,,,
친절 하 시 고 학생 들 위해주 교수 님 출석 은 좀 칼 같 으시 ㅁ,,,,,,,,,,,,,,
다른 교수 님 들 에 비하 아 코딩 실력 올리 는 데 에 는 진짜 좋 은 강의,,,,,,,,,,,,,,
3 점 은 교수 님 착하 시 어서,,,,,,,,,,,,,,
교수 님 친절 하 시 고,,,,,,,,,,,,,,
"""다만 인상 이 강하 시 고 "," 말투 도 나긋나긋 하 ㄴ 편 은 아니 라서 질문 을 선뜻 못 하 는 분 들 도 있 던 것 같 은 데 질문 잘 받 아 주 시 니 괜찮 아요""",,,,,,,,,,,,,,
수업 은 귀 에 잘 들어오 아요,,,,,,,,,,,,,,
친절 하 시 고 좋 아요,,,,,,,,,,,,,,
성적 을 잘 주시 지 는 않 으시 는 것 같 아 요 그치만 교수 님 착하 고 좋 으시 ㄴ 분 이 ㅂ니다,,,,,,,,,,,,,,
A + 무조건 맞 겠 다면 다른 교수 님 이 나 을 수 도 잇 음,,,,,,,,,,,,,,
조심 하 시 는 것 이 좋 을 것 같 아요,,,,,,,,,,,,,,
종신 교수 하 시 었 으면 좋 겠 다,,,,,,,,,,,,,,
최대한 쉽 게 알리 어 주 려고 노력 하 시 는 모습 이 보이 어서 이 감동 .... 교수 님 건강 하 시 어요,,,,,,,,,,,,,,
 매우 갓 가 아,,,,,,,,,,,,,,
평가 도 되게 공정하 잘 해주시 고 상담 도 친절 하 게 잘 하 어 주 시 어 요 갓 익 줄 ㄴ 인정,,,,,,,,,,,,,,
교수 님 이 가르 치 는 것 은 꼼꼼 하 게 잘 가르치 어 주심,,,,,,,,,,,,,,
다 들 생각 이 라고 하 는 것 을 하 고 찬양 하 시 었 으면 좋 겠 네요,,,,,,,,,,,,,,
교수 님 레알 좋 다,,,,,,,,,,,,,,
웃음 만큼 은 숭실대 교수 님 원탑 이 다,,,,,,,,,,,,,,
치 어 근데 ABC 다 세부적 으로 나누 어서 + 제로 마이 나 다 나누 어 줌 애초 에 학점 잘 퍼 주 시 ㄹ 마음 은 없 는 교수 님 이 라고 하 는 것 이 지 선형 대수 부터 들 었 지만 개인적 으로 ㄴ 안 맞 는 교수 님,,,,,,,,,,,,,,
근데 교수 님 이 귀엽 다,,,,,,,,,,,,,,
"""교수 님 이 진짜 천사 "," 완전 상냥 하고 친절 하 시 다""",,,,,,,,,,,,,,
교수 님 이 매우 친절 하 시 ㅁ,,,,,,,,,,,,,,
갓 동,,,,,,,,,,,,,,
교수 님 은 좋 으시 ㅁ,,,,,,,,,,,,,,
본인 만 열심히 따르 아 하 ㄴ다면 최고 의 강의,,,,,,,,,,,,,,
명원 교수 님 진짜 짱짱 .. 좋 습니다,,,,,,,,,,,,,,
교수 님 이 좋 은 분 이 시 고,,,,,,,,,,,,,,
진짜 갓 남 훈 의 최고 강의 ...,,,,,,,,,,,,,,
갓 오 수 ㄴ,,,,,,,,,,,,,,
교수 님  완전 좋 은데 시험 은 .. 강의 력 은 진짜 굿,,,,,,,,,,,,,,
진짜 인생 교수 님 만나 았 습니다,,,,,,,,,,,,,,
교수 님 천사 에 요 사랑하 아 요,,,,,,,,,,,,,,
진짜 좋 으시 ㄴ 분 인격 으로 나 내용 으로 나,,,,,,,,,,,,,,
교수 님 질문 받 아 주 시 ㄹ 때 친절 하 시 어요,,,,,,,,,,,,,,
최고 다 .. 강의 능력 은 좀 떨어지 ㄹ지 언 정 좋 으시 ㄴ 교수 님 이 다,,,,,,,,,,,,,,
그냥 교수 님 이 짱 이 에요,,,,,,,,,,,,,,
찬양 하 아라 갓 인수 좋 아 여 만약 조인수 교수 님 이 가르치 는 수업 이 있 다면 무조건 그것 ㄹ 듣 으시 기 ㄹ .. 물론 졸리 기 는 하지만 학점 은 잘 채우 어 주심 근데 처 대단 점 이 졸리 ㄴ 것 이 ㅁ,,,,,,,,,,,,,,
근데 되게 좋 으시 ㅁ,,,,,,,,,,,,,,
팀 프로젝트 많 앗 지만 얻 어 가 ㄹ 것 많 은 수업 임 교수 님 강의 방식 이 깔끔 하고 핵심 위주 이심,,,,,,,,,,,,,,
교수 님 사랑 하 ㅂ니다,,,,,,,,,,,,,,
일단 학점 에 + 달 아주 심,,,,,,,,,,,,,,
"""재미있 었 어요 무엇 보다 교수 님 이 열정적 이 시 고 메일 답장 "," 숙제 피드백 빨리 하 아 주 시 었 어요""",,,,,,,,,,,,,,
참 선생 이 ㅂ니다,,,,,,,,,,,,,,
교수 님 이 알 는 것 은 많 은데 못 가르침,,,,,,,,,,,,,,
IT 융합 에 걸 맞 는 교수 님,,,,,,,,,,,,,,
교수 님 의 수업 을 듣 어 보 ㄴ 사람 은 모두 알 것 이 다 그러하 다,,,,,,,,,,,,,,
강의 못하 심 .... 교수 님 자체 는 좋 은 분 이 시 ㄴ데 ...,,,,,,,,,,,,,,
교수 님 은 학생 들 을 사랑하 시 는 분 이 심,,,,,,,,,,,,,,
더 잘 주 시 는 교수 님 이 시 ㄴ 듯 굳,,,,,,,,,,,,,,
하 .. 진짜 .. 하 .. 엄청 열심히 하 았 는데 그 점수 를 주시 다니,,,,,,,,,,,,,,
교수 님 친절 하 시 고 너무 좋 아요,,,,,,,,,,,,,,
전 일단 좋 았 어요,,,,,,,,,,,,,,
와 진짜 최고 A + 감사 하 ㅂ니다,,,,,,,,,,,,,,
교수 님 사상 이 이 상해 요,,,,,,,,,,,,,,
"""그래도 꿀 교양 이 었 고 "," 교수 님 이 생각 하 시 는""",,,,,,,,,,,,,,
전 최지웅 교수 님 강의 좋아하 ㅂ니다,,,,,,,,,,,,,,
갓 혁 회 교수 님 수업 을 듣 고 물리화학 1 을 깨우치 ㄹ 수 있 었 다,,,,,,,,,,,,,,
교수 님 이 천재심 수업 도 잘 하 아 주 시 ㅁ,,,,,,,,,,,,,,
진짜 전 에 있 던 교수 들 보다 월등히 좋 다,,,,,,,,,,,,,,
교수 님 은 갓 이 ㅁ,,,,,,,,,,,,,,
착하 시 고 꼼꼼 하 시 ㅁ,,,,,,,,,,,,,,
무조건 이 분 것 들 으시 어요,,,,,,,,,,,,,,
열심히 하 시 면 잘 주 시 는 것 같 습니 당 교수 님 너무 친절 하 시 고 배려 하 아 주 시 는 것 보이 었 어요,,,,,,,,,,,,,,
진짜 외국인 있 어서 영어 로 설명 하 시 ㅁ,,,,,,,,,,,,,,
학점 느 님 느 님 느 님 도 이런 느 님 이 없 다,,,,,,,,,,,,,,
"""나 에게 ㄴ 갓 갓 교수 님 이나 "," 호불호 많이 갈리 ㅁ""",,,,,,,,,,,,,,
기본적 으로 머리 에 수학적 센스 가 있 는 사람 이 들 으면 잘 맞 을 교수 님 이 ㅂ니다,,,,,,,,,,,,,,
개념 을 꼼꼼 하 게 알리 어 주 시 고 늘 복습 진행 잘 해주시 면 모르 는 것 바로바로 질문 하 면 잘 알리 어 주 시 어요,,,,,,,,,,,,,,
역시 조경란 교수 님 ... 항상 역대 급 으로 좋 은 수업 을 찍 으시 ㅁ,,,,,,,,,,,,,,
교수 님 은 좋 으시 ㅁ,,,,,,,,,,,,,,
교수 님 도 목소리 는 졸리 지만 좋 으시 ㅁ,,,,,,,,,,,,,,
교수 님 한테 잘 보이 어야 하 ㄴ다,,,,,,,,,,,,,,
일단 교수 님 성격 엄청 좋 으시 고요,,,,,,,,,,,,,,
학점 도 왕 유 후하 게 주심,,,,,,,,,,,,,,
학생 한 명 한 명 다 챙겨주 시 고 학점 도 생각 보다 잘 주 시 었 어요,,,,,,,,,,,,,,
이윤석 교수 님 사랑 하 ㅂ니다,,,,,,,,,,,,,,
그래도 꿀잼,,,,,,,,,,,,,,
교수 님 되게 좋 으시 고 젠 틀 하고 위트 있 으시 ㅂ니다,,,,,,,,,,,,,,
즐겁 었 다 교수 님 께서 조만식 체육관 에 학생 들 세우 어 놓 고 하 ㄴ 바퀴 도시 면서 매 수업 마다 자세 교정 해주시 고 열심히 가르치 어 주심,,,,,,,,,,,,,,
갓 분 홍 님,,,,,,,,,,,,,,
교수 양 승인,,,,,,,,,,,,,,
갓 .. 정 ... 덕 ..,,,,,,,,,,,,,,
모든 것 이 완벽 하 시 ㄴ 분 이 시 ㅂ니다,,,,,,,,,,,,,,
수업 방식 은 좋 았 어요,,,,,,,,,,,,,,
설명도 나름 자세히 하 어 주 는 편 이 고 수업 도 열정적 으로 하 시 ㅁ,,,,,,,,,,,,,,
전정 공 전자기 학은 이 분 이 제일 잘 가르침,,,,,,,,,,,,,,
그래도 교수 님 은 좋 으시 ㅂ니다,,,,,,,,,,,,,,
모르 는 것 의 대부분 은 조교 님 부르 어서 질문 하 면 알리 어 주 시 고 교수 님 도 모르 는 것 이 있 으면 조교 님 부르 어서 해결 하 ㅁ,,,,,,,,,,,,,,
와우 갓 영종 교수 님 절대평가 의 신 점수 도 자비 로우 시 고 조언 도 아끼 지 않 고 해주시 는 분,,,,,,,,,,,,,,
찬양 하 라 갓 용 태 비율 꽉 채우 고 성적 + 로 다 채우 어 주 ㅁ,,,,,,,,,,,,,,
개인적 으로 이 교수 님 마인드 가 마음 에 들 ㄴ다,,,,,,,,,,,,,,
 좋 으시 고 친근 하 시 ㄴ 교수 님,,,,,,,,,,,,,,
것 이 다가 교수 님 인성 은 그저 빛 ..,,,,,,,,,,,,,,
갓 규 식,,,,,,,,,,,,,,
다음 부터 는 이 교수 는 믿 고 거르 ㄴ다,,,,,,,,,,,,,,
교수 님 최고,,,,,,,,,,,,,,
역시 갓,,,,,,,,,,,,,,
외치 어 갓,,,,,,,,,,,,,,
교수 님 라이트 맨 이 ㄴ 줄,,,,,,,,,,,,,,
꼭 체하 셨 으면 좋 겠 음,,,,,,,,,,,,,,
피하 ㄹ 수 있 으면 피하 시 는 것 이 좋 습니다,,,,,,,,,,,,,,
이 실험 조교 분 이 젤 무난 하 ㅁ,,,,,,,,,,,,,,
꼼꼼 하 시 ㄴ 분 이 라 개인적 으로 찾아가 면 친절 하 게 다 알리 어 주 너 가,,,,,,,,,,,,,,
굿 굿,,,,,,,,,,,,,,
갓 종선 ....,,,,,,,,,,,,,,
"""교수 님 성격 은 좋 으시 ㄴ데 "," 대학원 에서 가르치 시 다가 땜빵 오 시 어서 그렇 ㄴ지""",,,,,,,,,,,,,,
교수 님 친절 하 시 고 피드백 도 좋 음,,,,,,,,,,,,,,
갓 인식 찬양 하 아,,,,,,,,,,,,,,
갓 분 홍 님,,,,,,,,,,,,,,
그냥 아무 말 하 ㄹ 필요 없이 갓 짓 은,,,,,,,,,,,,,,
다 필요 없 고 갓 짓 은 교수 님 수업 은 무조건 듣 어야 하 ㄴ다,,,,,,,,,,,,,,
강의 력 은 매우 최고 친절 하 시 고 유머 도 있 으시 ㅁ,,,,,,,,,,,,,,
법대 중 에서 최고 의 교 슈 님 ... 고등학생 가르치 어 주 듯이 친절 하고 자세 하 게 알리 어 주심,,,,,,,,,,,,,,
갓 짓 은 교수 님,,,,,,,,,,,,,,
성적 은 하 ㄴ 만큼 나오 는 듯 학생 이 아프 ㄹ 때 사 정도 잘 고려 하 아 주 시 고 융통 성 있 으시 ㄴ 분임,,,,,,,,,,,,,,
역시 갓 짓 은 ... 교수 님 좋 으시 고 귀 여우 시 어요,,,,,,,,,,,,,,
시험 에 관하 아서 도 교수 님 께서 시험 방식 이 라 던지 꼼꼼 하 게 설명 하 아 주 시 ㅁ,,,,,,,,,,,,,,
갓 가 아 ... 민법 입문자 로써 이만 하 ㄴ 수업 이 없 음,,,,,,,,,,,,,,
교수 님 수업 은 좋 습니다,,,,,,,,,,,,,,
학생 들 배려 해주시 고 여태 까지 저 가 수업 받 았 던 교수 님 들 중 에서 최고 라고 말 하 고 싶 습니다,,,,,,,,,,,,,,
정역 학은 무조건 킹 지 ㄴ 호 교수 님,,,,,,,,,,,,,,
교수 님 은 좋 아요,,,,,,,,,,,,,,
수능 물리 에 배기범 이 있 다면 숭실대 에 는 킹 원 익 이 있 다,,,,,,,,,,,,,,
김성훈 교수 님 .. 그저 빛 그 자체 이 시 ㅂ니다,,,,,,,,,,,,,,
교수 님 이 성격 이 차분 하 시 고 학생 들 을 잘 챙기 어 주심,,,,,,,,,,,,,,
교수 님 감사 하 ㅂ니다,,,,,,,,,,,,,,
교수 님 은 근 유머 감각 있 으시 고 수업 아주 세세 하고  잘 알리 어 주심,,,,,,,,,,,,,,
교수 님 께서 처음 부터 차근차근 잘 설명 하 아 주 시 ㅂ니다,,,,,,,,,,,,,,
근데 교수 님 목소리 가 작 으시 어서 뒤 에 앉 아 있 으면 잘 알 ㄴ 들리 고 졸리 ㄹ 수 있 어요,,,,,,,,,,,,,,
김성훈 교수 님 사랑 스 러 우 니 다,,,,,,,,,,,,,,
"""그래도 항상 교수 님 께 앞 에 빔 화면 이 잘 안 보인 다 거나 "," 모르 겠 다고 하 면 절대 모르 척 하 시 지 않 고 배려 하 아 주 시 는 모습 이 좋 았 음""",,,,,,,,,,,,,,
"""본인 은 B + 을 받 았 지만 "," 학점 을 떠나 좋 은 교수 님 과 좋 은 강의 다""",,,,,,,,,,,,,,
열정적 으로 수업 하 시 는 교수 님 께 는 죄송 하 지만 많이 졸 았 음,,,,,,,,,,,,,,
교수 님 열정적 이 시 ㅂ니다,,,,,,,,,,,,,,
개인적 으로 잘 웃 고 순수 하 시 ㄴ 교수 님 이 좋 았 다,,,,,,,,,,,,,,
이원 교수 님 이번 학기 가 마지막 행복 하 시 기 ㄹ ..,,,,,,,,,,,,,,
조교 님 이 사진 찍 어 가 라고 하 ㄴ 것 랑 교수 님 이 외 우라 고 하 ㄴ 거중 요하 다고 말씀 하 심 는 무조건 나오 았 습니다,,,,,,,,,,,,,,
조교 님 들 다 좋 았 음,,,,,,,,,,,,,,
조교 님 착하 시 고 교수 님 도 잘 알리 어 주 시 구 .. 여 트 ㄴ 3 학년 실험 은 닥 변 교수 님,,,,,,,,,,,,,,
교수 님 과 조교 님 모두 좋 으시 ㄴ 분 들 이 ㅂ니다,,,,,,,,,,,,,,
학생 이 질문 에 답 못하 ㄹ 때 까지 질문 하 시 는 분임 그래도 실험 반 두 개인 데 시험 문제 도 안 겹치 게 잘 내시 고 편법 없이 자 기 능력 평가 받 기 에 ㄴ 굿 굿,,,,,,,,,,,,,,
킹 갓 제너럴 임페리얼 마제 티 광진 님,,,,,,,,,,,,,,
교수 님 매우 친절 하 시 ㅂ니다,,,,,,,,,,,,,,
"""교수 님 도 착하 시 고 "," 수업 을 워낙 잘 하 시 어서 여러모로 좋 은 수업 이 ㅂ니다""",,,,,,,,,,,,,,
글 미에 오 았 는데 플밍  대하 어 아무것 도 모르 ㄴ다면 갓 광진 교수 님 수업 들 으시 어요,,,,,,,,,,,,,,
교수 님 천사 시다,,,,,,,,,,,,,,
교수 님 은 좋 으시 ㅁ,,,,,,,,,,,,,,
그래도 타 아 교수 님 들 에 비하 아 친절 하 시 고 설명도 잘 하 아 주 시 어서 좋 음,,,,,,,,,,,,,,
말하 아 뭐 하 아 외치 어 갓 익 수,,,,,,,,,,,,,,
김익수 교수 님 강의 는 믿 고 들 으 십 시 어,,,,,,,,,,,,,,
수업 만 열심히 들 어도 알 아서 실력 이 늘 고 있 는 .. 그저 빛,,,,,,,,,,,,,,
그저 빛 익 수 실습 은 그냥 혼자 풀 수 있 어야 실력 늘 ㅁ,,,,,,,,,,,,,,
결론 은 최고 다 최고 야,,,,,,,,,,,,,,
교수 님 착하 시 고 성적 도 잘 주 시 ㅂ니다,,,,,,,,,,,,,,
갑 갑 갓 솔직히 알 ㄴ 들 으면 후회 하 는 과목,,,,,,,,,,,,,,
학생 의 참여 도 를 이 끌리 어 고 하 시 는 진짜 좋 은 숭실대 교수 님 개인적 으로 이메일 보내 거나 궁금 하 ㄴ 것 이 있 어서 가 면 항상 돕 아 주 시 ㄹ 분,,,,,,,,,,,,,,
교수 님 PPT 그대로 읽 으 시 고요,,,,,,,,,,,,,,
숙제 는 하 ㄴ 교수 님 이 하나 의 숙제 를 내 어 주 시 어요,,,,,,,,,,,,,,
교수 님 이 천사 에 요 조 아 요 들어주 시 어요,,,,,,,,,,,,,,
그래서 딴짓 하 기 좋 음,,,,,,,,,,,,,,
교수 님 이 엘지  전무 까지 하 시 다,,,,,,,,,,,,,,
교수 님 은 열정적 이 고 좋 으시 었 습니다,,,,,,,,,,,,,,
그 는 나 의 생 에 최고 의 교수 이 다,,,,,,,,,,,,,,
수업 은 좋 은데 내용 이 쉽 다,,,,,,,,,,,,,,
강대승 교수 님 은 전기 과 교수 님 답 게 전기 과 의 수준 에 맞추 어서 수업 하 시 는 것 같 습니다,,,,,,,,,,,,,,
학점 잘 주 어서 갓 교수 로 임명,,,,,,,,,,,,,,
열심히 가르치 ㄹ 려 나 는 열정 은 보이 어서 이 웃 는 얼굴 에 침 못 뱉 는다고 욕하 기 가 미안 해 지 ㅁ,,,,,,,,,,,,,,
학점 잘 주 시 고 성격 좋 으시 ㅁ,,,,,,,,,,,,,,
교수 님 성격 은 매우 좋 다,,,,,,,,,,,,,,
교수 님 도 친절 하 시 고 좋 아요,,,,,,,,,,,,,,
.. 실무자 의 위엄 을 보여주 시 는 분,,,,,,,,,,,,,,
직장 을 가지 고 계시 ㄴ 교수 님 이 라 실무 얘기 를 많이 듣 을 수 있 어서 좋 았 고 교수 님 이 인간적 으로 좋 으시 ㅂ니다,,,,,,,,,,,,,,
갓 수현,,,,,,,,,,,,,,
학생 들 을 가르치 려는 열정 이 있 으시 ㄴ 분,,,,,,,,,,,,,,
갓 기백 은 사랑 이 ㅂ니다,,,,,,,,,,,,,,
이번 학기 중 가장 좋 았 던 교수 님,,,,,,,,,,,,,,
"""아랫 분 후기 처럼 ", , ," 교수 님 진짜 너무 귀 여우 시 어요""",,,,,,,,,,,,,,
"""주변 보 면 다 들 평균 만 넘 었 으면 절대평가 라 A 는 받 았 던 듯 .. 강사 분 이 시 어서 다음 에 도 오 시 ㄹ 지 ㄴ 모르 겠 지만 "," 혹시나 오 시 ㄴ다면 수강 추천 BB 친절 하고 꼼꼼 하 시 어서 수업 들 을 맛 나 았 음""",,,,,,,,,,,,,,
학점 무조건 챙겨주 심 .. 공수 2 안 하 아 주 시 어서 슬프 ㄹ 뿐 이 고 학생 들 입장 먼저 생각하 아 주 시 ㄴ 다 시험 나 ㄹ 자리 를 복잡 하 게 앉 게 하 시 어서 뭐 이렇게 까지 하 ㄹ 수 있 나 생각하 ㄹ 수 있 지만 다 학생 듣 을 위하 ㄴ 것 이 ㅁ,,,,,,,,,,,,,,
학생 편의 엄청 챙기 어 주심,,,,,,,,,,,,,,
 좋 으시 고 점수 도 잘 주 시 어요,,,,,,,,,,,,,,
"""그저 빛 ", , 수업 자료 도 깔끔 하 아서 따로 필기 하 ㄹ 필요 가 없 었 던 , ," 그냥 그냥 그저 빛 이 ㅂ니다""",,,,,,,,,,,,,,
한진일 교수 님 넘 무 좋 습니다,,,,,,,,,,,,,,
다 들 플밍 들 으시 어서 알 시 겠 지만 ... PPT 자료 도 깔끔 하고 설명도 잘 하 아 주 시 ㅂ니다,,,,,,,,,,,,,,
외치 어 갓 태욱,,,,,,,,,,,,,,
그냥 교수 님 이 좋 은 분임,,,,,,,,,,,,,,
외치 어 갓 선기 수학 을 수강 하고 싶 은데 민선기 교수 님 이 있 다,,,,,,,,,,,,,,
교수 님 말투 도 귀 여우 시 고 학점 도 잘 주 시 어요,,,,,,,,,,,,,,
갓 태욱 빛 태욱 진짜 전설 그 자체 이 시 ㄴ 분,,,,,,,,,,,,,,
진짜 피드백 을 잘 수용 하 아 주 시 ㅂ니다,,,,,,,,,,,,,,
좋 으시 ㄴ 분 이 에 요,,,,,,,,,,,,,,
학점 느 님 갓 태욱 거의 80 A + 받 은 것 같 아요,,,,,,,,,,,,,,
양태욱 교수 님 은 최고 시 ㅂ니다,,,,,,,,,,,,,,
그냥 학점 느 님 그 자체 ... 갓 태욱 교수 님 사랑 하 ㅂ니다,,,,,,,,,,,,,,
인생 교수 님 임 저런 분 만나 기 가 쉽 지 않 음,,,,,,,,,,,,,,
친절 하 ㅁ,,,,,,,,,,,,,,
산 공과 에서 제일 어리 시 ㄴ 교수 님,,,,,,,,,,,,,,
갓 진일 감사 하 ㅂ니다,,,,,,,,,,,,,,
질문 하 면 잘 알리 어 주심 그냥 모든 것 이 최고 신 갓 태욱 교수 님,,,,,,,,,,,,,,
아무튼 교수 님 좋 으시 ㄴ 분,,,,,,,,,,,,,,
갓 태욱 ... 밝 고 활기차 ㄴ 수업 진행 해주시 고 교수 님 좋 으시 ㅁ,,,,,,,,,,,,,,
"""일단 굉장히 잘 가르치 시 고 "," 인성 킹 가 아""",,,,,,,,,,,,,,
강의 력 만큼 은 전정 공 에서 최고 라고 감히 말 하 ㄹ 수 있 고 심지어 매우 재미있 으시 ㅂ니다,,,,,,,,,,,,,,
학생 들 을 생각하 아 주 시 는 좋 은 교수 님 이 에요,,,,,,,,,,,,,,
유쾌 하 시 ㄴ 분,,,,,,,,,,,,,,
근데 교수 님 가끔 알 수 없 는 포인트 에서 삐지 시 어서 황당 하 ㅁ,,,,,,,,,,,,,,
김 기백 교수 님 은 천재형 본인 이 머리 가 좋 다면 잘 맞 을 것 같 다,,,,,,,,,,,,,,
교수 님 은 좋 은데 학점 은 안채 워 주심,,,,,,,,,,,,,,
딱 답 정 너,,,,,,,,,,,,,,
김혜진 교수 님 은 독일 문화 담당,,,,,,,,,,,,,,
교수 님 말 하 는 것 에 두서 가 없 다,,,,,,,,,,,,,,
교수 님 의견 에 맞 는 입장 에 서 어서 교수 님 이 원하 는 말 을 하 아야 점수 잘 받 을 수 있 다,,,,,,,,,,,,,,
일단 개인적 이 ㄴ 후기 로 는 좋 았 습니다,,,,,,,,,,,,,,
이런 교수 님 만 있 다면 숭실대 도 곧 서울대 를 이기 ㄹ 것 같 습니다,,,,,,,,,,,,,,
윤 철 홍 교수 님 좋 아요,,,,,,,,,,,,,,
"""", , ," 강의 력 이 좋 은 것 과 강의 에 열정적 이 ㄴ 것 은 다른 문제 가 아니 ㄴ가 생각하 ㄴ 다""",,,,,,,,,,,,,,
숭실대 교수 중 에서 제일 좋 음,,,,,,,,,,,,,,
그래도 교수 님 은 항상 사랑 으로 품 어 주 시 는 것 이 눈 에 보일 정도 로 좋 으시 ㄴ 분임,,,,,,,,,,,,,,
아아 .. 그녀 는 그저 대 모으 님 ... 학생 들 을 사랑하 시 고 품 으시 며 언제나 어머니 처럼 존재 하 시 는 그분 ...,,,,,,,,,,,,,,
교수 님 좋 아요,,,,,,,,,,,,,,
실험 은 교수 님 및 조교 님 모두 실험 도와주 시 고 설명도 열심히 하 어 주 심,,,,,,,,,,,,,,
실험 조교 님 교수 님 다 들 친절 하 게 다 잘 알리 어 주 시 고 좋 습니다,,,,,,,,,,,,,,
조교 는 이 영덕 조교 님 이 ㄴ데 푸짐 하 니 좋 아요,,,,,,,,,,,,,,
#NAME?,,,,,,,,,,,,,,
친절 하고 좋 은 교수 님 이 ㅂ니다,,,,,,,,,,,,,,
갓 마크,,,,,,,,,,,,,,
쿨 하고 힙  교수 님 이 시 어요,,,,,,,,,,,,,,
교수 님 이 좋 음,,,,,,,,,,,,,,
최고 시 ㅂ니다 학점 도 잘 주 시 고 덕분 에 영어 에 대하 ㄴ 자신감 도 생기 었 어요,,,,,,,,,,,,,,
성적 도 완전 잘 주 시 ㅂ니다,,,,,,,,,,,,,,
무척 재미있 으시 ㄴ 교수 님,,,,,,,,,,,,,,
진짜 최고 학점 도 잘 주 시 고 친절 하 ㅁ,,,,,,,,,,,,,,
최고 그냥 갓 로비 좋 았 습니다,,,,,,,,,,,,,,
소문 대로 갓 은혜 교수 님 이 시 ㅂ니다,,,,,,,,,,,,,,
수업 을 일찍 끝내 주 는 편 은 아니 시 지만 그래도 우리 교수 님 이 최고 이 ㅁ,,,,,,,,,,,,,,
그저 열심히 듣 고 열심히 참여 하 시 었 다면 좋 은 점수 받 으시 ㄹ 것 에 요,,,,,,,,,,,,,,
교수 님 엄마 같이 좋 으시 어요,,,,,,,,,,,,,,
교수 님 진짜 착하 시 고 이야기 도 잘 하 아 주 시 었 던 것 같 습니다,,,,,,,,,,,,,,
이 교수 님 걸리 면 진짜 운 좋 은 것 에 요,,,,,,,,,,,,,,
교수 님 완전 좋 아요,,,,,,,,,,,,,,
교수 님 인자 하 시 ㅁ,,,,,,,,,,,,,,
교수 님 이 진짜 진짜 좋 으시 고 수업 분위기 가 항상 재미있 다,,,,,,,,,,,,,,
처음 에 는 스피 킹 만 하 니까 낯설 수도 있 는데 시간 지나 ㄹ수록 스피 킹 에 대하 ㄴ 자신감 을 쌓 아 주 시 어서 감사 하 았 음,,,,,,,,,,,,,,
수업 도 빨리 끝내 주 시 고 .. 갓 메기,,,,,,,,,,,,,,
숙제 가 있 기 ㄴ 하지만 있 다고 하 기 머쓱 하 ㄴ 수준 .. 그저 G O D 갓 메기 2018 최고 의 교수 사랑 하 ㅂ니다,,,,,,,,,,,,,,
마크 교수 님 갓 갓 교수 님 ... 밑 에 출 결 신경 쓰 라 하 았 는데 교수 님 이 첫 수업 때 말씀 하 십 니 다 자 기 수업 에서 F 는 없 다고 오 기 만 하 면 F 는 아니 라고 ... 그리고 결석 34 번 이 면 다른 과목 이 어도 낮 은 성적 받 았 을 것 같 네요,,,,,,,,,,,,,,
암튼 마크 교수 님 짱 이 ㅂ니다,,,,,,,,,,,,,,
아무튼 교수 님 짱 다 +  채우 어 주 는 것 같 지 ㄴ 않 지만 되게 좋 아요,,,,,,,,,,,,,,
영어 하 면 무조건 갓 크 이 ㅂ니다,,,,,,,,,,,,,,
갓 크 는 미 쳣 습니다,,,,,,,,,,,,,,
진짜 다 들 갓 마크 갓 마크 하 는 이 유 있 어 요수 업 도 재미있 고 시험 도 숭실대 시험 중 에 제일 재미있 다고 확신 하 ㄹ 수 있 음,,,,,,,,,,,,,,
진짜 거의 저 의 인생 교수 님 진짜 완전 친절 하 시 고 귀 여우 시 어요,,,,,,,,,,,,,,
갓 프린스 수업 도 재미있 게 하 시 고 숙제 도 없 고 그냥 좋 아요,,,,,,,,,,,,,,
개인적 으로 제일 좋 았 던 교수 님,,,,,,,,,,,,,,
진짜 쿨 하고 멋지 시 ㄴ 분,,,,,,,,,,,,,,
제드 교수 님 꼭 들 으시 어요,,,,,,,,,,,,,,
진짜 좋 은 교수 님 이심,,,,,,,,,,,,,,
영어 1 교수 님 중 제일 좋 은 분 이 ㄹ 듯 .. 한국말 진짜 잘 하 시 고 재미있 으시 ㅁ,,,,,,,,,,,,,,
교수 님 좋 음,,,,,,,,,,,,,,
교수 님 이 친절 하고 유쾌 하 아서 영 알 못 도 부담 없이 수업 을 따라가 ㄹ 수 있 다,,,,,,,,,,,,,,
착하 시 고 또 어떻 ㄹ 때 ㄴ 강단 있 게 행동 하 시 ㅂ니다,,,,,,,,,,,,,,
진짜 소통 하 실리 어 고 노력 하 시 고 좋 습니다,,,,,,,,,,,,,,
복 은 임 교수 님 좋 아요,,,,,,,,,,,,,,
마이클 교수 님 최고 의 교수 님 이 ㅂ니다,,,,,,,,,,,,,,
최대한 알리 어 주 려고 노력 하 는 것 이 보 기 좋 았 으나,,,,,,,,,,,,,,
.. 근데 교수 님 착하 시 고 유머러스 하 시 고 좋 아요,,,,,,,,,,,,,,
그리고 수업 시간 에 발표 하 거나 궁금 하 ㄴ 것 적극적 으로 물어보 면 좋아하 시 고 그날그날 포인트 도 쌓 이 ㅂ니다,,,,,,,,,,,,,,
카렌 성격 좋 고 재미있 고 좋 다,,,,,,,,,,,,,,
쉅 시간 열심히 듣 고 대답 잘하 면 됌 그리고 교수 님 좋 으시 ㄴ 분 이 심,,,,,,,,,,,,,,
수업 시 간 정확히 채우 시 ㅂ니다,,,,,,,,,,,,,,
교수 님 성격 은 엄청 좋 아요,,,,,,,,,,,,,,
선생 님 도 괜찮 으시 ㅁ,,,,,,,,,,,,,,
그냥 천사 이 ㅁ,,,,,,,,,,,,,,
교수 님 께서 매우 탈권 위 적 이 시 고 열린 마인드 로 강의 에 임하 심 뭐 만 하 면 일찍 끝내 주 시 고 숙제 도 거의 없 다,,,,,,,,,,,,,,
"""김 남미 교수 님 이론 수업 처음 에 는 힘들 었 는데 "," 진짜 좋 으시 ㄴ 분임""",,,,,,,,,,,,,,
막 계속 챙겨주 시 고 좋 으 샷 음,,,,,,,,,,,,,,
송현석 교수 님 역시 실험 이론 설명 하 시 ㄹ 때 재미있 습니다,,,,,,,,,,,,,,
이론 최현희 교수 님,,,,,,,,,,,,,,
최현희 교수 님 은 루즈 하 ㄴ 감 이 있 지만 중간 전 까지 ㄴ 되게 많이 반복 설명 하 아 주 시 어서 좋 았 음,,,,,,,,,,,,,,
갓 현희 교수 님,,,,,,,,,,,,,,
김 남미 교수 님,,,,,,,,,,,,,,
실험 은 역시 믿 고 듣 는 갓 현 석 이 ㅁ,,,,,,,,,,,,,,
이재환 교수 님 은 좋 으나 김 남미 교수 님 은 글쎄 ... 깐깐 하고 ... 그냥 제발 다른 교수 님 들 으시 어요,,,,,,,,,,,,,,
교수 님 우선 영어 넘넘 너무 잘 하 시 고 착하 심,,,,,,,,,,,,,,
인생 교수 님 이 ㄴ 이유 는 그냥 이렇게 학생 생각하 아 주 는 교수 님 도 없 어서,,,,,,,,,,,,,,
그냥 이 광진 교수 님 ... 사람 은 좋 으 시 지만 ... 피하 ㄹ 수 있 으면 피해 라 ....,,,,,,,,,,,,,,
질문 답 아도 잘 해주시 고 성격 도 되게 좋 으시 ㄴ 열정 넘치 는 참 교수 시 ㄴ데 숙제 나 프로젝트 내시 고 조건 을 계속 수정 하 시 는 것 는 조금 짜증 나 았 음,,,,,,,,,,,,,,
그거 외 에 는 강의 도 교수 님 도 좋 았 음,,,,,,,,,,,,,,
일단 목소리 가 좋 으시 고 강의 도 개인적 이 ㄴ 기준 으로 는 이 하 아 가 아 잘 되 었 습니다,,,,,,,,,,,,,,
교수 님 진짜 좋 으시 고 친절 하 아요,,,,,,,,,,,,,,
교수 님 이 진심 좋 으시 ㄴ 분 이 ㅂ니다,,,,,,,,,,,,,,
교수 님 께서 친절 하 시 고,,,,,,,,,,,,,,
갓 진규 찬양 합 시 다 헿,,,,,,,,,,,,,,
킹 줄 ㄴ 근 교수 님 이 친절 하 시 고 학생 들 을 위하 고 좋 은 분 이 지만,,,,,,,,,,,,,,
반면 킹 경민 은 킹 줄 ㄴ 근 교수 님 의 친절 하 ㅁ,,,,,,,,,,,,,,
가끔 회사 에 계시 던 시절 이 야기 해주시 는데 은 근 재미있 음,,,,,,,,,,,,,,
그치만 교수 님 은 짱짱 이 ㅁ,,,,,,,,,,,,,,
교수 님 좋 으시 고 따뜻 하 ㅂ니다,,,,,,,,,,,,,,
시험 은 수업 시간 에 잘 듣 고 필기 잘하 시 면 점수 잘 나오 아 요 귀 에 쏙쏙 들어오 게 설명 하 어 주 시 어서 어렵 지 않 았 습니다,,,,,,,,,,,,,,
좋 은 수업 이 었 음,,,,,,,,,,,,,,
초빙 교수 에 다 교수 실 도 없 다고 하 시 었 는데 학교 에서 급하 ㄴ 회의 가 생기 셨 더랍니다,,,,,,,,,,,,,,
사랑하 아 요 교수 님,,,,,,,,,,,,,,
교수 님 이 진짜 착하 시 고 성적 도 잘 주심,,,,,,,,,,,,,,
교수 님 좋 으시 고 학점 도 잘 주 시 어서 짱 이 에요,,,,,,,,,,,,,,
조교 님 들 좋 아서 나 는 완전 좋 았 다,,,,,,,,,,,,,,
여기 까지 는 그냥 화공 과 의 특성 이 라고 하 어 도 1 점 을 줄 ㄴ 것 은 조교 는 돈 받 고 하 는 일 이 ㄴ데 직업의식 이 없 다,,,,,,,,,,,,,,
조교 님 들 훈훈 하 시 고 친절 하 시 었 다,,,,,,,,,,,,,,
"""모든 답지 와 문제 하나하나 에 코멘트 달 아 주 시 고 "," 생각 보다 훨씬 꼼꼼 하 게 채점 하 시 ㅂ니다""",,,,,,,,,,,,,,
갓 소라 교수 님,,,,,,,,,,,,,,
학점 을 다 떠나 서 의미 있 었 던 수업 교수 님 이 귀 에 쏙쏙 들어오 도록 잘 설명 하 아 주 시 ㅁ,,,,,,,,,,,,,,
학점 도 잘 주 시 어서 좋 은 강의 이 었 습니다,,,,,,,,,,,,,,
진짜 교수 님 도 잚  교수 님 이 라서 좋 고 수업 내용 이 탄탄 하고 풍부 하 ㅁ,,,,,,,,,,,,,,
여성학 관심 있 으시 ㄴ 분 들 은 그냥 들 으시 어요,,,,,,,,,,,,,,
전 완 저 는 좋 았 어요,,,,,,,,,,,,,,
킹 갓 석 숙제 는 적 음,,,,,,,,,,,,,,
교수 님 목소리 도 잘 들리 고 알 기 쉽 게 설명 하 아 주 시 어서 좋 고요,,,,,,,,,,,,,,
외치 어 갓 전 석 교수 님 수업 자체 를 흥미 롭 게 이 끌 것 이 해주시 고 시험 도 어렵 지 않 음,,,,,,,,,,,,,,
"""갓 석 숙제 "," 조 별 모임 1 도 없 구 오직 시험 두 번 으로 평가 하 시 ㅁ""",,,,,,,,,,,,,,
그래도 성적 은 하 는 만큼 주 시 는 분 이 시 어서 열심히 하 면 점수 가 나오 ㅁ,,,,,,,,,,,,,,
"""타 과목 이 었 으면 C "," D 를 받 았 겠 지만 갓 남용 께서 는""",,,,,,,,,,,,,,
여태껏 많 은 컴 학인 들 이 외치 어 오 았 던 갓 남용 이 라는 이름 은 이미 사라지 었 다,,,,,,,,,,,,,,
진짜 참 교육 자 라고 생각 하 시 는 분 이 전달 하 는 논증 과 철학 이야기 가 담기 어 있 습니다,,,,,,,,,,,,,,
주 ㅁ 수업 진행 하 시 고 매우 친절 하 시 ㅁ,,,,,,,,,,,,,,
진짜 갓 영식 교수 님 .. 저 가 생각하 ㄴ 이상적 이 ㄴ 대학 강의 이 에요,,,,,,,,,,,,,,
들 어 요 교수 님 일단 세상 천사 시 고 예쁘 시 고 아름 다우 시 고 착하 시 고 다 하 ㅁ,,,,,,,,,,,,,,
교수 님 이 일단 프리 하 시 어서 개 좋 음,,,,,,,,,,,,,,
근데 교수 님 착하 시 고 수업 빨리 끝내 주 어서 참 을 수 있 음,,,,,,,,,,,,,,
이만 하 게 챙겨주 시 고 착실 하 ㄴ 교수 님 없 어요,,,,,,,,,,,,,,
조교 님 이 따로 스캠  공지 도 하 아 주 시 었 고요,,,,,,,,,,,,,,
갓 호 지 ㄴ 님 께 충성,,,,,,,,,,,,,,
화석 이 ㄴ데 교수 님 이 옛날 보다 좋 은 방향 으로 변화 하 ㅁ,,,,,,,,,,,,,,
갓 달 원 당신 은 춘천 막국수 에 넣 으려다 말 ㄴ 무채 ...,,,,,,,,,,,,,,
갓 교수 님,,,,,,,,,,,,,,
교수 님 은 매우 대단 하 시 ㄴ 분임,,,,,,,,,,,,,,
교수 님 이 설명도 아주 잘 해주시 고 학점 도 잘 주 시 었 습니다,,,,,,,,,,,,,,
교수 님 은 열정적 이 고 좋 으시 었 습니다,,,,,,,,,,,,,,
교수 님 이 좋 은 분 이 라 3 점 줌,,,,,,,,,,,,,,
학점 잘 주 어서 갓 교수 로 임명,,,,,,,,,,,,,,
개인적 으로 교수 답 은 교수 님 이 라 생각 하 ㅂ니다,,,,,,,,,,,,,,
"""보 시 ㄹ 테 니 확실히 말 하 자면 "," 곽 신 환 교수 님 지금 도 수업 잘 하 고 계시 ㅂ니다 잘리 었 다는 것 다 헛 소문 인자 하 시 고 좋 은 분 이 에 요""",,,,,,,,,,,,,,
갓 성희 교수 님 무조건 추천,,,,,,,,,,,,,,
교수 님 품성 이나 강의 력 이나 흠 잡 을 데 가 없 음,,,,,,,,,,,,,,
새로 온 교수 님 이 ㄴ지 열정 가득 하 시 고 강의 도 좋 습니다,,,,,,,,,,,,,,
아래 아래 댓글 .. 아무리 그래도 OS 만 몇 십 년 하 시 ㄴ 분 이 고 현재 도 ACM 에서 활동 중 이 ㄴ 분 이 시 ㄴ데 아무리 그래도 당신 보다 못 아 시 ㄹ까요,,,,,,,,,,,,,,
역시 갓 찬호 남 는 것 이 많 은 수업,,,,,,,,,,,,,,
학생 들 이 교수 님 애 게 갖 는 호 와 불 호가 명확 하 ㄴ 교수 님 저 는 괜찮 았 습니다,,,,,,,,,,,,,,
그리고 무엇 보다 교수 님 이 귀 여우 심 ... 안경 머리 에 걸치 고 수업 하 시 는 경우 가 많 은데 완전 귀 여우 시 어요,,,,,,,,,,,,,,
교수 님 자체 는 학생 들 많이 배려 하 아 주 시 고 피드백 도 빠르 시 ㄴ 좋 은 분,,,,,,,,,,,,,,
교수 님 성격 이 진짜 좋 으시 ㅁ,,,,,,,,,,,,,,
수업 에 는 악감정 이 많 지만 교수 님 은 좋 으시 ㄴ 분 같 고 정확 하 시 ㄴ 만큼 상냥 하 시 ㅂ니다,,,,,,,,,,,,,,
중국어 입문 이 라 궁금 하 ㄴ 것 투성 이인 데 도 질문 하나하나 다 받 아 주심,,,,,,,,,,,,,,
갓 기백 은 사랑 이 ㅂ니다,,,,,,,,,,,,,,
교 슈 님 ... 허공 보 시 는데 ... 귀 야우 심 ... 공부 오 지 게 못하 았 는 데 에 저 의 학점 지켜 주심 ... 사랑하 아 오 ..,,,,,,,,,,,,,,
"""그저 빛 ", , 수업 자료 도 깔끔 하 아서 따로 필기 하 ㄹ 필요 가 없 었 던 , ," 그냥 그냥 그저 빛 이 ㅂ니다""",,,,,,,,,,,,,,
진짜 감사 하 ㄴ 교수 님,,,,,,,,,,,,,,
그냥 교수 님 이 좋 은 분임,,,,,,,,,,,,,,
..... 진짜 최고 중 최고 ..... 10 명 중 10 명 이 만족 하 는 수업 진짜 최고 다,,,,,,,,,,,,,,
교수 님 말투 도 귀 여우 시 고 학점 도 잘 주 시 어요,,,,,,,,,,,,,,
갓 태욱 빛 태욱 진짜 전설 그 자체 이 시 ㄴ 분,,,,,,,,,,,,,,
좋 았 어요 그저 빛,,,,,,,,,,,,,,
학점 느 님 갓 태욱 거의 80 A + 받 은 것 같 아요,,,,,,,,,,,,,,
뭐 라고요 갓 태욱 이 라고요,,,,,,,,,,,,,,
맞 습니다 태욱 교수 님 은 갓,,,,,,,,,,,,,,
그냥 학점 느 님 그 자체 ... 갓 태욱 교수 님 사랑 하 ㅂ니다,,,,,,,,,,,,,,
교수 님 마저 좋 으시 다,,,,,,,,,,,,,,
갓 진일 감사 하 ㅂ니다,,,,,,,,,,,,,,
질문 하 면 잘 알리 어 주심 그냥 모든 것 이 최고 신 갓 태욱 교수 님,,,,,,,,,,,,,,
.. 교수 님 죄송 하 ㅂ니다,,,,,,,,,,,,,,
교수 님 은 저엉 말 좋 으시 다,,,,,,,,,,,,,,
갓 태욱 ... 밝 고 활기차 ㄴ 수업 진행 해주시 고 교수 님 좋 으시 ㅁ,,,,,,,,,,,,,,
이해 하 기 쉽 게 가르치 어 주심 그리고 진도 빠듯 하 ㄴ 것 아니 면 5 분 정도 일찍 마치 어 주 시 고 모르 는 것 질문 하 아도 친절 하 게 답변 하 어 주 시 어 욤 결론 은 교수 님 최고 이 ㅂ니다,,,,,,,,,,,,,,
"""일단 굉장히 잘 가르치 시 고 "," 인성 킹 가 아""",,,,,,,,,,,,,,
"""교수 님 은 좋 으시 ㄴ데 "," 진도 를 잘 못 맞추 시 어서 어렵 었 음""",,,,,,,,,,,,,,
김 기백 교수 님 은 천재형 본인 이 머리 가 좋 다면 잘 맞 을 것 같 다,,,,,,,,,,,,,,
숙제 두 번 에 출석 도 전반부 에 ㄴ 잘 안부 세 다가 얘기 가 들어오 았 는지 후반부 에 ㄴ 거의 부르 심 증명 은 진짜 많이 하 어 주 심 재수강 이 었 는데 처음 에 들 었 을 때 랑 문제 유형 이 많이 다르 았 음,,,,,,,,,,,,,,
직접 증명 도 다 해주시 고 예제 문제 위주 로 문제 풀이 만 하 어 주 는 날 도 있 어서,,,,,,,,,,,,,,
갓 영 탁 빨리 마치 어 주 시 고 시험 도 적당 하고 숙제 도 별로 없 고 짱,,,,,,,,,,,,,,
학생 들 에 대하 ㄴ 예 의 도 있 으시 어서 좋 으시 ㄴ데,,,,,,,,,,,,,,
그냥 착하 ㅁ,,,,,,,,,,,,,,
저 에게 ㄴ 인생 교수 님 이 었 습니다,,,,,,,,,,,,,,
갓 사 라 인 데 는 이유 가 있 다,,,,,,,,,,,,,,
숭실대 띵 강의 띵 교수 갓 버트,,,,,,,,,,,,,,
"""교수 님 도 착하 시 고 "," 성적 은 진짜 + 로 채우 어 주 ㄴ다""",,,,,,,,,,,,,,
교수 님 좋 은 수업 감사 하 았 습니다,,,,,,,,,,,,,,
중문과 교수 님 중 그저 빛 .. 그냥 원탑 이 ㄴ 듯,,,,,,,,,,,,,,
교수 님 착하 시 고 수업 도 차근차근 잘 알리 어 주 시 어서 좋 았 습니다,,,,,,,,,,,,,,
교수 님 좋 으시 ㄴ 분 이 ㅂ니다,,,,,,,,,,,,,,
성격 도 좋 으시 ㅁ,,,,,,,,,,,,,,
갓 승 이 ㄹ 말 이 필요 없 음,,,,,,,,,,,,,,
진짜 짱 이 었 어요,,,,,,,,,,,,,,
학생 참여 유도 하 시 고 좋 은 교수 님 이 시 어요,,,,,,,,,,,,,,
교수 님 목소리 도 되게 좋 고 발음 도 되게 좋 은 것 같 아요,,,,,,,,,,,,,,
교수 님 강의 력 은 떨어지 시 지만 학생 들 엄청 신경 써 주심,,,,,,,,,,,,,,
교수 님 이 꼼꼼 하 시 고 잘 가르치 시 ㅂ니다,,,,,,,,,,,,,,
"""진짜 교수 님 꼼꼼 "," 깐깐 하 시 ㅁ""",,,,,,,,,,,,,,
젊 으시 ㄴ 교수 님 이 라 그렇 ㄴ지 학생 들 잘 챙겨주 고 재미있 으시 ㅁ,,,,,,,,,,,,,,
교수 님 이 열정적 이 시 ㅂ니다,,,,,,,,,,,,,,
진짜 수업 진짜 잘 하 시 고 학생 배려 가 넘치 심 ..,,,,,,,,,,,,,,
문제 질 은 좋 은 편 이 ㄴ 것 같 다,,,,,,,,,,,,,,
진짜 학점 은 잘 주 는 데 여자 를 편애 하 ㅁ,,,,,,,,,,,,,,
강의 를 듣 을 수 있 다면 듣 는 것 이 좋 습니다,,,,,,,,,,,,,,
학생 들 의 편의 를 잘 봐주 시 고 ... 감사 하 았 습니다,,,,,,,,,,,,,,
쉽 게 가르치 어 주 시 고 학교 03 선배 라서 젊 고 배려 도 많이 하 아 주 ㄴ 다 알 ㄴ 들 으면 손해,,,,,,,,,,,,,,
갓 응 기 ㄹ 말 이 필요 없 음,,,,,,,,,,,,,,
리얼 갓 교수 .....,,,,,,,,,,,,,,
다 들 종강 전이 든 후 든 갓 청 심 을 외치 ㅂ니다,,,,,,,,,,,,,,
갓 광진교 수 님 플밍포기자  하 ㄹ 수 있 었 습니다,,,,,,,,,,,,,,
교수 님 좋 음,,,,,,,,,,,,,,
교수 님 너무 착하 아 요,,,,,,,,,,,,,,
조교 님 도 틀리 ㄴ 것 보 고 수정 잘 해주시 니 모르 는 것 이 있 거나 속도 못 따라가 서 놓치 었 을 때 ㄴ 적극적 으로 조교 님 을 부르 자,,,,,,,,,,,,,,
갓 근 호 ,,,,,,,,,,,,,,
교수 님 이 착하 고 훌륭 하 다,,,,,,,,,,,,,,
진짜 천천히 잘 가르치 는데 진짜 천천히 천천 쓰 플젝 은 미리 나오 는 대로 바로바로 하 자,,,,,,,,,,,,,,
그래도 교수 님 강의 또 듣 고 싶 어요,,,,,,,,,,,,,,
진짜 엄청 잘 가르치 어 주 시 고 꼼꼼 하고 하 ㄴ 학기 동안 에 자바 를 이렇게 나 꼼꼼히 잘 배우 었 다니 말 이 안 되 고 너무 감사 하고 교수 님 인간적 으로 도 좋 으시 어요,,,,,,,,,,,,,,
진짜 갓 지 웅 지금 까지 보 ㄴ 교수 님 들 중 최고 에 요,,,,,,,,,,,,,,
갓 지 웅,,,,,,,,,,,,,,
교수 님 도 설명 상세히 하 아 주 시 어서 좋 다,,,,,,,,,,,,,,
... 킹 가 아 제너럴 교수 님,,,,,,,,,,,,,,
교수 님 참 젊 으시 고 마인드 가 잘 가르치 시 ㄴ다,,,,,,,,,,,,,,
근데 진짜 학생 들 이 모르 ㄹ 것 같 은 부분 을 다 하나하나 알리 어 주 시 는 모습 이 매우 좋 았 음,,,,,,,,,,,,,,
조교 님 도 열심히 하 시 고 다 좋 다,,,,,,,,,,,,,,
열정 있 게 가르치 어 주 려고 하 시 는 몇 안 되 는 저 의 기준 교수 님 중 한 분,,,,,,,,,,,,,,
교수 님 엄청 자세 하 게 잘 알리 어 주 시 는데 자바 를 예습 하고 가 ㄴ다면 자신 의 실력 에 날개 를 달 아주 시 ㄹ 것 이 ㅂ니다,,,,,,,,,,,,,,
교수 님 의 열정 에 매번 감탄 하 ㄴ다,,,,,,,,,,,,,,
외치 어 갓 익 수 교수 님,,,,,,,,,,,,,,
역시 익 수,,,,,,,,,,,,,,
갓 익 수 .. 처음 에 ㄴ 무섭 으시 었 지만 귀엽 고 따뜻 하 시 ㄴ 교수 님,,,,,,,,,,,,,,
좋 으시 ㄴ 교수 님 이 고 수업 도 잘 하 시 어요,,,,,,,,,,,,,,
킹 가 아 엠 폐 러 제너럴 충무공 마제 티 익 수,,,,,,,,,,,,,,
킹 갓 익 수 찬양,,,,,,,,,,,,,,
"""그냥 갓 익 수 킹 익 수 모든 컴퓨터 교수 님 이 익 수 쌤 만 같 아라 ", ,"""",,,,,,,,,,,,,,
킹 익 수 교수 님 진짜 사랑 하 ㅂ니다,,,,,,,,,,,,,,
우선 교수 님  최고,,,,,,,,,,,,,,
"""교수 님 친절 하고 좋 으시 ㄴ데 "," 수업 겁나 못하 ㅁ""",,,,,,,,,,,,,,
열심히 하 았 다 생각하 았 는데 실습 비율 이 은 근 크 어서 학점 은 아쉽 었 지만 ... 교수 님 은 아재 개그 좋아하 시 는 우리 아버지 친구 같 고 귀 여우 심,,,,,,,,,,,,,,
교수 님 은 착하 시 어서 학생 편의 보 아 주 시 어요,,,,,,,,,,,,,,
교수 님 성적 꽉 꽉 채우 어 주 시 ㄴ 듯 그저 빛 ...,,,,,,,,,,,,,,
교수 님 은 착하 심 나 가 수업 을 못 따라가 는 것 뿐,,,,,,,,,,,,,,
진짜 로 4 년 내내 수업 듣 고 싶 은 교수 님 친절 하 게 설명 해주시 고 문의 하 면 바로 답장 하 아 주 시 어서 편하 게 수업 듣 었 음,,,,,,,,,,,,,,
..... 진짜 최고 중 최고 ..... 10 명 중 10 명 이 만족 하 는 수업 진짜 최고 다,,,,,,,,,,,,,,
교수 님 말투 도 귀 여우 시 고 학점 도 잘 주 시 어요,,,,,,,,,,,,,,
갓 태욱 빛 태욱 진짜 전설 그 자체 이 시 ㄴ 분,,,,,,,,,,,,,,
양태욱 교수 님 은 최고 시 ㅂ니다,,,,,,,,,,,,,,
맞 습니다 태욱 교수 님 은 갓,,,,,,,,,,,,,,
그냥 학점 느 님 그 자체 ... 갓 태욱 교수 님 사랑 하 ㅂ니다,,,,,,,,,,,,,,
.. 그저 빛 .. 궁금 하 ㄴ 것 이 있 어서 찾아가 았 는데 착하 시 었 어요,,,,,,,,,,,,,,
하 ㄴ 학기 동안 좋 았 어요,,,,,,,,,,,,,,
교수 님 께서 학생 들 의견 잘 반영해 주 시 고 배려 하 아 주 시 어서 감사 하 았 어요,,,,,,,,,,,,,,
갓 경석 마음 이 따뜻 하 아 지 ㅂ니다,,,,,,,,,,,,,,
진짜 감사 하 ㅂ니다,,,,,,,,,,,,,,
... 무조건 한경석 교수 님 들 으시 어요,,,,,,,,,,,,,,
혹시 다른 교수 님 과 고민하 있 다면 무조건 한경석 교수 님 추천 하 ㅁ,,,,,,,,,,,,,,
교수 님 의 커리어 에 대하 아서 말씀 하 시 거나 우리 청년 의 미래 에 대하 ㄴ 가르침 을 주시 느라 진도 는 턱없이 느 립 ㅂ니다,,,,,,,,,,,,,,
그냥 김 광 용 교수 님 사랑하 아 요,,,,,,,,,,,,,,
"""", ," 교수 님 은 열정적 으로 강의 하 시 고 좋 으시 ㅁ""",,,,,,,,,,,,,,
본인 을 선생 님 이 라 칭하 면서 친근 하 ㄴ 척 다가가 려 하지만 권위 를 중요시 하 시 는 분임,,,,,,,,,,,,,,
그래도 교수 님 이 설명 다,,,,,,,,,,,,,,
밑 에 분 들 은 그냥 학점 제대로 못 받 으시 ㄴ 분 들 ... 전 수업 도 좋 았 고 교수 님 학점 도 잘 주 시 었 어요,,,,,,,,,,,,,,
교수 님 인자 하 시 고 좋 습니다,,,,,,,,,,,,,,
글 미 갓 쿡 영 가 아 줄 ㄴ 성 교수 님 이 시 다,,,,,,,,,,,,,,
갓 줄 ㄴ 성 교수 님 이 계시 ㄴ다면 다른 강의 다 버리 고 갓 줄 ㄴ 성 교수 님 수업 들 으시 어요,,,,,,,,,,,,,,
외치 어 갓 줄 ㄴ 성,,,,,,,,,,,,,,
성실 하 ㄴ 교수 님,,,,,,,,,,,,,,
교수 님 의 강의 력 은 대단 하 ㄴ 것 같 습니다,,,,,,,,,,,,,,
갓 더 지니어스 킹 반도체 잘 알 문성,,,,,,,,,,,,,,
교수 님 이 우리 과 교수 님 이 시 어서 다행 이 ㅂ니다,,,,,,,,,,,,,,
최악 중 최악 교수 ..... 시험 완전 논술 주관 평가 강하 고 .... 그냥 자 기 논리 맞 아야 하 고 자 ㄹ 주 었 다고 만 말 하 지 진짜 최악 이 ㅁ,,,,,,,,,,,,,,
최악 중 최악 교수 ..... 시험 완전 논술 주관 평가 강하 고 .... 그냥 자 기 논리 맞 아야 하 고 자 ㄹ 주 었 다고 만 말 하 지 진짜 최악 이 ㅁ,,,,,,,,,,,,,,
꼼꼼 하 시 ㄴ 분 이 라 개인적 으로 찾아가 면 친절 하 게 다 알리 어 주 너 가,,,,,,,,,,,,,,
어느 실험 이 던 마찬가지 겠 지만 조교 님 이 중요 하 ㄴ데 조교 님 이 참 좋 으시 ㄴ 분 이 시 어요,,,,,,,,,,,,,,
교수 님 이 천 사이 심,,,,,,,,,,,,,,
그것 ㄴ 좋 음,,,,,,,,,,,,,,
... 짱 ... 갓 용범 ... 어 쩔 수 없이 시국 때문 에 주 ㅁ,,,,,,,,,,,,,,
조 별 활동 도 재미있 고 갓 용범 다시 외치 ㅂ니다,,,,,,,,,,,,,,
교수 님 께서 넘치 는 열정 으로 지도 하 아 주 시 ㅂ니다,,,,,,,,,,,,,,
교수 님 이 성격 이 좋 으시 고 성적 도 잘 주 시 ㅂ니다,,,,,,,,,,,,,,
그냥 최고 이 ㅁ,,,,,,,,,,,,,,
일단 교수 님 은 좋 아요,,,,,,,,,,,,,,
여태껏 수강 받 았 던 교수 님 들 중 에 가장 열정 이 뛰어나 심,,,,,,,,,,,,,,
수능 물리 에 배기범 이 있 다면 숭실대 에 는 킹 원 익 이 있 다,,,,,,,,,,,,,,
교수 님 진짜 좋 으시 ㄴ 분 이 시 고 잘 가르치 어 주시 니까 꼭 들 으시 어요,,,,,,,,,,,,,,
진짜 거르 자 ..,,,,,,,,,,,,,,
.. 진심 천사 ....,,,,,,,,,,,,,,
최고 의 교수 님,,,,,,,,,,,,,,
킹 익 수 플로 러 짱,,,,,,,,,,,,,,
갓 익 수 ... 그 는 강태공 ... 코드 는 세심히 오목조목 살피 시 어야 하 ㅂ니다,,,,,,,,,,,,,,
그냥 보통 의 대학 수업 .. 졸리 고 잘 못 가르치 시 지만 교수 님 이 착하 심,,,,,,,,,,,,,,
교수 입장 에서 만 그르치 ㅁ,,,,,,,,,,,,,,
정외과 라면 혹은 정 외과 가 아니 라도 대학생 이 라면 듣 어 보 아야 하 하 는 갓 정철 강의,,,,,,,,,,,,,,
갓 교수 님 이 ㅂ니다,,,,,,,,,,,,,,
계절학기 로 듣 었 는데 교수 님 도 너무 좋 으시 고 학생 들 이 잘 모르 ㄴ다는 것 알 시 고 천천히 잘 알리 어 주심,,,,,,,,,,,,,,
교수 님 좋 아요,,,,,,,,,,,,,,
교수 님 이 굉장히 친절 하 시 고 적극적 이 시 ㅂ니다,,,,,,,,,,,,,,
일단 성적 느 님 이 라고 하 ㄴ 이유 는 꽉 채우 어 주심,,,,,,,,,,,,,,
문제 는 교수 님 이 다 짚 어 주 시 ㄴ다,,,,,,,,,,,,,,
교수 님 도 좋 으시 ㄴ 분 이 고 쉬 는 시간 없 는 대신 일찍 끝나 서 매우 좋 았 음,,,,,,,,,,,,,,
#NAME?,,,,,,,,,,,,,,
교수 님 은 참 좋 으시 ㄴ 분 같 습니다,,,,,,,,,,,,,,
교수 님 좋 으시 고 수업 내용 도 괜찮 았 어요,,,,,,,,,,,,,,
무조건 교수 님 은 수업 은 아주 만족 하 ㅂ니다,,,,,,,,,,,,,,
학점 도 비율 다 채우 어 주 시 고 교수 님 자체 도 너무 친절 하고 좋 으시 어요,,,,,,,,,,,,,,
그렇지만 교수 님 자체 는 성격 착하 시 고 모르 는 거나 궁금 하 ㄴ 것 있 으면 친절 하 게 잘 알리 어 주 시 는 것 이 보이 ㅁ,,,,,,,,,,,,,,
노트북 으로 교수 님 하 시 는 말씀 다 적 는 것 이 나 은 것 같 음,,,,,,,,,,,,,,
교수 님 과 조교 님 모두 좋 으시 ㄴ 분 들 이 ㅂ니다,,,,,,,,,,,,,,
교수 님 목소리 를 못 알 아 들 음,,,,,,,,,,,,,,
그리고 숙제 없 는 것 이 좋 음,,,,,,,,,,,,,,
교수 님 이 답답 하 다고 하 는 분 들 많 은데 나 는 교수 님 그냥 옆집 아주머니 같 고 좋 았 음,,,,,,,,,,,,,,
교수 님 재미있 으시 고 웃기 시 어서 좋 았 음,,,,,,,,,,,,,,
어쨌든 최고 이 ㅁ,,,,,,,,,,,,,,
구미 정 교수 님 학생 들 말 도 잘 들어주 시 고 착하 심,,,,,,,,,,,,,,
.. 후 ... 그래도 교수 님 자체 는 좋 은 분 같 아서 3 점 드림,,,,,,,,,,,,,,
교수 님 도 좋 으시 ㄴ 분 이 었 고 .. 그리고 팀 프로젝트 하 지 말 으시 어요,,,,,,,,,,,,,,
이 과목 은 생소 하 아서 교수 님 이 헤매 시 기 는 하 았 는데 시험 도 쉽 고 학점 잘 주심 이 교수 님 상무 로 ㄴ 추천 하 ㅁ,,,,,,,,,,,,,,
특히 나 교수 님 의 경험담 듣 다,,,,,,,,,,,,,,
갓 인섭 .... 학교 다니 면서 이런 강의 를 듣 을 수 있 었 다니 ... 행복 하 ㅂ니다,,,,,,,,,,,,,,
교수 님 께서 학생 의 편 에서 생각하 아 주 시 려고 노력 하 아 주 시 ㅂ니다,,,,,,,,,,,,,,
선생 님 도 학생 최대한 배려 하 아 주 시 는 스타일 이 라,,,,,,,,,,,,,,
진짜 완전 친절 하 시 ㄴ 교과서,,,,,,,,,,,,,,
전임 서 어 교수 보다 천사 이 ㅁ,,,,,,,,,,,,,,
교수 님 되게 좋 으시 고 젠 틀 하고 위트 있 으시 ㅂ니다,,,,,,,,,,,,,,
교수 님 께서 착하 시 고 학생 들 이야기 를 잘 들어주 시 기 는 하 ㅂ니다,,,,,,,,,,,,,,
교수 님 은 진짜 예쁘 심 근데 그것 이 다 이 ㅁ,,,,,,,,,,,,,,
학문 과 학생 둘 다 에 애정 이 듬뿍 넘치 시 ㄴ다,,,,,,,,,,,,,,
갓 종 후 .... 무조건 들 으시 어요,,,,,,,,,,,,,,
교수 님 은 착하 고 질문 도 잘 받 아 주 시 어요,,,,,,,,,,,,,,
이야 .... 이 교수 님 은 천사 에 요,,,,,,,,,,,,,,
수업 도 잘 가르치 어 주 시 고 성격 도 좋 으시 어요,,,,,,,,,,,,,,
갓 연 욱 천사 같이 설명 하 아 주 시 고 학생 들 이 헷갈리 ㄹ 부분 집어 주 시 ㄴ다,,,,,,,,,,,,,,
하지만 교수 님 성격 이 좋 으시 고 열심히 가르치 어 주 시 ㅂ니다,,,,,,,,,,,,,,
갓 영 ..,,,,,,,,,,,,,,
디자인 로 ㄴ 역시 갓 림콕 영입 ㅂ니다,,,,,,,,,,,,,,
외치 어 갓 줄 ㄴ 상 ..... 글 미분 들 꼬오 오오오 옥 이 교수 님 수업 잡 으시 어요,,,,,,,,,,,,,,
진짜 교수 님 착하 시 고 진짜 강의 완전 추천,,,,,,,,,,,,,,
다 들 꿀 빠 려고 인정 교수 님 껄 수강 하 려 하지만 나 는 신종천 교수 님 도 좋 았 다,,,,,,,,,,,,,,
교수 님 은 착하 고 알 는 것 이 많 으시 ㄴ데 시험 방식 과 채점 방식 에 의문 이 들 는 수업,,,,,,,,,,,,,,
 엄청 좋 으시 어서 귀 에 잘 들어오 ㅂ니다,,,,,,,,,,,,,,
처음 뵙 는데 교수 님 이 매우 좋 았 음,,,,,,,,,,,,,,
""" ", 전달력 , 수업 내용 ," 열정 그 모든 것 이 완벽 하 시 ㄴ 교수 님""",,,,,,,,,,,,,,
진도 를 다 못 나가 고 종강 하 면 그것 으로 그만 이 ㄴ 교수 님 들 이 대다수 지만 우리 송주현 교 슈 님 은 보충 강의 를 올리 어 주 시 ㅂ니다,,,,,,,,,,,,,,
교수 님 은 좋 지만 숙제 가 계속 있 고 시험 도 약간 종잡 을 수 없 게 나오 ㅂ니다,,,,,,,,,,,,,,
교수 님 께서 차근차근 설명 하 아 주 시 ㅂ니다,,,,,,,,,,,,,,
킹 익 수 분명히 중간 망하 아서 울먹이 며 숙제 혼자 꾸역꾸역 하 았 는데 익 수 가 라사 데 이번 학기 는 엄격히 카피 본통 저 의 하 ㄹ 갓 이 니 모든 복제자 는 나락 으로 떨어지 어 결국 양심 만 이 살아남 아 시험 못 보 았 는데 도 학점 잘나 오 ㅁ,,,,,,,,,,,,,,
익 수 님 은 언제나 최고 이 ㅂ니다,,,,,,,,,,,,,,
결론 은 김익수 교수 님 사랑 하 ㅂ니다,,,,,,,,,,,,,,
"""익수 님 ", , ," ... 가끔 깨알 개그 웃 김 개 귀엽""",,,,,,,,,,,,,,
킹 익 수 ... 그저 빛,,,,,,,,,,,,,,
갓 까지 ㄴ 아니 지만 재미있 고 유익 하 ㅂ니다,,,,,,,,,,,,,,
수업 과 교수 님 은 좋 은신 듯 하 다,,,,,,,,,,,,,,
학점 도 잘 주 시 고 최고 이 ㅂ니다,,,,,,,,,,,,,,
하지만 좋 으시 ㄴ 분임 되게 유하 시 고 .. 쿨 내 진동 .. 착하 시 고 .. 질문 도 다 답 하 아 주 시 고 ....,,,,,,,,,,,,,,
와 ... 진짜 갓 용태 ... 성적 진짜 잘 주 ㅁ,,,,,,,,,,,,,,
확실 하 ㄴ 것 은 교수 님 자체 는 착하 고 가르치 는데 열정적 라는 것 이 ㅂ니다,,,,,,,,,,,,,,
출석 도 10 분 까지 는 인정 하 아 주 시 ㅁ,,,,,,,,,,,,,,
교수 님 의 줌 사랑 ....,,,,,,,,,,,,,,
갓 창 묵 교수 님 덕분 에 잘 배우 었 습니다,,,,,,,,,,,,,,
갓 창 묵 교수 님 이 직접 다시 는 자기 가 안 하 ㄹ 것 같 다고 하 아서 더 아쉽 ㄹ 수 있 는 수업,,,,,,,,,,,,,,
팀 프로젝트 의 정석 손재 동 교수 님,,,,,,,,,,,,,,
교수 님 꼼꼼 하 가르 처 주시 고 좋 아요,,,,,,,,,,,,,,
다 필요 없 고 국법 은 에릭 교수 님 이 최고 다 사랑하 아 요,,,,,,,,,,,,,,
진짜 수업 도 체계적 이 고 그냥 좋 아요,,,,,,,,,,,,,,
학점 진짜 후하 게 주시 니까 ㄴ 그냥 찬양 하 시 어요,,,,,,,,,,,,,,
갓 에릭 교수 님,,,,,,,,,,,,,,
자세 하 ㄴ 정보 는 밑 댓 들 참 고 바람,,,,,,,,,,,,,,
음 .. 교수 님 은 좋 으시 ㄴ 분 이 ㅂ니다,,,,,,,,,,,,,,
학점 느 님,,,,,,,,,,,,,,
조교 님 들 이 훨씬 젊 고 보 기 좋 습니다,,,,,,,,,,,,,,
초임 교수 님 이 라 그렇 ㄴ지 학생 들 한테 애정 이 있 어 보이 었 고 교수 님 자체 는 친절 하고 따뜻하 ㄴ 분 같 았 습니다,,,,,,,,,,,,,,
교수 님 은 착하 시 ㄴ 것 같 다,,,,,,,,,,,,,,
교수 님 진짜 좋 습니다,,,,,,,,,,,,,,
교수 님 진짜 좋 으시 고 다 들 잘 따라오 게 돕 아 주 시 ㅂ니다,,,,,,,,,,,,,,
윤 재 하 ㄴ 교수 님 좋 으시 어요,,,,,,,,,,,,,,
그리고 팀 프로젝트 도 없 으니 좋 습니다,,,,,,,,,,,,,,
윤 재 하 ㄴ 교수 님 은 항상 정석 의 교수 님 처럼 수업 하 시 ㄴ다,,,,,,,,,,,,,,
교수 님 이 좋 았 어요,,,,,,,,,,,,,,
"""교수 님 싫어하 는 분 들 도 많 은데 "," 저 는 좋 았 어요""",,,,,,,,,,,,,,
근데 간식 은 좋 음,,,,,,,,,,,,,,
강의 딜리 버리 는 안 좋 아도 이 분만 하 ㄴ 천사 교수 님 숭실대 에 없 다고 확신 하 ㅂ니다,,,,,,,,,,,,,,
교수 님 은 사람 이 좋 으시 고 똑똑 하 시 고 열심히 하 시 는데 ... 강의 력 은 최악 이 ㅂ니다,,,,,,,,,,,,,,
일단 교수 님 이 좋 으시 ㄴ 분 이 ㅂ니다,,,,,,,,,,,,,,
하디 형 성격 짱 좋 음,,,,,,,,,,,,,,
교수 님 이 재미있 게 수업 하 시 고 좋 으시 ㄴ 분 이 ㅂ니다,,,,,,,,,,,,,,
갓 하디 .... 쨩 착하 고 쨩 좋 음,,,,,,,,,,,,,,
갓 스캇 쌤 1 학기 2 학기 둘 다 좋 은 쌤 만나 서 다행,,,,,,,,,,,,,,
앞 분 이 말씀 하셨 듯 사라 는 사랑 이 ㅂ니다,,,,,,,,,,,,,,
착하 ㅁ 착 힘 칙 하 ㅁ,,,,,,,,,,,,,,
짱짱 캡 짱 완조  짱 교수 님 짱 성의 있 는 답변,,,,,,,,,,,,,,
성격 도 좋 고 그냥 천사 에 요,,,,,,,,,,,,,,
진짜 더 갓 제너럴 엠 퍼렇 ㄹ SARAH .. 나 의 생애 처음 이 자 마지막 이상적 이 ㄴ 대학 교수 이 ㄹ 듯 싶 다,,,,,,,,,,,,,,
"""갓 갓 교수 님 그 자체 "," 나 의 또 언제 이런 분 을 만날 수 있 을지""",,,,,,,,,,,,,,
갓 프린스 믿 어요,,,,,,,,,,,,,,
교수 님 사랑 하 ㅂ니다,,,,,,,,,,,,,,
짝짝짝 우선 교수 님 의 수업 은 유쾌 하고 재미있 어요,,,,,,,,,,,,,,
갓 스콧 은 인정,,,,,,,,,,,,,,
갓 스캇,,,,,,,,,,,,,,
"""갓 스콧 ", , , ," 저 의 인생 교수 님 이 에요""",,,,,,,,,,,,,,
교수 님 학점 잘 주 시 ㄴ다,,,,,,,,,,,,,,
대만 계 캐나다인 그 사람 은 진짜 극 혐  이 분 은 완전 다르 다,,,,,,,,,,,,,,
외치 어 갓 마크 1 학년 영어 수업 을 마크 교수 님 과 만 하 았었 는데 진짜 행복 하 았 고 즐겁 었 음,,,,,,,,,,,,,,
교수 님 진짜 좋 으시 어 요 매수 업 일찍 끝내 주 시 고 학생 들 과 같이 소통 하고 친 해지 면 장난 도치 시 더라구요,,,,,,,,,,,,,,
그레그 최고 저 가 보 ㄴ 교수 님 들 중 가장 재미있 고 멋지 ㄴ 분 이 시 었 습니다,,,,,,,,,,,,,,
그냥 최고,,,,,,,,,,,,,,
성격 도 최고,,,,,,,,,,,,,,
교수 님 그냥 사랑 하 ㅂ니다,,,,,,,,,,,,,,
많 은 강의 평 을 보 아서 알 겠 지만 로비 별명 교수 님 은 사랑 이 ㅂ니다,,,,,,,,,,,,,,
학점 은  받 았 지만 그럼 에 도 불구 하고 로비 교수 님 은 사랑 이 ㅂ니다,,,,,,,,,,,,,,
교수 님 학생 배려 개 쩔 ㅁ,,,,,,,,,,,,,,
그냥 진짜 최고 교수 님 학생 들 배려 잘 해주시 고 멋있 고 칭찬 도 많이 해주시 고,,,,,,,,,,,,,,
교수 님 진짜 좋 음,,,,,,,,,,,,,,
완전 친절 하 시 고 세세 하 게 설명 해주시 규 감사 합 ㅂ니다,,,,,,,,,,,,,,
기본적 으로 교수 님 께서 괜찮 으시 ㄴ 분 이 라서 송은혜 교수 님 걸리 ㄴ다면 행운 이 에요,,,,,,,,,,,,,,
교수 님 이 좋 으시 어요,,,,,,,,,,,,,,
교수 님 은 되게 착하 시 구 우리 반 에 남자 가 많 아서 그렇 ㄴ지 모르 아도 장난 도 잘 받 아 주 시 ㅂ니다,,,,,,,,,,,,,,
근데 교수 님 이 착하 시다,,,,,,,,,,,,,,
영 알 못 이 ㄴ 나 도 비 풀이 나 맞 았 으니 만족 하 ㄴ다,,,,,,,,,,,,,,
아무튼 엄청 착하 시 니까 걸리 시 면 개이득 이 라 생각 하 시 고 들 으시 어요,,,,,,,,,,,,,,
개떡 같이 말해 도 찰떡같이 알 아들 으시 는 분 굳굳 학점 도 그냥 비율 채우 어서 주 시 는 편,,,,,,,,,,,,,,
교수 님 수업 감사 하 았 어요,,,,,,,,,,,,,,
교수 님 이 하나 하나 다 채 크 하 시 ㅁ,,,,,,,,,,,,,,
니콜 교수 님 배정 받 은 분 들 너무 걱정 하 지 말 으시 어요,,,,,,,,,,,,,,
교수 님 착하 시 ㅂ니다,,,,,,,,,,,,,,
고급 저 는 좋 았 어요,,,,,,,,,,,,,,
저 는 좋 았 어요,,,,,,,,,,,,,,
수업 일찍 끝내 주 시 구 숙제 도 거의 없 어서 좋 아요,,,,,,,,,,,,,,
교수 님 사람 자체 는 괜찮 음,,,,,,,,,,,,,,
완전 좋 은 영어 교수 님 숙제 도 적절 하고 시험 도 객관적 이 시 다,,,,,,,,,,,,,,
교수 님 열정 이 넘치 시 ㅂ니다,,,,,,,,,,,,,,
교수 님 이 우리 가 틀리 게 말 하 면 맞 게 말 하 ㄹ 때 까지 계속 수정 하 아 주 시 어요,,,,,,,,,,,,,,
갓 포터 를 만족 시키 ㄹ 수 없 다,,,,,,,,,,,,,,
교수 님 이 똑똑 하 아서 잘 가르치 어 주심,,,,,,,,,,,,,,
신나 ㄴ다 신나 아 물론 교수 님 께서,,,,,,,,,,,,,,
무엇 보다 도 교수 님 이 열정 이 넘치 시 어서 좋 았 습니다,,,,,,,,,,,,,,
굿 굿 굿,,,,,,,,,,,,,,
진짜 공부 하 겠 다는 의지 만 있 으면 학생 한 명 한 명에 것 이 질문 대답 전부 해주시 는 참 교수 님,,,,,,,,,,,,,,
갓 진규 찬양 합 시 다 헿,,,,,,,,,,,,,,
믿 고 듣 는 향 범 느 님 전기 과 계 학점 천사,,,,,,,,,,,,,,
교수 님 열정 과 애정 이 있 으시 ㄴ 분임,,,,,,,,,,,,,,
신 선임 교수 님 학생 들 의 의견 을 고려 하 아 주 시 는 것 이 눈 에 보일 정도 로 좋 으시 ㄴ 분,,,,,,,,,,,,,,
교수 님 인품 이 뛰어나 시 어서 평점 은 높 게 매기 ㅁ,,,,,,,,,,,,,,
근데 참 착하 시 고 학생 들 을 인격적 으로 대하 어 주 시 ㅁ,,,,,,,,,,,,,,
지금 까지 들 었 던 수업 중 에서  제일 좋 았 던 교수 님 이 었 음,,,,,,,,,,,,,,
역시 갓 원 국 교수 님,,,,,,,,,,,,,,
갓 병기 교수 님,,,,,,,,,,,,,,
메일 로 질문 도 잘 받 아 주 시 고 공지 같 은 것 도 제일 빠르 게 하 아 주 시 어서 좋 았 음,,,,,,,,,,,,,,
그리고 교수 님 이 인격적 으로 좋 으시 어서 좋 았 습니다,,,,,,,,,,,,,,
되게  좋 으시 고요,,,,,,,,,,,,,,
"""교수 님 좋 으시 고 ", 잘 가르치 어 주시 지만 ," 수업 하 ㄹ 때 우리 가 이해 하 았 는지 확인 하 아 주 시 었 으면 좋 겠 습니다""",,,,,,,,,,,,,,
진짜 참 교수 님 이 시 ㅂ니다,,,,,,,,,,,,,,
우선 교수 님 이 좋 다,,,,,,,,,,,,,,
다 떠나 서 교수 님 말씀 하 시 는 하 ㄴ 단어 한 단어 에서 참하 시 ㄴ 인성 이 다 드러나 ㄴ다,,,,,,,,,,,,,,
열정적 이 ㄴ 교수 님 이 ㅂ니다,,,,,,,,,,,,,,
초반 에 만 출 결 관리 하 다가 언제 부터 이 ㄴ가 출석 을 안 부름 ... 교수 님 이 재미있 게 하 려고 하 시 고 비유 들 면서 설명도 햐 주심,,,,,,,,,,,,,,
교수 님 인성 은 좋 으시 다,,,,,,,,,,,,,,
하지만 교수 님 인성 만큼 은 최고,,,,,,,,,,,,,,
일단 수업 내용 은 둘째 치고 그냥 일 상대 화 도 알 ㄴ 통하 ㄹ 정도 로 의사소통 능력 이 떨어지 ㅁ,,,,,,,,,,,,,,
사람 은 착하 다,,,,,,,,,,,,,,
영문 과 내 에서 도 유명하 ㄴ 교수 님 이 ㅂ니다,,,,,,,,,,,,,,
교수 님 괜찮 은 분 이 지만 졸업 논문 대체 이 ㄴ 이 과목 에 ㄴ 갓 이 라 불리 는 남자 가 있 기 에 그 에 비하 면 한참 밀리 ㄴ 다 그러나 갓 을 신청 하 지 못하 았 다면 차선 으로 괜찮 은 듯,,,,,,,,,,,,,,
1 교수 님 이 귀 여우 시 어서 1 점,,,,,,,,,,,,,,
교수 님 이 친절 하 시 고 좋 으시 ㅁ,,,,,,,,,,,,,,
고로 출 튀 불가능 개인적 으로 는 교수 님 도 좋 았 고 피드백 도 좋 았 다,,,,,,,,,,,,,,
갓 다 하 는 애 들 한테,,,,,,,,,,,,,,
갓 광진 .. 시험 만 잘 보 면 되 ㅁ,,,,,,,,,,,,,,
보 면 교수 님 의 귀여움 을 느끼 ㄹ 수 있 다,,,,,,,,,,,,,,
그냥 빛 또는 갓 그 자체 임 탄탄 하 ㄴ 깊이 를 가르침 에 도 초심자 에게 무리 없 는 가르침,,,,,,,,,,,,,,
처음 에 ㄴ 무섭 ㄴ 분 이 ㄴ 줄 알 았 는데 알 고 보 니 너무 친절 하 시 더라구요,,,,,,,,,,,,,,
..... 글 고 수업 하 다가 가끔 농담 하 시 고 혼자 뿌듯 하 아 하 시 는 것 같 은 뎈 귀 여우 심,,,,,,,,,,,,,,
.. 입 덕 위기 가 넘치 는 교수 님 이 ㅂ니다,,,,,,,,,,,,,,
그래도 교수 님 이 설명 조곤조곤 잘 하 아 주 시 어서 좋 았 어요,,,,,,,,,,,,,,
대단 하 ㄴ 교수 님 이 고 갓 교수 님,,,,,,,,,,,,,,
무엇 보다 교수 님 교수법 이 좋 았 다,,,,,,,,,,,,,,
법조 계 에서 일 하 시 는 분 이 라 그렇 ㄴ지 예시 도 좋 음,,,,,,,,,,,,,,
그리고 자기애 가 넘치 어서 먄 나 ㄹ 10 분 은 넘 게 지 자랑 하 ㅁ,,,,,,,,,,,,,,
교수 님 도 우리 학교 출신 분 이 라 학교 재미있 는 얘기 도 하 어 주 고 실질적 팁 도 많이 알리 어 주심,,,,,,,,,,,,,,
성품 도 완전 젠 트 ㄹ 하 시 어서 잘 웃 고 학생 다 배려 하 아 주 시 고 최고 이 ㅁ,,,,,,,,,,,,,,
그래도 김기형 교수 님 최고,,,,,,,,,,,,,,
전 완전 좋 았 어 여 송 교수 님 수업 다 A 받 고 가 ㅂ니다,,,,,,,,,,,,,,
사실 다 들 시험 잘 보 기 때문 에 한 번 이 라도 삐끗 하 면 복구 는 좀 힘 듭 니 다 아무튼 교수 님 이 학생 들 공부 시키 려고 열심히 하 시 는 분 이 고 수업 도 열정적 으로 하 시 어서 저 는 좋 았 습니다,,,,,,,,,,,,,,
교수 님 짱 착하 심 이름 다 외 우 시 고,,,,,,,,,,,,,,
대부분 현직 명문대 교수 이 거나 그래도 유명하 분 들 이 ㅂ니다,,,,,,,,,,,,,,
교수 님 은 피드백 도 빠르 시 고 소통 도 잘 하 아 주 시 어요,,,,,,,,,,,,,,
교수 님 너무 따뜻 친절 하 시 ㅂ니다,,,,,,,,,,,,,,
#NAME?,,,,,,,,,,,,,,
교수 님 이 학생 들 의견 을 항상 수용 하 려고 노력 하 시 어서 좋 아요,,,,,,,,,,,,,,
온라인 수업 질문 도 잘 받 아 주 시 고 설명도 잘 해주시 고 좋 으시 ㄴ 교수 님 이 ㅂ니다,,,,,,,,,,,,,,
교수 님 좋 으시 어 요 수업 도 열정적 으로 하 시 고 좋 았 어요,,,,,,,,,,,,,,
교수 님 죄송 하 ㅂ니다,,,,,,,,,,,,,,
이기주 교수 님 짱,,,,,,,,,,,,,,
일단 교수 님 이 좋 아요,,,,,,,,,,,,,,
강의 도 잘 해주시 고 최고,,,,,,,,,,,,,,
교수 님 강의 력 이 좋 으시 고 열정적 으로 하 시 ㅂ니다,,,,,,,,,,,,,,
갓 태형 교수 님 이 ㅂ니다,,,,,,,,,,,,,,
교수 님 이 로 너그 러 우 시 ㅂ니다,,,,,,,,,,,,,,
교수 님 께서 수업 을 굉장히 잘하 심,,,,,,,,,,,,,,
"""역시 심 은 하 교수 님 ", , ," 강의 를 깔끔 하 게 잘 하 어 주 시 ㄴ다""",,,,,,,,,,,,,,
교수 님 인자 하고 좋 음,,,,,,,,,,,,,,
옆 동네 나 현숙 교수 님 의 안티테제 ..,,,,,,,,,,,,,,
갓 정진 은 사랑 이 ㅂ니다,,,,,,,,,,,,,,
수업 방식 에서 는 호불호 가 갈리 ㄹ 수 있 는데 학점 주 시 는 것 에서 만큼 은 갓 ....,,,,,,,,,,,,,,
트라우마 박 힙  진짜 후회 말 고 신현 추 ㄹ 우리 갓 현 추 ㄹ 가 시 어요,,,,,,,,,,,,,,
교수 님 께서 수업 을 엄청 열심히 잘 하 아 주 시 어서 되게 좋 았 습니다,,,,,,,,,,,,,,
교수 님 은 정의 실현 을 추구 하 시 어서 출 튀 나 대출 하 다,,,,,,,,,,,,,,
근데 또 개인적 으로 물어보 면 친절 하 시 ㅁ,,,,,,,,,,,,,,
"""진짜 휴 ", , ," 피드백 왜 받 냐고 지랄 하 았 더니 그냥 넘어가 심 나 도 교수 님 한테 여 쭙  싶 다""",,,,,,,,,,,,,,
다 좋 네요,,,,,,,,,,,,,,
시험 기간 간식 도 주 시 고 친절 하 시 고 좋 아요,,,,,,,,,,,,,,
교수 님 이 진짜 갓 이 ㅂ니다,,,,,,,,,,,,,,
갓 광진,,,,,,,,,,,,,,
왜 갓 광진 이 라고 하 는지 알 수 있 었 다,,,,,,,,,,,,,,
"""숙제 도 많 은 편 이 고 까 다로 우 시 지만 "," 교수 님 께서 개방적 이 고 열정적 이 시 어서 즐겁 게 수업 들 었 습니다""",,,,,,,,,,,,,,
진짜 천사 다,,,,,,,,,,,,,,
창사 독 은 이 주영 교수 님 이 ㅂ니다,,,,,,,,,,,,,,
"""갓 주영 교수 님 ", ,"""",,,,,,,,,,,,,,
그리고 일단 교수 님 이 천사 야 .... 사랑하 아 요,,,,,,,,,,,,,,
갓 주영 교수 님 진짜 최고 학점 다 채우 어 주 시 고 친절 하 게 다가오 아 주 시 ㅁ,,,,,,,,,,,,,,
갓 갓 임 창사 독 은 이 분 으로 친절 하 시 고 좋 으시 ㅁ,,,,,,,,,,,,,,
다 들 외치 어 갓 영식,,,,,,,,,,,,,,
진짜 님 들 창사 독 은 무조건 문 영식 이 에요,,,,,,,,,,,,,,
좋 은 시간 이 었 습니다,,,,,,,,,,,,,,
그래도 여태 강의 를 들 었 던 교수 님 중 에,,,,,,,,,,,,,,
항상 좋 은 도서 내용 과 소개 감사 드리 ㅂ니다,,,,,,,,,,,,,,
교수 님 인간적 으로 좋 으시 ㅁ,,,,,,,,,,,,,,
좋 으시 ㄴ 교수 님 이 ㅂ니다,,,,,,,,,,,,,,
진짜 최고 의 교수 님 이 시 ㅂ니다,,,,,,,,,,,,,,
착하 시 ㄴ 듯,,,,,,,,,,,,,,
괜찮 았 음 ... 교수 님 짱 착하 고 인원 도 이 때 적 어서 열심히 하 니까 그냥 A + 받 은 듯,,,,,,,,,,,,,,
교수 님 이 수업 준비 를 굉장히 많이 하 아 오 시 어요,,,,,,,,,,,,,,
교수 님 친절 하 시 고 좋 음,,,,,,,,,,,,,,
교수 님 착하 시 어요,,,,,,,,,,,,,,
교수 님 성격 은 쿨 하 시 ㅂ니다,,,,,,,,,,,,,,
.. 진짜 교수 님 천사 시 어요,,,,,,,,,,,,,,
하지만 교수 님 이 착하 시 고 좋 음,,,,,,,,,,,,,,
갓 소 영,,,,,,,,,,,,,,
천사 소 영 ..,,,,,,,,,,,,,,
교수 님 이 진짜 좋 은 분 이 시 어요,,,,,,,,,,,,,,
교수 님 은 굉장히 열정적 이 고 좋 은 분 이 ㅂ니다,,,,,,,,,,,,,,
그 점 은 좋 은 것 같 습니다,,,,,,,,,,,,,,
"""우선 "," 교수 님 께서 무조건 + 로 채우 어 주 시 ㅂ니다""",,,,,,,,,,,,,,
시험 정보 올리 어 논 분 누구 ㄴ 지 ㄴ 모르 아도 대단 하 시 네요,,,,,,,,,,,,,,
학생 들 을 챙겨주 시 는 모습 은 숭실대 교수 님 들 중 최고 지만,,,,,,,,,,,,,,
교수 님 상냥 하고 좋 으시 ㅂ니다,,,,,,,,,,,,,,
갓 지 ㄴ 옥 학점 ... 전 굉장히 잘 받 았 는데 다른 친구 들 말 들 어 보 면 깐깐 하 게 주 시 ㄴ 것 같 은 데,,,,,,,,,,,,,,
교수 님 이 착하 시 ㄴ 것 은 인정,,,,,,,,,,,,,,
교수 님 이 착하 시 고 선하 시다,,,,,,,,,,,,,,
인생 교수 님 이 ㅂ니다,,,,,,,,,,,,,,
교수 님 도 뭐 평균 이상 의 교수 님 이 시 어요,,,,,,,,,,,,,,
교수 님 좋 으시 ㄴ 분임,,,,,,,,,,,,,,
완전 비추,,,,,,,,,,,,,,
교수 님 좋 으시 ㄴ 분 이 고 착하 시 ㄴ데 수업 은 좀 지루 하 ㅁ,,,,,,,,,,,,,,
그거 말 고 는 친절 하 시 ㅁ,,,,,,,,,,,,,,
