"""대학생 이 얼마나 공부 를 하 지 않 는 집단 이 ㄴ지 생각하 아 보 면 "," 꽤 나 좋 은 수업 방식 이 라고 생각하 ㄴ 다""",,,,,,,,,,,,,,
내용 자체 가 외 울 게 많 아서 힘들 수 있 음,,,,,,,,,,,,,,
"""마케팅 현업 에 종사 하 는 사람 이 라 강의 력 은 확실히 좋 지만 수업 내용 이 넓 지 도 않 고 기말 로 팀 프로젝트 을 ", ,"""",,,,,,,,,,,,,,
아역 배우 딸 자랑 을 그렇게 많이 하 시 었 다,,,,,,,,,,,,,,
"""물류 유통 에 대하 ㄴ 전반적 이 ㄴ 기초적 이 ㄴ 지식 을 쌓기 좋 았 고 ", 팀 프로젝트 도 힘들 기 는 하 았 지만 ," 고생 스럽 었 지만 보람 은 있 었 음""",,,,,,,,,,,,,,
강의 스타일 은 재미있 지만 딱히 뭘 배우 고자 하 는지 는 잘 모르 겠 음,,,,,,,,,,,,,,
학점 을 떠나 서 마음 만 먹 는 다면 중 고등학교 에서 ㄴ 듣 을 수 없 었 던 다양 하 ㄴ 내용 을 접하 며 시야 를 넓히 ㄹ 수 있 다고 나 는 믿음,,,,,,,,,,,,,,
물론 영어 라서 잘 알아듣 지 ㄴ 못하 았 지만 꽤 유익 하고 의미 있 는 수업 이 라고 생각 하 ㅁ,,,,,,,,,,,,,,
강의 력 은 5 점 만점 에 4,,,,,,,,,,,,,,
또한 수업 영상 이 하 ㄴ 강의 에 20 여기 서 설명도 귀 에 쏙쏙 박히 게 하 아 주 시 어서 좋 은 학점 도 챙기 고 공부 하 ㄹ 때 도 도움 이 많이 되 었 던 것 같 습니다,,,,,,,,,,,,,,
수업 은 책 을 그대로 짚 어 주 는 식 이 어서 그렇게 열심히 알 ㄴ 들 었 지만 혼자 공부 하 아도 충분 하 았 고 교수 님 이 좋 으시 ㄴ 분 이 었 음,,,,,,,,,,,,,,
여러 신화 들 내용 을 배우 는 데 하 ㄴ 문 원문 프린트 하 아서 독음 하고 해석 하고 하 는 것 이 수업 내용 이 구요,,,,,,,,,,,,,,
개인적 으로 는 하 ㄴ 자가 어렵 어 서 수 능 EBS 영어 독해 문제 풀 듯이 한자 와 한글 해석 을 번갈 아 가 며 여러 번 읽 으며 외우 는 방식 이 도움 이 되 었 습니다,,,,,,,,,,,,,,
"""시험 난이도 가 별로 임 "," 시험 점수 매기 는 것 깐깐 하고 시험 도 중 학생 한테 말 걸 거나 얘기 하 ㄹ 때 있 는데 진짜 신경 쓰이 고 스트레스 받 아요""",,,,,,,,,,,,,,
수업 열심히 들 으면 배우 는 것 도 많 고 점수 도 잘 받 을 수 있 음,,,,,,,,,,,,,,
강의 력 은 .. 별로,,,,,,,,,,,,,,
어차피 성적 은 자기 하 기 나름 이 므로 ...,,,,,,,,,,,,,,
약간 어렵 ㄹ 수 있 으나 노력 말 ㄴ 하 ㄴ다면 많 은 것 을 얻 어 가 ㄹ 수 있 는 수업,,,,,,,,,,,,,,
... 하지만 나 는 강의 력 과 는 상관없이 교수 님 의 인품 때문 에 5 점 주 고 싶 따 ..,,,,,,,,,,,,,,
미시 경제학 을 제대로 배우 ㄹ 수 있 다는 점 은 평균,,,,,,,,,,,,,,
근데 그만큼 사람 들 평균 이 높 고 열의 가 많 아서 성적 잘 받 기 는 어렵 어 요,,,,,,,,,,,,,,
갓 창 근 가 아 창 근 가 아 창 근 가 아 창 근 가 아 창 근 가 아 창 근 가 아 창 근 가 아 창 근,,,,,,,,,,,,,,
다만 숙제 해답 을 안 올리 어 주 시 어서 많이 하 ㅁ,,,,,,,,,,,,,,
강의 력 은 진짜 최강 이 ㄴ데 학점 을 짤 없이 주 시 어서 ....,,,,,,,,,,,,,,
스포츠 의 산업적 측면 을 배우 어서 유익 하 ㅂ니다,,,,,,,,,,,,,,
수업 시간 도 잘 조절 하 어 주 고 쓸데없 는 이야기 안 하 고 딱 수업 관련 내용 으로 알차 게 채 울 ㅂ니다,,,,,,,,,,,,,,
파이 썰 ㄴ 좀 열심히 공부 하 면 학점 잘 받 을 수 있 어요,,,,,,,,,,,,,,
교수 님 이 똑똑 하 다는 것 이 느끼 어 지 ㄴ다 C + + 에 대하 어 어느 정도 알 는 상태 로 수업 을 듣 었 는데 디테일 하 ㄴ 면 을 잘 가르치 어 주 시 어서 도움 이 많이 되 었 고 코딩 능력 뿐 만 아니 라 컴퓨터 내부 구조 와 연관 짓 어 서 설명 하 시 어서 이 하 아 가 아 잘 되 었 다,,,,,,,,,,,,,,
"""C + + 잘 모르 았 는데 많이 "," 잘 배우 어 가 ㄹ 수 있 었 음""",,,,,,,,,,,,,,
배우 려고 노력 하 ㄴ다면 많이 얻 어 가 ㄹ 수 있 는 수업 이 ㅂ니다,,,,,,,,,,,,,,
코딩 을 잘 모르 시 는 1 학년 분 들 은 많이 배우 ㄹ 수 있 는 기회 이 ㄹ 것 이 에요,,,,,,,,,,,,,,
수업 아니 더라도 살아가 면서 필요 하 ㄴ 말씀 들 도 해주시 고 여러모로 도움 이 많이 되 었 습니다,,,,,,,,,,,,,,
교수 님 께서 수업 도 잘 해주시 는데 다른 도움 되 는 이야기 도 많이 하 아 주 시 어요,,,,,,,,,,,,,,
시 사적 이 ㄴ 이야기 를 굉장히 많이 해주시 는데 싫 은 사람 은 싫 을 수 도 있 지만 저 는 유익 하 게 느끼 었 습니다,,,,,,,,,,,,,,
숙제 도 쉽 ㄴ 편,,,,,,,,,,,,,,
그러나 프로그래밍 은 강사 의 실력 보다 ㄴ 수강 생 의 노력 이 더 중요 하 ㄴ 듯 하 니 좋 은 점수 를 받 으려면 노력 을 많이 하 아야 하 ㄴ다,,,,,,,,,,,,,,
"""첫 번 째 로 는 수업 의 내용 이 좋 고 유익 하 아서 열심히 듣 게 되 는 수업 이 고 "," 두 번 째 는 수업 의 질 은 상당히 떨어지 지만 교수 님 한테 찍히 면 큰일 나 ㄹ 것 같 아서 어쩌 ㄹ 수 없이 열심히 듣 게 되 는 수업 이 다""",,,,,,,,,,,,,,
자바 를 실무 에서 사용 하 ㄹ 때 실용적 이 ㄴ 패턴 들 을 알리 어 주 어서 언어 의 문법 만 배우 는 다른 수업 보다 더 유용 하 았 다,,,,,,,,,,,,,,
그리고 무엇 보다 교수 님 이 성실 하 게 수업 을 준비 하 시 는 모습 이 감동 이 ㅂ니다,,,,,,,,,,,,,,
매우 유익 하 다,,,,,,,,,,,,,,
뭐 얻 어 가 려면 수업 외적 으로 혼자 서 공부 하 아야 하 는데,,,,,,,,,,,,,,
시험 자체 가 수업 에서 만 나오 고 수업 이 매우 유쾌 하 다,,,,,,,,,,,,,,
강의 가 유익 하 다고 생각 하 ㅁ,,,,,,,,,,,,,,
많이 배우 었 고 강의 도 좋 았 지만 그만큼 시험 어렵 고 깐깐 하 시 ㄴ 듯,,,,,,,,,,,,,,
"""관련 공지 나 가이드라인 도 철저 하 시 고 "," 숙제 도 실력 기르 기 에 도움 이 많이 되 ㅂ니다""",,,,,,,,,,,,,,
그래도 즐겁 었 습니다,,,,,,,,,,,,,,
수업 질 은 굉장히 높 은 것 인정 하 는데 시험 부분 은 개선 하 ㄹ 점 이 많이 보이 었 습니다,,,,,,,,,,,,,,
시험 은 좀 못 보 더라도 얻 어 가 는 것 이 많 으면 다행 이 라고 생각 하 는데 저 는 여기 에 만족 하 아서 그저 좋 은 수업 이 었 습니다,,,,,,,,,,,,,,
1 교시 라 힘들 어 뒤지 ㄹ 것 같 았 지만 수업 도 열심히 듣 게 되 고 즐겁 었 어요,,,,,,,,,,,,,,
자바 를 이미 충분히 알 고 듣 었 는데 도 새롭 ㄴ 내용 을 배우 ㄹ 수 있 어서 좋 았 다,,,,,,,,,,,,,,
하지만 시험 진짜 진짜 어려움 공부 많이 하 아야 되 ㅁ,,,,,,,,,,,,,,
진짜 잘 가르치 심,,,,,,,,,,,,,,
수업 만들 어도 도움 이 되 나 프로젝트 하 ㄹ 때 는 독학 하 아야 대 는 것 이 아쉽 지만 그래도 전반적 이 ㄴ 수업 이나 실력 향상 에 도움 되 ㅂ니다,,,,,,,,,,,,,,
교수 님 엄청 자세 하 게 잘 알리 어 주 시 는데 자바 를 예습 하고 가 ㄴ다면 자신 의 실력 에 날개 를 달 아주 시 ㄹ 것 이 ㅂ니다,,,,,,,,,,,,,,
"""꼰대 같 다고 하 았 는데 "," 학생 이랑 소통 잘 하 시 고 젊 으시 어서 그렇 ㄴ지 대하 기 편하 ㄴ 편 아니 ㅁ""",,,,,,,,,,,,,,
되게 잘 가르치 어 주 시 어서 파이 썰 ㄴ 처음 배우 는 데 도 많이 공부 가 되 었 습니다,,,,,,,,,,,,,,
일단 진심 으로 학생 드링 잘 되 기 ㄹ 바라 시 는 것 이 느끼 어 지 ㅂ니다,,,,,,,,,,,,,,
파이 썰 ㄴ 뿐 만 아니 라 앞 으로 개발자 가 되 기 위하 아서 무엇 을 하 아야 하 ㄹ지 자꾸 일깨우 어 주 시 어서 멘토 같 다는 느낌 을 많이 받 았 습니다,,,,,,,,,,,,,,
교수 님 답 은 교수 님 C 언어 리눅스 로 배우 는 데 도움 많이 되 ㅁ,,,,,,,,,,,,,,
근데 김익수 교수 님 은 강의 력 이 좋 으시 어서 아무리 실습 과 숙제 가 있 더라도 그것 ㄹ 감안 하 아서 라도 듣 어야 하 는 좋 은 교수 님 이 다,,,,,,,,,,,,,,
"""상 위 10 명 이 모두 비슷 하 면 다 A + 로 주시 지만 ", 상 위 4 명 과 그 아래 6 명 이 점수 차이 가 나 면 A + ," A 0 로 주 시 는 형태 에 요""",,,,,,,,,,,,,,
교재 를 무척 쉽 고 이해 잘 되게 구성 되 ㄴ 것 을 쓰 시 어서 초심자 에게 좋 아요,,,,,,,,,,,,,,
그래도 숙제 하 면서 공부 도 되 어 시험 보 는데 도움 이 되 ㅂ니다,,,,,,,,,,,,,,
보통 이론 배우 고 실습 하 는 방식 으로 수업 진행 되 요,,,,,,,,,,,,,,
수업 시간 에 실습 하 ㄴ 수준 으로 나오 아서 어렵 지 않 았 어요,,,,,,,,,,,,,,
근데 나 가 이전 에 자바 를 좀 하 아 보 아서 망정 이 지 이 수업 으로 처음 배우 었 으면 훨씬 힘들 었 을 것 같 음,,,,,,,,,,,,,,
"""이론 시간 에 는 객 체지 향 언어 의 이론 을 배우 고 "," 실습 시간 에 는 자바 를 이용 하 아 이론 을 실습""",,,,,,,,,,,,,,
책 사 아서 혼자 공부 하 는 것 이 더 나 음,,,,,,,,,,,,,,
실습 시간 에 그냥 수업 자료 나 앞 에 있 는 내용 들 보 고 하 면 되 ㅁ,,,,,,,,,,,,,,
많이 배워가 시 어요,,,,,,,,,,,,,,
수업 이래 보 아야 강의 자료 한 번 읽 어 주 는 듯 하 ㄴ 이론 수업 과 실습 보 고 따르 아 하 는 것 뿐 이 라 사실 상 그냥 타자 연습 하 는 기분 이 고,,,,,,,,,,,,,,
보 니 깊 은 이론적 내 용 은 등장 하 지 않 아 어느 정도 수업 방식 에 이해 가 가 는 부분,,,,,,,,,,,,,,
본인 한테 도움 은 되 ㄹ 것 이 ㅂ니다,,,,,,,,,,,,,,
본인 이 프로그래밍 좀 하 ㄴ다고 생각 하고 학점 만 받 아 먹 을 생각 이 라면 꼭 해라,,,,,,,,,,,,,,
우선 C + + 문법 은 다 가르치 어 주 시 고 숙제 도 지금 생각하 아 보 면 자료구조 공부 하 ㄹ 때 은 근 도움 이 많이 되 는 것 같 다,,,,,,,,,,,,,,
예 를 들 면 진로 얘기 가 많 아서 플밍 수업 이 아니 라 진로 수업 이 ㄴ 줄,,,,,,,,,,,,,,
교수 라는 직이 아무리 강의 력 을 요구 하 지 ㄴ 않 는다지만 이것 은 좀 많이 심하 았 다,,,,,,,,,,,,,,
쉽 다고 는 하 ㄹ 수 없 지만 많 은 것 을 배우 ㄹ 수 있 어서 만족 스럽 ㄴ 수업 이 ㅂ니다,,,,,,,,,,,,,,
내용 이 크 게 물질 합성 과 물질 분석 으로 이루어지 어 있 다,,,,,,,,,,,,,,
그리고 숙제 도 기간 이 매우 길 길 ㄴ 하지만 왠 만 하 면 놓치 지 말 고 바로 하 시 기 ㄹ .... PF 라 딱히 강의 평가 하 ㄹ 것 도 없 습니다,,,,,,,,,,,,,,
강의 내용 도 자기 의 시간 관리 에 대하 ㄴ 내용 이 어서 자기 계발 하 는데 많 은 도움 이 되 요,,,,,,,,,,,,,,
수강 신청 때 수강 가능 학점 이 1 학점 밖에 안 남 아 서 신청 하 았 는데 내용 도 알차 고 부담 이 없 어서 잘 들 었 습니다,,,,,,,,,,,,,,
퀴즈 숙제 가 많 으나 중간 기말 볼 때 다 도움 되 ㅂ니다,,,,,,,,,,,,,,
코딩 관심 없 던 사람 이 하 면 숙제 가 되게 어렵 ㄹ 듯 그래도 잘 따라가 면 시험 도 괜찮 게 잘 보 ㄹ 수 있 고 교수 님 도 학생 들 에 관심 이 많 으시 어서 잘 따라가 면 좋 은 점수 나오 ㅁ,,,,,,,,,,,,,,
그래서 절 평 A +,,,,,,,,,,,,,,
근데 반대 로 생각 하 면 소설 하나 잘 쓰 면 그냥 점수 잘 받 는다고 생각 하 면 되 ㅁ,,,,,,,,,,,,,,
그냥 단편소설 하나 로 학점 이 가 ㄹ 린다 고 생각 하 면 되 ㅂ니다,,,,,,,,,,,,,,
음 ... 어떤 것 을 배우 었 는지 가 그렇게 기억 에 남 는 수업 은 아니 었 어요,,,,,,,,,,,,,,
"""온라인 으로 학생 들 작품 피드백 하 아 주시 느라 고생 하 시 ㄴ 것 은 자 ㄹ 알 지만 "," 딱히 유익 하 ㄴ 정보 를 담 으시 ㄴ 것 같 다는 생각 은 들 지 않 았 습니다""",,,,,,,,,,,,,,
합평 은 저 가 하 ㄴ 합평 중 에 제일 별로 이 었 고 합평 이 아니 ㄴ 비난,,,,,,,,,,,,,,
원론 이 라 그렇 ㄴ지 전반적 으로 다루 어 주 시 는데 잘 들 어 두 는 것 이 도움 이 되 ㄹ 것 같 음,,,,,,,,,,,,,,
그래도 다른 수업 에 비하 아 무엇 ㄴ가 얻 어 가 ㄴ 느낌 은 있 어요,,,,,,,,,,,,,,
책 에서 다나 옴 책 에 있 는 내용 쓰 면 A +,,,,,,,,,,,,,,
"""그것 ㄴ 본인 들 이 수업 에 집중 을 못하 고 "," 노력 을 알 ㄴ 하 시 어서 학점 이 안 나오 ㄴ 것 을 교수 님 탓 으로 돌리 는 것 같 네요""",,,,,,,,,,,,,,
관심 이 있 어서 괜찮 을 거라 생각하 았 지만 많이 지루 하 았 어요,,,,,,,,,,,,,,
재미있 고 얻 어 가 는 것 이 참 많 은 수업 이 ㅂ니다,,,,,,,,,,,,,,
강의 노트 도 제공 하 아 주 시 어서 수업 을 따라가 는데 도움 이 되 ㅂ니다,,,,,,,,,,,,,,
진도 는 프린트물 이 따로 있 지만 교수 님 께서 풀 어 보 라고 하 는 문제 는 교 교재 에 있 기 때문 에 교재 는 구매 하 는 것 이 무조건 좋 은 과목 이 ㅂ니다,,,,,,,,,,,,,,
집중 도 잘 되 고 배우 ㄹ 것 이 많 은 수업 시험 은 배우 ㄴ 것 다 공부 하 아야 하 아요,,,,,,,,,,,,,,
광고 에 대하 ㄴ 전반적 이 ㄴ 개념 과 이해 를 얻 어 가 ㄹ 수 있 는 강의 이 었 습니다,,,,,,,,,,,,,,
시험 은 숙제 하 ㄴ 내용 에서 나오 ㅁ,,,,,,,,,,,,,,
수업 도 항상 알차 고 정확 하 게 얻 어 가 는 것 이 많 은 수업 이 ㅂ니다,,,,,,,,,,,,,,
"""에 도 불구 하고 어떻하 게 하 면 학생 들 이 잘 이해하 ㄹ 까 ", 도움 이 되 ㄹ까 ," 누구 보다 많이 고민하""",,,,,,,,,,,,,,
다른 말 로 하 면 열심히 하 면 그만큼 결과 가 나오 고 수업 의 질 도 좋 아서 힘들 었 지만 후회 없 었 던 수업,,,,,,,,,,,,,,
철학 수업 이 라고 하 아서 되게 어렵 고 재미없 는 그런 수업 이 아니 라 유익 하고 꼭 필요 하 ㄴ 수업 이 ㅂ니다,,,,,,,,,,,,,,
"""처음 에 말하 았 던 게임 세계관 을 짜 고 싶 으시 ㄴ 분 들 이나 마케팅 "," 기획 을 원하 시 는 분 들 또한 이 수업 이 ' 기본 지식 ' 으로써 도움 이 많이 되 ㄹ 거라 생각 하 ㅂ니다""",,,,,,,,,,,,,,
진짜 다른 평가 와 마찬가지 로 철학 그 자체 의 수업 이 다,,,,,,,,,,,,,,
얻 어 가 ㄴ 것 이 라고 ㄴ 약간 의 예술 지식 과 레이저 커팅  대하 ㄴ 지식,,,,,,,,,,,,,,
숙제 가 많 기 는 한데 수업 시간 에 어떻하 게 하 는 지 다 알리 어 주 시 어서 하 ㄹ 만 하 ㅂ니다,,,,,,,,,,,,,,
처음 듣 었 는데 생각 보다 얻 어 가 는 것 이 많 아서 놀라 ㄴ 수업 .. 엄청 열정적 이 시 고 학생 들 신경 써 주 시 는 것 이 느끼 어 지 ㅁ,,,,,,,,,,,,,,
전기 기사 인터넷 강의 도 하 시 는 교수 님 이 ㄴ데 수업 이 진짜 도움 이 많이 되 ㄴ다,,,,,,,,,,,,,,
강의 력 은 0 점,,,,,,,,,,,,,,
교수 님 은 매우 인자 하 시 고 좋 으시 ㅁ,,,,,,,,,,,,,,
"""근데 무슨 소설 배우 면서 그 여주인공 이 꽃뱀 이 ㄴ가 "," 아니 ㄴ가 에 대하 어 토론 하 ㅁ""",,,,,,,,,,,,,,
"""평이 안 좋 아서 걱정 하 았 는데 "," 전공 수업 인 데 도 수업 자체 는 재미있 고 교수 님 도 좋 으시 고 시험 도 분별력 있 고 많이 배우 어 가 ㄹ 수 있 었 던 좋 은 수업 이 었 습니다""",,,,,,,,,,,,,,
시험 이 매우 쉽 어서 하 나 틀리 면 A 힘들 다고 생각 하 시 면 되 ㅂ니다,,,,,,,,,,,,,,
열심히 들 으면 내용 도 재미있 고 점수 도 잘나 오 ㅁ,,,,,,,,,,,,,,
"""철학 과 의 귀 요 미 백 블 리 ... 교수 님 은 귀엽 고 좋 지만 "," 수업 은 좀 지루 하 았 다 ..... 아마 인식 론 이 라는 분과 자체 가 양이 방대하 난해 하 ㄴ 부분 이 있 어서 더 그리하 었 던 듯""",,,,,,,,,,,,,,
시간 흐름 에 따르 아 배우 어서 전체적 이 ㄴ 흐름 을 잡기 좋 다,,,,,,,,,,,,,,
"""이 수업 은 밀링 ", 선반 ," 용접 을 조 별 로 돌아가 면서 배우 는 수업""",,,,,,,,,,,,,,
수업 자체 가 재미있 습니다,,,,,,,,,,,,,,
"""특히 수업 때 는 숭 뽕 "," 아웃풋 강조 하 면서 정작 절대평가 이 ㄴ 자기 강의 는 엄청 깐깐 하고 불합리 하 ㄴ 학점 을 주 는 점 은 모순 이 라고 생각 하 게 되 ㄴ다""",,,,,,,,,,,,,,
스스로 물어보 고 배우 ㄹ 생각 을 하 아야지,,,,,,,,,,,,,,
도움 되 는 얘기 도 많이 해주시 고 수업 즐겁 게 잘 들 었 습니다,,,,,,,,,,,,,,
그래도 학생 생각하 아 서 범위 도 줄이 어 주 시 고,,,,,,,,,,,,,,
여러모로 도움 이 많이 되 ㄴ 강의 이 었 습니다,,,,,,,,,,,,,,
보 니 학생 들 도 수업 을 듣 을 이유 가 없 고 교수 님 은 공급 체인 과 관련 하 ㄴ 철학적 인식 에 관심 이 많 아서 옆 으로 자주 새 ㄴ다,,,,,,,,,,,,,,
일단 지루 하 ㄴ 타 컴 학 전공 이 ㄴ 강 들 과 달리,,,,,,,,,,,,,,
머신 러닝 1 도 모르 는 사람 은 도움 많이 되 ㅂ니다,,,,,,,,,,,,,,
올해 왜 이리 평가 가 안 좋 지 ...,,,,,,,,,,,,,,
좋 은 내용 생각 보다 많이 튀어나오 니 잘 캐치 하 ㄹ 것,,,,,,,,,,,,,,
가볍 게 듣기 좋 은 과목 이 었 음,,,,,,,,,,,,,,
오해일 수 있 겠 지만 그런 생각 이 들 기 는 하 았 습니다,,,,,,,,,,,,,,
실습 조교 가 학부 생 이 ㄴ데 그 조교 랑 친하 냐 안 친 하 냐 가 알 게 모르 게 영향 을 끼치 ㅁ,,,,,,,,,,,,,,
다른 교수 님 말 고 이병규 교수 님 들 으시 어요,,,,,,,,,,,,,,
특히 수업 시작 하 시 ㄹ 때 중소기업 에 대하 어 소개 해주시 면서 유용 하 ㄴ 정보 많이 얻 어 가 았 습니다,,,,,,,,,,,,,,
공부 열심히 하 시 어야 하 ㅂ니다,,,,,,,,,,,,,,
강의 는 알 참 기업소 개 + 수업 듣기 편하 ㅁ,,,,,,,,,,,,,,
앞자리 는 대부분 고학 번들 많이 앉 고 수업 열심히 듣 지만 중간 자리 뒤 부터 는 자거나 딴짓 합 니 다수 업 태도 가 딱히 반영 되 는 것 같 지 ㄴ 않 아요,,,,,,,,,,,,,,
또 강의 력 이 좋 으시 고 젊 으시 ㄴ 편 이 라 제대로 되 ㄴ 대학 전공 수업 을 듣 은 것 같 았 어요,,,,,,,,,,,,,,
OT 뒷풀이 나 ㄹ 지나가 는 말 로 ' 경이 는 함상우 ' 라는 말 을 얼 ㄴ 듯 듣 은 저 는 수강 신청 이 시작 되 ㄴ 후 30 분 이 지나 ㄴ 뒤 에 야 일어나 았 음,,,,,,,,,,,,,,
외 울 끄 어 생각 보다 ㄴ 없 지만 쉽 ㄴ 만큼 많이 들 ㄹ 열심히 하 ㅂ니다,,,,,,,,,,,,,,
교수 님 도 유쾌 하고 경영 이론 위주 로 많 은 것 을 배우 ㄹ 수 있 었 음,,,,,,,,,,,,,,
전혀 안 듣 고 혼자 공부 하 아도 A 충분히 받 아요,,,,,,,,,,,,,,
다만 진짜 출석 이랑 혼자 공부 하 는 것 열심히 하 는 것 은 기본 베이스 니까 이 점 참고 하 시 고 경영학 에 대하 어 진지 하 게 배우 고 싶 다,,,,,,,,,,,,,,
처음 에 ㄴ 강의 평이 굉장히 좋 아서 들 었 어요,,,,,,,,,,,,,,
.... 시험 문제 는 확실히 달달달 달 외우 어서 푸 는 문제 는 별로 없 고 예시 를 듣 어서 어떤 개념 이 적용 되 었 는지 를 물어보 는 문제 가 많 음,,,,,,,,,,,,,,
시험 은 쉽 게 나오 아서 그냥 강의 PPT 적당히 읽 고 정리 하 면 무난 하 게 칠 수 있 다,,,,,,,,,,,,,,
경영학 의 이해 수업 은 암기 위주 의 과목 이 기에 교수 님 이 그냥 읽 는 듯이 하 는 것 같 다라는 생각 이 종종 들 ㄹ 때 도 있 습니다,,,,,,,,,,,,,,
교수 님 교재 없이 PPT 로 수업 하 시 는데 솔직히 죄송 하 지만 강의 력 이 매우,,,,,,,,,,,,,,
강의 력 이 좀 부족 하 시 어서 PPT 찍 어서 공부 하 는 것 을 추천 하 ㅂ니다,,,,,,,,,,,,,,
근데 수업 은 알 ㄴ 들 어도 되 는 수업 이 고 그냥 혼자 PPT 외우 면 시험 잘 보 ㄹ 수 있 음,,,,,,,,,,,,,,
솔직히 등록금 액수 를 생각 하 면 그렇게 알차 ㄴ 수업 은 아니 에요,,,,,,,,,,,,,,
"""그런 부분 에서 교수 님 이 그래도 학생 들 한테 좋 은 얘기 "," 도움 되 는 얘기 해주시 려고 하 는 것 이 눈 에 보이 ㅁ""",,,,,,,,,,,,,,
"""수업 내용 도 계속 사회적 기업 이랑 창업 관련 하 아서 하 시 었 는데 "," 창업 은 굳이 앙 트 러 때 하 는 것 이 ㄴ데 왜 하 는지 의문 이 었 고 사회적 기업 관련 내용 도 여러 수업 시간 동안 진행 하 ㄹ 정도 의 내용 은 아니 라 고 생각 되 었 습니다""",,,,,,,,,,,,,,
교수 님 이 현직 에서 경험 하 시 ㄴ 내용 도 많이 알 시 고 특히 이론적 이 ㄴ 부분 에 강하 신 에 눈 에 보이 ㅁ,,,,,,,,,,,,,,
등록금 아깝 ㄴ 수업,,,,,,,,,,,,,,
수업 안 듣 고 출석 말 ㄴ 하 고 조 별 숙제 만 잠깐 참여 하고 중간 기말 전 에 시험 문제 부르 어 주 는 것 외우 면 점수 는 자 ㄹ 나오 겠 지만 경제학 과 다른 전공 수업 과 비교 하 아서 그 정도 로 투자 하 ㄹ 가치 가 없 어서 시험 공부 를 안 하 게 되 ㄹ 거기 에 이 것 수업 시간 에 뒷자리 가 아서 다른 전공과목 공부 하고 학점 비정 도 맞 을 정도 만 공부 하 는 사람 이 승리자 이 ㅂ니다,,,,,,,,,,,,,,
다만 확실 하 ㄴ 것 은 교수 님 께서 수업 에 대하 ㄴ 열정 하나 만큼 은 뛰어나 시기 에 수업 을 통하 아서 무엇 ㄴ가 를 많이 배우 ㄴ다는 것 보다 는 전반적 이 ㄴ 경영학 의 이 해 를 배우 고 스스로 공부 하 아 나가 며 발전 하 는 타입 이 ㄴ 사람 들 에게 는 수업 이 맞 을 수 도 있 을 것 같 습니다,,,,,,,,,,,,,,
팀 프로젝트 은 따로 없 고 자기 주도 학습 으로 스스로 공부 를 열심히 하 ㄴ다면 좋 은 성적 을 얻 을 수 있 을 것 같 습니다,,,,,,,,,,,,,,
북한 전문가 시 라 그만큼 수업 내용 의 질 이 좋 다고 생각 하 ㅂ니다,,,,,,,,,,,,,,
혹은 아 하나 도 모르 겠 다,,,,,,,,,,,,,,
"""PF 학점 을 채우 는 데 에 는 크 ㄴ 도움 이 되 었 지만 ","""",,,,,,,,,,,,,,
이 수업 을 통하 아 자소 서 작성 에 크 ㄴ 도움 을 얻 어 가 자 라는 마인드 보다 는,,,,,,,,,,,,,,
"""이 수업 을 통하 아 자소 서 전반 에 대하 ㄴ 이 해 를 얻 고 "," 경력 개발 센터 나 사설 업체 의 도움 을 받자 라는 마인드 가 더 좋 으리라 생각 되 ㅂ니다""",,,,,,,,,,,,,,
그리고 조원 들 에게 피드백 도 받 을 수 있 어 유익 하 았 던 수업,,,,,,,,,,,,,,
자소 서 를 처음 쓰 어 보 았 는데 도움 많이 되 었 어요,,,,,,,,,,,,,,
근데 수업 자체 가 크 ㄴ 도움 이 ㄴ지 는 솔직히 미지수,,,,,,,,,,,,,,
많이 어렵 지 않 고 공부 하 는 만큼 점수 나오 ㄴ다고 생각하 아 요,,,,,,,,,,,,,,
이승복 선생 님 수업 은 항상 퀴즈 가 계속 있 어서 공부 를 미리 하 게 되 는 점 이 좋 아요,,,,,,,,,,,,,,
으로써 얻 는 것 이 매우 많 습니다,,,,,,,,,,,,,,
"""좋 으시 ㄴ 교수 님 과 함께 하 았 던 강의 "," 수업 내용 도 도움 되 고 이런 것 이 대학 강의 가 아니 ㄹ까라는 생각 을 하 았 습니다""",,,,,,,,,,,,,,
다 들 꽤 진지 하 게 토론 을 하 고 타인 의 생각 을 통하 아 배우 는 점도 많 아요,,,,,,,,,,,,,,
적극적 이 ㄴ 자세 갖 는다면 얻 어 가 는 것 이 참 많 을 것 에 요,,,,,,,,,,,,,,
교수 님 이 학생 들 에 대하 ㄴ 애정 도 많 으시 고 수업 에 신경 도 많이 쓰 시 기 도 하 고요,,,,,,,,,,,,,,
"""그러나 발제자 뿐 만 아니 라 다른 학생 도 질문 을 준비 하 아 오 ㄹ 수 있 고 "," 자유롭 게 발언 하 ㄹ 수 있 으니까 적극적 으로 참여 하 면 얻 어 가 는 것 이 많 을 것 이 에요""",,,,,,,,,,,,,,
교수 님 이 학생 개개인 의 생각 에 관심 을 갖 고 얘기 를 들 어 주 시 어요,,,,,,,,,,,,,,
학생 들 한테 잘 해주시 려고 노력 하 시 고 관심 이 많 으시 ㄴ 교수 님 이 시 ㅂ니다,,,,,,,,,,,,,,
시험 이 많 아 힘들 다고 생각하 ㄹ 수 있 지만 그만큼 독일어 에 대하 어 배우 어 가 ㄹ 수 있 습니다,,,,,,,,,,,,,,
학생 들 을 1 번 으로 생각 하 시 고 배려 도 많이 하 어 주 시 ㄴ다,,,,,,,,,,,,,,
"""DB 1 때 어렵 었 던 내용 "," 시험 때문 에 안 듣 는 학우 들 이 많 은 듯 하 다""",,,,,,,,,,,,,,
내용 이 상당히 많 지만 시험 공부 는 데이터베이스 응용 1 처럼 하 시 면 되 ㅂ니다,,,,,,,,,,,,,,
1 학기 때 배우 ㄴ 실용적 이 ㄴ 디비 시스템 에 대하 어 잘 설명 하 아 주 시 었 습니다,,,,,,,,,,,,,,
기초 를 안 듣 고 바로 생활 프랑스어 를 들 었 지만 기초적 이 ㄴ 것 도 함께 가르치 어 주 시 고 수업 시간 에 몇 번 졸 았 지만 .... 거의 매번 복습 도 하 아 주 시 어서 뒤쳐지 지 않 고 따라가 ㄹ 수 있 었 던 수업 흥미 를 가지 고 열심히 하긴 하 았 지만 숙제 는 두 번 이 ㄴ데 두 번 모두 프랑스 단어 5 개 올리 기 와 같 은 매우 쉽 ㄴ 숙제 이 고 시험 은 중간 기말 만 보 는데 시험 전 시간 에 총정리 를 하 아 주 시 어서 마지막 에 찝  거만 외우 면 되 ㅁ,,,,,,,,,,,,,,
교수 님 이 수업 친절 하 게 잘 해주시 고 처음 배우 는 사람 도 충분히 하 ㄹ 만 하 ㅁ,,,,,,,,,,,,,,
수강 신청 실패 하고 여석 남 는 것 줍 어서 들 었 던 것 이 ㄴ데 매우 매우 만족 하 ㅂ니다,,,,,,,,,,,,,,
시험 을 매우 쉽 게 내 시 어서 프린트 를 달달 외우 지 않 으면 A 받 기 는 힘들 ㄴ 수업 하지만 내용 자체 가 그렇게 어렵 지 ㄴ 않 아서 조금 말 ㄴ 노력 하 아도 A 나오 ㅂ니다,,,,,,,,,,,,,,
강의 력 은 잘 모르 겠 으나 교수 님 이 착하 시 고 .. 학생 들 한테 신경 도 많이 써 주 시 고 귀 여우 심 .. 성적 도 생각 보다 잘 주 시 었 음,,,,,,,,,,,,,,
교수 님 이 학생 들 많이 아끼 시 는 것 이 눈 에 보이 어서 이 좋 았 어요,,,,,,,,,,,,,,
"""처음 에 는 지루 하 기 도 하 았 고 왜 이 수업 을 듣 었 나 회의감 을 느끼 기 도 하 았 지만 "," 중 후반 부로 가 면서 나름 수업 을 즐기 었 습니다""",,,,,,,,,,,,,,
"""교수 님 이 새롭 ㄴ 시도 를 많이 하 시 어서 교실 에 가 지 않 고 페이스북 으로 수업 을 하 ㄴ 경우 도 2 번 정도 있 었 고 "," 셜록 책 내용 에 대하 어 토론 하 며 게임 을 하 았 던 수업 도 있 습니다""",,,,,,,,,,,,,,
발표 는 본인 이 소개 하고 싶 은 영화 소개 하 기 한번 있 고 이 내용 으로 시험 도 봄 영문학 작품 도 읽 게 되 는데 번역판 을 개인적 으로 구하 아 읽 어도 문제 없 음,,,,,,,,,,,,,,
하지만 4 학년 이 되 ㄴ 상황 에서 하 ㄴ 수업 에 많 은 시간 을 투자 하 는 것 은 아무래도 힘들 었 다,,,,,,,,,,,,,,
책 이나 PPT 가 딱히 없 어서 수업 내용 을 스스로 다 들 으며 필기 하 아야 하 ㅁ,,,,,,,,,,,,,,
수업 내용 보다 교수 님 들 이 재미있 다 특히 실험 교수 님 굿,,,,,,,,,,,,,,
"""실험 보고서 도 스캠  실험 시간 전 까지 업로드 "," 예비 보고서 가 생략 되 ㄴ 대신 스캠  올라오 는 10 분 15 분 정도 의 실험 동영상 매주 출 책 + 실험 시 간 에 출 책 하고 바로 폰 으로 그날 실험 하 ㄹ 내용 에 관해 퀴즈 5 문제 품""",,,,,,,,,,,,,,
최현희 교수 님 .. 박혜련 교수 님 도 보 고 서 어 열심히 쓰 면 점수 후하 게 주 시 었 고 보고서 쓸 때 도 많 은 양 을 쓰 어야 하 지 않 아서 좋 았 음,,,,,,,,,,,,,,
학생 들 에게 최대한 좋 은 쪽 으로 맞추 어 주 시 고 학생 들 입맛 도 잘 알 시 어서 편하 ㄴ 수업 이 다,,,,,,,,,,,,,,
다른 과목 에 시간 투자 좀 하 어 도 되 ㄹ 듯,,,,,,,,,,,,,,
물리 는 시험 빨 이 라는 말 이 많 으니 .. 시험 쉽 지 않 고 사실 강의 자체 도 ... 무엇 ㄴ가 재미 는 있 는데 시험 과 는 따로 놀 는 느낌 이 ㅁ,,,,,,,,,,,,,,
사람 자체 는 좋 으시 나 수업 전달력 떨어지 ㅁ,,,,,,,,,,,,,,
실험 교수 님 괜찮 은 편,,,,,,,,,,,,,,
깐깐 하 ㄴ 교수,,,,,,,,,,,,,,
시험 은 기본 기초 이런 것 네요,,,,,,,,,,,,,,
.. 딴 소리 같 겠 지만 물리 공식 유도 과정 을 따라가 기 힘들 정도 ..,,,,,,,,,,,,,,
최현희 교수 님 만큼 수업 못하 시 는 분 수업 은 많이 알 ㄴ 들 어 봣  앞 으로 절대 없 을 듯 ... 암 유발,,,,,,,,,,,,,,
팀 프로젝트 로 하 ㄴ 발표 가 훨씬 집중 이 잘 되 고 재미있 는 수준 이 ㅂ니다,,,,,,,,,,,,,,
강의 듣 을 때 는 굉장히 힘들 었 는데 지금 보 니 유익 하고 도움 많이 되 는 강의 였 어요,,,,,,,,,,,,,,
재미있 으시 고 숙제 도 없 고 좋 아요,,,,,,,,,,,,,,
그렇 다 보 니 잘못 되 ㄴ 정보 를 알리 어 주 시 는 경우 도 많 음,,,,,,,,,,,,,,
공부 하 기 ㄴ 쉽 으나 다 들 열심히 하 고,,,,,,,,,,,,,,
"""교수 님 이 다양 하 ㄴ 정보 "," 지식 을 전달 하 아 주 시 고 얻 을 것 이 많 습니다""",,,,,,,,,,,,,,
자신 이 알 는 것 을 최대한 많이 쓰 어야 좋 은 점수 를 받 을 수 있 습니다,,,,,,,,,,,,,,
교수 님 강의 가 매끄럽 지 않 은 것 은 인정 하 는데 대학 강의 평균 은 되 는 강의 이 ㅂ니다,,,,,,,,,,,,,,
중요 하고 양 많 은데 보다 는 간단 하고 잘 안 낼 것 같 은 데 서 13 나오 ㅁ,,,,,,,,,,,,,,
현 말하 아 무엇 하 리 학생 들 절대적 으로 많이 배려 하 아 줌 남 는 것 도 많 은 수업,,,,,,,,,,,,,,
"""장점 생각 보다 재미있 고 금융 투자 관련 지식 을 얻 어 가 는 것 "," 교수 님 이 알 고 계시 는 것 이 엄청 많 다는 느낌""",,,,,,,,,,,,,,
재무관리 배우 셨 으면 어렵 지 않 는 듯 하 아요,,,,,,,,,,,,,,
교수 님 이야기 도 재미있 고 실무 내용 도 많 아서 은근히 도움 되 ㅂ니다,,,,,,,,,,,,,,
수업 시간 에 딴 소리 를 많이 하 는 듯 하지만 들 으면 재미있 다,,,,,,,,,,,,,,
키 작 은 외부 강사,,,,,,,,,,,,,,
하 고 팀원 들 과 많이 애 먹 었 던 것 같 습니다,,,,,,,,,,,,,,
강의 노트 대로 수업 을 진행 하 시 는 편 이 시고 무엇 ㄴ가 굳이 수업 을 열심히 들 어 야 하 겠 다는 동기 부여 를 많이 받 지 못하 는 것 같 습니다,,,,,,,,,,,,,,
"""마지막 평가 하 는 데 에서 수업 시간 에 얼마나 참여 하 았 는지 를 질문 "," 대답 적 는 것 이 있 었 는데 이 를 보 면 수업 이 유익 하 다고 느끼 어 지 지 않 더라도 수업 은 열심히 듣 어야 겠 다는 생각 이 들 게 만들 었 습니다""",,,,,,,,,,,,,,
수업 열심히 듣 고 질문 열심히 하 면 좋 은 성적 얻 으시 ㄹ 것 이 ㅂ니다,,,,,,,,,,,,,,
코딩 을 처음 접하 는 학생 들 을 기준 으로 수업 을 진행 하 시 ㅂ니다,,,,,,,,,,,,,,
악명 높 은 다른 교수 님 들 숙제 보다 훠  얼씬 쉽 고 간단 하 아서 좋 았 습니다,,,,,,,,,,,,,,
비 대면 이 라 그렇 ㄴ지 학생 들 편의 를 많이 봐주 시 는 것 같 음,,,,,,,,,,,,,,
시험 전 에 내용 짚 어 주 시 어서 공부 하 ㄹ 내용 이 조금 줄 기 는 하 는데 객관식 을 책 에 있 는 내용 말 고 말 로 하 ㄴ 내용 을 출제 하 아서 당황 하 았 어요,,,,,,,,,,,,,,
수업 도 괜찮 고 나름 만족 하 ㄴ 수업 이 었 어요,,,,,,,,,,,,,,
학생 들 의견 을 잘 반영해 주 시 고 의견 을 적극적 으로 말 하 면 들 어 주심,,,,,,,,,,,,,,
이론 에 비하 아 시험 이 어렵 습니다,,,,,,,,,,,,,,
그래도 수업 시간 에 배우 ㄴ 것 랑 알 는 거르 ㄹ 최대한 답안지 에 적 어서 제출 하고 출석 이랑 숙제 도 꼬박꼬박 다 하 니 학점 은 잘 주시 네요,,,,,,,,,,,,,,
그거 아니 어도 애 들 이 생각 보다 공부 를 알 ㄴ 하 는지 낮 은 점수 로 좋 은 학점 받 은 애 들 많 음,,,,,,,,,,,,,,
싸 강 매우 열심히 들 으면 A + 가능,,,,,,,,,,,,,,
갓 완섭BB 씨받 아도 하 ㄹ 말 없 었 는데 A - 를 주 시 ㄴ 숭실 의 학점 시 ㄴ ...,,,,,,,,,,,,,,
앞자리 수업 만 잘 들 으면 발표 기회 많이 얻 고 점수 쑥쑥,,,,,,,,,,,,,,
시험 은 이론 이 많이 나오 아요,,,,,,,,,,,,,,
수업 2 번 결석 에 2 번지 각인 가 그리하 었 는데 A + 나오 ㅁ,,,,,,,,,,,,,,
시험 기간 에 강의 PPT 랑 온라인 강의 듣 고 파이 썰 ㄴ 외우 어 가 면 평균 이상 성적 나오 ㅁ,,,,,,,,,,,,,,
온라인 강의 추상화 의 개념 을 쓰 시 오 이런 거나 오 니까 이런 내용 들 따로 적 어서 암기 하 시 면 되 ㄹ 것 같 아요,,,,,,,,,,,,,,
다 + 채우 어 주 어서 학점 도 잘 주 시 ㄴ 다 수업 시간 에 배우 었 던 내용 책 에 표시 하 아 놓 고 시험 볼 때 ㄴ 그 쪽 만 보 면서 공부 하 는 것 추천 수업 시간 에 배우 었 던 내용 만 출제 하 시 ㅁ,,,,,,,,,,,,,,
"""숙제 도 학생 들 힘들 ㄴ가 물어보 고 안 내 는 경향 이 고 "," 학점 + 로 채우 어 주 는 것 은 좋 음""",,,,,,,,,,,,,,
강의 력 은 괜찮 고 숙제 도  네 A 받 기 는 어려움 아쉽 었 음,,,,,,,,,,,,,,
일주일 에 한 번 씩 내 는 숙제 와 수업 시간 에 하 고 가 아야 되 는 숙제 가 힘 들 ㅁ,,,,,,,,,,,,,,
교수 님 수업 듣 기 ㄹ 매우 자 ㄹ 하 ㄴ 것 같 음,,,,,,,,,,,,,,
코딩 을 배우 는 것 라서 열심히 하 면 도움 은 많이 되 는 교양인 것 같 아 요 요즘 에 는 코딩 이 필수 라고 하 니까 학교 에서 배우 는 교양 이 라서 구체적 이 ㄴ 부분 까지 다루 지 는 않 지만 기초적 이 ㄴ 부분 은 배우 ㄹ 수 있 는 수업 이 에 요 코딩 이 이런 거구 나 하 는 정도,,,,,,,,,,,,,,
"""굳이 시험 에 는 안 나오 더라도 "," 그때 배우 는 응용력 이 시험 문제 푸 는 데 도움 주 었 음""",,,,,,,,,,,,,,
하지만 교수 님 께 도움 받 을 수 있 어서 컴 알 못 도,,,,,,,,,,,,,,
교수 님 친절 하 시 어요,,,,,,,,,,,,,,
시험 은 두 번 온라인 이랑 오프라인 에서 배우 ㄴ 내용 을 시험 치 는데 이번 에 중간 는 조금 외우 는 부분 이 많 았 고 기말 은 좀 쉽 었 어요,,,,,,,,,,,,,,
교수 님 친절 하 시 어요,,,,,,,,,,,,,,
학생 들 편의 를 상당히 많이 봐주 시 ㅂ니다,,,,,,,,,,,,,,
컴퓨터 언어 를 배우 ㄴ다고 하 아서 지레 겁 먹 었 는데 교수 님 이 친절 하고 알 기 쉽 게 강의 하 아 주 시 어서 도움 이 되 었 습니다,,,,,,,,,,,,,,
시험 은 중간 기말 둘 다 객관식 조금 이랑 대부분 단답 식 으로 이루어지 어 있 었 고 교수 님 께서 제시 하 시 ㄴ 시험 범위 열심히 읽 어 보 고 프로그램 으로 직접 해보 시 면 괜찮 게 보 ㄹ 수 있 으시 ㄹ 것 에 요 숙제 는 보고서 쓰 고 그거 발표 하 는 영상 찍 어서 올리 는 조 별 숙제 하나 있 었 어요,,,,,,,,,,,,,,
온라인 수업 은 그냥 그런데 오프라인 수업 은 재미있 어요,,,,,,,,,,,,,,
교양 수업 으로 적합 하 다는 생각 이 들 ㅂ니다,,,,,,,,,,,,,,
목소리 가 참 좋 으시 어요,,,,,,,,,,,,,,
공부 하 ㄹ 때 ㄴ 화 나 았 지만 그래도 배우 ㄹ 것 이 많 아서 좋 았 어요,,,,,,,,,,,,,,
나 는 4 점 주 었 는데 배우 는 내용 이 빈약 하 아서 무엇 ㄴ가 시간 아깝 ㅁ,,,,,,,,,,,,,,
50 분 수업 이 ㄴ 만큼 출석 체크 를 꼼꼼히 하 시 었 던 것 같 고 시험 은 중간 기말 두 번 보 는데 교수 님 이 시험 전 시간 에 짚 어 주 시 는 거만 공부 하 아도 되 ㅁ,,,,,,,,,,,,,,
문과 생 이 처음 으로 IT 분야 에 관심 갖 게 하 아 주 시 ㄴ 교수 님 진짜 좋 아요,,,,,,,,,,,,,,
시험 이 쉽 기 는 하 았 는데 전혀 안 배우 ㄴ 부분 이 나오 았 음,,,,,,,,,,,,,,
젊 으시 어서 학생 들 과 말 도 잘 통하 고 친근 하 게 대하 어 주 시 ㅂ니다,,,,,,,,,,,,,,
"""교 필 이 라 꼭 듣 어야 하 는 수업 이 라서 그냥 듣기 에 ㄴ 무난 하 ㄴ데 "," 수업 이 그다지 컴퓨팅 적 사고 를 하 기 에 ㄴ 도움 이 안 되 는 것 이 더 아쉽 ㄴ 수업""",,,,,,,,,,,,,,
그런데 교수 님 자체 는 착하 시 ㄴ 것 같 음,,,,,,,,,,,,,,
괜찮 으시 ㄴ 교수 님 같 으나 무엇 이 ㄴ가 를 전문적 으로 배우 기 는 좋 지 않 은 듯 하 ㅁ,,,,,,,,,,,,,,
교수 님 께서 워낙 젊 으시 고 학생 들 에게 점수 를 많이 주 시 려고 노력 하 는 분 이 시 ㅂ니다,,,,,,,,,,,,,,
"""열심히 외우 면 중간 에서 높 은 점수 얻 을 수 있 고 "," 기말 는 파이 썰 ㄴ 내용 이 ㅂ니다""",,,,,,,,,,,,,,
기 말 때 ㄴ 기본 상식 으로 풀 어도 되 ㄹ 것 을 괜히 시간 투자 하 아서 공부 하 았 네요,,,,,,,,,,,,,,
다만 그런 만큼 강의 를 듣 고 무엇 이 ㄴ가 많이 얻 어 가 ㄴ다는 느낌 은 없 자기 만 실수 안 하 고 잘 따라가 면 A 범위 에서 는 무난히 받 으시 ㄹ 수 있 을 듯,,,,,,,,,,,,,,
근데 시험 이 쉽 어서 학점 나오 기 가 힘들 다,,,,,,,,,,,,,,
.. 시험 도 그냥 배우 ㄴ 데 서 나오 ㄴ다고 해 놓 고 이것 이 배우 ㄴ 것 이 ㄴ지 .. 오프라인 수업 때 파이 썰 ㄴ 배우 ㄴ 적 도 없 는데 시험 에 나오 ㅁ,,,,,,,,,,,,,,
쉽 기 는 하 았 지만 교 피 ㄹ 중 에서 는 가장 만족도 가 높 습니다,,,,,,,,,,,,,,
여석 도 열 아 주 시 고 수업 도 잼 남,,,,,,,,,,,,,,
... 컴퓨터 많이 알 ㄴ 하고 관심 없 는 사람 한테 는 별로 재미있 는 과목 은 아니 ㄹ 듯,,,,,,,,,,,,,,
숙제 2 개 가 어렵 ㄴ 편 이 었 고 시험 은 어렵 어 요 진심 으로 ...,,,,,,,,,,,,,,
다만 많 은 것 을 얻 으려고 하 는 수업 은 아니 었 습니다,,,,,,,,,,,,,,
"""숙제 의 평가 기준 도 잘 모르 겠 고 "," 수업 도 지루 하 았 습니다""",,,,,,,,,,,,,,
필자 는 파이 썰 ㄴ 배우 ㄴ 적 없 음,,,,,,,,,,,,,,
일주일 에 오프라인 수업 이 하 ㄴ 번 이 라 배우 는 양이 꽤 많 은데 벅차 더라고요,,,,,,,,,,,,,,
교수 님 이 약간 깐깐 하 시 지만 수업 열심히 들 으면 나쁘 지 않 음,,,,,,,,,,,,,,
"""근데 앞서 많 은 사람 들 이 얘기 하 았 듯이 질문 받 으시 ㄹ 때 태도 가 ", , ," 나 의 경우 나 가 쓰 ㄴ 파이 썰 ㄴ 식의 문제점 을 질문 하 았 는데 ' 나 는 보이 는데""",,,,,,,,,,,,,,
스스로 고민하 과정 을 중요 하 게 생각 하 시 는 것 같 아서 이해 는 되 ㄴ다,,,,,,,,,,,,,,
"""다만 "," 맨 앞자리 에 는 앉 지 말길 .. 앞자리 애 들 은 꼰대 가 무엇 이 ㄴ지 알 게 되 었 다고 하 ㅁ""",,,,,,,,,,,,,,
전기 과 학생 들 이 이전 에 전력 공학 에서 배우 었 던 절연체 들 이 어떤 메커니즘 으로 절연 시키 어 주 는지 에 대하 ㄴ 떡밥 이 이 과목 에서 회수 되 ㅂ니다,,,,,,,,,,,,,,
여러모로 공부 하 기 힘들 고 점수 받 기 힘들 었 던 과목,,,,,,,,,,,,,,
열심히 잘 알리 어 주심 배우 어 두 면 많 은 도움 이 되 는 과목 교재 있 어야 시험 공부 하 ㄹ 때 매우 편하 ㅁ,,,,,,,,,,,,,,
최대한 쉽 게 알리 어 주 려고 노력 하 시 는 모습 이 보이 어서 이 감동 .... 교수 님 건강 하 시 어요,,,,,,,,,,,,,,
강의 를 듣 을 때 는 과 연 이 수업 이 도움 이 되 ㄹ까 하 았 지만 시간 이 지나 고 나니 가장 많이 도움 이 되 ㄴ 수업 .. 학점 도 잘 채우 어 주 시 고,,,,,,,,,,,,,,
하지만 따라가 ㄴ다면 실력 이 많이 늘 듯,,,,,,,,,,,,,,
학점 잘 주 는 편 이번 학기 가 온라인 이 라서 그렇 ㄴ지 도 모르 ㅁ,,,,,,,,,,,,,,
"""전자 전공 이 라 쉽 게 생각 하 지 말 으시 고 "," 차근차근 준비 하 시 면 성적 생각 보다 는 잘 주 시 ㄹ 것 이 ㅂ니다""",,,,,,,,,,,,,,
수업 은 잘 가리치 시 는 데 시험 은 많이 어렵 어 요,,,,,,,,,,,,,,
수업 은 알 ㄴ 들 었 고 숙제 는 열심히 하 았 더니 공부 가 충분히 되 어서 학점 도 잘 나오 ㄴ 듯 하 ㅂ니다,,,,,,,,,,,,,,
많이 힘들 었 지만 기 말 는 진짜 로 숙제 손 계산 열심히 해보 시 면 되 ㅂ니다,,,,,,,,,,,,,,
"""이 교수 님 처럼 열정적 으로 수업 하 시 는 분 못 보 았 고 "," 누구 보다 학생 에게 최대한 많 은 지식 을 전달 하 려 애쓰 시 는 것 수업 듣 어 보 ㄴ 사람 이 면 부정 하 기 힘들 것 이 ㅂ니다""",,,,,,,,,,,,,,
안 배우 ㄴ 것 들 많이 내 니까,,,,,,,,,,,,,,
아래 강의 평 에서 언급 하 ㄴ 상담 내용 에 대하 아서 도 동의 하 는데 자기 생각 에 따라서 강의 평가 하 ㄴ 다른 사람 들 까지 ' 객관화 못하 는 광신도 ' 로 만들 어 내 는 것 보 면 아이러니 하 ㅁ,,,,,,,,,,,,,,
교수 님 은 좋 은데 난이도 는 높 기 로 유명하 ㄴ 수업 ... 성적 이 잘 안 나오 아 도 얻 어 가 ㄹ 것 은 충분히 많 은 수업 이 다,,,,,,,,,,,,,,
"""바로바로 복습 하 아 주 시 어야 숙제 하 ㄹ 때 나 시험 공부 하 ㄹ 때 편하 실 것 에 요 수업 시작 전 에 항상 직전 클래스 에서 배우 었 던 내용 한 번 씩 짚 어 주 시 고 중간 에 쉬 는 시간 도 주 시 어서 "," 나름 무난 하 게 수강 하 았 습니다""",,,,,,,,,,,,,,
수업 시간 에 배우 ㄴ 내용 그때그때 복습 하 면 시험 다 가 와 도 많이 공부 하 ㄹ 내용 따로 없 어요,,,,,,,,,,,,,,
숙제 가 많 기 는 많 음,,,,,,,,,,,,,,
숙제 는 난이도 와 별개 로 많이 귀찮 은 것 이 사실 이나 실력 향상 에 는 도움 이 되 ㄴ다,,,,,,,,,,,,,,
강의 는 열심히 듣 을 필요 없 고 필기 말 ㄴ 잘 하 아,,,,,,,,,,,,,,
"""수업 시간 에 틀 어 주 는 드라마 집 에 가 아서 놀 는 셈 치고 보 면 매주 보 는 단어 시험 "," 관용 어구 시험 외우 는데 도움 많이 되 고 편하 다""",,,,,,,,,,,,,,
모 교수 님 이 그릇 이 작 다고 하 ㄴ 평가 가 나 적절 하 ㅁ,,,,,,,,,,,,,,
기본적 으로 ' 배우 겠 다고 ' 온 사람 들 을 욕하 고 까 면서 자기 지식 을 늘어놓 기 에 ,,,,,,,,,,,,,,
얼 ㄴ 행 불일치 의 대표 주자,,,,,,,,,,,,,,
하지만 그만큼 배우 ㄹ 것 이 많 고 흥미 로 울 ㄴ 수업 이 라고 생각 되 ㅁ,,,,,,,,,,,,,,
수업 내용 도 보통 만 하 어 도 진짜 알 참,,,,,,,,,,,,,,
라고 다 들 평가 하 지만 솔직히 수업 은 전기 과 교수 님 중 최고 로 잘 하 시 고 질문 하 면 학생 안 가리 고 매우 잘 받 아 주심,,,,,,,,,,,,,,
개인적 으로 배우 ㄹ 점 이 많 고 설명도 핵심 만 전달 하 아 주 시 어서 좋 았 음,,,,,,,,,,,,,,
중간 중간 수업 분위기 를 환기 시키 기 위하 아 수업 외적 이야기 를 하 아 주 시 어서 즐겁 었 다,,,,,,,,,,,,,,
예제 를 안 풀 어 주 어서 혼자 공부 하 기 힘들 었 음,,,,,,,,,,,,,,
계속 틀림 확실히 강의 력 이 부족 하 시 ㅁ,,,,,,,,,,,,,,
시험 은 중간 2 번 기말 한 번 총 세 번 보 았 는데 .. 하 .. 그래서 그런 가 학기 내내 가 시험 기간 이 었 어요,,,,,,,,,,,,,,
교수 찾아가 서 배우 면 되 는 것 아니 냐고,,,,,,,,,,,,,,
라고 말씀 하 시 는 부분 들 이 있 는데 그런 부분 들 을 잘 캐치 하 아 두 면 시험 에 많 은 도움 이 되 ㅁ,,,,,,,,,,,,,,
교수 님 과 강의 자체 도 흥미 로 울 ㄴ 수업 이 ㅂ니다,,,,,,,,,,,,,,
팀 프로젝트 과정 에 약간 어렵 ㄴ 부분 도 있 지만 잘 출석 하고 팀원 들 과 수업 시간 에 만 열심히 참여 하 면 교수 님 께서 는 A 를 꼭 주 시 는 혜자 스럽 ㄴ 수업 이 ㅂ니다,,,,,,,,,,,,,,
실제로 유용 하 ㄴ 정보 들 을 배우 ㄹ 수 있 음,,,,,,,,,,,,,,
교수 님 께서 지루 하 지 않 게 가르치 어 주심,,,,,,,,,,,,,,
다만 팀 프로젝트 후 조원 평가 를 하 는데 그때 같 은 조 에서 별 일 안 하 ㄴ 놈 들 끼리 조작 하 아서 팀원 평가 도 상 을 주 ㄴ다는 얘기 를 나 의 앞 에서 하 았 을 때 아가리 를 벌리 어서 변기 물 을 그 안 에 다 넣 고 싶 었 음,,,,,,,,,,,,,,
그래도 교수 님 이 나름 배려 하 아 주 시 어서 점수 널 너 ㄹ 하 게 주 시 ㅂ니다,,,,,,,,,,,,,,
교수 님 도 엄청 열정적 으로 준비 하 아 오 시 는 것 이 느끼 어 지 고 많이 얻 어 가 ㄹ 수 있 었 습니다,,,,,,,,,,,,,,
가 았 다 학생 질문 이 무엇 이 었 길래 저런 답변 을 하 는 가 의문 이 들 ㄴ다,,,,,,,,,,,,,,
재미 도 없 고 배우 ㄴ 것 도 없 고 남 는 것 이 없 는 수업,,,,,,,,,,,,,,
.. 배우 ㄴ 것 도 없 고 남 은 것 도 없 음,,,,,,,,,,,,,,
교수 님 께서 기말 채점 기준 을 명확히 가지 고 계시 어서 억울 하 아도 소용없 어요,,,,,,,,,,,,,,
수업 내용 은 그냥 쏘 쏘 하 ㅁ,,,,,,,,,,,,,,
전반적 으로 는 만족 스럽 ㄴ 수업 이 었 다,,,,,,,,,,,,,,
자잘 하 게 하 ㄹ 것 이 많 았 지만 저 의 때 만 하 ㄴ다면 점수 잘 받 을 수 있 습니다,,,,,,,,,,,,,,
밑 에 교수 성향 영상 등 에 대하 어 얘기 많 은데 미국 영상 매체 보편적 이 ㄴ 추세 에 따라서 주로 말 하 고 대중적 이 ㄴ 작품 들 로 보이 어 주 어 딱히 사상 을 강요 하 거나 그런 것 은 안 느끼 어 지 ㅁ,,,,,,,,,,,,,,
서술 형 은 최대한 자세히 쓰 기 ㄹ,,,,,,,,,,,,,,
"""예 를 들 어 "," LGBT 관련 주제 만 하 더라도 사람 이 그런 성향 을 가지 고 있 으면 자유국가 이기 때문 에 서로 좋아하 는 감정 을 가 지 는 것 은 이해하 ㄹ 수 있 습니다""",,,,,,,,,,,,,,
이 처럼 어떤 주제가 되 던 중립적 으로 양쪽 의 입장 을 다루 는 것 이 좋 다고 생각 하 는데 교수 라는 직업 을 가지 고 사상 을 강요 하 는 것 은 전혀 옳 은 방향 이 아니 ㅂ니다,,,,,,,,,,,,,,
영화 틀 어 주 시 ㄹ 때 면 수업 날로 먹 는 것 처럼 보이 기 도 하 는데 굉장히 열정적 이 시 고 수업 에 애착 이 많 아 보이 시 어요,,,,,,,,,,,,,,
일단 강의 내용 도 이상 하 ㅁ,,,,,,,,,,,,,,
수업 내용 1 도 쓸모없 고 도움 안 되 ㅁ,,,,,,,,,,,,,,
수업 은 재미있 게 듣 을 수 있 지만 영어 잘하 는 사람 들 이 많 다,,,,,,,,,,,,,,
은근히 한국 비하 많이 하 고 고집 이 세심,,,,,,,,,,,,,,
"""수업 때 딴 짓 안 하 고 영상 보 고 "," 교수 님 설명 만 잘 들 으면 따로 공부 많이 안 하 아 도 성적 잘 나오 시 ㄹ 것 에 요""",,,,,,,,,,,,,,
교수 님 재미있 고 넓 은 시야 로 보 ㄹ 수 있 도록 많이 돕 아 주 는 편,,,,,,,,,,,,,,
수업 시간 때 마다 서로 의 의견 을 제시 하 는데 꽤 유익 하 았 던 시간 이 었 음,,,,,,,,,,,,,,
교수 님 이 주 시 ㄴ 자료 보 고 그 수업 에 배우 ㄴ 내용 으로 토론 하 는 것 이 ㄴ데 하 ㄹ 말 ㄴ 하 ㅁ,,,,,,,,,,,,,,
"""", , ," 깊 게 들어가 기 보다 는 중요 하 ㄴ 부분 만 설명 하 아 주 시 는 느낌 이 더 강하 았 다""",,,,,,,,,,,,,,
강의 력 은 진짜 최고 시 ㅂ니다,,,,,,,,,,,,,,
학생 들 이 궁금 하 아 하 ㄹ 것 같 은 것 도 미리 생각 하 시 고 수업 시간 에 얘기 하 아 주 시 고 세세 하 게 가르치 어 주 시 ㅂ니다,,,,,,,,,,,,,,
"""단 ", 중간 까지 프로젝트 나오 기 전 까지 는 안드로이드 맛보기 같 은 느낌 으로 GUI 구성하 레이아웃 파트 가 거의 저 는 부인 데 ," 수업 에 관심 을 못 가 지 실 가능성 이 높 고 교수 님 도 그렇게 좋아하 는 파트 가 아니 기 때문 에 조금 지루 하 시 ㄹ 수 있 어요""",,,,,,,,,,,,,,
시험 은 본인 실력 과 별개 로 수업 시간 내용 필기 를 전부 외 우 시 면 되 ㅂ니다,,,,,,,,,,,,,,
어차피 코딩 으로 먹 고 사실 분 들 이 많 을 터 이 ㄴ데 자기 프로젝트 에 뭐 가 필요 하 면 어떻하 게 든 배우 어서 써먹 을 노력 만 열심히 하 면 플젝 구현 에 는 아무런 문제 없 어요,,,,,,,,,,,,,,
배우 ㄹ 점 이 많 고 예비 교사 로서 많 은 것 을 생각하 아 보 게 되 는 수업 이 다,,,,,,,,,,,,,,
입문 다음 수업 이 라 중국어 를 아예 처음 배우 는 사람 에게 는 수업 꽤 어렵 ㄹ 듯 하 ㅁ,,,,,,,,,,,,,,
HSK 3 급 이상 이 신 분 들 이 들 으면 도움 되 ㄹ 것 같 아요,,,,,,,,,,,,,,
"""학점 이 원래 후하 시 ㄴ 편 이 ㄴ지 는 자 ㄹ 모르 겠 지만 "," 중국어 실력 향상 에 는 확실히 도움 되 ㄹ 것 같 아요""",,,,,,,,,,,,,,
꼼꼼히 설명 해주시 고 매주 있 는 숙제 도 시험 준비 하 ㄹ 때 많이 도움 이 되 었 습니다,,,,,,,,,,,,,,
.. 말 많이 하 아야 되 고 그래도 재미있 었 어요,,,,,,,,,,,,,,
.. 왜 저러 지 싶 을 정도 로 자기 가 명동 가 면 사람 들 이 중국인 이 ㄴ 줄 알 ㄴ다면서 .. 본인 이 중국어 를 잘 하 ㄴ다는 것 을 어필 하고 싶 엇 던 것 같 은 데 우리 ㄴ 단번에 ' 그렇 ㄹ 만 도 ' 싶 게 말 ㄴ 듬 옷 도 외모 도 중국인 같이 입 고 다니 ㅁ,,,,,,,,,,,,,,
생각 하고 중국어 공부 하고 싶 은 사람 은 강 추 교양 으로 말 그대로 중국어 기초 를 생각하 ㄴ 다면 오산 .. 중급 실력 정도 되 는 분 이 목적 적합 하 ㄹ 듯,,,,,,,,,,,,,,
시험 은 필기 열심히 하 고 .. 그럼 되 ㅁ,,,,,,,,,,,,,,
듣 지 말 으시 어요,,,,,,,,,,,,,,
생각 하 ㅁ,,,,,,,,,,,,,,
어렵 게 공부 하 아야 경쟁력 이 생기 ㄴ 더 고 생각 하 ㅂ니다,,,,,,,,,,,,,,
내용 이 어렵 기 는 한데 어 짜 피 앞 으로 배우 ㄹ 내용 에 바탕 이 되 는 것 니까 듣 는 것 이 좋 을 것 같 다는 생각,,,,,,,,,,,,,,
수업 도 열심히 하 시 고 온라인 도 열심히 올리 어 주 시 ㄴ다,,,,,,,,,,,,,,
진짜 수업 진짜 잘 하 시 고 학생 배려 가 넘치 심 ..,,,,,,,,,,,,,,
"""학점 잘 챙겨주 시 고 "," 소통 많이 하 아 주 시 ㅁ""",,,,,,,,,,,,,,
온라인 이 어서 문제 도 쉽 게 냐 주 시 었 고 예시 를 많이 듷  주 시 어서 좋 았 습니다,,,,,,,,,,,,,,
수업 준비 철저 하고 다양 하 ㄴ 자료 를 보여주 려고 노력 하 시 ㅁ,,,,,,,,,,,,,,
노력 하 ㄴ 만큼 학점 주심,,,,,,,,,,,,,,
근데 수업 자료 들 보 면 편파적 이 ㄴ 자료 들 이 좀 있 음,,,,,,,,,,,,,,
수업 은 열심히 하 시 어서 배우 ㄹ 것 은 많 지만 속앓이 를 하 게 되 는 상황 이 발생 하 ㄹ 수 도 있 음,,,,,,,,,,,,,,
"""예습 을 꼭 하 아 오 라고 하 시 는데 예습 하 아 오 면 이해 잘 되 고 듣 을 만 하 ㄴ 강의 이 고 "," 대학교 입학 하 아서 듣 은 가 의 중 에 가장 기억 에 남 는 강의 이 ㅂ니다""",,,,,,,,,,,,,,
성적 받 기 어렵 다고 들 ㄹ 많이 그러 는데 열심히 하 면 진짜 따라오 게 되 어 있 어요,,,,,,,,,,,,,,
영문학 과 교수 님 이 시 어서 외국 문화 에 대하 어 잘 알리 어 주 시 고 영화 나 음악도 좋아하 시 어서 여기저기 서 다양 하 ㄴ 이야기 를 하 아 주 시 어서 유익 하 ㅁ,,,,,,,,,,,,,,
굉장히 유익 하 ㄴ 수업 교수 님 과 함께 책 을 읽 어 내려가 던 수업 시간 이 나 즐겁 었 습니다,,,,,,,,,,,,,,
다만 시험 이 많이 어렵 습니다,,,,,,,,,,,,,,
이번 학기 교수 님 께서 많이 바쁘 시 ㄴ 바람 에 다소 허둥지둥 하 시 는 모습 을 보이 어 주 시 었 으나 강의 내용 전달 은 매우 잘 하 아 주 시 어서 꽤 만족,,,,,,,,,,,,,,
들 으면 오히려 본인 한테 손해 .. 듣 고 있 기 시간 아깝 ㄴ 개소리 만 많이 하 ㄹ 뿐 시험 에 도 인생 에 도 도움 안 되 ㅁ,,,,,,,,,,,,,,
특히 문학 을 해석 하고 이해 하 는 것 에 대하 어 많 은 존중 을 하 아 주 시 ㅂ니다,,,,,,,,,,,,,,
진짜 러시아 에 대하 아서 1 도 모르 았 는데 어느 정도 의 흐름 은 알 수 있 었 어요,,,,,,,,,,,,,,
그리고 영상 필기 열심히 하 면서 듣 고 흐름 을 외우 어서 가 니까 ㄴ 시험 도 쉽 게 칠 수 있 었 습니다,,,,,,,,,,,,,,
그래도 중간 를 보 지 않 는다는 점 이 나 크 게 외우 어야 하 ㄹ 것 없이 영상 내용 을 따라가 면서 이해 하 면 되 어서 수업 자체 는 재미있 는 듯 하 ㅁ,,,,,,,,,,,,,,
솔직히 내용 은 막 예술 에 관심 있 는 사람 아니 면 크 게 재미없 을 것 이 ㅂ니다,,,,,,,,,,,,,,
개 꾸 ㄹ 교양 이 ㅁ,,,,,,,,,,,,,,
러시아 에 대하 어 영상 으로 쉽 게 접하 ㄹ 수 있 는 좋 은 수업 이 ㅂ니다,,,,,,,,,,,,,,
다른 교양 A + 받 는 노력 의 반 만 하 어 도 되 ㅁ,,,,,,,,,,,,,,
평가 보 니까 호불호 많이 갈리 는 것 같 네요,,,,,,,,,,,,,,
"""단 "," 예술 에 관심 이 없 으면 수업 시간 이 힘들 수 있 다""",,,,,,,,,,,,,,
기 말 는 100 서술 형 이 다,,,,,,,,,,,,,,
"""같이 우리 가 관심 갖 을 수 있 는 다큐 통하 아서 러시아 지역 별로 소개 해주시 고 그 다음 에 는 순서 는 생각 안 나 는데 미술 ", 음악 ," 영화 등 예술 분야 별로 공부 하 아요""",,,,,,,,,,,,,,
영상 재미없 는 것 도 있 기 ㄴ 하지만 특히 영화 는 진짜 재미있 게 보 았 고 러시아 에 대하 어 많이 알 게 되 ㅁ,,,,,,,,,,,,,,
잘 수 밖에 없 는 수업 이 지만 러시아 가 생각 보다 괜찮 다는 것 을 알리 어 주 ㅁ,,,,,,,,,,,,,,
나름 신경 쓰 어서 공부 하 시 어야 하 아요,,,,,,,,,,,,,,
교수 님 이 도움 되 는 이야기 도 많이 해주시 고 러시아 문화 에 관해 관심 보이 면 좋 게 봐주 시 지만 출석 부르 시 ㄹ 때 뛰어넘 고 부르 시 어서 나중 에 문의 드리 면 두루뭉술 하 게 대답 하 시 는 편 이 라는 것 이 조금 걸리 는 점,,,,,,,,,,,,,,
전반적 으로 러시아 예술 에 대하 ㄴ 교양 을 쌓 는데 많 은 도움 이 되 었 다고 생각 하 ㅁ,,,,,,,,,,,,,,
일단 중간 에 러시아 이론적 이 ㄴ 내용 하 는데 기 말 에 는 거의 안 나오 ㅁ,,,,,,,,,,,,,,
교수 님 의 러시아 에 대하 ㄴ 애정 과 깊이 있 는 식견 을 느끼 ㄹ 수 있 었 습니다,,,,,,,,,,,,,,
진짜 도움 많이 되 ㅂ니다,,,,,,,,,,,,,,
즐겁 었 다 교수 님 께서 조만식 체육관 에 학생 들 세우 어 놓 고 하 ㄴ 바퀴 도시 면서 매 수업 마다 자세 교정 해주시 고 열심히 가르치 어 주심,,,,,,,,,,,,,,
별로 어렵 지 않 아서 처음 하 시 는 분 들 도 수업 시간 에 열심히 참여 하 면 좋 은 등급 받 을 수 있 을 것 같 아 요 추천 하 ㅂ니다,,,,,,,,,,,,,,
수업 .. 나 ㄹ .. 먹 ...... 나 도 강의 평가 포인트 나 ㄹ 먹 하 겠 다,,,,,,,,,,,,,,
원리 위주 로 설명 해주시 니까 강의 노트 그대로 설명 하 아 주 기 ㄹ 원 하 시 는 분 은 비추,,,,,,,,,,,,,,
중간 중간 학문 에 대하 ㄴ 흥미 를 위하 아 전자기 학 이론 과 관련 되 ㄴ 물리 현상 도 말씀 하 아 주 시 는 이런 교수 님 이 전기 과 교수 님 이 라는 것 이 자랑 스럽 습니다,,,,,,,,,,,,,,
장점 이 라면 인기 가 없 어서 재수강 생 들 이나 성적 안 좋 은 학생 들 이 많이 수 강하 아서 상대 평가 에 이득 봄,,,,,,,,,,,,,,
얻 어 가 는 것 1 도 없 고 딱 1 학년 과목 에 어울림 많이 치 어 주 어도 2 학년 1 학기,,,,,,,,,,,,,,
실습 수업 은 파이 썰 ㄴ OPENCV 로 진행 되 는데 얻 어 가 는 것 이 하나 도 없 는 것 같 습니다,,,,,,,,,,,,,,
그렇지만 머리 에 주로 남 는 내용 은 예시 들,,,,,,,,,,,,,,
가끔 씩 사례 에 대하 ㄴ 내용 이 문제 로 나오 는 것 같 은 데 그냥 무슨 내용 이 ㄴ지 정도 말 ㄴ 알 고 계시 면 되 고 이론 을 중심 으로 정리 하 시 기 ㄹ 바라 ㅂ니다,,,,,,,,,,,,,,
조원 들 과 내용 을 이해 하고 상의 하 는 데 도 굉장히 어렵 었 습니다,,,,,,,,,,,,,,
그냥 흘러가 는 과목 .. 실질적 이 ㄴ 도움 이 없 음,,,,,,,,,,,,,,
네트워크 에 대하 ㄴ 전반적 이 ㄴ 내용 을 배우 ㄹ 수 있 어서 좋 았 습니다,,,,,,,,,,,,,,
공부 많이 하 는 대로 성적 잘 나오 는 듯,,,,,,,,,,,,,,
상대 평가 이 다,,,,,,,,,,,,,,
고학 벌 ㄴ 많 고 사람 수 적 으면 학점 잘 받 기 힘들 수 있 습니다,,,,,,,,,,,,,,
공부 하 ㄹ 양이 엄청 많 은데 넓 고 깊 다,,,,,,,,,,,,,,
열심히 들 으면 성적 도 잘 나오 ㄴ다,,,,,,,,,,,,,,
대신 진도 가 빠르 니까 그만큼 많 은 양 을 얻 어 가 ㄹ 수 있 는 거라고 생각하 ㄴ 다,,,,,,,,,,,,,,
고통 뿐 이 었 음,,,,,,,,,,,,,,
네트워크 를 잘 알 시 는 만큼 즐겁 게 강의 하 시 는 교수 님 의 모습 을 보 았 다,,,,,,,,,,,,,,
시험 은 단답 형 + 객관식 으로 나오 는데 수업 내용 열심히 외우 면 되 ㅁ,,,,,,,,,,,,,,
"""결과 도 중요 하 지만 과 정 즉 "," 배우 ㅁ""",,,,,,,,,,,,,,
그런데 수업 외적 으로 이런저런 얘기 가끔 해주시 는데 그것 이 오히려 도움 이 되 었 음,,,,,,,,,,,,,,
조 모임 이 많 고 부담 이 많이 되 었 다,,,,,,,,,,,,,,
"""팀 프로젝트 은 팀 잘 걸리 는 것 이 중요 하 니 "," 시험 에 대하 ㄴ 얘기 만 하 겠 음""",,,,,,,,,,,,,,
수업 은 매우 깔끔 하고 도움 이 많이 되 는 수업 수업 열심히 듣 고 공부 열심히 하 면 성적 은 잘 나오 ㄴ다,,,,,,,,,,,,,,
배우 는 것 많 은데 ... 교수 님 엄청 똑똑 하 시 고 전문적 이 어서 확실히 배우 고 얻 어 가 는 것 많 다는 느낌 받 았 어요,,,,,,,,,,,,,,
다만 팀 프로젝트 이 많 고 발표 를 하 아야 하 는 것 이 흠 이 길 ㄴ 한데 어차피 전공 기초 니까 열심히 배우 ㄴ 다 생각 하고 들 으면 얻 어 가 는 것 은 많 아서 좋 아요,,,,,,,,,,,,,,
"""교수 님 강의 는 그냥 이론 "," 용어 읽 어 주 시 는 정도""",,,,,,,,,,,,,,
학생 평가 는 장단점 이 있 는데 수강 생 들 의 성격 에 따르 아 평가 기준 의 호불호 가 상당히 갈리 ㄴ다,,,,,,,,,,,,,,
강의 내용 은 괜찮 으나 교수 님 말투 가 좀 딱딱,,,,,,,,,,,,,,
그리고 조 별 발표 로 강의 의 한 파트 를 맡 아서 수업 을 진행 하 아야 되 는데 그냥 조원 잘 만나 야 되 ㅁ,,,,,,,,,,,,,,
보 면 A 저 의 로 는 맞 을 수 있 음,,,,,,,,,,,,,,
교재 가 있 는 것 도 아니 고 오 았 다,,,,,,,,,,,,,,
배우 ㄹ 것 은 매우 많 고 강의 력 도 훌륭 하 시 ㅂ니다,,,,,,,,,,,,,,
남 들 다 종강 하 ㄹ 때 우리 ㄴ 플젝  힘들 었 지만 그 에 대하 ㄴ 보답 을 해주시 는 것 같 다,,,,,,,,,,,,,,
#NAME?,,,,,,,,,,,,,,
생각 하 지만 이 수업 을 듣기 싫 다는 생각 은 안 들 ㅁ,,,,,,,,,,,,,,
교수 님 만 의 수업 방식 이 있 는데 적응 못하 면 수업 이 난감 하 ㅁ,,,,,,,,,,,,,,
수업 쉽 고 알차 고 많 은 말 해주시 려고 하 ㅂ니다,,,,,,,,,,,,,,
그렇지만 수업 내용 잘 이해 하 려 하 고 스스로 인터넷 등 등 찾아가 면서 공부 하 면 그렇게 어렵 지 도 않 을 것 이 ㅁ,,,,,,,,,,,,,,
중간 40 + 기말 60 혹은 기말 100 이 ㄴ데 기 말 가 전 범위 이 기 때문 에 기말 만 잘 보 는 것 은 힘들 것 같 다,,,,,,,,,,,,,,
교수 님 자체 는 츤데  나 는 귀엽 다구 생각하 았 음,,,,,,,,,,,,,,
강의 능력 을 모르 겠 다 기 보 단 본인 의지 에 따르 아 빠지 어 들 는 수업 ...,,,,,,,,,,,,,,
그리고 목소리 가 원래 작 으 신지 마이크 가 안 좋 은지 뒤쪽 에 앉 으면 목소리 가 알 ㄴ 들리 ㅁ,,,,,,,,,,,,,,
"""물론 두 번의 크 ㄴ 레포트 산과 미치 ㄴ 시험 범위 의 기 말 가 기다리 고 있 지만 "," 금융 에 흥미 가 있 고 평소 학점 관리 에 관심 이 많 은 학생 이 라면 꼭 한번 들 어 보 기 를 바라 ㄴ다""",,,,,,,,,,,,,,
화공 과 학생 들 은 교수 님 수업 열의 다 들 인정 하 ㄹ 듯 하 ㅂ니다,,,,,,,,,,,,,,
좋아하 는 과목 이 ㄴ 만큼 관심 들이 어서 그렇 ㄴ지 점수 는 잘 나오 는 듯 ... 물론 내용 은 어렵 다,,,,,,,,,,,,,,
1 학년 때 아무것 도 모르 는 상태 에서 듣 어서 그때 ㄴ 조금 어려워하 기 도 하 고 힘들 었 는데 지금 생각 하 니 이지은 교수 님 만큼 1 학년 들 상황 고려 하 아 주 시 고 이해 하 기 쉽 게 설명 해주시 는 분 이 없 는 것 같 습니다,,,,,,,,,,,,,,
1 매우 유익 하 ㄴ 수업,,,,,,,,,,,,,,
시키 는 추가 숙제 많이 하 거나 성적 잘 받 으면 A + 넉넉 하 것 이 주 시 ㅂ니다,,,,,,,,,,,,,,
학점 취득 은 둘째 치고 과목 에 대하 ㄴ 이 해도 를 확 높히 어 주 시 기 때문 에 나중 에 배우 것 이 되 는 과목 으로 들어가 ㄹ 때 도움 이 되 ㄹ 것 으로 보이 ㅁ,,,,,,,,,,,,,,
"""강의 에 대하 ㄴ 준비 도 열심히 하 아 오 시 고 "," 이런 분 이 교수 라는 직업 에 완벽히 들 어 맞 는다고 생각 하 ㅁ""",,,,,,,,,,,,,,
수업 시간 에 집중 하 아서 최대한 이해 하고 숙제 만 성실 하 게 하 면 충분히 좋 은 성적 얻 을 수 있 습니다,,,,,,,,,,,,,,
기말 랑 출 결 이 빡 세 기 는 하지만 교수 님 께서 실제 취업 관련 되 ㄴ 말씀 도 많이 해주시 고 도움 을 주 시 려고 하 ㅁ,,,,,,,,,,,,,,
그 이후 로 기존 디스플레이 와 쌩 팔 ㄴ 다른 내용 만 배우 ㄴ다,,,,,,,,,,,,,,
도움 1 도 안 되 ㄹ 뿐 더러 학점 은 매우 짜 다,,,,,,,,,,,,,,
디스플레이 취업 하 는 사람 들 도 사실 보상 회로 외 에 는 크 ㄴ 도움 도 안 되 는 과목 이 ㄴ 것 같 다,,,,,,,,,,,,,,
반도체 디스플레이 공학 에서 는 힘들 어도 내용 은 좋 았 는데 이번 수업 내용 은 별로 도움 이 안 되 네요,,,,,,,,,,,,,,
진짜 하 ㄴ 문 싫어하 는 사람 이 라도 김성훈 교수 님 높 은 강의 력 과 생각 보다 꿀 교양 이 ㅁ,,,,,,,,,,,,,,
보 면 언젠가 는 도움 이 되 ㄹ 유익 하 ㄴ 교양 수업 이 ㅂ니다,,,,,,,,,,,,,,
아주 유익 하고 남 는 것 이 있 는 수업,,,,,,,,,,,,,,
목소리 가 약간 작 으시 ㅁ,,,,,,,,,,,,,,
근데 교수 님 목소리 가 작 으시 어서 뒤 에 앉 아 있 으면 잘 알 ㄴ 들리 고 졸리 ㄹ 수 있 어요,,,,,,,,,,,,,,
"""본인 이 암기 하 는 것 에 달리 었 고 "," 수업 은 내용 이 워낙 지루하 기 ㄴ 하지만 교수 님 이 맹자 와 수업 을 아끼 시 는 것 이 보이 어서 이 좋 습니다""",,,,,,,,,,,,,,
이 수업 은 ' 한자 ' 를 배우 는 수업 이 아니 라 한자 로 되 ㄴ 문장 을 배우 는 ' 한문 ' 수업 이 시 ㄴ 것 감안 하 시 고 가 면 하 ㄴ 문 을 잘 해석 하 어 주 시 ㄴ다는 것 을 깨닫 게 되 ㅂ니다,,,,,,,,,,,,,,
과 훈 정도 만 꾸준히 숙지 하 면 시험 기간 에 그렇게 많이 외우 ㄹ 양은 아니 ㄴ 것 같 음,,,,,,,,,,,,,,
얻 어 가 는 것 도 많 고 쉽 게 배우 ㄹ 수 있 습니다,,,,,,,,,,,,,,
' 교양 ' 과목 에 어울리 는 수업 이 었 던 것 같 다,,,,,,,,,,,,,,
"""엄마 같 아 ", 아니 ㄴ 것 같 은 데 시험 안 어렵 게 조절 하 아 주 시 고 , 범위 다 알리 어 주 고 ," 수업 도 진짜 인생 에 도움 되 는 얘기 많이 해주시 고 1 학기 수업 중 에 나 가 정 제일 많이 가 았 던 교양 이 ㅁ""",,,,,,,,,,,,,,
중간 기말 총합 1000 자 정도 는 되 ㄴ 듯 A + 받 았 구 시험 은 진짜 수업 듣 은 것 필기 열심히 하 고 달달달 달 외우 면 되 ㅁ,,,,,,,,,,,,,,
교수 님 께서 열정 으로 가르치 시 고 재미있 고 유익 하 ㄴ 들 ㄹ 유래 도 알리 어 주 시 어서 수업 은 재미있 습니다,,,,,,,,,,,,,,
교양과목 이 ㄴ 특성 으로 깔 아 주 는 애 들 이 많 아서 수월 하 았 음,,,,,,,,,,,,,,
교수 님 이 수업 시간 에 하 ㄴ 문 단어 나 사자 성어 에 담기 ㄴ 고전 이야기 해주시 고 그러 는데 개인적 으로 는 흥미 로웠 음,,,,,,,,,,,,,,
그래도 그런 얘기 가 시험 에 나오 는 것 은 아니 라 그냥 수업 시간 에 하 ㄴ 귀로 듣 고 하 ㄴ 귀로 흘리 면서 하 ㄴ 문 쓰 면서 외우 는 것 이 이득 이 ㄹ 듯,,,,,,,,,,,,,,
공부 하 ㄹ 내용 도 많 고 무엇 보다 수강 생 들 실력 이 상당 하 ㅂ니다,,,,,,,,,,,,,,
열심히 하 ㄹ 각오 되 어 있 는 분 들 만 듣 으시 기 ㄹ 바라 ㅂ니다,,,,,,,,,,,,,,
한 자 에 관련 되 ㄴ 다양 하 ㄴ 지식 을 익 힐 수 있 어서 좋 았 습니다,,,,,,,,,,,,,,
"""다만 "," 시간 투자 를 많이 하 아야 되 는 것 은 아니 니 부담 가지 지 않 으시 어도 되 ㅂ니다""",,,,,,,,,,,,,,
한 문 하나 도 모르 면 시험 때 는 노력 많이 하 아야 하지만 그만큼 잘 배우 었 습니다,,,,,,,,,,,,,,
능력자 들 많 다는 것 명심 하 시 어요,,,,,,,,,,,,,,
솔직히 저 한테 ㄴ 많이 쉽 었 고 저 가 생각하 았 던 시험 난이도 에 비하 아 잘 보 ㄴ 사람 이 별로 없 었 던 것 같 아요,,,,,,,,,,,,,,
근데 지나 ㄴ 학기 에 중국인 들 이 많이 듣 어서 많이 시 끄 러웠 음,,,,,,,,,,,,,,
"""수업 자체 를 잘 못하 시 고 ", 기 초 한문 들 으러 오 았 는데 자격증 따르 아 는 둥 ," 시 사적 이 ㄴ 얘기 도 많이 하 시 ㅁ""",,,,,,,,,,,,,,
믿 보하 조 믿 고 보 는 하 지 환조 교 님 이 라고 하 는 뜻,,,,,,,,,,,,,,
실험 보고서 는 조교 마다 원하 는 스타일 이 다르 ㄹ 수 있 음,,,,,,,,,,,,,,
이것 으로 얻 어 가 ㄹ 것 은 없 고 잘못 되 ㄴ 내용 도 다수인 데 학점 따 기 는 쉽 ㅁ,,,,,,,,,,,,,,
교재 가 따로 없 고 자료 가 매우 많 아서 공부 하 ㄹ 때 혼란 스럽 지만 노력 하 ㄴ 만큼 나오 기 때문 에 열심히 하 면 좋 은 결과 를 얻 을 수 있 는 것 같 아요,,,,,,,,,,,,,,
수업 시간 에 슬쩍 다른 교수 님 들 뒷담 까 고 하 시 던데 이번 학기 는 본인 이 제일 욕 많이 먹 은 것 을 아 시 ㄹ까요,,,,,,,,,,,,,,
팀 프로젝트 조원 잘 만나 시 기 ㄹ ... 열심히 하 는 사람 들 만나 면 편하 게 잘 가 ㄹ 수 잇 어요,,,,,,,,,,,,,,
첫 번 째 보다 ㄴ 두 번 째 가 더 시간 이 많이 들 기 는 하 아요,,,,,,,,,,,,,,
교수 님 수업 은 괜찮 은데 PPT 암기 량 이 많 음,,,,,,,,,,,,,,
두 번 째 팀 프로젝트 이 진짜 시간 투자 를 많이 하 아야 되 는 숙제 이 었 음,,,,,,,,,,,,,,
숙제 량 이 많 기 는 하나 수업 중 에 배우 ㄴ 것 을 잘 적용 시키 ㄴ다면 좋 은 점수 받 을 수 있 습니다,,,,,,,,,,,,,,
팀 프로젝트 3 번 에 중간 기말 시험 이 있 어서 힘들 었 지만 많이 배우 ㄹ 수 있 음,,,,,,,,,,,,,,
교수 님 좋 으시 고 수업 시간 에 조금 이 라도 도움 이 되 ㄹ 수 있 는 것 을 가르치 려고 애쓰 시 어요,,,,,,,,,,,,,,
"""전 개인적 으로 그것 이 좋 았 고 배우 ㄴ 것 이 많 았 는데 "," 필기 하 는 그것 좋아하 고 딱딱 떨어지 는 수업 좋아하 시 는 분 들 한테 는 힘들 수도 있 습니다""",,,,,,,,,,,,,,
실험 도 재미있 고 후 에 배우 ㄹ 내용 관하 아서 도 어느 정도 지식 습득 에 도움 이 되 ㅂ니다,,,,,,,,,,,,,,
시험 으로 판가름 안 남,,,,,,,,,,,,,,
시험 문제 는 코딩 보다 는 원리 에 대하 어 많이 나오 아서 수업 잘 듣 은 것 이 도움 이 되 ㄴ 것 같 아요,,,,,,,,,,,,,,
교수 님 이 잘 알리 어 주 시 는 편 이 니 수업 열심히 들 으면 도움 이 되 ㄹ 것 이 다,,,,,,,,,,,,,,
그리고 교수 님 약간 츤  레 이 ㅁ,,,,,,,,,,,,,,
학생 들 에 대하 ㄴ 애정 이 상당히 깊 으시 다,,,,,,,,,,,,,,
필기 와 수업 보다 는 책 을 파 시 어야 하 ㅁ,,,,,,,,,,,,,,
명성대 시험 은 난이도 가 꽤 있 는 편 이 나 제대로 공부 를 하 고 싶 다면 추천 하 는 강의,,,,,,,,,,,,,,
나름 듣 을 만 하 고 학점 은 + 로 채우 어 주 시 ㄴ 듯 하 ㅂ니다,,,,,,,,,,,,,,
"""1 "," 3 번 은 쉽 었 고 2 번 은 좀 생각하 아 야 하 ㄹ 부분 이 많 았 지만 완성 은 하 았 음""",,,,,,,,,,,,,,
온라인 강의 이 ㄴ데 온라인 강의 에서 하 는 발음 이 개 오바 이 었 음,,,,,,,,,,,,,,
내용 이 상당히 많 지만 시험 공부 는 데이터베이스 응용 1 처럼 하 시 면 되 ㅂ니다,,,,,,,,,,,,,,
대부분 의 학우 들 이 점수 를 받 으므로 놓치 시 면 좋 은 학점 을 얻 기 는 힘들 시 ㄹ 것 이 ㅂ니다,,,,,,,,,,,,,,
아쉽 ㄴ 점 이 있 다면 PPT 를 강의 자료 로 올리 어 주 시 지 않 아서 책 을 사 야 하 ㄴ다는 점 ... 선배 에게 물려받 는 것 추천 드리 어요,,,,,,,,,,,,,,
다른 교수 님 들 은 빨리 수업 하 아서 집중 하 ㄹ 수 있 는데 천천히 수업 하 시 어서 집중 이 잘 안 되 ㅁ,,,,,,,,,,,,,,
괜찮 고 교수 님 도 친절 하 ㄴ데 통계 쪽 에 관심 있 으시 ㄴ 분 들 께 추천 마케팅 분야 는 비추,,,,,,,,,,,,,,
그냥 마케팅 이랑 은 좀 다르 아서 당황 하 았 네요,,,,,,,,,,,,,,
SPSS 통계 프로그램 을 배우 ㅁ,,,,,,,,,,,,,,
그래도 관련 부서 취업 준비 하 ㄹ 때 도움 이 되 었 음,,,,,,,,,,,,,,
온라인 수업 이였 음,,,,,,,,,,,,,,
키워드 이용 하 아서 서술 형 으로 쓰 는 방식 으로 공부 하 면 도움 많이 됩니 ,,,,,,,,,,,,,,
학생 들 이 이해하 ㄹ 수 있 게 굉장히 수업 을 꼼꼼 하고 잘 가르치 시 ㄴ다,,,,,,,,,,,,,,
수업 은 좋 은데 내용 이 쉽 다,,,,,,,,,,,,,,
"""강의 평이 안 좋 아서 걱정 되 기 ㄴ 하 았었 는데 "," 막상 들 어 보 니 괜찮 았 다""",,,,,,,,,,,,,,
강의 력 이 좋 으시 ㄴ 편 은 아니 지만 수업 말 ㄴ 집중 하 아서 들 으면 나름 괜찮 다,,,,,,,,,,,,,,
강의 력 과 시험 수준 학점 까지 삼 위 일체 최악 의 집합체,,,,,,,,,,,,,,
나 가 지금 까지 듣 은 수업 중 에 진짜 도움 안 되 는 수업 TOP 3 안 에 듬,,,,,,,,,,,,,,
앞 으로 배우 ㄹ 커리큘럼 에 대하 아서 도 설명 을 잘 하 아 주 시 ㅁ,,,,,,,,,,,,,,
수업 은 프린트 물 로 진행 되 는데 은근히 양이 많 고 내용 이 휘발 성 이 강하 아서 외우 기 힘들 음,,,,,,,,,,,,,,
생활 스페인어 라 걱정 많이 하 았 는데 생각 보다 유익 하고 재미있 었 다,,,,,,,,,,,,,,
다만 기초 스페인어 수업 자리 를 얻 으시 었 다면 그쪽 으로 가 시 는 것 이 더 좋 기 는 하 ㄹ 것 이 ㅂ니다,,,,,,,,,,,,,,
"""정치 ", 경제 ," 사회 등 주요 분야 를 통 시 적 으로 배우 는 만큼 흐름 을 중시 하 며 암기 하 는 것 이 포인트""",,,,,,,,,,,,,,
실무 나 취업 관련 이야기 및 상담 도 원하 시 면 다 해주시 니 적극적 으로 수업 에 참여 하고 교수 님 이 질문 하 는 것 을 굉장히 중요 하 게 생각 하 시 니 열심히 하 면 분명 얻 어 가 는 것 이 많 은 수업 이 다,,,,,,,,,,,,,,
수업 관련 되 ㄴ 재무 관리 내용 한 번 씩 읽 어 보 고 유인물 과 필기 내용 공부 하 면 이 해 에 는 무리 없 을 듯 개인적 으로 배우 는 내용 이 좋 고 교수 님 이 좋 아 추천 하 ㅂ니다,,,,,,,,,,,,,,
강의 내용 외 에 개인적 이 ㄴ 이야기 많이 하 시 었 지만 부모 님 께 감사 드리 는 마음 같 은 좋 은 이야기 많이 하 아 주 시 어서 상관 없 었 다,,,,,,,,,,,,,,
직장 을 가지 고 계시 ㄴ 교수 님 이 라 실무 얘기 를 많이 듣 을 수 있 어서 좋 았 고 교수 님 이 인간적 으로 좋 으시 ㅂ니다,,,,,,,,,,,,,,
교수 님 방식 이 대학생 은 혼자 공부 하 ㄹ 수 잇 는 능력 이 있 어야 하 ㄴ다 여서 결석 많 아도 출 결 점수 는 같 음,,,,,,,,,,,,,,
수업 은 책 을 그대로 짚 어 주 는 식 이 어서 그렇게 열심히 알 ㄴ 들 었 지만 혼자 공부 하 아도 충분 하 았 고 교수 님 이 좋 으시 ㄴ 분 이 었 음,,,,,,,,,,,,,,
전자공학 하 면서 신호 처리 에 대하 어 솔직히 배우 었 다는 생각 은 이번 이 처음 이 다,,,,,,,,,,,,,,
그리고 시험 도 원리 위주 여서 평소 에 공부 하 았 다 면 굳이 시험 공부 많이 오랫동안 안 하 아 도 잘 풀 수 있 음,,,,,,,,,,,,,,
자기 하 기 나름 하 아야 하 는 것 은 많 지만 이 만큼 학생 생각하 아 주 는 교수 님 찾 기 힘들 지 않 을까 싶 어요,,,,,,,,,,,,,,
수업 도 잘 설명 해주시 고 최고,,,,,,,,,,,,,,
"""교수 님 께서 학생 들 입장 에서 생각하 아 주 시 고 "," 좋 은 언어 로 피드백 해주시 는 모습 이 좋 았 습니다""",,,,,,,,,,,,,,
"""특히 수학 의 기초 "," 증명 위주 수업 이 라 남 는 것 이 많 음""",,,,,,,,,,,,,,
............ 대신 얻 는 것 은 없 음,,,,,,,,,,,,,,
결국 잘 나오 려면 시험 을 잘 보 아야 하 는데 꼼꼼 하 게 하나하나 씩 채점 하 시 어서 생각 보다 점수 얻 기 는 힘 들 ㅁ,,,,,,,,,,,,,,
"""행렬 ", 최적화 문제 ," 미분 등등 배우 ㅂ니다""",,,,,,,,,,,,,,
진짜 교수 님 이 나 보고 직접 전화 로 지금 부터 이 라도 수업 나오 아서 시험 치 면 F 는 알 ㄴ 줄 거라고 말씀 하 시 어서 기말 60 점 받 았 는데 그냥 F 주심 성적 나오 자마자 어이 가 없 고 머리 가 멍 해지 더라 내년 에 ㄴ 이 산수 학 하 시 는데 수업 듣 어야 하 나 고민 까지 하 게 말 ㄴ 심 저 의 발 다른 교수 님 으로 바꿔주 셨 으면,,,,,,,,,,,,,,
저 에게 ㄴ 인생 교수 님 이 었 습니다,,,,,,,,,,,,,,
교수 님 께 불만 을 갖 기 전 에 먼저 본인 을 되돌아보 는 것 이 좋 을 듯 하 ㅂ니다,,,,,,,,,,,,,,
나름 도움 되 는 내용 도 많 았 고 그냥 노력 과 결과 가 비례 하 는 듣기 좋 은 교양 이 었 다,,,,,,,,,,,,,,
그래도 배우 는 내용 이 유익 하 ㅁ,,,,,,,,,,,,,,
인생 에 대하 어 생각하 아 보 ㄹ 수 있 어서 유익 하 았 다,,,,,,,,,,,,,,
알차 서 전혀 관심 없 던 중국 사회 문화 제대로 배우 ㄹ 수 있 었 습니다,,,,,,,,,,,,,,
책 은 필요 없 고 수업 에 배우 ㄴ 내용 필기 만 꼼꼼이 하 면 시험 은 배우 ㄴ 내용 바탕 으로 자기 생각 쓰 는 것 라서 성적 잘 주 시 어요,,,,,,,,,,,,,,
받 았 다 하 더라도 세상 에 ㄴ 여러 의견 이 존재 하 ㄴ다,,,,,,,,,,,,,,
정치색 엄청 짙 으시 고 수업 내용 의 40 프로 가 현 정권 비판 이 고 세월호 얘기 하 시 고 수업 도 엄청 지루 하 ㄴ데 교수 님 이 중국 뿐 만 아니 라 다른 분야 에서 도 지식 이 많 으시 고 이것저것 얘기 많이 하 어 주 심,,,,,,,,,,,,,,
중국 에 대하 아서 알 는 지식 이 거의 없 어서 듣 게 되 었 는데 솔직히 수업 시간 에 많이 힘들 었 어요,,,,,,,,,,,,,,
기 말 은 논술식 이 었 는데 평가 기준 이 무엇 이 었 는지 도 모르 겠 음,,,,,,,,,,,,,,
"""학생 들 에 대하 ㄴ 애정 과 관심 이 아주 높 으시 어서 강의 준비 는 잘 하 아 오심 "," 사실 빡 세 ㄴ 과목 이 었 는데 하 는 만큼 받 아 가 는 얻 어 가 는 뜻 깊 은 수업 이 었 음""",,,,,,,,,,,,,,
수업 열심히 들 으면 교수 님 이 복습 도 많이 하 시 어서 따라가 기 쉽 습니다,,,,,,,,,,,,,,
"""회계사 "," 세무사 수험 생 이 많이 수강 하 는 과목 이 ㅂ니다""",,,,,,,,,,,,,,
그런데 수업 막판 에 교수 님 이 하 시 ㄴ 말 ' 기말 은 출석부 를 옆 에 두 고 채점 하 겠 습니다,,,,,,,,,,,,,,
그러 다 보 니 교육적 이 ㄴ 측면 에서 는 배우 려는 사람 에게 는 많이 지루 하 ㄴ 편 이 고 그렇게 뜻 깊 게 배우 었 다는 의미 는 들 지 않 음,,,,,,,,,,,,,,
심리학 이나 상담학 에 흥미 가 있 다면 좋 은 수업 이나 ... 관심 1 도 없 다면 아주 지루 하 ㄴ 수업 ..,,,,,,,,,,,,,,
수업 을 이해 시키 어 주 시 려고 최선 을 다 해주시 는 것 같 아 요 그냥 수업 때 마다 열심히 들 어 놓 으면 학점 은 그만큼 따라오 는 것 같 아요,,,,,,,,,,,,,,
목소리 가 호불호 좀 갈리 ㄹ 수 있 지만 강의 력 이 압도 하 ㅂ니다,,,,,,,,,,,,,,
"""이론 중간 "," 기말 그리고 실험 시험 까지 총 3 번 의 시험 을 봄""",,,,,,,,,,,,,,
영상 으로 수업 하 시 어서 서툴 어 하 시 는 부분 이 있 었 지만 수업 도 재미있 었 고 이해 하 기 쉽 었 음,,,,,,,,,,,,,,
무난 무난 하 ㄴ 강의 이 었 습니다,,,,,,,,,,,,,,
영어 수업 이 다,,,,,,,,,,,,,,
그러나 재미있 게 잘 하 시 고 성격 좋 으시 ㅁ,,,,,,,,,,,,,,
수업 시간 에 발표 많이 하 아야지 점수 가 좋 게 나오 기 는 하 는 데,,,,,,,,,,,,,,
항상 밝 게 웃 으시 면서 수업 재미있 게 이 끌 어 주 시 고 학생 들 에 대하 ㄴ 배려 가 최고 에 요,,,,,,,,,,,,,,
회화 에 상당히 도움 이 되 ㅁ,,,,,,,,,,,,,,
"""영어 실력 과 상관없이 자신감 있 게 수업 참여 하 면 되 고 "," 스피 킹 실력 향상 에 굉장히 도움 많이 되 ㅁ""",,,,,,,,,,,,,,
학생 개개인 에게 도 많이 도움 주 려고 노력 하 시 ㅁ,,,,,,,,,,,,,,
그냥 편하 ㄴ 교양 수업 이 라고 생각 하 면 되 ㄴ다,,,,,,,,,,,,,,
시험 은 없 고 발표 2 번 + 에세이 2 번,,,,,,,,,,,,,,
갓 마크 .... 귀 여우 시 고 재미있 고 수업 도 15 분 정도 일찍 끝내 주심 수업 도 재미있 고 심지어 시험 까지 재미있 음,,,,,,,,,,,,,,
넘넘 귀엽 고 수업 도 재미있 음 진짜 친절 하 시 고 재미있 는 것 도 많이 하 ㅁ,,,,,,,,,,,,,,
평소 에 수업 을 적극적 으로 듣 고 참여 하 았 다 면 좋 은 점수 를 얻 을 수 있 었 다고 생각 하 ㅂ니다,,,,,,,,,,,,,,
근데 어렵 ㄴ 만큼 또 유익 하고 깊 게 생각 하 는 계기 가 되 어서 저 는 좋 았 어요,,,,,,,,,,,,,,
자신 의 생각 을 버벅거  괜찮 으니깐 잘 전달 하 면 좋 은 성적 받 을 수 있 을 가 에 요,,,,,,,,,,,,,,
그래도 수업 은 재미있 게 진행 하 시 고 적극적 으로 참여 하 시 면 배우 어 가 ㄹ 것 도 많 고 생각 도 많이 하 게 되 는 수업 이 에요,,,,,,,,,,,,,,
중간 기말 은 스피치 나 책 의 일부분 을 읽 고 분석 하고 자기 주장 을 하 는 방식 으로 진행 되 ㅂ니다,,,,,,,,,,,,,,
원래 갖 고 있 던 영어 실력 보다 향상 되 ㄴ 영어 실력 을 중시 하 니까 ㄴ 열심히 하 는 모습 보이 면 되 ㅂ니다,,,,,,,,,,,,,,
열심히 참여 하고 수업 시간 에 배우 ㄴ 것 만 잘 써먹 으면 학점 은 잘 주 시 는 듯,,,,,,,,,,,,,,
진짜 소통 하 실리 어 고 노력 하 시 고 좋 습니다,,,,,,,,,,,,,,
영어 를 배우 기 에 수업 내용 이 참 좋 았 다고 생각 하 ㅁ,,,,,,,,,,,,,,
숙제 에 대하 ㄴ 시간 을 좀 더 주 었 으면 좋 았 을 거라 생각 하 ㅂ니다,,,,,,,,,,,,,,
누구 가 숙제 나무라 고 강의 평가 에 적 어 놓 았 던 데 그거 진짜 이 ㅁ,,,,,,,,,,,,,,
숙제 는 많 았 지만 그만큼 도움 이 많이 되 었 던 수업 일주일 에 한 번 씩 조원 들 고 영어 프리토킹 30 분 녹음 이 있 지만 덕분 에 영어 회화 실력 에 도움 이 되 었 음,,,,,,,,,,,,,,
그리고 수업 시간 에 발표 하 거나 궁금 하 ㄴ 것 적극적 으로 물어보 면 좋아하 시 고 그날그날 포인트 도 쌓 이 ㅂ니다,,,,,,,,,,,,,,
한국 미세먼지 가 많 아서 떠나 ㄴ다는 소문 이 ...,,,,,,,,,,,,,,
물론 출석 이 중요 하 다고 수업 에 참여 안 하 면 학점 깎이 는 거라고 보 면 되 ㄴ 달 까 수업 시간 에 발표 하 면 횟수 체크 하 는데 그것 이 참 어도,,,,,,,,,,,,,,
시키 는 대로 하 아야 하 ㅁ,,,,,,,,,,,,,,
자잘 자잘 하 ㄴ 시험 많 은데 이것 은 뭐 영어 교수 들 다 똑같 으니까 ... 근데 발표 를 매우 중요 하 게 생각 하 ㅁ,,,,,,,,,,,,,,
영어 에 흥미 도 많이 생기 고 재밌 엇 음,,,,,,,,,,,,,,
영어 공부 에 대하 어 많 은 고민 을 하 ㄴ 모습 이 보이 어요,,,,,,,,,,,,,,
다만 영어 1 과목 만 으로 영어 실력 이 향상 되 는 것 은 힘들 듯 하 ㅂ니다,,,,,,,,,,,,,,
.. 그냥 수업 시간 에 말 좀 많이 하 시 고 시험 도 열심히 하 는 모습 보이 시 면 되 ㅂ니다,,,,,,,,,,,,,,
보 면 왜 하필 저 교수 님 이 나 의 영어 교수 님 이 ㄴ 가 하 ㄹ 때가 많 음,,,,,,,,,,,,,,
수업 스타일 은 많이 빡 셉 니 다 요구 하 시 는 것 도 많 으시 고 같 은 영어 1 수업 친구 들 과 비교 하 아 보 아도 비슷 하 ㄴ 듯 하 지만 더 어렵 거나 요구 사항 이 있 습니다,,,,,,,,,,,,,,
보 니 조원 들 에게 도움 받 을 수 있 어서 좋 았 어요,,,,,,,,,,,,,,
... 교수 님 도 되게 유쾌 하 시 고 수업 도 재미있 음,,,,,,,,,,,,,,
성적 이 딱 생각하 ㄴ 만큼 나오 아서 그런 가 암튼 만족,,,,,,,,,,,,,,
"""출석 ", 중간 스피 킹 , 기말 스피 킹 ," 기말 라이팅 이렇게 나누 어서 성적 매기 심 수업 중 에 한국어 쓰 는 것 싫어하 시 고 수업 중 에 서툴 더라도 영어 로 질문 하 거나 그러면 좋아하 시 ㄹ 것 이 ㅁ""",,,,,,,,,,,,,,
도움 1 도 안 되 는 수업,,,,,,,,,,,,,,
교수 님 강의 력 에 대하 ㄴ 혹평 이 많 다,,,,,,,,,,,,,,
호불호 많이 갈리 ㄹ 것 같 고요,,,,,,,,,,,,,,
매 수업 시간 마다 저번 에 배우 었 던 내용 을 정리 하 아 주 시 어서 강의 를 잘 들 으면 복습 도 동시 에 하 ㄹ 수 있 어서 개인적 으로 좋 았 던 수업 이 ㅂ니다,,,,,,,,,,,,,,
그래도 수업 열심히 따라오 셨 다면 시험 공부 하 시 ㄹ 때 비교적 편하 시 ㄹ 것 에 요,,,,,,,,,,,,,,
가끔 잔소리 + 도움 이 되 는 얘기 를 해주시 는 것 보 니까 학생 들 을 사랑하 시 ㄴ다,,,,,,,,,,,,,,
참고 로 나 는 A 0 이 ㅁ,,,,,,,,,,,,,,
이론 최현희 교수 님,,,,,,,,,,,,,,
강의 는 훌륭 하 니 빼먹 지 말 고 듣 을 것,,,,,,,,,,,,,,
많이 빡 세 지만 학생 을 많이 생각하 아 주 시 는 것 같 습니다,,,,,,,,,,,,,,
최현희 교수 님 한테 배우 ㄹ 때 좀 이 하 아 많이 안 가 ㄹ 수 있 어,,,,,,,,,,,,,,
마지막 으로 과목 명 은 국제통 상 정책 로 는 이 기 ㄴ 한데 .. 실질적 으로 는 무슨 정책 을 배우 는 것 이 아니 고 교수 님 이 만들 어 내 ㄴ 경험 경제학 이 라는 새롭 ㄴ 학문 을 배우 ㅂ니다,,,,,,,,,,,,,,
장담 하 는 것 은 공부 량 과 내용 은 빡 세 지만 남 는 것 도 있 고 교수 님 자체 는 학생 을 굉장히 생각 하 시 는 좋 은 분 이 시 라는 것,,,,,,,,,,,,,,
관련 지식 과 어 휘 가 남 은 것 도 있 지만 공부 하 는 태도 가 잘 적립 되 ㅁ,,,,,,,,,,,,,,
그래도 최대한 편의 도 봐주 시 고 하 니까 나쁘 지 ㄴ 않 는데,,,,,,,,,,,,,,
수업 과 배우 ㄴ 내용,,,,,,,,,,,,,,
학점 을 얻 기 위하 아서라면 듣 는 것 을 추천 하 ㄴ다,,,,,,,,,,,,,,
.. 대신 머리 에 남 는 것 1 도 없 음,,,,,,,,,,,,,,
"""처음 에 는 양도 많 고 "," 여러 가지 다 배우 는 것 같 아서 애매 하 았 는데 다 끝나 고 보 니까 수업 중간 중간 설명 해주시 는 일화 나 예시 들 이 도움 이 되 거나 생각나 ㄴ 적 이 많 았 음""",,,,,,,,,,,,,,
강의 력 은 진짜 높 아 요 수업 하나 만큼 은 꿀잼,,,,,,,,,,,,,,
킹 경민 ... 엄청 젊 어 보이 고 훤칠 하 시 다,,,,,,,,,,,,,,
학점 비율 공부 진짜 알 ㄴ 하 았 는데 + 채우 어 주 시 었 어요,,,,,,,,,,,,,,
강의 력 이 좋 으시 고 대학 에서 교양 답 은 교양 을 배우 ㄹ 수 있 는 시간 임 예술 에 관심 이 조금 이 라도 있 는 사람 이 라면 흥미 롭 게 배우 ㄹ 수 있 다고 생각 하 ㅁ,,,,,,,,,,,,,,
저 는 이 교양 덕분 에 미 슬 쪽 지식 도 늘 었 고 관심 도 늘 었 어요,,,,,,,,,,,,,,
"""학생 들 의 발표 주제가 주가 되 지만 "," 교수 님 의 지식 과 강의 력 이 뛰어나 시 어서 많 은 것 을 배우 어 가 ㄹ 수 있 는 수업 이 ㅂ니다""",,,,,,,,,,,,,,
"""저 는 프랑스 도 모르 고 예술 쪽 도 전혀 모르 았 는데 "," 프랑스 예술 에 대하 어 알 아 가 ㄹ 수 있 는 수업 이 라 재미있 었 고 교양 이 쌓이 었 어요""",,,,,,,,,,,,,,
"""교수 님 께서 즉석 에서 발표 보충 하 아 수업 진행 하 시 는 만큼 지식 이 풍부 하 시 고 "," 얻 어 가 는 것 이 많 은 수업 이 ㅂ니다""",,,,,,,,,,,,,,
매우 유익 하 ㄴ 수업 이 었 고 예술 에 관심 있 다면 들 어 보 ㄹ 만 하 ㄴ 수업 이 ㅂ니다,,,,,,,,,,,,,,
"""프랑스 의 회화 "," 영화 까지 깊 게 배우 ㄹ 수 있 어서 유익 하고 재미있 습니다""",,,,,,,,,,,,,,
한 번 더 생각하 아 보 시 는 것 이 좋 을 것 같 습니다,,,,,,,,,,,,,,
6 학점 수준 으로 개 빡 세 ㄴ 데 도움 이 많이 되 고 기억 에 많이 남 는다,,,,,,,,,,,,,,
교수 님 은 진짜 착하 시 고 학생 을 위하 ㄴ다는 것 이 보이 었 지만 수학 에 진짜 관심 1 도 없 는 문 돌이 로서 약간 힘들 ㄴ 수업 이 었 음,,,,,,,,,,,,,,
좋 은 평이 많 네 .. 나 는 우선 수학자 에 관심 1 도 없 고 수학 에 관심 없 어서 힘들 었 음,,,,,,,,,,,,,,
난이도 는 무난 하지만 꼼꼼 하 게 안 보 면 헷갈리 는 문제 가 많 음,,,,,,,,,,,,,,
라인 잡기 에 도 많 은 도움 이 되 ㅁ,,,,,,,,,,,,,,
학생 들 이 수업 에 무관심 하 기 때문 에 나라 도 열심히 듣 자는 마음 으로 들 었 던 수업 이 ㅁ,,,,,,,,,,,,,,
가끔 이것 은 투 머치 아니 ㄴ가 하 는 부분 도 하 ㄴ 두어 번 있 기 ㄴ 하 았 는데 감안 하고 듣 을 만큼 내용 이 알차 고 좋 았 음,,,,,,,,,,,,,,
마지막 으로 교수 님 이 참 멋지 ㄴ 분 이 시 어요,,,,,,,,,,,,,,
저 는 강의 들 으면서 이것 은 아니 ㄴ데 .. 싶 은 것 이 있 으면 스스로 를 객관화 하 아서 다시 생각하 아 보 려고 노력 하 았 고 이러 면서 대학 오 아서 생각 을 넓히 ㄴ다는 것 이 이런 것 은 가 싶 었 습니다,,,,,,,,,,,,,,
남자 분 이 든 여자 분 이 든 강의 그대로 받아들이 시기 보다 는 반대 입장 도 생각하 아 보 면서 듣 으시 면 충분히 도움 이 되 ㄹ 것 이 라고 생각 하 ㅂ니다,,,,,,,,,,,,,,
직간접 경험 이 많 을수록 더 재미있 고 유익 하 게 들리 는 수업 수업 시간 에 교수 님 이 강조 하 시 ㄴ 부분 만 열심히 들 어도 절대 시험 에서 난감 하 ㄹ 일 없 다,,,,,,,,,,,,,,
수업 은 솔직히 유익 하 기 ㄴ 하 ㅁ,,,,,,,,,,,,,,
남자 라 걱정 하 았 는데 았 음,,,,,,,,,,,,,,
이것 듣 고 도 페미니즘 이 불편 하 다면 자기 가 성 차별 주의 자 이 라는 것 을 인정 하고 숨기 기 위하 아 노력 하 아야 되 ㄹ 것 ..,,,,,,,,,,,,,,
이것 이 대학 교양 이 다라는 생각 이 들 ㄴ다,,,,,,,,,,,,,,
숭실대 를 다니 면서 수많 은 수업 을 들 었 지만 통틀어 서 제일 좋 은 수업 이 었 다고 생각 이 들 ㄹ 정도 로 수업 의 질 도 좋 고 유익 하 ㅂ니다,,,,,,,,,,,,,,
여성학 원래 공부 하 았었 어서 쉽 깄 지 라는 생각 으로 듣 었 는데 생각 보다 기본 과 생각하 아 보 ㄹ 만 하 ㄴ 고민거리 를 많이 얻 을 수 있 어서 좋 았 음,,,,,,,,,,,,,,
김소라 교수 님 짱,,,,,,,,,,,,,,
"""", 다양 하 ㄴ 관점 ," 잘 모르 고 지나치 었 던 부분 등 을 알 게 되 는 교양 다운 교양 이 었 습니다""",,,,,,,,,,,,,,
교수 님 도 좋 으시 고 수업 내용 도 진짜 살아가 면서 도움 많이 되 는 내용 임 꼭 들 으 셈 짱,,,,,,,,,,,,,,
배우 면서 여성학 대하 어 여러모로 알 게 되 기 ㄴ 하 ㄴ다,,,,,,,,,,,,,,
수업 이 꽤 그 책 을 많이 따라가 ㅁ,,,,,,,,,,,,,,
반론 거의 없 고 ... 온라인 토론 은 진짜 좀 바뀌 어야 하 ㄹ 듯,,,,,,,,,,,,,,
"""여성학 대하 어 자세히 배우 ㄹ 수 있 고 "," 전문가 한테 배우 ㄴ다고 생각 하 니 신뢰감 도 생기 고 좋 았 음""",,,,,,,,,,,,,,
우리 의 일상 과 관련 되 ㄴ 내용 이 라 흥미 있 게 들 었 습니다,,,,,,,,,,,,,,
어찌 되 었 던 힘 들 었 고 걱정 도 많이 하 았 지만 그만큼 남 은 것 도 많 고 생각 보다 좋 은 결과 에 참 뿌듯 하고 기분 좋 은 강의 로 남 겠 네요,,,,,,,,,,,,,,
PPT 나 강 으 자료 가 없 는 것 은 매우 아쉽 지만 녹음 보 ㄴ 필사 하 면서 느끼 ㄴ 것 이 ㄴ데 교수 님 의 문장력 과 설명력 이 대단 하 시 ㅂ니다,,,,,,,,,,,,,,
정치 에 막연 하 게 관심 이 있 었 는데 이 수업 을 듣 고 많 은 것 을 배우 었 습니다,,,,,,,,,,,,,,
자신 의 얘기 들 도 꿀잼 ... 대학 에서 모든 수업 이 이리하 았 다면 힘들 었 겠 지만 학문 을 배우 는 느낌 이 ㅂ니다,,,,,,,,,,,,,,
진짜 최고,,,,,,,,,,,,,,
수업 방식 괜찮 았 음,,,,,,,,,,,,,,
학습 을 통하 아 지식 이 쌓이 ㄴ다는 느낌 보다 는 IT 에 대하 ㄴ 배경지식 을 쌓 는 느낌 이 었 어요,,,,,,,,,,,,,,
사담 내용 도 일부 는 도움 되 지만 일부 는 자신 의 생각 을 강요 하 는 느낌,,,,,,,,,,,,,,
.. 무엇 ㄴ가 어느 정도 전공 지식 과 경험 이 쌓이 고 나 서 이 과목 을 듣 어야 훨씬 얻 고 가 는 것 이 많 을 거라고 생각 하 ㅁ,,,,,,,,,,,,,,
그리고 되게 깐깐 하 시 다,,,,,,,,,,,,,,
"""강의 재미없 다고 하 는 여론 이 많 은데 그것 ㄴ 둘째 치고 ", 같 은 강의 담당 하 시 는 교수 님 중 에 숙제 는 제일 치 어 많 고 ," 하 ㄴ 학기 동안 대략 10 장 짜리 레포트 를 5 번 요구 하 았 는데 심지어 이것 이 적 다고 말하 ㄴ 다 자꾸 1 학년 때 는 놀 아야 되 ㄴ다고 모순 되 ㄴ 방향 으로 입 을 터 니까 매우 빡 치 ㄴ다""",,,,,,,,,,,,,,
전공 과목 이 ㄴ데 남 는 것 는 1 도 없 는 과목,,,,,,,,,,,,,,
"""암튼 강의 를 들 으면서 얻 어 가 ㄹ 수 있 는 것 는 1 도 없 고 ", 몇 년 전 에 만들 어 놓 은 자료 같 은 것 그대로 재활용 하고 ," 꽤 시간 많이 잡아먹 는 팀 프로젝트 까지 있 는 기분 나쁘 ㄴ 과목""",,,,,,,,,,,,,,
하 ㄴ 주제 에서 파생 되 ㄴ 흥미 로 울 ㄴ 이야기 도 많이 해주시 고 나름 환경 에 관심 이 생기 었 음,,,,,,,,,,,,,,
교수 님 로 좋 으시 ㄴ 분 이 라서 수업 내내 즐겁 었 습니다,,,,,,,,,,,,,,
남 들 앞 에서 저 의 생각 을 조리 있 게 말 을 잘 못하 아서 이번 계기 로 한 번 열심히 배우 어 보 자 라는 생각 으로 들어가 았 는데 저 의 생각 과 는 달리 배우 러 온 학생 보다 자신 의 발표 실력 을 뽐내 러 온 사람 들 이 대부분 이 더라고요,,,,,,,,,,,,,,
... 첫 발표 때 부터 굉장히 떨 고 기 죽 어 있 었 는데 교수 님 이 항상 좋 은 말씀 해주시 고 시사 문제 에 무지 하 던 저 가 이 수업 을 통하 아 많이 바뀌 고 사회 문제 에 관심 도 가지 게 되 었 습니다,,,,,,,,,,,,,,
학교 3 년 다니 면서 최고 의 교양 이 었 다고 자부 하 ㄹ 수 있 는 그 수업,,,,,,,,,,,,,,
"""하지만 진지 하 게 들 으면 유익 하고 "," 많이 배우 어 가 ㄹ 수 있 을 거라고 생각 하 ㅂ니다""",,,,,,,,,,,,,,
그러나 많이 고생 하 면 그만큼 많 은 점수 가 따라오 는 수업,,,,,,,,,,,,,,
강의 내용 은 좋 았 지만 평소 수업 숙제 가 많 은 이 들 에게 이 수업 의 숙제 는 부담 스럽 ㄴ 수준,,,,,,,,,,,,,,
1 4 학기 동안 들 었 던 모든 수업 을 통틀어 가장 만족 스럽 ㄴ 강의 이 었 습니다,,,,,,,,,,,,,,
"""자신 의 의견 을 주장 하 는 능력 "," 토론 능력 등 이 실제 적 으로 향상 되 었 음""",,,,,,,,,,,,,,
수업 시간 에 적극적 으로 발표 하 는 것 이 무엇 보다 중요 하고 대신 시험 에 대하 ㄴ 부담 은 크 지 않 았 어요,,,,,,,,,,,,,,
교수 님 께서 철학적 이 ㄴ 이야기 도 많이 하 아 주 시 었 는데 얻 어 가 ㄹ 것 이 많 아요,,,,,,,,,,,,,,
"""수업 하 는 과정 에서 배우 ㄹ 것 도 많 고 "," 도움 이 되 었 습니다""",,,,,,,,,,,,,,
토론 은 되게 막막 하고 어렵 었 지만 이 수업 으로 토론 에 대하 ㄴ 많 은 것 을 얻 어 가 는 것 같 습니다,,,,,,,,,,,,,,
실전 토론 만 열심히 하 면 되 ㅁ,,,,,,,,,,,,,,
"""강의 도 좋 고 "," 근데 참여 랑 성적 은 다른 듯 열심히 참여 하 아도 결국 시험 이 ㄴ데 사실 시험 도 변별력 이 크 ㄴ 시험 이 아니 라 성적 은 운 이 ㄴ 것 같 습니다""",,,,,,,,,,,,,,
토론 대회 참여 나 수업 시간 내 에 적극적 이 ㄴ 태도 를 보이 는 것 이 좋 은 성적 에 도움 되 는 것 같 다,,,,,,,,,,,,,,
진짜 제대로 공부 하 ㄹ 생각 있 으면 학점 따 기 두 쉽 고 얻 어 가 는 것 도 많 음,,,,,,,,,,,,,,
"""세상 스윗 하 ㄴ 교수 님 ", ," 편안 하 게 듣 을 수 있 는 시험 이 며 학생 들 을 배려 하 시 는 것 이 느끼 어 짐 추천 하 ㅁ""",,,,,,,,,,,,,,
계속 중국인 학생 들 통 역시 켜 고 재미있 어 하 시 는데 수업 수준 도 떨어지 고 짜증 남 .. 호기심 에 그러 시 는 것 이 ㄴ지 자제 를 못하 시 는 듯 관심 도 없 는 중국인 학생 들  되 어서 다 외우 게 생김,,,,,,,,,,,,,,
시간 대비 노력 대비 학점 안 나오 ㅁ,,,,,,,,,,,,,,
... 학생 들 편의 생각하 아 서 숙제 도 빼 주 시 고 세심 하 ㄴ 부분 에서 배려 하 시 ㅂ니다,,,,,,,,,,,,,,
토론 과 커뮤니케이션 에 대하 어 가르치 는 수업 이 지만 정작 커뮤니케이션 이 되 지 않 는,,,,,,,,,,,,,,
"""한 학기 동안 배우 ㄴ 것 도 느끼 ㄴ 것 도 많 았 으며 "," 교수 님 의 열정 에 감사 하 ㅁ""",,,,,,,,,,,,,,
뭐 관심 있 으면 듣 으시 어도 되 지만 아니 시 면 매우 잠 이 오 ㄹ 것 이 며 잠 이 오 면 PPT 가,,,,,,,,,,,,,,
"""문제 는 하나 는 공부 하 ㄴ 것 그대로 적 는 내용 "," 하나 는 통일 이나 북한 에 대하 ㄴ 자기 생각 쓰 는 것 내시 고 숙제 도 생각 쓰 는 것 ㄹ로 내신 걸 보 면 생각 이나 자기 의견 적 는 것 잘하 시 는 분 이 면 유리 하 ㄹ 것 같 네요""",,,,,,,,,,,,,,
열심히 만 하 면 A + 나오 ㅁ,,,,,,,,,,,,,,
따르 아 만 가 ㄴ다면 좋 은 수업 수업 을 처음 부터 집중 하 아서 듣 어야 학점 이 잘 나오 ㄹ 수업,,,,,,,,,,,,,,
중간 중간 인생 에 도움 되 는 이야기 를 해주시 거나 책 을 소개 해주시 는데 도움 많이 되 었 습니다,,,,,,,,,,,,,,
수업 도 굉장히 열정적 으로 잘 해주시 고 학생 들 이 힘들 게 하 지 않 도록 아낌없이 알리 어 주 시 는 교수 님 짱,,,,,,,,,,,,,,
처음 에 는 영어 로 수업 하 시 어서 힘들 고 별로 이 었 는데 뒤 로 갈수록 좋 으시 ㄴ 분 이 라고 느낌,,,,,,,,,,,,,,
물론 당신 머리 가 평균 정도 수준 이 어도 그냥 수업 시간 에 하 ㄴ 내용 만 그때그때 공부 하 아도 A 는 무난 하 게 받 을 것 이 다,,,,,,,,,,,,,,
자료 는 좋 으나 혼자 공부 하 아도 되 ㄹ 만큼 강의 력 이 매우 떨어지 ㅁ,,,,,,,,,,,,,,
이 미 2 학년 때 배우 었 던 내용 복습 하 는 내용 이 많 고 이 점 에서 저 는 황교 수 님 다른 강의 를 이미 듣 어 보 ㄴ 사람 에게 는 좀 더 유리 하 겠 다는 생각 이 들 었 습니다,,,,,,,,,,,,,,
진짜 답답 하 았 습니다,,,,,,,,,,,,,,
수업 은 어렵 ㄴ 데 에 재미있 다,,,,,,,,,,,,,,
하지만 시험 평가 방식 과 채점 기준 은 ..,,,,,,,,,,,,,,
작년 임 교수 님 한테 신호 및 시스템 듣 고 올해 홍 교수 님 께 DSP 를 배우 었 는데 강의 수준 이 다르 았 어요,,,,,,,,,,,,,,
발표 점수 얻 겠 다고 수업 시간 에 저 요 저 요,,,,,,,,,,,,,,
논리적 으로 자기 생각 표현 하 는 방법 을 충분히 배우 ㄹ 수 있 다,,,,,,,,,,,,,,
질문 참여 는 학점 에 별로 영향 이 없 는 것 같 아 요 실제로 쓸데없 는 질문 도 엄청 많 았 습니다,,,,,,,,,,,,,,
글쎄 ... 평이 좋 아서 기대 하고 들 었 던 수업 이 ㄴ데 ' 글쎄 ' 같 은 수업 이 ㅁ,,,,,,,,,,,,,,
교수 님 열정 에 맞 게 성실히 수업 에 참여 하 아야 하 ㅂ니다,,,,,,,,,,,,,,
나 는 이제 까지 듣 은 과목 중 에 제일 인생 에 도움 되 는 것 같 았 다,,,,,,,,,,,,,,
플젝  진짜 2 주 우 동안 열심히 하 았 는데 시간 과 노력 대비,,,,,,,,,,,,,,
수업 열심히 잘 가르치 어 주 시 고 책 에 있 는 내용 뿐 아니 라 현직 얘기 도 가끔 하 아 주 시 어서 반도체 공정 엔지니어 를 꿈꾸 는 분 들 이 시 면 아주 크 ㄴ 도움 이 되 어 실 것 에 요,,,,,,,,,,,,,,
달 원 찡 재미있 고 강의 잘 가르침 1 학년 들 은 들 어 두 면 미 시 나 거시 공부 하 ㄹ 때 많이 도움 되 ㄹ 것 이 다,,,,,,,,,,,,,,
수업 을 일단 알 ㄴ 들 음,,,,,,,,,,,,,,
일단 다른 선 택지 가 있 다면 도망가 시 어요,,,,,,,,,,,,,,
필기 를 하 는 것 이 숙제 점수 를 받 는데 도움 이 되 는 것 같 다,,,,,,,,,,,,,,
수업 이 의식 의 흐름 으로 진행 되 고 시험 난이도 가 극단적 이 지만 교수 님 사람 자체 는 좋 아서 좋 았 던 수업,,,,,,,,,,,,,,
원래 웹 프로그래밍 에 관심 많 았 어서 엄청 쉽 게 하 ㅁ,,,,,,,,,,,,,,
나 는 웹 처음 배우 는 거인 데 도 A + 받 음 자랑 아니 ㅁ,,,,,,,,,,,,,,
두려움 갖 지 말 고 새롭 ㄴ 지식 배우 ㄴ 단 생각 으로 열심히 하 면 잘나 오 ㅁ,,,,,,,,,,,,,,
배우 는 것 은 그냥 책 이론 만 배우 는 수준,,,,,,,,,,,,,,
공부 를 열심히 하 ㄴ다는 가 정하 에 배워가 는 것 이 많 은 과목 이 ㅂ니다,,,,,,,,,,,,,,
보 면 일 상생 활 에서 디스플레이 를 많이 접하 니 꽤 나 재미있 는 과목 이 ㅂ니다,,,,,,,,,,,,,,
그래도 배워가 는 것 은 많 았 습니다,,,,,,,,,,,,,,
또한 교수 님 께서 전문가 이상 으로 많 은 지식 을 갖추 고 계시 고  또한 훌륭 하 아서 많 은 지식 을 얻 어 가 ㄹ 수 있 음,,,,,,,,,,,,,,
하 ... 한국어 로 수업 하 는 것 같 은 데 ... 수업 집중 하 기 힘들 ㅂ니다,,,,,,,,,,,,,,
이 수업 에서 디스플레이 에 대하 ㄴ 전반적 이 ㄴ 이해 를 얻 어 가 ㄹ 수 있 다,,,,,,,,,,,,,,
1 교수 님 이 굉장히 열정적 이 고 학생 들 의 입장 에서 많이 생각하 아 주 시 ㅂ니다,,,,,,,,,,,,,,
시험 도 공정 하 아서 아주 편안 하 았 던 수업,,,,,,,,,,,,,,
#NAME?,,,,,,,,,,,,,,
선입견 때문 에 저 평가 받 는 교수 님 솔직히 선형 대수 수업 은 좀 그리하 었 다,,,,,,,,,,,,,,
후배 님 들 .....,,,,,,,,,,,,,,
교수 님 은 MIT 출신 에 벤츠 타 고 다니 는 성공 하 ㄴ 인생 이 다,,,,,,,,,,,,,,
그러니까 자기 하 시 ㄹ 말씀 만 하 시 어요,,,,,,,,,,,,,,
온라인 이 지만 매주 늦 지 않 게 수업 을 잘 올리 어 주 시 었 고 내용 설명도 충분히 하 아 주 시 었 다,,,,,,,,,,,,,,
수업 때 경제 에 관하 ㄴ 이야기 를 많이 하 시 는 편 이 다,,,,,,,,,,,,,,
교수 님 이 학생 들 생각 을 많이 하 시 어서 이것저것 많이 보여주 시 ㅂ니다,,,,,,,,,,,,,,
하 ㄴ 학기 수업 잘 들 었 습니다,,,,,,,,,,,,,,
"""특히 "," 철학 에 입문 하 ㄴ 1 학년 에게 적합 하 다고 생각 되 ㅂ니다""",,,,,,,,,,,,,,
워낙 교수 님 좋아하 는 학생 들 이 많 기 때문 에 열심히 공부 하 시 어야 학점 나오 ㅂ니다,,,,,,,,,,,,,,
숙제 가 많 기 는 하지만 자 ㄹ 따르 아 만 가 면 학점 잘 주 시 ㅂ니다,,,,,,,,,,,,,,
시험 도 없 으니 참여 를 좀 적극적 으로 하 면 굉장히 도움 이 되 ㄴ다,,,,,,,,,,,,,,
힘들 지만 실력 키우 고 싶 으면 들 으시 어요,,,,,,,,,,,,,,
원서 책 으로 수업 을 진행 하 아 난이도 가 좀 있 음,,,,,,,,,,,,,,
과거 강의 평 중 에 중간 기말 못 보 아도 숙제 다 하 면 A + 라고 하 는데 숙제 다 하 고 중간 기말 도 일정 수준 이상 으로 잘 보 아야 A + 임,,,,,,,,,,,,,,
"""배우 고 싶 은 학생 들 "," 실력 늘 고 싶 고 도전적 이 ㄴ 학생 들 에게 ㄴ 이 교수 님 강의 를 추천 드리 ㅂ니다""",,,,,,,,,,,,,,
교수 님 께 선 훌륭 하 시 ㄴ 분 이 시 고 학생 들 한테 최대한 많 은 것 을 알리 어 주 시 려고 하 시 ㅂ니다,,,,,,,,,,,,,,
아무튼 수업 은 알 차 았 다 고 확신 하 ㄴ다,,,,,,,,,,,,,,
강의 내용 자체 는 좋 았 지만 개인적 으로 교수 님 의 전달력 이 별로 이 ㅁ,,,,,,,,,,,,,,
족보 없이 는 힘들 ㄴ 수업,,,,,,,,,,,,,,
빡 세 고 힘들 지만 공부 를 하 면 하 ㄹ수록 컴퓨터 OS 전반 에 댸  이 하 아 오 아 개발 능력 향상 에 도움,,,,,,,,,,,,,,
수업 교재 는 이론 은 PDF 로 올리 어 주 시 ㄴ다,,,,,,,,,,,,,,
예제 들 이 좋 고 강의 도 잘 하 시 어서 전반적 으로 도움 이 되 ㅁ,,,,,,,,,,,,,,
그렇게 생각 하 며 수업 들 었 습니다,,,,,,,,,,,,,,
강의 도 열심히 알 ㄴ 들 어도 되 어 고 후반부 에 계산 문제 부분 에 교수 님 이 이 것 시험 에 낼 거라고 하 는 것 만 열심히 풀 고 공부 하 면 되 ㅁ,,,,,,,,,,,,,,
엑셀 기술 배우 는 수업 같 은 느낌 이 가장 크 었 음,,,,,,,,,,,,,,
팀 프로젝트 이 기 ㄴ 하지만 혼자 하 어 도 무방 하 ㅁ,,,,,,,,,,,,,,
"""시험 은 지금 까지 하 았 던 모든 내용 과 CASE 중심 으로 가 는데 "," 시간 이 모자라 니 연습 많이 하 고 들어가 아야 하 ㅁ""",,,,,,,,,,,,,,
"""수업 중간 중간 교수 님 께서 실질적 으로 학생 들 에게 도움 이 되 고 또 자극 이 되 는 말 들 을 많이 해주시 지만 "," 현업 에서 오랜 기간 일 을 하 시 어서 그렇 ㄴ지 학문 에 대하 ㄴ 깊이 있 는 지식 을 보유 하고 계시 지 는 않 은 것 같 습니다""",,,,,,,,,,,,,,
"""그래도 도움 이 많이 되 는 강의 이 었 고 "," 학생 들 의 참여 를 계속 이 끌어내 시 고 꽤 나 학생 들 도 적극적 으로 수업 시간 에 참여 하 아서 대학 생활 중 한 번 은 듣 어 보 ㄹ 만 하 ㄴ 강의 이 ㄴ 것 같 습니다""",,,,,,,,,,,,,,
이런 의미 가 아니 라 상대방 을 배려 하고 이해 하 는 화법,,,,,,,,,,,,,,
일단 강의 내용 자체 는 되게 좋 았 음,,,,,,,,,,,,,,
교수 님 도 약간 아리까리 하 시 는 것 같 고,,,,,,,,,,,,,,
실용적 이 ㄴ 측면 에서 도움 되 는 내용 이 많 다,,,,,,,,,,,,,,
.. 씨 맞 을 것 같 았 는데 B + 을 선사 하 아 주 시 ㅁ,,,,,,,,,,,,,,
교수 님 이 좋 았 기에 괜찮 음,,,,,,,,,,,,,,
"""수업 을 듣 는 내내 교수 로부터 존중 받 는다는 느낌 이 들 었 고 "," 진정 하 ㄴ 대학교 수업 이 라고 하 는 것 이 이런 거구 나 이 라는 생각 이 많이 들 는 수업 이 었 습니다""",,,,,,,,,,,,,,
"""교수 님 께서 강의 력 도 좋 으 시 지만 "," 무엇 보다 도 지식 이 많 고 대단 하 시 ㄴ 분 이 여서 수업 을 듣 다""",,,,,,,,,,,,,,
기초 문법 다지 기 에 유익 하 ㄴ 수업 이 ㅂ니다,,,,,,,,,,,,,,
피칭 이나 피드백 을 하 ㄴ 명 한 명 꼼꼼 하 게 주 시 고 열정 이 대단 하 시 ㄴ 교수 님 이 ㅂ니다,,,,,,,,,,,,,,
시나리오 작성 과 영화 에 대하 ㄴ 소양 을 기르 는 데 에 는 분명히 도움 이 되 는 수업 이 ㅂ니다,,,,,,,,,,,,,,
 진짜 좋 으시 ㅁ,,,,,,,,,,,,,,
장점 민선기 교수 님 은 이 번 온라인 강의 때 늦 게 강의 를 올리 신 적 없이 책임감 있 게 강의 를 올리 어 주 시 었 습니다,,,,,,,,,,,,,,
교수 님 이 좀 산만 하 아서 처음 에 는 적응 안 되 ㄹ 수 있 지만 묘하 ㄴ 매력 의 말투 를 갖 고 계심 뜨 어 들 는 얘 들 보고 은근히 독하 ㄴ 말 가끔 씩 나 의 뱉 어 주 시 어서 웃기 ㅁ,,,,,,,,,,,,,,
최대한 수학 공식 안 외우 어 도 되게 돕 아 주 시 ㅁ,,,,,,,,,,,,,,
도움 엄청 많이 되 ㅂ니다,,,,,,,,,,,,,,
조금 만 복습 하고 교수 님 이 수업 시간 에 강조 하 ㄴ 것 만 외 운 다면 쉽 습니다,,,,,,,,,,,,,,
쉽 지 도 않 고 그렇 다고 빡 세 게 배우 기 는 부담 스럽 다는 학생 들 에게 추천 하 는 무난 하 ㄴ 강의,,,,,,,,,,,,,,
하지만 공수 는 우리 과 의 많 은 전공과목 에서 기초 가 되 니 얻 어 가 는 것 도 많 고 좋 았 음,,,,,,,,,,,,,,
학생 들 을 배려 하 아 주 시 는 모습 이 인상 깊 었 던 수업 이 ㅂ니다,,,,,,,,,,,,,,
시험 전 에 기 출 교수 님 이 올리 어 주심 이랑 퀴즈 준비 하 았 던 것 풀 어 보 면 도움 많이 되 ㅂ니다,,,,,,,,,,,,,,
학점 잘 안 나오 아도 배우 ㄴ 것 에서 만족 하 ㄹ 것 같 아 요 숙제 그닥 안 많 고 강의 노트 엄청 잘 만들 시 어서 이해 하 기 도 쉽 었 어요,,,,,,,,,,,,,,
시험 범위 는 적 어서 좋 음,,,,,,,,,,,,,,
교수 수업 은 잘 가르치 고 야구 얘기 많이 하 아서 재미있 음,,,,,,,,,,,,,,
"""특히 수학 의 기초 "," 증명 위주 수업 이 라 남 는 것 이 많 음""",,,,,,,,,,,,,,
............ 대신 얻 는 것 은 없 음,,,,,,,,,,,,,,
정도 있 다,,,,,,,,,,,,,,
결국 잘 나오 려면 시험 을 잘 보 아야 하 는데 꼼꼼 하 게 하나하나 씩 채점 하 시 어서 생각 보다 점수 얻 기 는 힘 들 ㅁ,,,,,,,,,,,,,,
숙제 많 고 시험 많 기 는 한데 계속 공부 하 게 되 어서 괜춘,,,,,,,,,,,,,,
1 학년 전공 교수 님 들 이 다 들 욕심 이 많 으시 ㄴ 것 같 습니다,,,,,,,,,,,,,,
"""포기자 가 많 았 던 만큼 공부 많이 안 하 어 도 학점 은 잘나 오 았 지만 "," 배우 ㄴ 것 이 없 던 강의 이 ㅂ니다""",,,,,,,,,,,,,,
강의 도 잘 알 ㄴ 들리 고 학생 들 이 잘 따라오 는지 는 딱히 관심 이 없 으시 ㄴ 것 같 습니다,,,,,,,,,,,,,,
수업 듣 을 때 ㄴ 엄청 힘들 지만 하 ㄴ 학기 지나 고 나 면 영어 실력 이 향상 되 어 있 는 자신 을 보 ㄹ 수 있 습니다,,,,,,,,,,,,,,
숙제 도 재미있 고 성적 도 열심히 만 하 면 후하 게 잘 주 시 는 편 이 에 요,,,,,,,,,,,,,,
"""중간 쪽지 시험 "," 실기 시험 이랑 기말 은 실기 시험 이 ㄴ데 평소 에 열심히 만 하 았 다 면 실 기 준비 하 기 어렵 지 않 아 요 수업 시간 마다 열심히 하 고 경기 때 골 몆 개 넣 었 는데 A + 받 았 어요""",,,,,,,,,,,,,,
재미있 고 즐겁 ㄴ 수업 이 었 지만 점수 받 기 에 는 조금 힘들 ㄴ 수업 이 아니 ㄴ가 하 는 생각 이 들 었 습니다,,,,,,,,,,,,,,
"""매 수업 이 운동장 에서 야구 를 하 며 진행 되 지만 "," 신기 하 게 도 평가 에 는 실기 점수 가 단 1 점 도 반영 되 지 않 는 유일무 체육 수업 이 ㅂ니다""",,,,,,,,,,,,,,
에 감사 하 다,,,,,,,,,,,,,,
확실히 예체능 이 라 노력 하 아도 안 되 는 것 이 있 달 까 나름 노력 많이 하 았 는데 씨 나오 았 고 그렇 ㄹ 것 같 았 어서 아쉽 지 도 않 네요,,,,,,,,,,,,,,
수업 듣 는 내내 존중 받 는 느낌 이 들 는 수업 계속 듣 고 싶 은 수업 이 지만 교수 님 이 올해 에 도 신입 생 들 대상 으로 하 는 수업 이랑 교양 만 진행 하 ㄴ다고 하 아서 아쉬움 .. 정규 시험 2 번 중간 기말 보 고 중간 중간 마다 단어 시험 진행 2 번 정도 하 는데 공부 하 ㄴ다면 성적 도 그만큼 잘 나오 는 정도 라 걱정 안 하 어 도 되 ㅁ,,,,,,,,,,,,,,
온라인 수업 때 ㄴ 두 번 실시간 수업 하 았었 습니다,,,,,,,,,,,,,,
진짜 잘 챙겨주 시 고 중국어 에 대하 ㄴ 부담감 을 내려놓 게 해주시 는 분,,,,,,,,,,,,,,
중국어 안 배우 신 분 들 도 부담 없이 공부 하 기 에 좋 을 것 같 아요,,,,,,,,,,,,,,
오승일 교수 님 덕분 에 즐겁 게 중국어 배우 ㄹ 수 있 었 어요,,,,,,,,,,,,,,
강의 내용 도 쉽 고 간결 하 게 알리 어 주 시 고 워낙 에 에너지가 넘치 는 분 이 시 어서 오히려 수업 을 통하 아서 얻 어 가 는 것 이 많 았 어요,,,,,,,,,,,,,,
전공 은 아니 지만 교수 님 이런 분 들 만 계시 면 학교 다니 ㄹ 맛 나 ㄹ 듯 .... 학생 들 생각 도 많이 하 아 주 시 ㅁ,,,,,,,,,,,,,,
하나라 더 알리 어 주시 려는 교수 님 의 노력 이 보이 기 때문 에 중간 중간 지루 하 ㄴ 순간 이 오 아 도 강의 에 집중 을 하 ㄹ 수 있 다,,,,,,,,,,,,,,
이것저것 많이 알리 어 주 시 려고 하 고 잘 가르치 어 주 시 어서 재미있 는 수업 이 었 습니다,,,,,,,,,,,,,,
교수 님 엄청 꼼꼼 하 시 고 수업 시간 에 항상 시키 어서 대답 하 도록 유도 하 시 ㅁ,,,,,,,,,,,,,,
수업 마다 숨 은 양학 러 들 이 얼마나 있 느냐 의 차이 였 겠 지만 교수 님 께서 최대한 처음 배우 는 사람 들 을 배려 하 시 고 수업 도 열심히 준비 하 시 ㅂ니다,,,,,,,,,,,,,,
학생 들 신경 엄청 써 시 어서 성적 도 최대한 잘 주 려고 하 는 것 같 아요,,,,,,,,,,,,,,
중국 이야기 도 많이 해주시 고 한 번 은 알 는 중국인 한 분 을 모시 어서 배우 ㄴ 내용 토대 로 대화 조 시키 어 주 셨 는데 좋 았 습니다,,,,,,,,,,,,,,
동일 하 ㄴ 노력 이 듣 었 음,,,,,,,,,,,,,,
그것 ㄹ 버티 면 학점 잘 주 시 고 많이 배우 어 가 ㅁ,,,,,,,,,,,,,,
대신 오픈카 톡 방 운영 하 는데 학기 초 에 ㄴ 교수 님 이 하 ㄴ 번 말씀 하 시 면 톡 방 에 50 명 이 전부 네 네 네 한 번 씩 대답 하 아서 톡 방 굉장히 거슬리 ㅁ,,,,,,,,,,,,,,
열심히 하 면 얻 어 가 는 것 이 많 으나 대신 진짜 열심히 하 아야 하 ㅁ,,,,,,,,,,,,,,
많이 들 ㄹ 배우 시 어요,,,,,,,,,,,,,,
퀴즈 보 ㄴ 종이 가져가 라면서 바닥 에 던지 질 않 나 항상 삐뚤어지 어 있 고 강의 력 도 별로 에 요 자주 하 는 말 유치원 나오 았 냐 고등학교 나오 았 냐,,,,,,,,,,,,,,
암기력 이 딸리 는 사람 은 중간 기말 에 투자 하 는 시간 이 엄청 많 을 것 이 ㅁ,,,,,,,,,,,,,,
대학교 에 입학 하 아서 대학 수업 답 은 수업 을 처음 으로 들 었 다고 생각 하 게 되 ㄴ 수업,,,,,,,,,,,,,,
교재 없이 프린트 물 과 교수 님 의 강의 내용 만 으로 강의 진행 되 ㅂ니다,,,,,,,,,,,,,,
프린트물 외 해상 보험 로 ㄴ 관련 교재 를 사놓 고 같이 공부 하 아야 더 이해 가 깊 어 지 고 수업 때 도 자신 있 게 참여 하 ㄹ 수 있 습니다,,,,,,,,,,,,,,
교수 님 이 영어 를 유창하 하 시 어서 수업 을 이해 하 는데 도움 이 되 ㄴ 것 같 습니다,,,,,,,,,,,,,,
갓 응 기 ㄹ .. 교수 님 자체 가 좋 아서 하 ㄴ 학기 내내 행복 하 았 던 수업,,,,,,,,,,,,,,
나 가 받 은 학점 은 아쉽 지만 그래도 만족 하 았 던 수업,,,,,,,,,,,,,,
나 는 강의 들 으면서 좀 날로 하 시 ㄴ다,,,,,,,,,,,,,,
"""학생 들 최대한 배려 많이 해주시 고 "," 뒤 에서 다른 공부 하 아도 딱히 신경 안 쓰 ㄴ다고 하 시 ㅁ""",,,,,,,,,,,,,,
교수 님 이 똑똑 하 다는 것 이 느끼 어 지 ㄴ다 C + + 에 대하 어 어느 정도 알 는 상태 로 수업 을 듣 었 는데 디테일 하 ㄴ 면 을 잘 가르치 어 주 시 어서 도움 이 많이 되 었 고 코딩 능력 뿐 만 아니 라 컴퓨터 내부 구조 와 연관 짓 어 서 설명 하 시 어서 이 하 아 가 아 잘 되 었 다,,,,,,,,,,,,,,
"""파이 썰 ㄴ 포기자 이 었 는데 씨 언어 가 오히려 더 쉽 었 고 ", 실기 시험 ," 필기시험 모두 배우 ㄴ 내용 을 확인 하 ㄹ 수 있 게 내주 시 어서 씨 언어 기초 를 배우 는 데 도움 이 많이 되 었 습니다""",,,,,,,,,,,,,,
"""이외 에 도 코딩 의 중요 성 "," 스시 소 학과 에서 앞 으로 어떤 것 을 배우 는 지 이야기 도 하 아 주 시 ㅂ니다""",,,,,,,,,,,,,,
교수 님 께서 수업 도 잘 해주시 는데 다른 도움 되 는 이야기 도 많이 하 아 주 시 어요,,,,,,,,,,,,,,
"""숙제 는 강의 자료 만 보 면 하 ㄹ 수 있 는 쉽 ㄴ 것 두 세 번 있 었 고 시험 은 중간 "," 기말 두 번""",,,,,,,,,,,,,,
시험 난이도 조절 만 잘 하 시 면 점수 형평 성 도 올라가 고 유익 하 ㄴ 강의 가 되 ㄹ 것 같 습니다,,,,,,,,,,,,,,
그러나 프로그래밍 은 강사 의 실력 보다 ㄴ 수강 생 의 노력 이 더 중요 하 ㄴ 듯 하 니 좋 은 점수 를 받 으려면 노력 을 많이 하 아야 하 ㄴ다,,,,,,,,,,,,,,
"""첫 번 째 로 는 수업 의 내용 이 좋 고 유익 하 아서 열심히 듣 게 되 는 수업 이 고 "," 두 번 째 는 수업 의 질 은 상당히 떨어지 지만 교수 님 한테 찍히 면 큰일 나 ㄹ 것 같 아서 어쩌 ㄹ 수 없이 열심히 듣 게 되 는 수업 이 다""",,,,,,,,,,,,,,
강의 는 쉽 어서 수업 이나 숙제 외적 으로 하 ㄹ 것 은 많이 없 습니다,,,,,,,,,,,,,,
수업 은 교재 내용 + 교수 님 기준 헷갈리 거나 조금 심화 되 ㄴ 개념 으로 강의 하 시 ㅂ니다,,,,,,,,,,,,,,
많이 배우 었 고 강의 도 좋 았 지만 그만큼 시험 어렵 고 깐깐 하 시 ㄴ 듯,,,,,,,,,,,,,,
"""관련 공지 나 가이드라인 도 철저 하 시 고 "," 숙제 도 실력 기르 기 에 도움 이 많이 되 ㅂ니다""",,,,,,,,,,,,,,
수업 질 은 굉장히 높 은 것 인정 하 는데 시험 부분 은 개선 하 ㄹ 점 이 많이 보이 었 습니다,,,,,,,,,,,,,,
수업 속도 느리 ㄴ 것 은 좋 은데 그것 말 곤 없 음,,,,,,,,,,,,,,
1 교시 라 힘들 어 뒤지 ㄹ 것 같 았 지만 수업 도 열심히 듣 게 되 고 즐겁 었 어요,,,,,,,,,,,,,,
하지만 시험 진짜 진짜 어려움 공부 많이 하 아야 되 ㅁ,,,,,,,,,,,,,,
수업 만들 어도 도움 이 되 나 프로젝트 하 ㄹ 때 는 독학 하 아야 대 는 것 이 아쉽 지만 그래도 전반적 이 ㄴ 수업 이나 실력 향상 에 도움 되 ㅂ니다,,,,,,,,,,,,,,
교수 님 엄청 자세 하 게 잘 알리 어 주 시 는데 자바 를 예습 하고 가 ㄴ다면 자신 의 실력 에 날개 를 달 아주 시 ㄹ 것 이 ㅂ니다,,,,,,,,,,,,,,
밑 에 분 강의 평가 보 고 적 어 봄,,,,,,,,,,,,,,
파이 썰 ㄴ 뿐 만 아니 라 앞 으로 개발자 가 되 기 위하 아서 무엇 을 하 아야 하 ㄹ지 자꾸 일깨우 어 주 시 어서 멘토 같 다는 느낌 을 많이 받 았 습니다,,,,,,,,,,,,,,
교수 님 답 은 교수 님 C 언어 리눅스 로 배우 는 데 도움 많이 되 ㅁ,,,,,,,,,,,,,,
수업 열심히 해주시 고 강의 력 도 좋 다,,,,,,,,,,,,,,
내용 자체 가 어렵 어 서 수업 시간 에 집중 안 하 면 따라가 기 좀 힘 들 ㅁ,,,,,,,,,,,,,,
그래도 숙제 하 면서 공부 도 되 어 시험 보 는데 도움 이 되 ㅂ니다,,,,,,,,,,,,,,
"""... 예습 "," 복습 중요 하 다는 것 이 무슨 말 이 ㄴ지 뼈저리 게 느끼 게 하 아 주 ㄴ 수업 이 었 어요""",,,,,,,,,,,,,,
그래서 교수 님 이 쓰 시 ㄴ 책 이 있 는데 이것 ㄹ 참고 하 면 매우 도움 이 되 ㅁ,,,,,,,,,,,,,,
학기 후반 으로 갈수록 적응 하 면서 점점 시간 이 단축 되 ㅂ니다,,,,,,,,,,,,,,
교수 님 도 좋 으시 ㄴ 분 이 고 최대한 많 은 학생 들 끌 고 가 려고 하 ㅁ,,,,,,,,,,,,,,
우리 를 굴리 어서 문제지 ...,,,,,,,,,,,,,,
코드 에 대하 ㄴ 이 하 아 가 아 느리 ㄴ 사람 은 수업 시간 이 고통 스럽 ㄹ 수 있 음,,,,,,,,,,,,,,
그리고 수업 끝나 고 실습 시간 에 하 는 예제 들 이 생각 보다 많 아서 타자 속도 가 느리 ㄴ 나 에게 는 힘들 ㄴ 실습 이 었 음,,,,,,,,,,,,,,
또 다른 문제 는 시험 을 많이 보 는데 반대 로 생각 하 면 배우 ㄴ 것 이 오래 가 ㄹ 것 같 음,,,,,,,,,,,,,,
최재현 의 타자 교실 ' 로 과목 명 이 정정 되 어야 하 ㄴ다,,,,,,,,,,,,,,
보 니 깊 은 이론적 내 용 은 등장 하 지 않 아 어느 정도 수업 방식 에 이해 가 가 는 부분,,,,,,,,,,,,,,
처음 에 ㄴ 진짜 힘들 었 어요,,,,,,,,,,,,,,
본인 한테 도움 은 되 ㄹ 것 이 ㅂ니다,,,,,,,,,,,,,,
1 점 주 는 거도 아깝 ㅁ,,,,,,,,,,,,,,
예 를 들 면 진로 얘기 가 많 아서 플밍 수업 이 아니 라 진로 수업 이 ㄴ 줄,,,,,,,,,,,,,,
"""' 어차피 1 학년 수업 "," 대충 하 면 되 지 ' 라는 마인드 가 잘 느끼 어 지 고 수업 준비 같 은 것 도 전혀 없 음""",,,,,,,,,,,,,,
코로나 때문 에 온라인 수업 하 는데 학생 들 이 편하 아야 하 ㄴ다고 시험 범위 도 줄이 어 주 시 고 시험 당일 날 한 명 한 명 이름 부르 어 주 시 면서 다음 학기 에 는 꼭 얼굴 보 고 열심히 수업 하 자고 하 시 는데 감사 하 았 음,,,,,,,,,,,,,,
실험 도 재미있 고 후 에 배우 ㄹ 내용 관하 아서 도 어느 정도 지식 습득 에 도움 이 되 ㅂ니다,,,,,,,,,,,,,,
학기 내내 숙제 없 고 시험 2 번 이랑 출석 으로 평가 하 ㅁ,,,,,,,,,,,,,,
수업 내용 은 진짜 본인 경험 위주 로 말씀 하 아 주 시 어서 굉장히 유익 하 ㅁ,,,,,,,,,,,,,,
기 말 에서 거의 만점 에 가깝 ㄴ 점수 맞 았 고 A 0 나오 ㅁ,,,,,,,,,,,,,,
개인적 으로 이 정도 수업 내용 은 대학생 이 라면 다 알 아들 을 수 있 을 것 같 은 데 조금 아쉽 ㄴ 부분 이 었 습니다,,,,,,,,,,,,,,
팀 프로젝트 도 굉장 하고 숙제 도 굉장 하고 .. 그런데 남 는 것 이 진짜 많 고 유익 하 아서 추천 은 하 고 싶 어요,,,,,,,,,,,,,,
교수 님 강의 진짜 좋 아 여 조 별 숙제 많 아서 힘들 기 는 한데 그래도 남 는 것 는 많 습니다,,,,,,,,,,,,,,
널 너 ㄹ 하 ㄴ 수업 딱히 뭘 배우 지 ㄴ 않 음,,,,,,,,,,,,,,
무조건 참여 를 많이 하 는 것 이 유리 하 다고 보 ㄹ 수 있 습니다,,,,,,,,,,,,,,
"""이 는 주목 하 ㄹ 만 하 ㄴ 점 은 아니 지만 "," 시험 범위 를 줄이 어 주 는 아주 좋 은 기회 이 ㅂ니다""",,,,,,,,,,,,,,
이것 이 바로 메인 숙제 가 되 는 MIS 팀 프로젝트 이 ㅂ니다,,,,,,,,,,,,,,
교수 님 께서 어떻하 게 든 점수 잘 주 ㄹ려고 노력 하 시 니까 열심히 말 ㄴ 하 면 에 +  무난 하 ㅁ,,,,,,,,,,,,,,
학생 들 잘 챙겨주 시 는 교수 님 이 시 고 수업 내용 도 알차 요,,,,,,,,,,,,,,
충실히 준비 하 시 고 작년 까지 IT 서비스 학회 회장 에 도 계시 었 을 만큼 IT 기술 에 많 은 지식 을 가지 고 계시 며 쉽 게 설명 하 아 주 시 ㅂ니다,,,,,,,,,,,,,,
이 수업 에 대하 아서 기억 하 ㄹ 포인트 는 평소 에 잘하 고 시험 때 는 찝  것 만 잘 기억 하 면 높 은 점수 받 을 수 있 다는 것,,,,,,,,,,,,,,
4 년 대학 생활 최고 의 수업 중 하나 이 었 습니다,,,,,,,,,,,,,,
"""수업 시간 중 에 도 "," 수업 시간 외 에 도 시간 을 많이 투자 하 아야 하 ㄴ다""",,,,,,,,,,,,,,
지금 까지 들 었 던 교수 님 중 가장 유익 하 ㄴ 내용 을 많이 알리 어 주 시 는 교수 님,,,,,,,,,,,,,,
그러나 이러 하 ㄴ 트렌드 나 적용 에 관심 이 많 고 이런 한 것 들 을 자기 가 생각 에서 풀어내 ㄹ 수 있 으면 추천 하 ㅂ니다,,,,,,,,,,,,,,
도움 이 되 는 얘기 들 많이 하 아 주 시 ㅂ니다,,,,,,,,,,,,,,
교수 님 이 강의 를 굉장히 성실 하 게 준비 하 시 고 우리 한테 최대한 잘 알리 어 주 려고 노력 하 시 는 것 이 눈 에 보이 ㅁ,,,,,,,,,,,,,,
"""", , ," 숙제 도 꽤 많 고 .. 외우 는 것 을 못하 아서 그렇 ㄴ지 열심히 외우 었 다고 생각하 았 는데 시험 칠 때 생각 보다 많이 헷갈리 었 음""",,,,,,,,,,,,,,
"""살짝 아쉽 ㄴ 점 은 "," 교수 님 이 말씀 하 시 는 것 을 알 ㄴ 들 어도 PPT 말 ㄴ 보 아도 수업 을 이해하 ㄹ 수 있 었 고 그만큼 PPT 에 필요 하 ㄴ 내용 이 모두 들어가 있 는 것 이 지 말 ㄴ 그러 다""",,,,,,,,,,,,,,
시험 은 저 가 공부 를 꼼꼼히 안 하 았 던 것 이 ㄴ지 헷갈리 는 것 이 많 았 습니다,,,,,,,,,,,,,,
강의 도 PPT 정의 를 읽 으시 는 거여 서 어떻하 게 다 보 나 걱정 하 았 지만 다행히 기말 1 번 보 느라 양이 많 아 지 어서 PPT 자료 를 정리 하 아서 올리 어 주 시 었 어요,,,,,,,,,,,,,,
"""처음 강의 하 시 어서 체계 가 잘 안 잡히 어서 약간 의 혼동 은 있 었 지만 "," 끝 까지 성실 하 게 강의 하 시 었 습니다""",,,,,,,,,,,,,,
이번 학기 최고 로 도움 많이 되 었 어요,,,,,,,,,,,,,,
과 동시 에 취업 에 도 매우 크 ㄴ 도움 이 되 ㅂ니다,,,,,,,,,,,,,,
팀 프로젝트 과 숙제 가 없 는 만큼 시험 범위 양이 장난 아니 게 많 음,,,,,,,,,,,,,,
그렇게 외우 니 지식 이 안 쌓이 ㄹ 수 가 없 지 .. 최대한 수업 열심히 듣 고 열심히 반복 공부 하 시 어요,,,,,,,,,,,,,,
수업 외적 으로 도 좋 은 말씀 많이 해주시 는데 다른 곳 에서 쉽 게 듣 을 수 있 는 이야기 는 아니 라 고 보 ㄴ다,,,,,,,,,,,,,,
남 들 하 는 만큼 만 하 면 학점 도 괜찮 을 것 같 음,,,,,,,,,,,,,,
생각하 아 보 면 당연 하 ㄴ 내용 들 을 어렵 ㄴ 말 로 배우 는 느낌 이 었 다,,,,,,,,,,,,,,
엄청 많 은 지식 을 얻 는 다 기 보다 는 다양 하 ㄴ 현안 에 대하 어 고민 해보 는 수업,,,,,,,,,,,,,,
시험 은 그냥 통 암기 이 ㄴ데 이번 에 는 중간 가 없 어서 기말 가 60 퍼였음 내용 도 많 아서 거의 자포자기 하 았었 지만 생각 보다 성적 잘 주 시 ㄴ 듯,,,,,,,,,,,,,,
교수 님 자체 는 학생 들 에게 관심 많 고 이름 외 우려 고 하 시 고 착하 시 ㄴ데 ... 안타깝 ㅁ,,,,,,,,,,,,,,
다만 강의 가 대부분 을 차지 하 는 수업 에서 강의 전달력 이 안 좋 아서 진작 부터 책 을 사 아서 책 말 ㄴ 보 게 되 는 수업,,,,,,,,,,,,,,
이번 학기 에 수업 자체 를 안 하 았 음,,,,,,,,,,,,,,
사실 A + 나오 았 는데  개판 이 ㄴ 것 인정 하 ㅁ,,,,,,,,,,,,,,
은 근 시간 소요 되 ㅁ,,,,,,,,,,,,,,
동영상 많이 틀 어 주 고 토론 시키 어서 수업 시간 은 잘 가 는 편,,,,,,,,,,,,,,
라는 생각 이 들 며 자신 의 무능 하 ㄴ 머리 에 대하 ㄴ 자괴감 이 들 ㄹ 수 있 음,,,,,,,,,,,,,,
나 가 꿈꾸 던 대학 강의,,,,,,,,,,,,,,
수업 때 배우 ㄴ 내용 만 으로 시험 보 고 A 맞 기 힘들 고 배우 ㄴ 내용 응용 하 ㄹ 줄 알 아야 하 ㅁ니다,,,,,,,,,,,,,,
"""다만 배우 ㄴ 이론 을 팀 프로젝트 하 ㄹ 때 실제로 녹이 어서 활 용해 보고 적극적 이 ㄴ 자세 필요 "," 또 학기 내내 배우 ㄴ 디자인 씽 킹 메뉴얼 을 실 생활 에서 여러 목적 으로 활용 하 려는 노력 을 하 아 보 ㄴ다면 굉장히 많 은 것 을 얻 어 가 ㄹ 수 있 을 것 같 습니다""",,,,,,,,,,,,,,
참여 도 가 낮 은 조원 에게 낮 은 학점 을 받 게 하 ㄹ 수 도 있 어서 좋 았 음,,,,,,,,,,,,,,
온라인 수업 관련,,,,,,,,,,,,,,
수업 교수 님 이 젊 으시 기 도 하 고 굉장히 유쾌 하 시 어서 수업 도 지루 하 지 않 고 전달력 있 게 하 시 ㄴ다,,,,,,,,,,,,,,
근데 시간 엄청 잡아먹 어서  ... 그래도 재미있 고 조원 들 과 친하 아 지 기 좋 습니다,,,,,,,,,,,,,,
실제로 수업 을 들 으면 대학 생활 과 인생 에 도움 이 되 는 조언 을 많이 얻 을 수 있 습니다,,,,,,,,,,,,,,
"""모든 강의 가 이런 스타일 이 라면 힘들 수도 있 지만 1 "," 2 개 쯤 은 이런 스타일 의 강의 를 듣 는다면 분명 많 은 도움 이 되 ㄹ 수업 이 ㅂ니다""",,,,,,,,,,,,,,
그리고 ' 웃찾사 ' 단체 방청 등 재미있 는 수업 과 대학 생활 을 만들 어 주 시 려고 노력 하 어 주 시 ㄴ다,,,,,,,,,,,,,,
이 왕 이 면 열정 을 가지 고 재밌게 참여 하 았 으면 하 는 수업 이 다,,,,,,,,,,,,,,
그러나 숙제 가 많 고 매 어 주 마다 이 ㄴ 강 듣 어야 되 ㅁ,,,,,,,,,,,,,,
수업 도 열심히 하 시 고 학점 도 잘 챙겨주 시 고 배려 하 아 주 시 ㅁ,,,,,,,,,,,,,,
6 학점 수준 으로 개 빡 세 ㄴ 데 도움 이 많이 되 고 기억 에 많이 남 는다,,,,,,,,,,,,,,
... 배우 ㄹ 것 은 많 은데 시간 을 많이 투자 하 아야 하 아서 이 과목 에 관심 있 고 열정 이 넘치 는 사람 만 수 강하 시 어요,,,,,,,,,,,,,,
저 는 후회 하 았 거든요,,,,,,,,,,,,,,
학점 취득 은 둘째 치고 과목 에 대하 ㄴ 이 해도 를 확 높히 어 주 시 기 때문 에 나중 에 배우 것 이 되 는 과목 으로 들어가 ㄹ 때 도움 이 되 ㄹ 것 으로 보이 ㅁ,,,,,,,,,,,,,,
수업 시간 에 집중 하 아서 최대한 이해 하고 숙제 만 성실 하 게 하 면 충분히 좋 은 성적 얻 을 수 있 습니다,,,,,,,,,,,,,,
닥 수강 신청 하셈,,,,,,,,,,,,,,
힘들 ㄴ 데 에 교수 님 도 과 하 ㅁ,,,,,,,,,,,,,,
교수 님 이 임용 되 시 ㄴ지 얼마 안 되 시 었 지만 애 들 을 휘 어 잡 는 능력 이 없 으시 고 수업 시간 개판 되 ㄹ 때 많 음,,,,,,,,,,,,,,
영어학 의 응용 이리하 어서 기대 하 았 는데 배우 ㄴ 내용 이 1 도 없 었 음,,,,,,,,,,,,,,
"""매 수업 전 에 강의 계획서 를 참조 하 거나 교수 님 께 직접 여쭈 어 보 아서 "," 수업 시간 에 사용 하 는 < 물권법 > 에서 해당 하 는 범위 를 미리 읽 으면 수업 을 듣 을 때 도움 이 많이 되 ㅁ""",,,,,,,,,,,,,,
더 많이 외우 고 쓰 는 자가 승자,,,,,,,,,,,,,,
C 언어 실력 향상 에 아주 도움 이 되 ㅂ니다,,,,,,,,,,,,,,
이상적 이 ㄴ 대학 수업,,,,,,,,,,,,,,
매우 도움 되 는 강의,,,,,,,,,,,,,,
"""실습 시간 에 는 815 개 의 실습 문제 를 푸 는데 "," 이론 시간 에 배우 ㄴ 것 을 적용 하 는 문제 도 있 지만 응용 하 는 문제 도 있 어 말 그대로 수업 을 ' 듣기 만 ' 하 았 다 면 꽤 어렵 게 느끼 어 지 ㅂ니다""",,,,,,,,,,,,,,
"""씨 언어 를 이미 어느 정도 하 았 다 면 좀 더 깊 은 이해 를 하 ㄹ 수 있 을 것 이 고 "," 아예 노 베이스 라면 좀 힘들 기 는 하 겠 지만 열심히 참여 하 ㄴ다면 의미 있 는 수업 이 되 ㄹ 것 에 요""",,,,,,,,,,,,,,
솔직히 수업 하 시 ㄹ 때 만 재미있 고 이 하 아 가 아 되 지 시간 낭비 이 ㄴ 수업 ... 학생 들 발표 에 만 의존 하 아서 수업 이 이루어지 어서 좀 애매 하 ㄴ 수준 의 강의 ...,,,,,,,,,,,,,,
북한 에 관심 이 많 다면 유익 하 ㄴ 시간 이 되 ㄹ 수 있 는 수업 이 ㅂ니다,,,,,,,,,,,,,,
시험 은 아 나 가 이런 것 을 언제 배우 었 지,,,,,,,,,,,,,,
교수 님 학생 들 애 대하 ㄴ 열정 이 대단 하 시 고 조 모임 이 있 기 는 하지만 힘들 지 않 아 요  시간 에 만 잘하 면 딱히 시간 내서 안 모이 어도 되 어요,,,,,,,,,,,,,,
다 들 열심히 하 아서 학점 은 노력 하 ㄴ 만큼 나오 아요,,,,,,,,,,,,,,
또 수업 만 하 시 는 것 도 아니 고 교수 님 이 독일 에 계시 었 을 때 겪 었 던 재미있 는 에피소드 나 독일 관련 상식 들 도 많이 알리 어 주 시 ㅂ니다,,,,,,,,,,,,,,
하지만 복습 을 알 ㄴ 하 면 중간 시험 끝나 고 수업 을 따라오 기 힘들 다,,,,,,,,,,,,,,
다 들 비슷비슷 하 게 ...,,,,,,,,,,,,,,
열심히 하 ㄴ 만큼 성적 도 나오 고 즐겁 ㄴ 수업 이 되 ㄹ 것 이 에요,,,,,,,,,,,,,,
독일어 에 흥미 가 있 고 로 무엇 이 ㄴ가 를 얻 어 가 고 싶 으면 듣기 추천,,,,,,,,,,,,,,
수업 이 빠르 고 학생 들 이 어려워하 는 것 같 다,,,,,,,,,,,,,,
말 도 느리 고 유머 도 없 으시 ㄴ 편 이 라서 약간 졸리 었 습니다,,,,,,,,,,,,,,
교수 님 이 열정적 으로 강의 하 아 주 시 ㅂ니다,,,,,,,,,,,,,,
독일 전통 음식 도 챙겨주 시 고 학생 들 한테 정이 많 으시 ㄴ 교수 님 이 시 ㅂ니다,,,,,,,,,,,,,,
어찌 되 었 든 안 하 면 손해 고 숙제 를 공부 하 는 것 이 라 생각 하 면 독어 실력 이 오르 기 는 하 ㄹ 것 이 다,,,,,,,,,,,,,,
성적 을 내기 위하 아서 ' 노력 ' 이 반드시 필요 하 ㄴ ' 주입식 일본식 독어 ' 수업,,,,,,,,,,,,,,
불문학 을 처음 접하 는 학생 들 이 라면 크 ㄴ 도움 이 되 ㄹ 것 같 은 수업 이 네요,,,,,,,,,,,,,,
시간 은 많이 투자 하 아야 되 ㄴ다,,,,,,,,,,,,,,
설계 제대로 하 ㄹ 것 면 도움 많이 되 ㅁ,,,,,,,,,,,,,,
처음 에 ㄴ 하 ㄹ 것 이 많 다고 느끼 었 는데 지금 생각하 아 보 면 나름 괜찮 았 습니다,,,,,,,,,,,,,,
"""1 도움 되 ㄹ 만 하 ㄴ 정보 를 알리 어 주 시 고 "," 스스로 에 대하 어 알 아 가 는 활동 을 수업 시간 에 많이 하 ㅁ""",,,,,,,,,,,,,,
이상 하 ㄴ 토론 만 시키 ㄴ 나름 본인 에게 도움 되 었 다고 생각 하 ㅁ,,,,,,,,,,,,,,
하지만 수업 시간 내내 조원 들 과 이야기 하 아야 하 기 에 조원 잘 걸리 기 ㄹ 기도 하 시 면 되 ㅂ니다,,,,,,,,,,,,,,
아 그리고 시험 은 1 번 있 는데 온라인 이 고 수업 자료 를 보 고 쓸 수 있 으며 자신 의 의견 을 적 는 것 이 많 아 크 게 어렵 지 않 아요,,,,,,,,,,,,,,
"""하지만 배우 ㄴ 것 도 많 고 "," 교수 님 께서 수업 시간 에 알리 어 주 시 는 유익 하 ㄴ 정보 도 많 은 도움 이 되 ㅂ니다""",,,,,,,,,,,,,,
#NAME?,,,,,,,,,,,,,,
수업 자체 에서 얻 어 가 는 것 은 딱히 없 음,,,,,,,,,,,,,,
조원 잘 만나 면 재미있 는 수업 되 고 아니 면 조금 힘들 ㄴ 수업 이 되 ㄹ 것 같 네요,,,,,,,,,,,,,,
딱히 어렵 ㄴ 것 은 없 고 교수 님 이 정보 를 매 어 주 마다 알리 어 주 시 어서 생각 보다 는 얻 어 가 는 것 이 있 었 지만 교수 님 말씀 하 시 는 것 이 힘겹 ㄹ 때가 다소 있 었 어요,,,,,,,,,,,,,,
조원 들 을 잘 만나 는 것 이 가장 중요 하 ㅂ니다,,,,,,,,,,,,,,
수업 중간 에 알리 어 주 는 정보 도 많이 도움 이 되 ㅁ,,,,,,,,,,,,,,
"""수강 전 에 강의 평 을 많이 찾아보 았 었 는데 호불호 가 많이 갈리 ㄹ 뿐 더러 듣 지 마르 아 는 얘기 가 많 아서 걱정 을 많이 하 았 는데 "," 생각 보다 훨 재미있 는 수업 이 었 다""",,,,,,,,,,,,,,
교수 님 은 착하 시 고 학생 들 을 위하 아 취업 을 위하 ㄴ 많 은 정보 를 주 시 ㅂ니다,,,,,,,,,,,,,,
말 하 시 ㄹ 때 도 조근조근 말 하 시 어서 강의 듣기 편하 았 고 하 ㄴ 주차 에 두 번 째 수업 에서 항상 첫 번 째 수업 리뷰 에 공 을 들이 시 어서 강의 따라가 는데 도움 이 되 ㅂ니다,,,,,,,,,,,,,,
하지만 기 말 때 열심히 하 면 A + 주 ㄴ다 하 아서 열심히 하 아서 받 았 습니다,,,,,,,,,,,,,,
"""4 저 는 개인적 으로 국제 경영 에 대하 어 많이 배우 ㄴ 것 같 아서 좋 았 는데 "," 호불호 가 많이 갈리 ㄹ 수업 이 라 잘 생각 하 시 고 수강 신청 하 면 좋 을 것 같 아요""",,,,,,,,,,,,,,
수업 만 열심히 들 으면 A 나오 ㅁ,,,,,,,,,,,,,,
발표 끝나 면 교수 님 께서 피드백 해주시 는데 그거 보완 하 아서 발표 자료 수정 하 아서 나중 에 보내 시 면 되 어요,,,,,,,,,,,,,,
수업 스타일 별다르 ㄴ 교제 가 필요 없 고 교수 님 이 제작 하 시 ㄴ PPT 로 수업 을 하 시 ㅂ니다,,,,,,,,,,,,,,
그냥 발표 없 어서 좋 았 고 강의 는 그럭저럭,,,,,,,,,,,,,,
그래서 오히려 온라인 이 라 다행 이 라는 생각 이 들 었 어요,,,,,,,,,,,,,,
"""시험 범위 많 다고 하 는데 솔직히 내용 엄청 쉽 지 않 아 겹치 는 것 도 엄청 많 고 ... 그래서 엄청 잘 외우 어 지 던데 아 근데 수업 듣 어야 되 어 시험 범위 아니 ㄴ 부분 ", 중요 하 ㄴ 부분 ," 건너뛰 는 부분 많이 말하 아 주시 거든 특히 건너뛰 는 부분 되게 많 으니까 수업 들 어 수업 계 속 들 으면 시험 공부 진짜 쉽 ㄹ 것 이 야 내용 이 쉬 울 니까""",,,,,,,,,,,,,,
발음 이 별로 라 듣기 힘들 었 어요,,,,,,,,,,,,,,
.. 숙제 하 기 만 하 면 PASS 로 평가 되 니까 ㄴ 부담 없이 하 면 되 ㅁ,,,,,,,,,,,,,,
발음 이 약간 안 좋 으 시 기 는 하지만 앞자리 에 앉 으면 적응 되 어서 크 게 문제 는 없 었 네요,,,,,,,,,,,,,,
지루 하 아 보이 는가,,,,,,,,,,,,,,
이 강의 는 진짜 열심히 하 ㄴ 만큼 얻 게 되 는 수업 이 라 다른 수업 에 비하 아 힘들 수 있 어요,,,,,,,,,,,,,,
수업 자체 는 어렵 기 도 하지만 다 배우 면 남 는 것 많 으니 추천,,,,,,,,,,,,,,
교수 이 ㅁ 이 개 쿨 남 이 고 재미있 음,,,,,,,,,,,,,,
강의 도 재미있 게 하 시 고 숙제 없 고 시험 두 번,,,,,,,,,,,,,,
회화 위주 로 수업 이 진행 되 었 는데 같 은 조원 중국인 학우 에게 많 은 도움 을 받 을 수 있 다,,,,,,,,,,,,,,
출 결 은 사이버 강의 이 ㄴ 만큼 수월 하 았 습니다,,,,,,,,,,,,,,
중간 기준 30 점 만점 에 26 점 이 상 위 30 퍼 고 기말 기준 35 점 만점 에 30 점 이 상 위 30 퍼입니다,,,,,,,,,,,,,,
진짜 똑똑 하 시 고 강의 자체 가 도움 이 많이 되 ㅂ니다,,,,,,,,,,,,,,
근데 숙제 2 번 시험 2 번 퀴즈 2 번 이 좀 부담 스럽 고 진짜 전공 만큼 빡 세다 고 생각 하 ㅂ니다,,,,,,,,,,,,,,
시험 직전 에 정리 강의 올리 어 주 시 는데 도움 많이 되 ㅁ,,,,,,,,,,,,,,
"""중간 전 까지 퀴즈 1 ", 2 기말 전 까지 퀴즈 3 ," 4 보 는데 퀴즈 에서 시험 내용 이 많이 나오 아서 퀴즈 공부 하 ㄹ 때 열심히 하 면 중간 기말 볼 때 편하 아 지 어 요 수업 도 저희 한테 맞추 어 주 려는 모습 이 많이 보이 었 어요""",,,,,,,,,,,,,,
고학 벌 ㄴ 많 아서 성적 잘 받 기 힘들 었 다는 평이 좀 있 는데 본인 은 1 학년 이 지만 A + 받 음,,,,,,,,,,,,,,
크 게 도움 이 되 는 수업 은 아니 지만 내용 도 쉽 고 좋 아요,,,,,,,,,,,,,,
지문 하나 를 꼼꼼히 들 으니까 도움 이 되 는 것 같 아요,,,,,,,,,,,,,,
저학년 은 비추,,,,,,,,,,,,,,
그러나 교수 님 이 착하 아서 다른 학과 학생 들 과 친하 게 자리 도 마련 하 아 주 시 고 좋 음,,,,,,,,,,,,,,
다시 한 번 말씀 드리 지만 학점 에 대하 ㄴ 가치 를 영어 실력 증진 에 대하 ㄴ 가치 보다 더 높 게 평가 하 시 ㄴ다면 최고 의 교양 이 라 생각 되 ㅂ니다,,,,,,,,,,,,,,
"""실용 중국어 표현 을 많이 배우 ㄹ 수 있 는 기회 이 었 고 "," 또 여러 중국인 친구 들 과 중국어 로 이야기 하 면서 많 은 표현 을 배우 고 어휘력 도 늘 수 있 는 좋 은 기회 이 었 음""",,,,,,,,,,,,,,
강의 수준 배우 는 것 없 어요,,,,,,,,,,,,,,
실제 내용 은 유익 하 ㄴ데 아예 실제 프로그램 을 짜 는 것 과 비교 하 면 생략 되 ㄴ 부분 이 생각 보다 많 아서 프로그래밍 파트 가 약하 ㄴ 전기 과 는 살짝 이 해안 되 ㄹ 수 있 음,,,,,,,,,,,,,,
애 들 이 부끄럼 을 많이 타서 질문 이나 답변 에 소극적 이 라 답답 하 아 하 는 것 이 좀 안타깝 ㄹ 때가 많 음,,,,,,,,,,,,,,
비 기독교 인 이 지만 좋 았 던 수업 약간 상식 이나 이런 것 쌓기 좋 은 수업 이 ㄴ데 교수 님 사담 이랑 수업 이랑 약간 구별 안 되 고 그런 것 이 시험 에 나오 ㄴ다는 단점 이 있 지만 교수 님 도 좋 고 대체적 으로 좋 았 던 수업,,,,,,,,,,,,,,
"""개인적 으로 잡담 "," 사담 과 수업 내용 을 구분 하 기 가 어렵 어 서 힘들 었 음""",,,,,,,,,,,,,,
여러 종교 에 대하 아서 배우 어 가 ㄹ 수 있 는 수업 이 ㅁ,,,,,,,,,,,,,,
전시 로 ㄴ 꿀 발표 솔직히 무난히 외우 어서 잘하 면 상관 없 고 다른 학우 발표 하 ㄹ 때 질문 많이 하 면 되 ㄴ다,,,,,,,,,,,,,,
무역 회사 운영 하 는 사장 님 이 오 아서 수업 하 ㅁ,,,,,,,,,,,,,,
수업 내용 은 흥미 롭 지만 시험 기간 되 면 부담감 이 상당 하 아요,,,,,,,,,,,,,,
스파이 에 관련 되 ㄴ 내용 들 흥미 롭 게 보 았 습니다,,,,,,,,,,,,,,
진짜 교양 으로 듣기 좋 은 과목 강추,,,,,,,,,,,,,,
먼저 재미있 는 강의 이 었 다고 생각 되 ㅂ니다,,,,,,,,,,,,,,
교수 님 이 러시아 서기관 으로 계시 다가 교단 에 서 게 되 셨 는데 현장 에 계시 었 던 분 이 니 만큼 관련 분야 에 대하 ㄴ 전문성 이 대단 하 시 ㅂ니다,,,,,,,,,,,,,,
필기 양 이 많 다고 하 시 는데 그날그날 배우 ㄴ 내용 을 정리 하 면 달리 부담 되 ㄴ다고 느끼 어 지 지 ㄴ 않 았 습니다,,,,,,,,,,,,,,
정보활동 이 라는 것 에 대하 아서 무지 하 았었 는데 이 강의 를 통하 아서 많이 얻 고 가 ㅂ니다,,,,,,,,,,,,,,
무지 하 았 던 역사적 사실 에 대하 어 깊 게 배우 면서 넓 은 관점 에서 배우 어요,,,,,,,,,,,,,,
수업 내용 이 유익 이 되 ㄹ 때 는 많 지만 시험 공부 미치 ㄴ 듯이 꼼꼼히 하 ㄹ 것 아니 면 하 지 말 으시 어요,,,,,,,,,,,,,,
평소 에 는 배우 ㄹ 수 없 는 유익 하 ㄴ 내용 들 을 많이 배우 었 는데요,,,,,,,,,,,,,,
저학년 은 힘들 ㄴ 강의 가 되 ㄹ 것 같 아 요 물론 저학년 중 에 도 열심히 하 아서 점수 잘 받 는 모습 보 기 ㄴ 하 았 지만 대부분 고 학년 선배 님 들 이 수업 을 열심히,,,,,,,,,,,,,,
수업 내용 자체 는 재미있 고 공부 하 ㄴ 만큼 성적 이 나오 기 는 하지만 워낙 잘 하 시 는 분 들 이 많 은 지라 ... 그리고 교수 님 이 목소리 톤 이 낮 고 차분 하 시 어서 저 는 좀 심하 게 잠 오 았 어요,,,,,,,,,,,,,,
그만큼 학생과 소통 하 시 려고 많이 노력 하 시 는 것 같 아요,,,,,,,,,,,,,,
참 고 하 시 어요,,,,,,,,,,,,,,
시험 도 크 게 부담 없 고 적당히 준비 하 아 가 면 되 ㅂ니다,,,,,,,,,,,,,,
수업 즐겁 게 들 었 고 유익 하 ㄴ 내용 도 많이 알 게 되 었 어요,,,,,,,,,,,,,,
복수 전공 이 라 기 눌리 어 있 었 는데 교수 님 이 계속 질문 하 아 주 시 고 눈 마주치 어 주 시 고 좋 았 어요,,,,,,,,,,,,,,
교수 님 굉장히 귀 여우 심 학생 들 배려 도 많이 하 시 고 숙제 도 부담 안 되 는 선 에서 나 의 주심 근데 잘하 는 학생 이 많 아서 A 받 을 려면 적당히 공부 하 아 선 ,,,,,,,,,,,,,,
목소리 자체 가 엄청 작 으시 고 그냥 물 흐르 듯 얘기 하 시 는 스타일 이 라 잘 알 ㄴ 들리 고 엄청 졸리 ㅁ,,,,,,,,,,,,,,
듣 지 말 으시 어요,,,,,,,,,,,,,,
수업 은 이론 보다 담론 위주 에 요 PPT 로 수업 하 시 ㅂ니다,,,,,,,,,,,,,,
교수 님 의 강의 력 이 그렇게 좋 지 는 않 다 그냥 PPT 랑 책 읽 는 수준,,,,,,,,,,,,,,
조원 들 끼리 많이 만나 다,,,,,,,,,,,,,,
학점 채우 어 주 시 는 것 같 고 배우 ㄹ 것 이 많 은 수업 이 었 음,,,,,,,,,,,,,,
시험 내내 넘어지 었 는데 B + 싸랑 하 ㅂ니다,,,,,,,,,,,,,,
즐겁 었 다 교수 님 께서 조만식 체육관 에 학생 들 세우 어 놓 고 하 ㄴ 바퀴 도시 면서 매 수업 마다 자세 교정 해주시 고 열심히 가르치 어 주심,,,,,,,,,,,,,,
"""이 수업 이 이 번 학기 유일 하 ㄴ 낙 이 었 고 "," 배드민턴 도 많이 배우 었 고 실력 을 키우 었 다""",,,,,,,,,,,,,,
전 에 하 았 던 사람 이나 아이스하키 하 았 던 사람 들 이 있 을 수 있 어서 힘들 ㄴ 데 에 1 시간 수업 하고 1 시간 게임 하 는데 게임 이 진짜 재미있 었 습니다,,,,,,,,,,,,,,
놀 면서 스노보드 배우 기 좋 음,,,,,,,,,,,,,,
""".. 그래도 이 수업 을 듣 고 생활 습관 병 같 은 질병 들 이나 흡연 ", 음주 에 대하 어 생각하 아 보 면서 이것 들 이 얼마나 안 좋 은지 , ," 그리고 나 의 몸 을 챙기 고 아프 지 말 아야 하 겠 다""",,,,,,,,,,,,,,
수업 별로 이 강의 좋 다고 하 ㄴ 사람 은 그냥 교수 님 예쁘 어서 그런 듯 수업 자료 도 안 올리 어 주 고 자기 가 강의 하 는 것 알 아서 필기 하 아라 이런 식,,,,,,,,,,,,,,
애 들 이랑 같이 하 아서 내용 그나마 다 알 아서 다행 이 지 ......,,,,,,,,,,,,,,
이러 는 것 많이 하 ㅁ,,,,,,,,,,,,,,
그리고 배우 었 던 내용 이 라 집중 도 가 덜 하 ㅁ,,,,,,,,,,,,,,
교수 님 이 좀 깐깐 하 기 ㄴ 한데 수업 은 무난 하 ㅁ,,,,,,,,,,,,,,
.. 천사 그 자체 시험 은 책 위주 로 나오 고 복습 말 ㄴ 조금 열심히 하 면 A 나오 ㅂ니다,,,,,,,,,,,,,,
디자인 론 이 라 어렵 ㄴ 디자인 기술 을 배우 ㄹ 것 같 지만 서비스 디자인 프로세스 를 구체적 으로 살피 ㄴ 다 실무 측면 에서 도 도움 이 굉장히 많이 되 기 때문 에 디자인 에 관심 있 는 사람 이 라면 인정 교수 님 보다 는 신종천 교수 님 수업 무조건 추천 하 ㄴ 다 성적 상관 하 지 말 고 꼭 듣 었 으면 좋 겠 다,,,,,,,,,,,,,,
"""실용적 이 ㄴ 부분 에서 도 조언 도 많이 듣 을 수 있 고 "," 학생 들 을 위하 아서 전공 실무자 들 인터뷰 도 직접 하 아서 올리 어 주시 기 도 하 고 좋 습니다""",,,,,,,,,,,,,,
수업 열심히 준비 하 아 오 시 고 진짜 최대한 학생 들 한테 도움 되 ㄹ 만 하 ㄴ,,,,,,,,,,,,,,
있 을지 고민 하 아 오 시 는 것 이 눈 에 보일 만큼 열심히 강의 하 시 어서,,,,,,,,,,,,,,
"""물론 원어 수업 에 학점 도 잘 딸 수 있 는 가 "," 나 반 이 학점 따 기 는 더 쉽 ㄹ 수 있 겠 지만 많 은 것 을 배우 고 유익 하 게 얻 어 가 ㄹ 수 있 었 던 수업 이 라고 생각 하 ㅂ니다""",,,,,,,,,,,,,,
"""보통 수업 이 거의 끝나 가 ㄹ 무렵 "," 그 수업 의 제목 과 는 마무리 가 다소 동 떨어지 ㄴ 것 과 같 은 느낌 을 받 을 때가 많 다""",,,,,,,,,,,,,,
"""단순히 학점 을 위하 아서라면 다른 반 을 "," 진심 으로 디자인 방법론 에 대하 어 배우 고 새롭 ㄴ 지식 을 얻 고 싶 다면 신종천 교수 님 의 수업 을 듣기 를 추천 하 ㅁ""",,,,,,,,,,,,,,
"""그 하나 를 완성 하 는데 생각 도 많이 하 아야 하 고 "," 실제 적 이 ㄴ 작업 도 많이 하 아야 하 ㅁ""",,,,,,,,,,,,,,
학생 들 에게 어떻하 게 든 더 많 은 것 을 가르치 어 주 려고 노력 하 시 고 실제로 도 유익 하 다,,,,,,,,,,,,,,
교수 님 이 영어 도 굉장히 잘 하 시 고 강의 력 도 좋 으시 어서 배우 는 것 이 많 은 수업 이 ㅂ니다,,,,,,,,,,,,,,
취업 에 조언 을 많이 하 아 주 시 어서 좋 음,,,,,,,,,,,,,,
"""물론 완전히 그렇 다고 보 ㄹ 수 는 없 지만 "," 교수 님 의 채점 방식 이 본인 이 생각 하 는 핵심어 가 들어가 있 냐 로 판단 하 시 기 때문 에 많이 적 을수록 유리 하 ㄴ 것 은 사실 이 ㅂ니다""",,,,,,,,,,,,,,
"""평가 기준 이 금융 ", 경제 , 재무관리 등 교과목 이해 정도 가 아니 ㄴ ," 수업 이나 프린트 에 나오 ㄴ 단어 의 갯수 가 평가 기준 .. 개인적 의견 으로 ㄴ 상경 계열 학생 보다 는 인문대 생 이 점수 를 잘 받 는 시험 이 ㅁ""",,,,,,,,,,,,,,
그리고 의 외로 외국인 학생 들 듣 는 수업 이 많 고 일 병행 하 는 학생 도 종종 있 어서 본인 스케줄 이 빠듯 하 다고 생각 되 ㄴ다면 서로 시간 맞추 는데 어렵 ㄹ 수 도 있 음,,,,,,,,,,,,,,
화석 이 재수강 으로 뵙 게 되 ㄴ 교수 님 이 ㄴ데 그 어떤 교수 님 한테 도 뒤지 지 않 는 강의 력 과 꿀 보이스 의 전달력 은 최고 라고 생각 하 ㅂ니다,,,,,,,,,,,,,,
그래도 교수 님 강의 가 도움 이 되 었 다고 생각 하 ㅂ니다,,,,,,,,,,,,,,
"""대신 조 짜 서 같이 상의 하 어 도 되 ㄴ다 곤 하 시 나 "," 코드 는 같 으면 안 되 ㄴ다고 하 시 ㅁ""",,,,,,,,,,,,,,
"""출 결 은 별로 반영 도 안 하 시 는 것 같 고 "," 만회 하 ㄹ 기회 도 많이 주 시 니 안심 하 시 어도 되 ㅁ""",,,,,,,,,,,,,,
교수 님 이 학생 들 을 끌 고 가 려는 것 이 눈 에 보이 어서 이 좋 다,,,,,,,,,,,,,,
"""매주 23 개 는 나오 는 것 같 은 데 "," 뒤 로 가 ㄹ 수록 어렵 기 때문 에 시간 좀 많이 들이 어서 숙제 하 아야 하 ㅂ니다""",,,,,,,,,,,,,,
굳이 C + + 을 예습 하 지 않 아도 되 ㄹ 듯,,,,,,,,,,,,,,
차라리 이런 기회 로 배우 어 놓 으면 알 고 풀 때 도움 이 많이 되 ㅁ,,,,,,,,,,,,,,
강의 를 굉장히 꼼꼼 하 게 하 아 주 시 ㅂ니다,,,,,,,,,,,,,,
그럼 에 도 교수 님 강의 가 워낙 완벽 하고 알차 ㄴ 강의,,,,,,,,,,,,,,
"""숙제 가 많 고 시험 채점 이 깐깐 하 기 ㄴ 하지만 "," 제대로 자료구조 배우 고 싶 고 하 다면 강의 듣 고 열심히 공부 하 면서 숙제 제출 하 면 크 ㄴ 도움 이 되 ㄹ 듯 최고 의 강의 이 ㄴ 듯 하 다""",,,,,,,,,,,,,,
"""대충 공부 하 ㄹ 생각 으로 커리큘럼 따라서 듣 는다면 본인 에게 어렵 ㄴ 수업 일거 고 "," 시간 투자 많이 하 ㄴ다면 학기 끝나 고 기억 에 남 는 과목 일 거라고 생각하 ㄴ 다""",,,,,,,,,,,,,,
물론 김동성 교수 님 은 호불호 가 확실 하 ㄴ 사람 이 니 본인 의 판단 이 제일 중요 하 다고 생각하 ㄴ 다,,,,,,,,,,,,,,
수업 은 진짜 좋 음,,,,,,,,,,,,,,
PPT 한 장 한 장 코드 도 넘어가 지 말 으시 고 잘 보 시 기 ㄹ ... 수업 은 사실 상 제대로 안 하 시 고 숙제 열심히 하 시고 숙제 분석 잘 하 시 면 무난 하 ㄴ 강의 되 겠 습니다,,,,,,,,,,,,,,
교수 님 건강하T H 여,,,,,,,,,,,,,,
"""1 학년 수업 보다 부분적 이 ㄴ 내용 을 다루 는 만큼 "," 내용 도 훨씬 깊 고 배우 는 작품 들 도 훨씬 다양 하 아 지 ㅂ니다""",,,,,,,,,,,,,,
팀원 들 최대한 연락 잘 하 어 주 고 자기 하 ㄹ 일 열심히 하 ㄹ 것,,,,,,,,,,,,,,
이쪽 분야 에 흥미 없 는 사람 이 들 으면 매우 ,,,,,,,,,,,,,,
하지만 우리 배려 하 아 주 시 려고 말씀 을 일부러 느리 게 하 시 는 것 같 은 데 개인적 으로 이 부분 이 오히려 좀 답답 하 았 다,,,,,,,,,,,,,,
이 수업 때문 에 전과 하 는 학생 들 도 많 은데 조금 말 ㄴ 달리 생각하 아 보 면 이 수업 만 넘기 면 다른 수업 들 이 수월 하 아 지 ㅂ니다,,,,,,,,,,,,,,
수업 뿐 아니 라 좋 은 얘기 도 많이 해주시 는 참 선생 님 이심,,,,,,,,,,,,,,
관련 지식 과 어 휘 가 남 은 것 도 있 지만 공부 하 는 태도 가 잘 적립 되 ㅁ,,,,,,,,,,,,,,
높 은 점수 를 얻 기 위하 아서 는 운 과 스피드 가 생명 이 ㅂ니다,,,,,,,,,,,,,,
그만큼 힘들 기 는 하지만 교수 님 자체 는 좋 으시 ㄴ 분 이 ㄴ 것 같 음,,,,,,,,,,,,,,
실험 많이 알 ㄴ 하고 학생 들 시간 많이 안 뺏 으려고 노력 하 시 는 것 이 보이 었 던 것 같 다,,,,,,,,,,,,,,
엑셀 을 잘하 면 도움 이 되 ㄴ다,,,,,,,,,,,,,,
통계 수업 이 수학 기호 나 각종 복잡 하 ㄴ 공식 들 이 매우 많이 나오 는데 기초적 이 ㄴ 것 외 에 필수적 이 지 않 은 것 은 ' 외우 면 좋 으나 이런 것 외우 다가 흥미 잃 고 공부 안 하 ㄹ 바 에 안 외우 어 도 되 ㄴ다,,,,,,,,,,,,,,
퀴  매주 한 번 에 시험 3 번 이 ㄴ데 어차피 공부 하 아야 하 ㄹ 것 퀴즈 때문 에 미리미리 하 니 좋 습니다,,,,,,,,,,,,,,
초반 에 ㄴ 고등학생 때 배우 ㄴ 내용 으로 충분히 커버 하 ㄹ 수 있 는 내용,,,,,,,,,,,,,,
보 니 수업 후반 으로 갈수록 내용 이 이해 하 기 가 힘들 어 지 었 습니다,,,,,,,,,,,,,,
시험 많 고 퀴즈 많 기 는 하 어 도 도움 되 ㅂ니다,,,,,,,,,,,,,,
진짜 많이 배우 어 가 ㄹ 수 있 는 좋 은 교수 님 평소 에 공부 하 게 만들 시 어서 긴장감 있 고 좋 아요,,,,,,,,,,,,,,
컴퓨터실 에서 하 는 수업 은 시험 에 는 나오 지 않 기 때문 에 다 들 가볍 ㄴ 마음 으로 컴퓨터실 에 수업 을 들 으러 가 시 면 되 ㄹ 것 같 습니다,,,,,,,,,,,,,,
[ 수업 + 교수 님 ],,,,,,,,,,,,,,
그래서 그렇 ㄴ지 100 점 과 90 점 대 가 상당히 많 았 는데 이 는 기 말 때 충분히 뒤집 을 수 있 다고 생각 되 ㄹ 정도 로 기말 는 이해 하 는 것 부터 문제,,,,,,,,,,,,,,
과 동시 에 도움 이 되 는 부분 도 있 으니 본인 의 스타일 에 맞 게 선택 하 시 면 좋 을 것 같 습니다,,,,,,,,,,,,,,
교수 님 은 다른 교수 님 들 처럼 PPT 를 따로 준비 하 시 어서 강의 를 하 시 지 않 고 책 을 보 며 그냥 말 로 설명 을 쭈욱 하 시 ㄴ다,,,,,,,,,,,,,,
교수 님 자체 가 학생 들 한 명 한 명 을 기억 하 려 하 시 고 소통 을 좋아하 시 기 때문 에 출 튀하 면 바로 걸리 ㄴ다 .. 그리고 수업 시간 에 대답 열심히 하 면 되게 예쁘 게 봐주 시 ㄹ 것 이 다,,,,,,,,,,,,,,
"""교수 님 ", ," 열심히 강의 하 아 주 시 ㅂ니다""",,,,,,,,,,,,,,
숙제 만 열심히 하 면 시험 공부 는 별로 하 ㄹ 것 이 없 는 것 같 아요,,,,,,,,,,,,,,
교수 님 께서 보강 을 하 시 ㄹ 때 도 학생 들 의 편의 를 봐주 시 기 위하 아 노력 하 시 고 참 착하 시 고 귀 여우 시 ㄴ 분 이 라고 생각 하 ㅂ니다,,,,,,,,,,,,,,
"""※ 성적 석 ", 숙제 ," 시험 으로 하 아서 비율 채우 어 주 시 었 어요""",,,,,,,,,,,,,,
.. 열심히 하 아야 되 요,,,,,,,,,,,,,,
그리고 내용 이 좀 어렵 어 도 질문 하 면 친절히 알리 어 주심,,,,,,,,,,,,,,
학생 들 을 엄청 생각 하 시 는 천사 교수 님 이 다 학점 도 잘 주 시 고 학생 들 에게 중간 중간 간식 도 주 시 ㄴ 다 기말 범위 는 수업 을 잘 들 으면 도움 이 많이 되 ㄹ 것 이 다 교수 님 이 친절 하 게 천천히 잘 가르치 어 주 시 ㄴ 다 시험 이 약간 어렵 ㄹ 수 있 는데 다른 학생 들 도 어렵 어 하 아서 생각 보다 학점 을 잘 받 을 수 있 을 것 이 다 경 수통 을 듣 는다면 추천 하 ㄹ 만 하 ㄴ 수업 이 다,,,,,,,,,,,,,,
첫 수업 때 수업 내용 외 에 도 전반적 이 ㄴ 대학 생활 과 인생 에 대하 아서 개인 상담 을 해주시 기 도 하 았 고 학생 들 의 애정 이 많 으시 ㄴ 교수 님 이 시 ㄴ 것 같 아요,,,,,,,,,,,,,,
중간 는 확률 과 통계 의 느낌 이 었 다면 기말 는 많 은 공식 과 비슷 하 ㄴ 내용 이 많 아 많이 부담 이 되 었 던 것 같 아요,,,,,,,,,,,,,,
교수 님 은 사람 이 좋 으시 고 똑똑 하 시 고 열심히 하 시 는데 ... 강의 력 은 최악 이 ㅂ니다,,,,,,,,,,,,,,
.. 강의 들 으면 오히려 더 헷갈리 ㅁ,,,,,,,,,,,,,,
시험 은 예제 그대로 나오 거나 숫자 말 ㄴ 바꾸 어 나오 는 경우 가 많 아서 몇 번 풀 어 보 고 가 면 좋 고요,,,,,,,,,,,,,,
그래서 3 차 시험 이후 부터 는 수업 중간 에 도 출석 을 하 ㄴ 번 더 부르 시 더라구 요 아 참고 로 교수 님 이 회사 일과 병행 하 시 었 던 강의 라 6 시 이후 연 강이 었 는데 항상 30 분 1 시간 가량 일찍 끝내 주 시 었 고 시험 치 는 날 에 는 시험 만 보 고 저녁 사주 시 었 어요,,,,,,,,,,,,,,
최고 의 수업,,,,,,,,,,,,,,
"""교수 님 이 발표 하 는 자세 를 중요시 여기 시 어서 크 ㄴ 목소리 ", 발표 속도 , 자세 ," 얼굴 표정 다 생각 하 면서 준비 하 아야 하 아요""",,,,,,,,,,,,,,
완전 스윗 하 시 고 수업 별로 지루 하 지 도 않 음,,,,,,,,,,,,,,
③ 수업 교수 님 이 수업 을 되게 재미있 게 하 려고 노력 하 시 는 것 이 보이 ㅂ니다,,,,,,,,,,,,,,
"""참여 도 비중 이 이렇게 크 ㄴ 줄 모르 았 는데 수업 시간 에 되도록 영어 를 많이 쓰리 어 고 노력 하고 "," 교수 님 한테 좋 은 모습 많이 보여주 시 면 좋 을 것 같 아요""",,,,,,,,,,,,,,
출석 은 당연히 잘 하 시 어야 하 고 참여 도 도 중요 하 아요,,,,,,,,,,,,,,
학생 들 과 어울리 려고 노력 하 시 고 자율 성 보장 해주시 고 미국 식 수업 이 이런 느낌 이 ㄹ까 싶 었 음,,,,,,,,,,,,,,
우선 수업 횟수 자체 가 굉장히 널 널 하 ㅂ니다,,,,,,,,,,,,,,
즐겁 게 수업 진행 하 려 노력 하 시 는 편 이 고요,,,,,,,,,,,,,,
진심 으로 이 교수 님 으로 배정 되 ㄴ 학생 들 은 복 받 은 것 나 쏘 스윗 하 시 고 학생 들 알 ㄴ 지루 하 게 노력 하 시 는 것 이 눈 에 보 일 정도 에 요 자신감 과 열심히 참여 하 는 모습 을 많이 보 시 어요,,,,,,,,,,,,,,
수업 은 대화 위주 로 많이 시키 ㅂ니다,,,,,,,,,,,,,,
"""학점 과 는 별개 로 개인적 으로 생각 하 기 에 영어 선생 님 들 중 에 제일 학생 들 배려 많이 하 어 주 고 "," 여러모로 좋 다고 생각 하 는 선생 님""",,,,,,,,,,,,,,
시험 은 자기 가 하 라는 것 만 알 아서 하 면 성공 하 ㄴ다,,,,,,,,,,,,,,
수업 시간 에 ㄴ 조르 ㄹ 짜 서 각자 프리 토킹 하 는 시간 으로 시작 하 았 고 그 시간 에 는 음악도 틀 어 주 시 어서 잔 잔 하 ㄴ 분위기 속 에 학우 들 과 얘기 하 기 도 좋 았 습니다,,,,,,,,,,,,,,
중간 기말 시험 볼 때 학생 들 시간 배려 도 많이 하 아 줍 니 다 굿,,,,,,,,,,,,,,
교재 보다 ㄴ 별도 수업 자료 로 많이 수업 하 시 었 고 그래서 쉽 으면서 도 유용 하 ㄴ 내용 을 많이 배우 었 음,,,,,,,,,,,,,,
일단 교수 님 이 너무 귀 여우 시 어요,,,,,,,,,,,,,,
.... 뭐 좀 시키 는 것 있 기 ㄴ 한데 어렵 ㄴ 것 도 아니 고 오래 걸리 는 것 도 아니 고 무엇 보다 학생 들 을 생각하 아 주 시 고 착하 시 어요,,,,,,,,,,,,,,
교수 님 이 시키 시 는 것 도 많 으시 고 관심 도 많 으시 다,,,,,,,,,,,,,,
하지만 힘들 ㄴ 만큼 도움 이 많이 되 ㅂ니다,,,,,,,,,,,,,,
힘들 어도 열심히 참여 하고 교수 님 이 시키 시 는 것 충실히 잘 하 시 면 얻 어거 는 것 이 많 은 수업 이 ㄹ 것 같 습니다,,,,,,,,,,,,,,
"""교수 님 께서 굉장히 성격 이 좋 으시 어서 학생 들 에게 도 친근 하 게 다가 가 시 며 "," 학생 들 을 매우 배려 하고 존중 하 시 ㅂ니다""",,,,,,,,,,,,,,
교수 님 이 굉장히 철학적 이 ㄴ 질문 을 자주 하 시 어서 수업 시간 에 굉장히 많 은 생각 을 하 게 되 ㅂ니다,,,,,,,,,,,,,,
영어 표현 이 조금 서툴 더라도 다 알 아들 으시 고 자신감 있 게 표현 하 는 것 이 이 수업 에서 는 가장 중요 하 다,,,,,,,,,,,,,,
재미있 었 음 말 하 는 것 에 대하 어 공포감 을 없애 주 려는 노력 을 많이 하 시 ㅁ,,,,,,,,,,,,,,
좋 았 어요 얼마나 완변  영어 를 구사 하 는 자기 가 아니 ㄴ 얼마나 흥미 를 가지 고 노력 하 는 자기 가 평가 기준 이 신 것 같 아요,,,,,,,,,,,,,,
사회 이슈 와 사건 에 대하 어 논의 하 는 시간 이 많 다,,,,,,,,,,,,,,
영어 로 자기 생각 표현 하 려고 노력 하고 성실 하 ㄴ 모습 만 보여주 면 점수 잘 주 시 는 것 같 습니다,,,,,,,,,,,,,,
결론 은 교수 님 에 대하 어 별로 걱정 하 ㄹ 것 은 없 구 하 ㄴ 학기 동안 영어 교수 님 이랑 재미있 게 수업 하 아야 지라는 마인드 로 수업 임하 시 면 되 ㄹ 것 같 아요,,,,,,,,,,,,,,
딸 을 엄청 좋아하 시 어서 딸 얘기 꺼내 면 사진 도 보여주 시 고,,,,,,,,,,,,,,
안 좋 은 얘기 많 아서 걱정 하 았 는데 생각 보다 유쾌 하고 그렇게 딱딱 하 지 도 않 고 좋 은 분 이 시 어요,,,,,,,,,,,,,,
매우 활달 하 ㄴ 원어민 으로 수업 들 으면 좀 피곤 하 지만 굉장히 알 참,,,,,,,,,,,,,,
수업 시간 에 열심히 참여 하 시 면 좋 은 점수 받 아 가 ㄹ 수 있 을 것 에 요,,,,,,,,,,,,,,
거의 발표 수업 임 중간 도 발표 기말 은 2 번 시험 보 는데 하 나 는 에세이 하나 는 발표 임 발표 준비 열심히 하 았 더니 성적 괜찮 게 받 음,,,,,,,,,,,,,,
하 ㄹ 것 많 기 는 한데 교수 님 이 이것저것 준비 도 많이 하 아 오 시 고 시험 못 보 아도 가산점 주 는 것 많이 하 시 어서 열심히 말 ㄴ 하 시 면 학점 은 괜찮 게 나오 ㄹ 것 에 요,,,,,,,,,,,,,,
물론 시키 는 것 은 더럽 게 많 음,,,,,,,,,,,,,,
중간 중간 퀴즈 도 많 고 중간 기말 도 빡 세 ㄴ 감 이 있 지만 노력 하 ㄴ 만큼 점수 주 시 는 듯,,,,,,,,,,,,,,
점수 도 깐깐 하 게 주 어도 다른 영어 교수 보다 C 를 많이 줌 시키 는 것 이 많 은 만큼 깐깐 하 게 채점 하 ㄴ다는 것 이 ㅁ,,,,,,,,,,,,,,
교수 님 은 호탕 하 시 고 좋 으시 나 시험 이 많 아서 힘들 었 음,,,,,,,,,,,,,,
근데 안드레아 가 진짜 유쾌 하고 수업 방식 도 좀 다르 아서 수업 듣 는 모든 사람 들 친분 이 생기 ㄴ 달 까 나,,,,,,,,,,,,,,
일단 교수 님 자체 가 학생 들 을 좋아하 시 고 잘 챙겨주 려 하 시 며 수업 에 대하 ㄴ 열정 이 넘치 시 는 분 이 ㅂ니다,,,,,,,,,,,,,,
그래서 숙제 를 굉장히 많이 내주 시 고 수업 시간 에 하 ㄹ 일 이 많 으며 다른 반보 다,,,,,,,,,,,,,,
근데 그만큼 배우 ㄹ 것 도 많 고 하 란 대로 만 제대로 하 면 점수 잘 받 을 수 있 음,,,,,,,,,,,,,,
젤 마음 편하 게 들어가 았 던 영어 수업 애초 에 학점 기대 하고,,,,,,,,,,,,,,
요구 사항 이 많 은 깐깐 보스 지만 그 깐깐 하 ㄴ 기준 대로 만 하 면 되 ㅁ,,,,,,,,,,,,,,
단점 지적 도 꽤 예리 하 ㄴ 구석 도 있 어서 나중 에 회사 같 은 데 에서 PT 하 ㄹ 때 도움 이 되 ㄹ 거라 생각 하 ㅁ,,,,,,,,,,,,,,
"""아무튼 절대평가 이 ㄴ지 상대 평가 이 ㄴ지 모르 겠 지만 이 교수 가 독일 계 캐나다인 이 시 ㄴ데 "," 조 오 ㄴ 나 깐깐""",,,,,,,,,,,,,,
저 는 다행히 도 동기 들 이랑 같 은 반 이 되 어서 괜찮 았 어요,,,,,,,,,,,,,,
수업 듣 을 때 는 스트레스 굉장히 많이 받 지만 돌이키 어 보 면 얻 은 것 도 많 고 영어 능력 을 확 늘리 어 줄 ㄴ 수업 이 었 습니다,,,,,,,,,,,,,,
이 교수 님 수업 좀 많이 힘들 지만 그만큼 얻 어 가 는 것 이 많 은 수업 이 에 요 영어 실력 많이 좋 아 지 었 어요,,,,,,,,,,,,,,
참여 점수 가 굉장히 크 어서 수업 마다 손 들 고 발표 하 아야 하 고 발표 하 ㄹ 때 마다 억양 소리 아이 택 일일이 다 신경 쓰 어야 하 ㅂ니다 자기 마음 에 알 ㄴ 들 면 마음 에 들 ㄹ 때 까지 하 게 하 ㅂ니다 쪽 지 시험 도 대문자 콤마 하나하나 다 따 집 니 다 중간 기말 발표 시 험 은 외우 면 외우 어서 기계 같 다고 깎이 고 아이 택 을 모든 사람 과 다하 아야 점수 안 깎 이 ㅂ니다,,,,,,,,,,,,,,
무엇 ㄴ가 하 는 것 이 많 은 수업 이 ㄴ데 열심히 하 면 그만큼 학점 은 받 아 가 ㄹ 수 있 는 수업 이 ㅁ,,,,,,,,,,,,,,
항상 수업 하 시 ㄹ 때 밝 은 목소리 로 재미있 게 이 끌어가 실리 어 고 노력 하 는 것 은 맞 으나 수업 내용 을 보 면 ... 영어 를 배우 는 수업 이 아니 라 나 가 발표 를 잘하 기 위하 ㄴ 수업 을 듣 고 있 는 것 같 다,,,,,,,,,,,,,,
그리고 수업 참여 도 가 평가 요소 중 에 크 ㄴ 비중 을 차지 하고 있 으니까 되도록 이면 수업 시간 에 질문 많이 하 고 대답 도 잘 하 는 것 이 좋 음,,,,,,,,,,,,,,
출 결 이 진짜 중요 하 ㄴ 수업 평가 기준 도 확실 하 게 있 어서 점수 는 객관적 으로 주 ㄴ다는 장점 이 있 음,,,,,,,,,,,,,,
"""근데 밑 에 분 말 대로 영어 1 "," 2 가 영어 실력 향상 에 도움 이 되 는 과목 이 ㄴ지 는 의문 이 다""",,,,,,,,,,,,,,
"""사실 성적 보다 영어 1 "," 2 가 학우 들 에게 영어 실력 을 키우 는데 도움 이 되 는지 심각 하 게 학교 는 생각하 아 야 하 ㄹ 듯""",,,,,,,,,,,,,,
일단 남 들 보다 양이 매우 엄청 많 아요,,,,,,,,,,,,,,
훨씬 많 은 시간 과 노력 을 들이 어야 하 ㄴ다 ..,,,,,,,,,,,,,,
학생 들 에게 호불호 갈리 ㄹ 듯,,,,,,,,,,,,,,
학점 은 모르 아도 영어 실력 증진 에 는 도움 이 많이 되 는 교수 님 이 ㅂ니다,,,,,,,,,,,,,,
일단 숙제 가 많 고 3 번 이 ㄴ가 4 번 이 ㄴ 것 ㄹ로 기억 하 ㅁ,,,,,,,,,,,,,,
그냥 교수 님 마음대로 이 ㄴ 것 같 음,,,,,,,,,,,,,,
수업 은 잘 가르치 어 주 시 는 것 같 다,,,,,,,,,,,,,,
저어 어엉 말 빡 새 ㄴ 교수 님 이 지만 그만큼 얻 어 가 는 것 은 매우 많 은 수업 교수 님 착하 시 고 재미있 고 학생 들 에 대하 ㄴ 관심 도 매우 많 으시 ㅁ,,,,,,,,,,,,,,
회화 는 조 별 로 회화,,,,,,,,,,,,,,
대신 좀 벅차 ㄹ 수 있 지만 진짜 그만큼 더 많이 남 으시 ㄹ 것 예 여 추천 꾹,,,,,,,,,,,,,,
진짜 수업 준비 를 많이 하 시 고 학생 들 하나하나 관심 가지 고 챙겨주 심 추천,,,,,,,,,,,,,,
일 다 교수 님 은 매우 열정적 이 시 ㅂ니다,,,,,,,,,,,,,,
고등학교 진로 수업 .. 생각 보다 시간 을 많이 잡아먹 는다,,,,,,,,,,,,,,
코로나 때문 에 싸 강 을 하긴 하 았 지만 그닥 취업 에 도움 이 되 ㄹ까 의문 이 들 는 수업 ..,,,,,,,,,,,,,,
앞 으로 대학 생활 관련 하 아서 도 많 은 것 알 게 되 고 나 자신 에 대하 아서,,,,,,,,,,,,,,
MB TI 랑 뭐 직업 에 관해 배우 는 데 오프라인 으로 하 았 으면 재미있 었 을 터 이 ㄴ데 온라인 으로 하 니 좀 지루하 기 ㄴ 하 다,,,,,,,,,,,,,,
진지 하 게 진로 에 대하 어 고민하 있 어서 듣 었 는데 진로 는,,,,,,,,,,,,,,
패 논 패 어 수업 에서 얻 어 가 는 거도 많 고 조원 들 과 교류 하 는 거도 나쁘 지 않 다고 생각하 았 음,,,,,,,,,,,,,,
조 잘 만나 라는 말 이 괜히 있 는 것 이 아니 다,,,,,,,,,,,,,,
진로 보다 ㄴ 자신 에 대하 어 이것저것 알아보 는 느낌 이 었 음,,,,,,,,,,,,,,
조르 ㄹ 잘 만나 고 외향적 이 ㄴ 성격 이 시 라면 놀 면서 학점 을 얻 어 가 ㄹ 수 있 지만 아니 라면 매 시간 이 몹시 괴롭 어 집 ㅂ니다,,,,,,,,,,,,,,
앞 으로 진로 에 크 게 도움 안 되 ㄴ 것 같 아서 더 별로 이 었 다,,,,,,,,,,,,,,
저 는 다행히 조원 듣 을 잘 만나 서 재미있 었 습니다,,,,,,,,,,,,,,
수업 내용 도 재미있 어요,,,,,,,,,,,,,,
"""대학 생활 과 진로 탐색 "," 사람 들 마다 평이 많이 갈리 지만 저 는 좋 았 어요""",,,,,,,,,,,,,,
교수 님 께서 는 영상 과 PPT 로 수업 을 진행 하 는데 과목 자체 가 PF 이 다,,,,,,,,,,,,,,
수업 내용 도 좀 의미 없 고 .. 인터넷 에 검색 몇 번 하 면 다 나오 ㄹ 이야기 들 .. 여 트 ㄴ 그냥 수 강하 지 않 으시 는 것 을 ,,,,,,,,,,,,,,
나름 도움 도 되 는 내용 이 고 나 자신 을 다시 한번 돌아보 게 되 ㄴ 달 까,,,,,,,,,,,,,,
꿀 은 자 ㄹ 빨 았 지만 ... 지루 하고 재미 없 고 하나 도 유익 하 지 않 았 건 수업,,,,,,,,,,,,,,
진로 에 대하 어 고민 많이 해보 게 되 ㄴ 계기 가 되 었 음,,,,,,,,,,,,,,
수업 내용 은 고등학교 때 진로 수업 이랑 차이 가 없 을 정도 로 퀄리티 가 떨어지 며 교수 님 이 말씀 이 엄청 많 으시 어서 피곤 하 다,,,,,,,,,,,,,,
숙제 도 많 고 조 모임 도 많 음,,,,,,,,,,,,,,
교수 님 이 깐깐 하 ㅁ,,,,,,,,,,,,,,
같 습니다 핸드폰 쓰 면 안 되 고 자면 안 되 고 화장실 가 ㄹ 때 도 학생증 맡기 고 가 아야 하 고 매일매일 파일 가지 어 오 아야 하 고 .. 깜빡 하 아도 감점 .. 쓰 어야 하 ㄹ 것 도 굉장히 많 습니다,,,,,,,,,,,,,,
친구 사 귈 거라 기대 하고 가 았 는데 막상 가 니까 조원 들 이랑 밖에 안 친하 아 지 더라구 요 조원 들 이랑 도 막 친하 아 지 ㄴ 것 도 아니 고 그나마 같 은 과 친구 있 어서 재미있 었 습니다,,,,,,,,,,,,,,
"""조 별 로 얘기 하 는 활동 이 많 은데 같 은 학년 ", 다른 과 친구 들 과 만날 수 있 어 개인적 으로 좋 다고 생각 하 지만 ," 조원 들 과 안 맞 는다면 이 수업 은 재미 가 없 을 듯""",,,,,,,,,,,,,,
사실 상 배우 ㄴ 것 을 토대 로 경제학 적 수학적 사고 를 요하 는 문제 가 많이 출제 되 고 출석 은 알 ㄴ 들어가 지만 결국 수업 에서 강조 하 ㄴ 것 이 그대로 나오 ㄴ다,,,,,,,,,,,,,,
공부 하고 도 0 점 맞 을 수 있 는 시험 이 고 공부 많이 안 하 어 도 고득점 맞 을 수 있 는 그런 시험 이 ㄴ 듯,,,,,,,,,,,,,,
교수 님 이 진짜 천사,,,,,,,,,,,,,,
수업 때 수업 관련 되 ㄴ 내용 말 고 분야 와 관련 되 ㄴ 다른 이야기 들 도 해주시 고요,,,,,,,,,,,,,,
배우 ㄹ 것 이 많 고 수업 또한 재미있 고 이 교수 님 과 친분 을 쌓 었 다는 것 만 으로 도 크 ㄴ 수확,,,,,,,,,,,,,,
좋 은 교수 님 PPT 로 공부 열심히 하 고 숙제 내 는 것 열심히 공부 하 면 공부 하 ㄴ 만큼 나오 는 정직 하 ㄴ 과목 이 ㅂ니다,,,,,,,,,,,,,,
믿 고 듣 는 정규식 교수 님 수업 공부 량 이 방대하 길 ㄴ 하지만 열심히 노력 하 면 얻 어 가 는 것 이 많 음,,,,,,,,,,,,,,
그것 ㄴ 본인 수업 시간 태도 랑 공부 하 았 던 시간 들 생각하 아 보 면 답 나오 ㅁ,,,,,,,,,,,,,,
"""정규식 교수 님 수업 을 많이 듣 어 보 았 지만 "," 듣 을 때 마다 느끼 는 것 이 학생 에 대하 ㄴ 예 의 를 지키 는 몇 안 되 는 교수 님 이 ㄴ 것 같 다""",,,,,,,,,,,,,,
"""강좌 중간 중간 관련 되 ㄴ 내용 을 소개 해주시 기 도 하 고 "," 숙제 를 통하 아 컴퓨터 구조 시간 에 배우 ㄴ 내용 을 확실히 알 아 가 도록 하 게 하 아 주 시 ㅂ니다""",,,,,,,,,,,,,,
"""처음 에 컴퓨터 구조 수업 자료 보 고 나 가 이것 ㄹ 하 ㄹ 수 있 을까 싶 었 는데 "," 설명 을 잘 하 아 주 시 어서 강의 듣 고 숙제 하 다""",,,,,,,,,,,,,,
설명도 잘 해주시 고 시험 도 숙제 도 전부 도움 되 는 과정 중 하나 로 되도록 해주시 는 훌륭 하 시 ㄴ 분 이 다,,,,,,,,,,,,,,
컴 학 에 ㄴ 미안 하 지만 가 지 말 으시 어요,,,,,,,,,,,,,,
힘들 지만 강의 는 잘하 시 ㄴ다,,,,,,,,,,,,,,
복습 하 ㄹ 수 있 는 강의 도 주 시 는데 그것 도 많 은 도움 이 되 었 습니다,,,,,,,,,,,,,,
교수 님 께서 열심히 강의 하 아 주 시 어서 수업 따라가 려면 열심히 하 아야 하 ㅂ니다,,,,,,,,,,,,,,
"""출 튀 얘기 많이 나오 는데 "," 출 튀 애 들 진짜 개 많이 하 ㄴ다""",,,,,,,,,,,,,,
빵빵 하 ㄴ 강의 력 과 적 당량 의 숙제,,,,,,,,,,,,,,
과목 자체 가 마 아아아아아 않 이 어렵 으 니 작정 하고 열심히 들 으시 어요,,,,,,,,,,,,,,
남 들 평가 하 ㄴ 것 전혀 공감 안 되 ㅁ,,,,,,,,,,,,,,
공부 열심히 하 는 사람 한테 는 최고 의 교수 님 이 시 고 공부 별로 알 ㄴ 하 는 사람 들 은 시험 많 고 토요일 보강 도 있 고 그래서 안 좋 을 것 에 요,,,,,,,,,,,,,,
공부 진짜 안 하 는 사람 이 면 여기 수강 하 는 사람 들 대부분 이 열심히 하 니까 바닥 깔 아 주 는 것 에 요,,,,,,,,,,,,,,
열심히 하 면 얻 어 가 는 것 도 많 고 느끼 는 것 도 많 은 과목 이 ㅂ니다,,,,,,,,,,,,,,
교수 님 강의 안 하 고 학부 생 들 이 자료 찾 아 서 강의 하고 ...,,,,,,,,,,,,,,
만약 사실 이 면 싫 다,,,,,,,,,,,,,,
그냥 수업 잘 알 ㄴ 하고 휴강 많이 하 는 수업 좋아하 시 면 이 강의 들 으면 되 ㄹ 것 같 아요,,,,,,,,,,,,,,
오히려 기 보 ㄴ 적 이 고 사소 하 ㄴ 것 도 확실히 알 고 가게 되 어서 어느 정도 도움 이 되 ㄴ 것 같 았 다,,,,,,,,,,,,,,
의 깜  준비 하 아 가 ㄹ 수 있 습니다,,,,,,,,,,,,,,
거의 수업 시간 에 똑같 은 거만 강조 하고 자기 자랑 많이 하 시 ㅁ,,,,,,,,,,,,,,
일단 수업 내용 은 둘째 치고 그냥 일 상대 화 도 알 ㄴ 통하 ㄹ 정도 로 의사소통 능력 이 떨어지 ㅁ,,,,,,,,,,,,,,
근데 배우 는 것 1 도 없 으니 소프트 가 는 사람 은 듣 지 마 요,,,,,,,,,,,,,,
지금 마지막 시험 공부 중인 데 강의 노트 에 내용 이 없 어서 책 보 고 인터넷 보 고 하 아서 화 가 날 ㄴ다,,,,,,,,,,,,,,
알 시 는 것 도 많 으시 ㄴ 것 이 보이 고 문법 공부 하 시 려는 분 들 은 무조건 얻 어 가 는 것 은 있 습니다,,,,,,,,,,,,,,
교수 님 러 블 리 하 시 뮤 내용 도 진심 인생 에 도움 되 는 학문 이 ㅁ,,,,,,,,,,,,,,
그런데 교수 님 과 친하 아 지 어 보 면 학생 생각 도 깊이 해주시 는 분임,,,,,,,,,,,,,,
발표 에서 좋 은 점수 를 받 고 싶 다면 넓 게 조사 하 기 보다 는 세부적 이 ㄴ 하 ㄴ 주제 를 깊 게 조사 하 시 고 토론 때 날카롭 ㄴ 질문 을 하 시 면 되 ㅂ니다,,,,,,,,,,,,,,
재미있 음 진정 하 ㄴ 창작 의 장이 다 츠 천 하 ㅂ니다,,,,,,,,,,,,,,
나 의 경우 시 적 내공 을 키우 는데 매우 도움 이 되 었 음,,,,,,,,,,,,,,
여느 졸업 설계 가 그렇 듯 시간 투자 많이 하 아야 하 고 빡 세다,,,,,,,,,,,,,,
시간 은 많이 투자 하 아야 되 ㄴ다,,,,,,,,,,,,,,
덤 으로 얻 을 수 있 는 수업,,,,,,,,,,,,,,
많 은 경험 을 토대 로 학생 들 의 ' 실력 ' 을 키워 주 고자 하 는 모습 이 보이 는 교수 님 이 ㅂ니다,,,,,,,,,,,,,,
"""학기 마지막 에 팀원 들 끼리 평가 + 타 조 에 대하 ㄴ 평가 를 하 게 되 는데 "," 이것 이 점수 에 크 ㄴ 영향 이 있 다고 생각 하 ㅂ니다""",,,,,,,,,,,,,,
"""점수 는 엄청 잘 주 었 다고 생각 하 며 "," 교수 님 이 깐깐 하고 제대로""",,,,,,,,,,,,,,
전공 관련 지식 도움 받 을 일 이 거의 없 어요,,,,,,,,,,,,,,
솔직히 처음 에 ㄴ 생소 하 ㄴ 주제 라 좀 힘들 고 교수 님 께서 학생 들 에게 관심 이 많 고 열정 이 많 으시 어서 난감 하 ㅁ,,,,,,,,,,,,,,
하지만 이 수업 을 4 학년 1 학기 에 듣 은 거르 ㄹ 참 다행 이 라 생각 하 ㅁ,,,,,,,,,,,,,,
정통 보수 과 의 최고 의 교수 님 의 수업,,,,,,,,,,,,,,
수업 질 을 점점 높히 어 주시 려는 노력 도 하 시 고 처음 에 ㄴ 별로 였 다가 수업 질 이 점점 좋 아 지 었 음,,,,,,,,,,,,,,
이번 학기 부터 한국어 로 되 ㄴ 책 을 사용 하 는 것 같 아서 사 시 면 도움 이 되 어 실 것 이 ㅂ니다,,,,,,,,,,,,,,
교수 님 수업 들 으면 이해 가 안 되 어서 스트레스 받 을 수 있 는데 혼자 공부 하 면 쉬 울 니까 걱정 하 지 말 아,,,,,,,,,,,,,,
.. 다른 과목 에 비하 아서 시간 꽤 많이 들이 어야 되 어요,,,,,,,,,,,,,,
강의 는 그냥 틀 어 놓 고 열심히 독학 하 시 고 교재 에 있 는 문제 들 답 은 없 지만 열심히 풀 어 보 시 어요,,,,,,,,,,,,,,
생소 하고 어렵 ㄴ 과목 이 지만 매 시간 마다 10 분 정도 전 에 배우 ㄴ 내용 을 복습 하 아 주 시 고 응용 문제 도 같이 풀 어 주 시 어서 많 은 도움 이 되 었 음,,,,,,,,,,,,,,
수업 도 중 에 자기 하 ㄹ 말 다 하 면 수업 시간 얼마 남지 않 아서 남 은 시간 동안 호 다닥 진도 빼 버리 ㅁ,,,,,,,,,,,,,,
매 시간 의 수업 내용 을 이해하 ㄹ 수 없 었 고 수업 시간 에 수업 내용 을 듣기 보다 는 전체적 으로 독학 을 하 는 분위기 가 형성 되 ㅁ,,,,,,,,,,,,,,
자기 마음 에 알 ㄴ 들 는 질문 이 라도 하 면 불쾌 하 ㄴ 티 를 많이 내 시 어요,,,,,,,,,,,,,,
강의 듣 을 때 는 굉장히 힘들 었 는데 지금 보 니 유익 하고 도움 많이 되 는 강의 였 어요,,,,,,,,,,,,,,
""""," 만족 하 ㅂ니다""",,,,,,,,,,,,,,
다른 강의 필요 없 고 교수 님 수업 열심히 듣 고 수업 바탕 으로 스스로 복습 열심히 하 ㄴ다면 무조건 성적 잘 나오 ㄹ 것 에 요,,,,,,,,,,,,,,
성적 도 되게 점수 주 려고 많이 하 시 는 것 이 보이 는 것 같 아요,,,,,,,,,,,,,,
정도 되 는데 프로그램 을 1 번 부터 점점 업 그레이스 시키 는 방식 이 에요,,,,,,,,,,,,,,
다짜고짜 게임 에 블로그 작성 에 시험 도 네 번 솔직히 많이 힘들 다,,,,,,,,,,,,,,
"""최악 의 수업 은 아니 지만 솔직히 수업 준비 부터 전달력 ", 내용 ," 다 별로 지만 학생 들 에게 주 는 수업 자료 가 본인 이 수업 하 는 자료 의 일부분 만 을 배부 하 는 점 에서 별로 이 ㅁ""",,,,,,,,,,,,,,
그냥 수업 이 아니 라 살아가 는데 도움 이 되 ㄹ 수 있 는 유익 하 ㄴ 수업 이 ㅁ,,,,,,,,,,,,,,
그만큼 몰입 이 잘 되 ㄴ 수업 ... 예시 를 많이 들어주 시 어서 수업 듣기 즐겁 었 다,,,,,,,,,,,,,,
진짜 최고 시 었 어요,,,,,,,,,,,,,,
가 았 다 하 시 어서 세로 로 되 ㄴ 공책 에 필기 하 기 가 살짝 곤란 하 았 습니다,,,,,,,,,,,,,,
제일 난해 하 ㄴ 것 은 역시 교수 님 의 판서 이 ㄴ데 항상 집중 하고 있 으면 알아보 는데 무리 가 없 지만 한 번 이 라도 놓치 면 그거 해석 하 려다가 다음 파트 를 잃 는 일 이 많 다,,,,,,,,,,,,,,
수업 시간 때 마다 서로 의 의견 을 제시 하 는데 꽤 유익 하 았 던 시간 이 었 음,,,,,,,,,,,,,,
"""", , ," 깊 게 들어가 기 보다 는 중요 하 ㄴ 부분 만 설명 하 아 주 시 는 느낌 이 더 강하 았 다""",,,,,,,,,,,,,,
학생 들 의견 반영해 일정 같 은 거나 평가 방식 유동적 으로 조정 해주시 고 수업 도 나름 재미있 었 다,,,,,,,,,,,,,,
PPT 와 수업 필기 를 완벽 하 게 숙지 하 면 A + 기대 하 ㄹ 수 는 있 음,,,,,,,,,,,,,,
많이 틀리 ㄴ 것 치고 는 B + 나오 아서 만족 하 ㅁ,,,,,,,,,,,,,,
보 니 한 번 에 외우 기 굉장히 힘들 ㄴ 데 에 역사 의 흐름 적 으로 설명 하 아 주 시 어서 이해 하 기 수월 하 ㅂ니다,,,,,,,,,,,,,,
일단 숙제 개 많 아요,,,,,,,,,,,,,,
그림 같 은 부분 은 잘 그리 어야 좋 은 것 이 아니 라 발전 하 는 정도 와 노력 이 중요 하 ㅁ,,,,,,,,,,,,,,
.. 솔직히 무엇 ㄴ가 배우 려는 수업 은 아니 고 영어 를 잘 하 ㄴ다면 학점 따 기 에 는 좋 음,,,,,,,,,,,,,,
오죽 하 았 으면 아직 기 말 안 치 었 는데 에타 들어오 아서 강의 평가 적 겠 음,,,,,,,,,,,,,,
수업 시간 에 말 하 시 ㄴ 내용 시험 에 많이 나오 ㅁ,,,,,,,,,,,,,,
점수 는 A + 받 았 지만 이 것 공부 하 ㄴ 만큼 딴 것 하 면 충분히 잘 나오 기 때문 에 수강 신청 떄 로 돌아가 ㄴ다면 딴 것 들 ㄹ 음,,,,,,,,,,,,,,
교수 님 지식 과 강의 력 이 반 비례 하 시 ㅁ,,,,,,,,,,,,,,
"""게다가 시험 점수 도 이해 안 되 ㄴ다는 학생 들 의견 이 대다수 "," 찾아가 서 확인 하 다가 점수 까 였 다는 말 많 아서 찾아가 기 도 힘 들 ㅁ""",,,,,,,,,,,,,,
강의 에서 배우 는 지식 보다 는 직접 책 찾아보 면서 공부 를 하 아야지 이해 가 훨씬 빠르 ㄴ 신기 하 ㄴ 과목,,,,,,,,,,,,,,
갓 영제,,,,,,,,,,,,,,
"""수업 하 면서 교수 님 이 틀리 어서 학생 들 이 집중 하고 듣 어서 질문 하 아야 되 는 수업 ", , 교재 없이 교수 님 개인 노트 보 면서 화이트 보드 에 적 으면서 수업 하 시 는데 그림 이나 필기 적 느라 이해하 ㄹ 시간 빠듯 , , 모르 는 내용 은 잘하 는 친구 한테 질문 하 는 수 밖에 , ," 수업 내용 이 많 은 범위 의 내용 을 얕 게 배우 어서 도서관 에 가 아서 관련 책 찾 기 어려움""",,,,,,,,,,,,,,
1 학년 2 학기 건축구조 의 이 하 아 양승열 교수 님 수업 시간 에 배우 ㄴ 것 들 이 훨씬 유익 하고 남 는 것 이 많 았 고,,,,,,,,,,,,,,
진짜 학생 들 한테 관심 도 많 으니까 열심히  되 ㄹ 것 이 에요,,,,,,,,,,,,,,
강의 력 도 좋 은 신 편입 ㅂ니다,,,,,,,,,,,,,,
"""시간 이 지나 서 기억 이 미화 되 ㄴ 것 이 ㄴ지 실제로 좋 았 던 건지 는 모르 겠 지만 ", 1 학기 동안 의 수업 활동 들 ," 라인 트레 이 싱 같 은 수행 평가 들 ... 모두 좋 은 추억 으로 남 아 있 다""",,,,,,,,,,,,,,
수업 시간 에 집중 하고 시험 기간 에 시간 조금 투자 하 았 는데 성적 잘 ,,,,,,,,,,,,,,
글 고 그 외 에 는 다 본인 하 기 에 달 렷 는데 솔직히 중간 은 공부 좀 하 아야 되 지만 시험 이 어렵 ㄴ 것 은 아니 ㄴ데 배우 는 내용 이 좀 어려움 기말 은 ... 그냥 수업 에 열심히 참여 하 면 충분히 쓸 수 잇 어요,,,,,,,,,,,,,,
대학 수업 이 무엇 이 ㄴ지 알 수 있 었 던 수업 이 었 습니다,,,,,,,,,,,,,,
시험 도 강의 만 열심히 잘 듣 었 으면 많이 어렵 지 도 않 고 많이 쉽 지 도 않 을 정도 로 무난 하 았 던 것 같 다,,,,,,,,,,,,,,
결석 세 번 봐 ,,,,,,,,,,,,,,
원서 로 수업 하고 배우 는 내용 도 어렵 지만 학점 잘 주 시 어서 좋 아요,,,,,,,,,,,,,,
선형 대수학 을 깊이 있 게 배우 기 보다 는 전체적 으로 한 번 훑 어 보 ㄴ다는 느낌 으로 진행 되 는 강의 이 ㅂ니다,,,,,,,,,,,,,,
PPT 에 오류 가 많 기 는 하지만 집중 하 아서 들 으면 문제 없 음,,,,,,,,,,,,,,
"""제대로 선형 대수 를 배우 어 보 고 싶 었 는데 "," 여러모로 아쉽 ㄴ 강의 가 아니 ㄴ가 생각 이 들 ㅂ니다""",,,,,,,,,,,,,,
배워가 는 것 은 적 다,,,,,,,,,,,,,,
학점 잘 주 시 는 것 말 고 는 도움 전혀 안 되 는 강의 .. 보통 대학생 들 끼리 재미 삼 아 나오 는 주제 이 ㄴ 학점 짠 데 배워가 는 것 많 은 과목 VS 학점 은 잘 주 는데 남 는 것 없 는 과목 에서 후자 의 대표적 이 ㄴ 예,,,,,,,,,,,,,,
얻 는 것 은 많 은데 한 번 놓치 면 되돌리 ㄹ 수 없 음,,,,,,,,,,,,,,
교수 님 대단 하 시 ㄴ 것 이 지적 으로 우아 하 게 명강의 펼치 심 강의 력 이 좋 으시 어서 선대 내용 은 좀 어렵 었 지만 하 ㄴ 학기 내내 따라가 ㄹ 수 있 었 음,,,,,,,,,,,,,,
교수 님 강의 력 은 좋 으시 고 복습 도 여러 번 반복 하 아서 하 아 주 시 어서 좋 으시 었 다,,,,,,,,,,,,,,
한 학기 수업 을 통하 아 선형 대수 의 크 ㄴ 틀 은 잘 배우 었 다고 생각 하 ㅂ니다,,,,,,,,,,,,,,
교수 님 자체 는 좋 으시 고 수업 난이도 도 무난 하 ㄴ 느낌,,,,,,,,,,,,,,
식의 수업 이 라 책 을 보 고 집중 하 기 는 좀 어렵 다,,,,,,,,,,,,,,
그냥 츤츤데레데레  대표적 이 ㄴ 사람 처음 에 만 분위기 압도 하 고 나중 되 면 꿀 귀 탱,,,,,,,,,,,,,,
기 보 ㄴ 두세 시간 은 투자 하 아야 하 ㅁ,,,,,,,,,,,,,,
얘기 도 많이 하 어 주 고 과 전망 이나 연구 분야 같 은 흥미 로 울 ㄴ 얘기 잘 하 아 주 시 ㅁ,,,,,,,,,,,,,,
빡 시 어요 그리고 점수 에 반영 많이 되 고요,,,,,,,,,,,,,,
선형 대수 를 전체적 으로 배우 ㅂ니다,,,,,,,,,,,,,,
... 진짜 듣 은 것 후회 중 이 ㅂ니다,,,,,,,,,,,,,,
"""책 을 사 아서 읽 어 보 ㄴ 사람 으로서 ", 책 은 괜찮 은 가독 성 을 자랑 하 ㄴ 다 말 하 ㄹ 수 있 지만 ," 강의 자료 PPT 는 가독 성 도 떨어지 고 내용 흐름 이 좋 지 않 음""",,,,,,,,,,,,,,
"""강의 력 이 훌륭 하 ㄴ 강사 가 "," 좋 울 ㄴ 강의 자료 까지 만들 수 있 다는 것 은 쉽 ㄴ 일 이 아니 다""",,,,,,,,,,,,,,
근데 시험 이 오 ㄹ 객관식 이 라 그것 도 나누 어 주 ㄴ 프린트 말 ㄴ 열심히 읽 으면 수업 그렇게 열심히 듣 지 않 아도 다 맞 음,,,,,,,,,,,,,,
학생 들 존중 해주시 고 진심 으로 겸손 하 아 하 시 는 것 많이 느낌,,,,,,,,,,,,,,
1 학점 이 라 슬렁슬렁 하 려고 하 았 는데 교수 님 이 열심히 준비 하 아 오 아서 놀라 았 고 유익 하 ㄴ 강의 이 었 습니다,,,,,,,,,,,,,,
"""젊은 교수 님 이 라 그렇 ㄴ지 소통 하 려고 노력 하 는 것 같 았 고 "," 문자 나 메일 보내 면 바로 친절 하 게 답 하 아 주 어서 ... 암튼 재미있 게 잘 들 었 습니다""",,,,,,,,,,,,,,
교수 님 수업 방식 이 잘 듣 을 수 있 게 하 는 방식 이 시고 아이 들 이 수업 에 집중 하 기 만들 기 위하 아서 는 교수 가 노력 하 아야 하 ㄴ다는 마인드 이 시 ㅂ니다,,,,,,,,,,,,,,
1 학점 이 라 출 결 은 엄격 하 게 체크 하 시 었 어요,,,,,,,,,,,,,,
숙제 숙제 는 책 을 읽 고 토론 을 준비 하 게 되 는데 이 때 책 에 대하 ㄴ 설명,,,,,,,,,,,,,,
학점 도 하 ㄴ 만큼 나오 아요,,,,,,,,,,,,,,
솔직히 1 학점 치고 는 빡 셈 시키 는 것 도 많 고 하 ㄹ 것 도 많 고 근데 그 만큼 다 도 움 되 ㅁ,,,,,,,,,,,,,,
교수 님 스스로 준비 는 많이 하 시 지만 표현 을 잘 못하 시 는 듯 하 ㅂ니다,,,,,,,,,,,,,,
1 학점 짜리 지만 진짜 많이 얻 어 가 ㅁ,,,,,,,,,,,,,,
교수 님 이 좋 으시 고 수업 이 재미있 어요,,,,,,,,,,,,,,
시험 도 중요 하 지만 전체적 으로 수업 시간 에 적극적 으로 참여 하 ㄹ수록 성적 을 잘 받 는 것 같 아요,,,,,,,,,,,,,,
기말 한번 보 ㅂ니다,,,,,,,,,,,,,,
독서 토론 1 번 있 는데 크 게 부담 안 되 고 교수 님 이 진짜 친절 하 시 고 잘 설명 하 아 주 시 ㅁ,,,,,,,,,,,,,,
독서 토론 이 라는 주제 로 수업 하 시 는데 수업 하 시 ㄹ 때 도 교수 님 이 책 을 많이 읽 으시 었 구 나 이 라는 생각 이 들 어 요,,,,,,,,,,,,,,
... 강의 력 도 좋 으시 고 학생 들 배려 하 시 는 마음 이 수업 때 잘 느끼 어 지 어요,,,,,,,,,,,,,,
독서 토론 이랑 개인 발표 중 선택 하 아서 하 면 되 ㅁ,,,,,,,,,,,,,,
수업 을 하 시 ㄹ 때 우리 들 에게 도움 이 되 기 를 바라 는 마음 이 전달 되 고 유익 하 ㄴ 수업 이 다,,,,,,,,,,,,,,
교양 이 라 열심히 하 ㄹ 생각 이 없 었 지만 교수 님 이 재미있 으시 고 좋 으시 어서 공부 를 하 게 되 버리 었 다,,,,,,,,,,,,,,
관심 1 도 없 어 보이 지만 잘 알 고 계심 ..,,,,,,,,,,,,,,
수업 자체 도 많이 루즈 하 ㅁ,,,,,,,,,,,,,,
여러 방면 으로 참 도움 이 되 고 배우 ㄹ 것 이 많 은 교수 님 이 시 ㅂ니다,,,,,,,,,,,,,,
두 번 째 는 토론 하 았 던 내용 들 중 에서 하 ㄴ 가지 주제 에 대하 ㄴ 나 의 생각 을 쓰 는 것 이 고 마지막 세 번 째 는 ' 손님 ' 의 제목 의 의의 와 줄거리 등 에 대하 어 쓰 는 것,,,,,,,,,,,,,,
천사 시 어요 학생 들 배려 많이 하 아 주 시 어요,,,,,,,,,,,,,,
교수 님 이 친절 하 시 ㅁ,,,,,,,,,,,,,,
초반 에 교수 님 수업 이 조금 지루 하 기 도 하 았 지만 그냥 무난 하 ㄴ 창사 독 수업,,,,,,,,,,,,,,
교수 님 진지 하 게 열심히 수업 해주시 는데 졸리 ㅁ,,,,,,,,,,,,,,
평가 는 조 별 토론 과 기말 시험 으로 진행 되 었 습니다,,,,,,,,,,,,,,
매우 별로,,,,,,,,,,,,,,
교수 님 이 학생 들 칭찬,,,,,,,,,,,,,,
하지만 발표 중간 중간 교수 님 이 많 은 것 들 을 전달 하 려고 하 시 어서 흐름 이 끊 기 ㄴ다는 느낌 때문 에 어려움 이 있 었 습니다,,,,,,,,,,,,,,
공대 생 들 부담 안 가게 생각 많이 하 아 주 시 ㅂ니다,,,,,,,,,,,,,,
1 학점 이 ㄴ데 시키 는 것 은 전공 보다 많 았 음,,,,,,,,,,,,,,
여기 서 참여 많이 하 ㄴ 학생 들 이 나중 에 학점 질 받 게 되 는 것 은 당연 하 다고 생각 하 기 에 점수 잘 받 고 싶 으면 질문 을 하 면 좋 다,,,,,,,,,,,,,,
수업 외적 으로 도 교수 님 한테 배우 ㄹ 것 도 많 고 수업 중 에 도 생각 하 게 되 는 것 도 많 던데,,,,,,,,,,,,,,
학생 들 이 바보 도 아니 고 누구 ㄴ 안 졸리 나 요 1 차 강의 평가 때 제발 열정적 으로 강의 하 아 주 었 으면 좋 겠 다고 평가 남기 었 는데 읽 지 도 않 는 것 같 습니다,,,,,,,,,,,,,,
"""힘들 ㄴ 수업 "," 교수 님 은 나름 열심히 하 는 것 같 았 지만 딱히 눈 에 보이 지 ㄴ 않 았 다""",,,,,,,,,,,,,,
무작정 수업 만 열심히 듣기 보다 는 자신 의 의견 도 발표 하 거나 수업 에 활발히 참여 하 는 모습 을 보이 는 것 이 중요 하 ㅁ,,,,,,,,,,,,,,
나름 열심히 참여 하 아도 누구 가 엄청 열심히 하 면 씨 + 나오 ㅁ,,,,,,,,,,,,,,
시험 대신 조 별 숙제 로 대체 하 ㄹ 만큼 조 별 숙제 가 준비 하 ㄹ 것 이 많 아요,,,,,,,,,,,,,,
토론 을 하 면서 스피치 능력 이 향상 되 었 습니다,,,,,,,,,,,,,,
그 대신 숙제 열심히 하 고 가산점 얻 었 더니 A + 나오 ㅁ,,,,,,,,,,,,,,
팀 프로젝트 많 고 책 읽 는 것 이 싫 어 조금 고생 하 았 지만 교수 님 이 좋 으시 고 수업 진행 방식 도 좋 았 어요,,,,,,,,,,,,,,
열심히 참여 하고 하 면 도움 은 많이 되 ㄹ 터 이 ㄴ데 ... 그놈 의 학점 이 무엇 이 ㄴ지 1 학점 짜리 수업 은 1 학점 수준 으로 대충 하 아서 점수 잘 받 고 싶 은 못나 ㄴ 심리,,,,,,,,,,,,,,
교수 의 열정 은 알 겠 으나,,,,,,,,,,,,,,
' 맛보기 토론,,,,,,,,,,,,,,
교수 님 좋 으시 ㄴ 분 이 고 착하 시 ㄴ데 수업 은 좀 지루 하 ㅁ,,,,,,,,,,,,,,
교수 님 이 학생 들 편의 를 굉장히 많이 봐주 시 고 따라서 수업 도 안 하 ㅁ,,,,,,,,,,,,,,
