발표 경우 자유 주제 이 지만 적절 하 ㄴ 주제 를 찾 는 것 이 가장 중요,,,,,,,,,,,,,,
....... 많이 배워가 여 ...,,,,,,,,,,,,,,
수업 내용 에서 도 문제 가 출제 되 기 되 기 때문 에 잘 듣 자,,,,,,,,,,,,,,
하 라는 것 은 진짜 많 아서 가끔 귀찮 을 수 있 는데 하 ㄴ 만큼 나오 는 아주 공정하 체계적 이 ㄴ 수업 이 ㅁ,,,,,,,,,,,,,,
시험 기간 에 주어지 ㄴ 프린트 한 번 이 라도 다 보 면 용자 야,,,,,,,,,,,,,,
교수 님 께서 수업 중 에 은근히 많이 방출 하 시 ㄴ 다 앞자리 에서 들 으면 교수 님 이 더 예쁘 어 하 시 ㅁ,,,,,,,,,,,,,,
"""교수 님 과 눈 이 많이 마주 치 ㄹ수록 "," 질문 을 많이 하 ㄹ수록 당신 을 기억 하고 계실 것 이 다""",,,,,,,,,,,,,,
중간 중간 유익 하 ㄴ 말씀 이나 특강 을 하 아 주 시 어서 좋 았 다,,,,,,,,,,,,,,
진로 체험 느낌,,,,,,,,,,,,,,
좋 은 점 만 미치 ㄴ 듯이 조명하 문제점 은 바라보 지 않 는 수업,,,,,,,,,,,,,,
수업 과 강의 는 매우 괸찮 ,,,,,,,,,,,,,,
개인적 으로 만족 스럽 었 던 수업,,,,,,,,,,,,,,
아역 배우 딸 자랑 을 그렇게 많이 하 시 었 다,,,,,,,,,,,,,,
유통 에 대하 ㄴ 흥미 가 오히려 더 떨어지 었 다,,,,,,,,,,,,,,
수업 내용 도 재미있 습니다,,,,,,,,,,,,,,
"""맨 앞자리 에서 열심히 듣 을 사람 한테 는 좋 은 수업 수업 별로 라는 친구 들 도 많 았 는데 나 는 유통 물류 에 관해 새롭 ㄴ 접근 방식 "," 관점 등 을 배우 ㄹ 수 있 어서 좋 았 다""",,,,,,,,,,,,,,
"""수업 내용 과 시험 이 관계없 는 내용 이 많 아서 아쉽 기 도 하지만 "," 그래서 다른 수업 에서 ㄴ 듣 을 수 없 는 내용 들 이 많 아 좋 기 도 하 았 다""",,,,,,,,,,,,,,
애초 에 강의 에 귀 기울이 지 도 않 으면서 교수 님 의 강의 력 을 평가 하 는 것 자체 가 웃기 다,,,,,,,,,,,,,,
하지만 매 수업 작품 감상 하 는 양이 많 아서 힘들 기 는 하 ㅁ,,,,,,,,,,,,,,
시험 은 레포트 로 대체 A 4 1 장,,,,,,,,,,,,,,
수업 을 좋아하 시 는지 보충 이 많 다,,,,,,,,,,,,,,
안 좋 은 점 은 시험 이 기말 1 번 이 어서 집중 하 아서 잘 보 시 어야 하 아요,,,,,,,,,,,,,,
수업 열심히 듣 고 시험 준비 하 면 점수 잘 나오 아요,,,,,,,,,,,,,,
아마 + 로 채우 어 주 시 는 듯 합 ㅂ니다,,,,,,,,,,,,,,
나 가 지금 까지 듣 은 과목 교수 님 들 중 에서 가장 학생 듣 을 위하 ㄴ 강의 를 하 시 는 분 같 다,,,,,,,,,,,,,,
시험 중 에 대화 는 조금 힘들 었 습니다,,,,,,,,,,,,,,
수업 자체 는 평이 하 ㄴ 것 같 아요,,,,,,,,,,,,,,
수업 열심히 들 으면 배우 는 것 도 많 고 점수 도 잘 받 을 수 있 음,,,,,,,,,,,,,,
강의 력 은 .. 별로,,,,,,,,,,,,,,
메가 스터디 현장 강의 듣 는 것 같 다,,,,,,,,,,,,,,
그리고 개인적 으로 질문 가 면 잘 받 아 주 시 고 친절 하 시 다,,,,,,,,,,,,,,
어차피 성적 은 자기 하 기 나름 이 므로 ...,,,,,,,,,,,,,,
노 오력 을 많이 요구 하 는 수업,,,,,,,,,,,,,,
다만 숙제 해답 을 안 올리 어 주 시 어서 많이 하 ㅁ,,,,,,,,,,,,,,
회로 는 창 근 박 강의 는 진짜 좋 으시 ㅁ,,,,,,,,,,,,,,
학생 들 이 다 예습 을 하 아 오 았 다는 전제 하 에 수업 하 시 어서,,,,,,,,,,,,,,
지나 ㄴ 학기 들 었 던 교수 님 과 비교 하 자면,,,,,,,,,,,,,,
스포츠 의 산업적 측면 을 배우 어서 유익 하 ㅂ니다,,,,,,,,,,,,,,
이론 수업 실습 수업 하 아서 두 번 이루어지 는데 매번 복습 도 꼼꼼히 챙겨주 시 ㄴ다,,,,,,,,,,,,,,
파이 썰 ㄴ 좀 열심히 공부 하 면 학점 잘 받 을 수 있 어요,,,,,,,,,,,,,,
배우 ㄹ 것 이 많 은 수업,,,,,,,,,,,,,,
배우 려고 노력 하 ㄴ다면 많이 얻 어 가 ㄹ 수 있 는 수업 이 ㅂ니다,,,,,,,,,,,,,,
코딩 을 잘 모르 시 는 1 학년 분 들 은 많이 배우 ㄹ 수 있 는 기회 이 ㄹ 것 이 에요,,,,,,,,,,,,,,
수업 아니 더라도 살아가 면서 필요 하 ㄴ 말씀 들 도 해주시 고 여러모로 도움 이 많이 되 었 습니다,,,,,,,,,,,,,,
시 사적 이 ㄴ 이야기 를 굉장히 많이 해주시 는데 싫 은 사람 은 싫 을 수 도 있 지만 저 는 유익 하 게 느끼 었 습니다,,,,,,,,,,,,,,
숙제 도 쉽 ㄴ 편,,,,,,,,,,,,,,
"""첫 번 째 로 는 수업 의 내용 이 좋 고 유익 하 아서 열심히 듣 게 되 는 수업 이 고 "," 두 번 째 는 수업 의 질 은 상당히 떨어지 지만 교수 님 한테 찍히 면 큰일 나 ㄹ 것 같 아서 어쩌 ㄹ 수 없이 열심히 듣 게 되 는 수업 이 다""",,,,,,,,,,,,,,
강의 는 쉽 어서 수업 이나 숙제 외적 으로 하 ㄹ 것 은 많이 없 습니다,,,,,,,,,,,,,,
자 바 입문 강의 로서 는 가장 좋 을 듯,,,,,,,,,,,,,,
시험 자체 가 수업 에서 만 나오 고 수업 이 매우 유쾌 하 다,,,,,,,,,,,,,,
강의 가 유익 하 다고 생각 하 ㅁ,,,,,,,,,,,,,,
수업 질 은 굉장히 높 은 것 인정 하 는데 시험 부분 은 개선 하 ㄹ 점 이 많이 보이 었 습니다,,,,,,,,,,,,,,
강의 평가 에 대하 ㄴ 뒤끝 도 심각 하 ㅁ,,,,,,,,,,,,,,
시험 은 좀 못 보 더라도 얻 어 가 는 것 이 많 으면 다행 이 라고 생각 하 는데 저 는 여기 에 만족 하 아서 그저 좋 은 수업 이 었 습니다,,,,,,,,,,,,,,
자바 를 이미 충분히 알 고 듣 었 는데 도 새롭 ㄴ 내용 을 배우 ㄹ 수 있 어서 좋 았 다,,,,,,,,,,,,,,
시험 은 다소 배우 는 내용 에 비하 아 어렵 고 나 를 컴 파일 러 로 만 드리 어 고 이러 는 것 이 ㄴ가 싶 을 정도 로 문제 가 더럽 지만 수업 그 자체 로 는 그것 보다 얻 어 가 는 것 이 많 다고 느끼 어 지 는 수업,,,,,,,,,,,,,,
자 바 외 에 도 객 체지 향 개념 과 더불 어 많 은 것 을 배우 었 어요,,,,,,,,,,,,,,
일단 진심 으로 학생 드링 잘 되 기 ㄹ 바라 시 는 것 이 느끼 어 지 ㅂ니다,,,,,,,,,,,,,,
그래서 기말 에 는 알고리즘 문제 까지 배우 었 습니다,,,,,,,,,,,,,,
시험 에서 분명히 도움 이 많이 되 ㅂ니다,,,,,,,,,,,,,,
융 특 와 서 제일 만족 하 면서 듣 은 수업,,,,,,,,,,,,,,
수업 열심히 해주시 고 강의 력 도 좋 다,,,,,,,,,,,,,,
좋 으시 ㄴ 교수 님 이 고 수업 도 잘 하 시 어요,,,,,,,,,,,,,,
교재 를 무척 쉽 고 이해 잘 되게 구성 되 ㄴ 것 을 쓰 시 어서 초심자 에게 좋 아요,,,,,,,,,,,,,,
"""이론 시간 에 는 객 체지 향 언어 의 이론 을 배우 고 "," 실습 시간 에 는 자바 를 이용 하 아 이론 을 실습""",,,,,,,,,,,,,,
파이 썰 ㄴ 을 꼭 미리 공부 하 시 어요,,,,,,,,,,,,,,
그래도 멀 ㄴ 가 그래픽 이 결과 로 나오 니 것 좀 재미있 는 것 같 기 도 ..,,,,,,,,,,,,,,
수업 외 의 이야기 가 도움 되 ㄴ다,,,,,,,,,,,,,,
나 도 처음 배우 었 는데 그냥 열심히 하 ㄹ 것 하 았 다,,,,,,,,,,,,,,
많이 배워가 시 어요,,,,,,,,,,,,,,
열정 도 많 으시 고 교수 님 도 참 좋 음,,,,,,,,,,,,,,
최고 의 강의 이 었 다,,,,,,,,,,,,,,
본인 한테 도움 은 되 ㄹ 것 이 ㅂ니다,,,,,,,,,,,,,,
도망가 시 어요 ............ 유익 하 ㄴ 강의 지만 ... 못 따라가 요,,,,,,,,,,,,,,
내용 은 알차 고 배우 는 양은 많 고 숙제 도 많 아 직접 하 아 보 ㄹ 수 있 다,,,,,,,,,,,,,,
예 를 들 면 진로 얘기 가 많 아서 플밍 수업 이 아니 라 진로 수업 이 ㄴ 줄,,,,,,,,,,,,,,
"""솔직히 하 ㄴ 학기 에 얻 어 가 는 것 이 다른 전공 에 비하 아서 그닥 많 지 않 고 "," 무엇 보다 교수 가 이 수업 을 하 ㄹ 만큼 의 충분 하 ㄴ 준비 가 되 어 있 지 않 아 보이 ㅁ""",,,,,,,,,,,,,,
강의 내용 도 자기 의 시간 관리 에 대하 ㄴ 내용 이 어서 자기 계발 하 는데 많 은 도움 이 되 요,,,,,,,,,,,,,,
그래도 받아들이 ㄹ 수 있 는 평가 이 었 고 + 로 채우 어 주 시 는 점 은,,,,,,,,,,,,,,
한 명 씩 자세 하 게 피드백 해주시 는데 .. 뭐 랄까 소설 내용 정리 만 자세 하 게 하 아 주 시 어서 많이 아쉽 었 음,,,,,,,,,,,,,,
그리고 학생 들 작품 이 본인 취향 에 안 맞 으면 비난조 로 이야기 하 시 는 것 이 교수 의 역할 이 ㄴ지 의 문 이 ㅂ니다,,,,,,,,,,,,,,
수업 준비 도 열심히 해주시 고 학생 을 소비자 라 생각 하 시 기 때문 에 책임 있 는 모습 을 보이 시 려고 노력 하 시 ㅂ니다,,,,,,,,,,,,,,
원론 이 라 그렇 ㄴ지 전반적 으로 다루 어 주 시 는데 잘 들 어 두 는 것 이 도움 이 되 ㄹ 것 같 음,,,,,,,,,,,,,,
그래도 다른 수업 에 비하 아 무엇 ㄴ가 얻 어 가 ㄴ 느낌 은 있 어요,,,,,,,,,,,,,,
수업 자체 는 P F 이 어서 성적 에 크 ㄴ 부담 이 되 지 않 았 습니다,,,,,,,,,,,,,,
발음 이 안 좋 다,,,,,,,,,,,,,,
라는 강의 평이 종종 있 는데,,,,,,,,,,,,,,
관심 이 있 어서 괜찮 을 거라 생각하 았 지만 많이 지루 하 았 어요,,,,,,,,,,,,,,
저 는 개인적 으로 좋아하 는 주제 라 재미있 었 어요,,,,,,,,,,,,,,
재미있 고 얻 어 가 는 것 이 참 많 은 수업 이 ㅂ니다,,,,,,,,,,,,,,
그리고 시험 은 3 번 보 는데 피드백 꼭 가 아야 하 ㅁ,,,,,,,,,,,,,,
강의 노트 도 제공 하 아 주 시 어서 수업 을 따라가 는데 도움 이 되 ㅂ니다,,,,,,,,,,,,,,
전반적 으로 평생교육 분야 에 대하 어 알 수 있 었 어요,,,,,,,,,,,,,,
전반적 으로 평생교육 의 다양 하 ㄴ 분야 를 알 수 있 어서 좋 았 어요,,,,,,,,,,,,,,
.. 그냥 교수 들 과 의 만 남,,,,,,,,,,,,,,
중간 은 세세 하 ㄴ 것 까지 다 알 면 쉽 ㅁ,,,,,,,,,,,,,,
근데 점수 를 매우 깐깐 하 게 주 는 것 같 음,,,,,,,,,,,,,,
교수 님 도 좋 고 수업 내용 도 좋 습니다,,,,,,,,,,,,,,
IT 전반 에 걸치 ㄴ 기 보 ㄴ 적 이 ㄴ 것 을 강의 하 시 는데 도움 많이 되 었 음,,,,,,,,,,,,,,
수업 시간 내내 어색 하 ㄴ 정적 만 흐름,,,,,,,,,,,,,,
집중 도 잘 되 고 배우 ㄹ 것 이 많 은 수업 시험 은 배우 ㄴ 것 다 공부 하 아야 하 아요,,,,,,,,,,,,,,
교수 님 께서 요구 하 시 는 것 착실 하 게 하 시 고 시험 공부 를 잘 하 시 어요,,,,,,,,,,,,,,
하 ㄹ 것 이 많 아서 귀찮 기 는 한데 교수 님 이 참 좋 은 분임,,,,,,,,,,,,,,
언론 홍보학 과 에서 몇 없 는 교수 님 .. 수업 퀄리티 도 좋 고 그만큼 열심히 준비 하 아 오 시 ㄴ 것 이 눈 에 보이 ㅁ,,,,,,,,,,,,,,
"""단판 승부 에 자신 있 다면 학점 따 기 쉽 겠 지만 "," 수업 이 워낙 지루 하 아서 생각 보다 어렵 ㄹ 것 이 ㅁ""",,,,,,,,,,,,,,
"""일단 교수 님 이 학생 들 을 많이 생각 하 는 것 이 느끼 어 지심 "," 그리고  최상 이 고 밑 에 어떤 분 이 써 두 신 거처 럼 가끔 짜릿 하 기 까지 하 ㅁ""",,,,,,,,,,,,,,
배우 ㄹ 내용 이 많 고 열 정도 넘치 어 날 는 교수 님,,,,,,,,,,,,,,
저번 학기 에 교수 님 의 다른 강의 를 듣 고 좋 은 수업 이었 어서 이번 학기 에 도 교수 님 의 수업 을 듣 게 되 었 습니다,,,,,,,,,,,,,,
역시 가장 유익 하고 흥미 로웠 던 강의 이 었 습니다,,,,,,,,,,,,,,
배우 는 것 도 많 고 재미있 어요,,,,,,,,,,,,,,
그래도 여러 작품 을 예시 로 보 면서 배우 ㄹ 점 이 많 은 강의 이 었 음,,,,,,,,,,,,,,
배우 ㄴ 이론 을 실제 영화 에 적용 하 아서 분석 하 는 실습 도 하 고 하 아서 더욱 이 하 아 가 아 쉽 었 던 수업 이 었 어요,,,,,,,,,,,,,,
분명 이론 수업 이 ㄴ데 영화 를 예시 로 쓰기 때문 에 지루 하 ㄹ 틈 이 없 었 음,,,,,,,,,,,,,,
수업 내용 은 철학 과 글 미 를 섞 었 다고 생각 하 면 되 는데 진짜 많 은 생각 을 하 게 하 고 배우 ㄹ 것 많 아서 완전 추천,,,,,,,,,,,,,,
그런데 살아가 면서 한 번 쯤 공부 하 아 보 ㄹ 만 하 ㄴ 철학 과 예술 의 이야기 들이 ㅁ,,,,,,,,,,,,,,
전반적 으로 쏘 쏘 낫 뱃 하 아,,,,,,,,,,,,,,
진짜 다른 평가 와 마찬가지 로 철학 그 자체 의 수업 이 다,,,,,,,,,,,,,,
덕분 에 철학 에 흥미 다,,,,,,,,,,,,,,
얻 어 가 ㄴ 것 이 라고 ㄴ 약간 의 예술 지식 과 레이저 커팅  대하 ㄴ 지식,,,,,,,,,,,,,,
레포트 두 번 쓰 는 것 있 는데 그거 토대 로 발표 자료 만 들 시 면 되 고 발표 자료 도 많이 준비 안 하 아 가 시 고 그냥 핵심 만 가져가 도 교수 님 이 알 아서 자르 아서 듣 으시 니 부담 갖 지 말 으시 고 발표 도 아니 라 그냥 프로젝트 설명 이 라 부담 없 었 습니다,,,,,,,,,,,,,,
"""모든 전공 을 통틀어 제일 기억 에 남고 "," 철학 과 예술 에 대하 어 생각 을 많이 해보 게 되 는 강의""",,,,,,,,,,,,,,
전기 기사 인터넷 강의 도 하 시 는 교수 님 이 ㄴ데 수업 이 진짜 도움 이 많이 되 ㄴ다,,,,,,,,,,,,,,
교수 님 도 좋 으시 고 수업 도 재미있 음,,,,,,,,,,,,,,
"""평이 안 좋 아서 걱정 하 았 는데 "," 전공 수업 인 데 도 수업 자체 는 재미있 고 교수 님 도 좋 으시 고 시험 도 분별력 있 고 많이 배우 어 가 ㄹ 수 있 었 던 좋 은 수업 이 었 습니다""",,,,,,,,,,,,,,
EBSI 수업 느낌,,,,,,,,,,,,,,
"""민주주의 와 자본주의 의 뿌리 가 되 는 유럽 역사 "," 문명 전반 을 배우 ㅁ""",,,,,,,,,,,,,,
근데 거두절미 하고 가장 놀라 았 던 것 은 교수 님 의 열정 이 ㄴ데 ...,,,,,,,,,,,,,,
저 는 C 0 를 받 았 지만 좋 은 수업 이 예요,,,,,,,,,,,,,,
배우 는 순서 다 다름,,,,,,,,,,,,,,
"""하 어 도 수업 을 13 번 만 하 ㄴ 것 이 ㄴ데 "," 남 은 2 주 는 어디 다""",,,,,,,,,,,,,,
양 적어지 ㄴ다,,,,,,,,,,,,,,
"""특히 수업 때 는 숭 뽕 "," 아웃풋 강조 하 면서 정작 절대평가 이 ㄴ 자기 강의 는 엄청 깐깐 하고 불합리 하 ㄴ 학점 을 주 는 점 은 모순 이 라고 생각 하 게 되 ㄴ다""",,,,,,,,,,,,,,
스스로 물어보 고 배우 ㄹ 생각 을 하 아야지,,,,,,,,,,,,,,
도움 되 는 얘기 도 많이 해주시 고 수업 즐겁 게 잘 들 었 습니다,,,,,,,,,,,,,,
여러모로 도움 이 많이 되 ㄴ 강의 이 었 습니다,,,,,,,,,,,,,,
그래서 발표자 들 기말 직전 주 에 발표 한 번 더 하 ㅁ,,,,,,,,,,,,,,
가볍 고 쉽 게 전체적 으로 SCM 에 대하 어 배우 고 싶 으면 추천,,,,,,,,,,,,,,
보 니 학생 들 도 수업 을 듣 을 이유 가 없 고 교수 님 은 공급 체인 과 관련 하 ㄴ 철학적 인식 에 관심 이 많 아서 옆 으로 자주 새 ㄴ다,,,,,,,,,,,,,,
남 들 다 알 ㄴ 하 는 과목 이 라 조금 말 ㄴ 하 시 면 + 로 챙기 어 받 을 수 있 어요,,,,,,,,,,,,,,
시험 에 열심히 적 으면 부분 점수 챙겨주 시 는 것 도 좋 고요,,,,,,,,,,,,,,
"""잡설 이 많 다고 느끼 ㄹ 수 도 있 는데 "," 그 잡설 속 에서 옥석 을 가려내 야지""",,,,,,,,,,,,,,
가볍 게 듣기 좋 은 과목 이 었 음,,,,,,,,,,,,,,
학생 들 무시 하 는 태도 가 가장 별로 이 었 음,,,,,,,,,,,,,,
온라인 시국 하 가장 소통 잘 되 는 과목,,,,,,,,,,,,,,
공부 하 ㄴ 만큼 성적 나오 는 강의,,,,,,,,,,,,,,
오히려 쉽 ㄴ 편 이 라고 하 ㄹ 수 있 을 것 같 아요,,,,,,,,,,,,,,
숙제 는 수기 로 내야 하 는 것 이 이해 는 안 가 지만,,,,,,,,,,,,,,
평소 에 수업 알 ㄴ 들 어도 시험 일주일 전 에 다 찝 어 주 시 ㅂ니다,,,,,,,,,,,,,,
저 는 1 학기 수업 중 에 제일 좋 았 어요,,,,,,,,,,,,,,
담임 선생 님 같 다,,,,,,,,,,,,,,
열심히 하 면 교수 님 이 애정 이 많 으시 어서 좋 게 보 시 ㄹ 것 이 ㅁ,,,,,,,,,,,,,,
수업 중간 에 지루 하 ㄹ 때 쯤 에 수업 관련 하 ㄴ 만화 같 은 것 도 틀 어 주 시 ㅂ니다,,,,,,,,,,,,,,
교수 님 은 PPT 위주 로 수업 하 시 며 참고 자료 들 을 많이 사용 하 시 는 편입 ㅂ니다,,,,,,,,,,,,,,
"""교수 님 이 수업 을 위하 ㄴ 적절 하 ㄴ 예시 와 시험 때 연상 을 하 ㄹ 수 있 을 있 도록 재미있 는 이야기 로 많이 하 아 주 시 어서 교양 수업 같 은 전공 이 지만 "," 실제로 남 는 것 이 많 은 수업 이 ㅂ니다""",,,,,,,,,,,,,,
얻 어 가 는 것 이 많 은 강의 이 었 습니다,,,,,,,,,,,,,,
교수 님 인격적 으로 훌륭 하 시 고 좋 아요,,,,,,,,,,,,,,
저 도 그리하 었 어요,,,,,,,,,,,,,,
전혀 안 듣 고 혼자 공부 하 아도 A 충분히 받 아요,,,,,,,,,,,,,,
내용 겁나 많 아서 벼락치기 하 ㄹ 생각 은 죽 어도 하 지 말 아라 셈,,,,,,,,,,,,,,
생각 하 게 만들 는 순간 이 많 았 던 수업 이 기 도 하 았 구 용 다만 표현 이 좀 과격 하 ㄹ 때 는 그것 에 대하 어 일부 불편 함 을 느끼 는 학생 이 있 었 던 것 같 아요,,,,,,,,,,,,,,
학점 도 생각하 ㄴ 것 보다 잘 나오 ㄹ 수 있 는 수업 이 에요,,,,,,,,,,,,,,
... 열심히 듣 고 수업 내용 다 암기 하 아서 시험 보 시 어야 하 ㅂ니다,,,,,,,,,,,,,,
... 좀 그렇 더라고요,,,,,,,,,,,,,,
"""그런 부분 에서 교수 님 이 그래도 학생 들 한테 좋 은 얘기 "," 도움 되 는 얘기 해주시 려고 하 는 것 이 눈 에 보이 ㅁ""",,,,,,,,,,,,,,
가 아서 폰 하 다,,,,,,,,,,,,,,
근데 상당히 듣기 싫 음,,,,,,,,,,,,,,
학문적 으로 기초 과목 이 ㄴ데 지식 전수 도 적 이 고 ... 실망 하 ㄴ 수업 이 이 요,,,,,,,,,,,,,,
교수 님 이 현직 에서 경험 하 시 ㄴ 내용 도 많이 알 시 고 특히 이론적 이 ㄴ 부분 에 강하 신 에 눈 에 보이 ㅁ,,,,,,,,,,,,,,
실무적 이 ㄴ 지식 ..,,,,,,,,,,,,,,
"""이 수업 을 통하 아 자소 서 전반 에 대하 ㄴ 이 해 를 얻 고 "," 경력 개발 센터 나 사설 업체 의 도움 을 받자 라는 마인드 가 더 좋 으리라 생각 되 ㅂ니다""",,,,,,,,,,,,,,
쯧쯧 차라리  보 고 준비 하 는 것 이 좋 음,,,,,,,,,,,,,,
그리고 조원 들 에게 피드백 도 받 을 수 있 어 유익 하 았 던 수업,,,,,,,,,,,,,,
자소 서 를 처음 쓰 어 보 았 는데 도움 많이 되 었 어요,,,,,,,,,,,,,,
나중 에 조금 은 도움 이 되 ㄹ 거라 생각 은 하 ㅂ니다,,,,,,,,,,,,,,
근데 수업 자체 가 크 ㄴ 도움 이 ㄴ지 는 솔직히 미지수,,,,,,,,,,,,,,
수업 자체 가 약간 쉬 어 가 는 느낌 이 어서 좋 았 음,,,,,,,,,,,,,,
수업 도 차분 하 니 배우 ㄹ 것 이 많 아요,,,,,,,,,,,,,,
"""교수 님 좋 으시 고 "," 수업 들 어 보 면 알 겠 지만 재미있 음""",,,,,,,,,,,,,,
"""교수 님 께서 일반 수업 과 달리 강의 를 진행 하 면서 학생 들 의견 과 생각 을 여러 번 물어보 셨 는데 "," 처음 에 는 거부감 이 들 기 는 하 았 지만 이후 점점 그러 하 ㄴ 수업 이 더 좋 았 다고 느끼 어 지 었 습니다""",,,,,,,,,,,,,,
역사 수업 은 단순히 지식 을 암기 하 는 것 이 아니 라 그 사건 을 자신 의 생각 에 대입 하 아서 자신 만 의 역사 관 을 형성 하고 비판적 으로 바라보 는 것 이 ㅁ,,,,,,,,,,,,,,
그래도 다양 하 ㄴ 학과 에서 오 ㄴ 수강 생 분 들 과 많 은 의견 교류 를 하 고 다양 하 ㄴ 관점 과 배경지식 을 배우 ㄹ 수 있 어서 좋 았 습니다,,,,,,,,,,,,,,
성적 도 걱정 많이 하 았 는데 출석 이랑 숙제 다 하 고 어쩌다 저쩌 다,,,,,,,,,,,,,,
다 들 꽤 진지 하 게 토론 을 하 고 타인 의 생각 을 통하 아 배우 는 점도 많 아요,,,,,,,,,,,,,,
대학 수업 에 기대 되 는 방식 이 ㅂ니다,,,,,,,,,,,,,,
적극적 이 ㄴ 자세 갖 는다면 얻 어 가 는 것 이 참 많 을 것 에 요,,,,,,,,,,,,,,
교수 님 이 학생 개개인 의 생각 에 관심 을 갖 고 얘기 를 들 어 주 시 어요,,,,,,,,,,,,,,
시험 이 많 아 힘들 다고 생각하 ㄹ 수 있 지만 그만큼 독일어 에 대하 어 배우 어 가 ㄹ 수 있 습니다,,,,,,,,,,,,,,
개인적 으로 매우 좋 았 던 강의,,,,,,,,,,,,,,
1 학기 때 배우 ㄴ 실용적 이 ㄴ 디비 시스템 에 대하 어 잘 설명 하 아 주 시 었 습니다,,,,,,,,,,,,,,
호불호 가 갈리 ㅁ,,,,,,,,,,,,,,
애시당초 한학기 동안 배우 는 내용 을 반학기 만 에 끝내 는 것 도 말 이 안 되 고 수업 풀 로 하 는 것 도 아니 고 23 는 개인 푸념 하 시 ㅂ니다,,,,,,,,,,,,,,
수업 방식 은 학생 들 과 의 소통 을 중요시 하 시 는 것 같 습니다,,,,,,,,,,,,,,
친절 하 시 고 배우 는 것 이 많 은 수업 외국어 강좌 로 적극 추천 하 ㅂ니다,,,,,,,,,,,,,,
단어 는 일단 최대한 많이 외우 어 가 시 고요,,,,,,,,,,,,,,
시험 도 영화 만 잘 보 면 딱히 공부 안 하 어 도 되 ㅂ니다,,,,,,,,,,,,,,
"""처음 에 는 지루 하 기 도 하 았 고 왜 이 수업 을 듣 었 나 회의감 을 느끼 기 도 하 았 지만 "," 중 후반 부로 가 면서 나름 수업 을 즐기 었 습니다""",,,,,,,,,,,,,,
"""교수 님 이 새롭 ㄴ 시도 를 많이 하 시 어서 교실 에 가 지 않 고 페이스북 으로 수업 을 하 ㄴ 경우 도 2 번 정도 있 었 고 "," 셜록 책 내용 에 대하 어 토론 하 며 게임 을 하 았 던 수업 도 있 습니다""",,,,,,,,,,,,,,
"""처음 에 는 지루 하 기 도 하 았 고 왜 이 수업 을 듣 었 나 회의감 을 느끼 기 도 하 았 지만 "," 중 후반 부로 가 면서 나름 수업 을 즐기 었 습니다""",,,,,,,,,,,,,,
이 수업 은 사고 의 확장 을 심히 느끼 ㄹ 수 있 는 수업 이 에요,,,,,,,,,,,,,,
"""영화 를 통하 아 영미 문학 을 접하 고 "," 영화 를 분석 하 는 안목 이 많이 기르 어 지 ㄹ 것 에 요""",,,,,,,,,,,,,,
수업 의 퀄리티 부터 강의 방식 까지 기존 의 타 강의 들 과 는 달리 하나하나 배우 고 가지 ㄹ 것 이 참 많 은 수업 이 ㅂ니다,,,,,,,,,,,,,,
박혜련 실험 교수 님 은 좋 으시 ㄴ 분 이 ㅂ니다,,,,,,,,,,,,,,
송현석 교수 님 은 일단 최고 이 에요,,,,,,,,,,,,,,
최현희 교수 님 .. 박혜련 교수 님 도 보 고 서 어 열심히 쓰 면 점수 후하 게 주 시 었 고 보고서 쓸 때 도 많 은 양 을 쓰 어야 하 지 않 아서 좋 았 음,,,,,,,,,,,,,,
실험 과목 교수 님 귀 여우 심 .... 그때그때 공지 올리 어 주 시 고 슈팅 통하 아서 연락 주 시 고 진짜 학생 들 배려 많이 해주시 는 듯,,,,,,,,,,,,,,
잡담 도 하긴 하 는데 많이 알 ㄴ 하고 적당히 하 아 주 어서 좋 음,,,,,,,,,,,,,,
... 깐깐 하 시 ㄴ 것 같 으면서 도 비율 은 채우 ㄴ 것 같 은,,,,,,,,,,,,,,
가끔 화나 시 면 무서 우심,,,,,,,,,,,,,,
홍영우 교수 님 강의 시간 에 해주시 는 얘기 들 재미있 어요,,,,,,,,,,,,,,
실험 에서 좀 많이 깎이 어도 이론 시험 잘 보 면 커버 되 는 듯,,,,,,,,,,,,,,
.... 재수강 이 에요 .... 물리 잘 하 는 사람 한테 ㄴ 좋 은 과목 과 교수 님,,,,,,,,,,,,,,
박정현 교수 님 은 다른 실험 교수 님 보다 평가 기준 이 빡빡 하 지만 열심히 하 면 좋 은 점수 얻 을 수 있 습니다,,,,,,,,,,,,,,
정현희 교수 님 께서 다리 가 불편 하 시 ㄴ 관계 로 수업 에 대하 ㄴ 전달력 이 많이 떨어지 심,,,,,,,,,,,,,,
깐깐 하 ㄴ 교수,,,,,,,,,,,,,,
.. 딴 소리 같 겠 지만 물리 공식 유도 과정 을 따라가 기 힘들 정도 ..,,,,,,,,,,,,,,
문제 풀이 숙제 는 점수 후하 게 주 시 었 고 시험 은 기 출 + 수업 중 예제 + 숙제 복습 많이 하 시 면 도움 많이 되 어 실 듯 하 ㅂ니다,,,,,,,,,,,,,,
팀 프로젝트 로 하 ㄴ 발표 가 훨씬 집중 이 잘 되 고 재미있 는 수준 이 ㅂ니다,,,,,,,,,,,,,,
강의 듣 을 때 는 굉장히 힘들 었 는데 지금 보 니 유익 하고 도움 많이 되 는 강의 였 어요,,,,,,,,,,,,,,
와 같 은 식의 문제 가 많이 출제 되 ㅂ니다,,,,,,,,,,,,,,
다른 강의 필요 없 고 교수 님 수업 열심히 듣 고 수업 바탕 으로 스스로 복습 열심히 하 ㄴ다면 무조건 성적 잘 나오 ㄹ 것 에 요,,,,,,,,,,,,,,
이번 학기 부터 는 플젝  없 고 개인 숙제 만 열심히 하 면 되 어서 좋 았 어요,,,,,,,,,,,,,,
"""시험 에 헷갈리 는 것 많 은 것 빼 곤 강의 "," 실습 다 괜찮 아요""",,,,,,,,,,,,,,
..... 블로그 열심히 쓰 시 어요,,,,,,,,,,,,,,
그냥 개별 로 이 ㅂ니다,,,,,,,,,,,,,,
유익 하고 실질적 이 ㄴ 프로그램 많이 다루 는 수업 이 ㅂ니다,,,,,,,,,,,,,,
수업 이 엄청 지루 하 ㅁ,,,,,,,,,,,,,,
교양 과목 중 에서 는 상당히 유익 하 ㄴ 수업 이 라고 생각하 아 서 강의 평가 작성 하 ㅂ니다,,,,,,,,,,,,,,
숙제 평가 하 ㄹ 때 인용 하 는 것 좀 신경 쓰 시 어요,,,,,,,,,,,,,,
1 강의 방식 매우 보수적 이 ㄴ 강의 이 ㅂ니다,,,,,,,,,,,,,,
원래 처음 에 ㄴ 칠판 필기 하 려던 것 을 학생 들 의 요청 으로 이렇게 바뀌 었 다는 점 참 고,,,,,,,,,,,,,,
배우 는 것 없 고 졸리 ㄴ 수업 이 었 음,,,,,,,,,,,,,,
강의 는 PPT 로 진행 책 으로 공부 하 는 것 이 확실히 편하 ㅁ,,,,,,,,,,,,,,
 타 교수 들 보다 는 좀 괜찮 았 음,,,,,,,,,,,,,,
"""장점 생각 보다 재미있 고 금융 투자 관련 지식 을 얻 어 가 는 것 "," 교수 님 이 알 고 계시 는 것 이 엄청 많 다는 느낌""",,,,,,,,,,,,,,
재무관리 배우 셨 으면 어렵 지 않 는 듯 하 아요,,,,,,,,,,,,,,
교수 님 이야기 도 재미있 고 실무 내용 도 많 아서 은근히 도움 되 ㅂ니다,,,,,,,,,,,,,,
강의 자료 가 많 아서 가지 고 다니 는 것 이 힘들 다는 것 빼 면 되게 좋 음,,,,,,,,,,,,,,
나 가 A,,,,,,,,,,,,,,
... 그래서 전달력 이 떨어지 ㅁ,,,,,,,,,,,,,,
처음 에 는 상대 평가 로 바뀌 었 다고 하 았 으나 추후 이번 학기 까지 만 절대평가 로 진행 하 ㄴ다고 하 았 음,,,,,,,,,,,,,,
수업 시간 에 의 생명 배려 하 아서 코드 안 보 시 고 개념 말 ㄴ 슥 훑 어 주 시 어요,,,,,,,,,,,,,,
관련 기술 소개 해주시 는 것 도 재미있 었 어요,,,,,,,,,,,,,,
개인적 으로 ' 잡소리 ' 도 귀 기울이 어 듣 거나 적 어 놓 는 것 을 추천 하 ㅁ,,,,,,,,,,,,,,
수업 시간 에 딴 소리 를 많이 하 는 듯 하지만 들 으면 재미있 다,,,,,,,,,,,,,,
키 작 은 외부 강사,,,,,,,,,,,,,,
기말 에 는 계산 문제 도 있 었 는데 이 는 수업 시간 에 듣 은 것 이 크 ㄴ 도움 이 되 었 습니다,,,,,,,,,,,,,,
그렇지만 주교 재 를 하 ㄴ 번 더 찾아보 면 이해 하 는데 수월 하 ㄹ 것 같 습니다,,,,,,,,,,,,,,
수업 도 재미있 는 편,,,,,,,,,,,,,,
아무튼 파이 썰 ㄴ 입문 으로 좋 은 강의 이 ㄴ 것 같 습니다,,,,,,,,,,,,,,
이번 학기 는 절 평이 라 학점 마저 잘 주 시 었 습니다,,,,,,,,,,,,,,
강의 동영상 으로 이해 하 기 쉽 게 잘 알리 어 주 시 어서 좋 았 어요,,,,,,,,,,,,,,
학생 에 대하 ㄴ 배려 가 많 으시 고 시험 도 강조 하 시 ㄴ 부분 에서 많이 나오 ㅂ니다,,,,,,,,,,,,,,
출 결 숙제 전부 부담 안 되게 해주시 고 그냥 좋 았 습니다,,,,,,,,,,,,,,
학점 은 하 ㄴ 만큼 나오 ㅁ,,,,,,,,,,,,,,
김 섭 교수 님 이 니까 참 고 잘 들 었 다,,,,,,,,,,,,,,
또한 교수 님 이 우리 에게 관심 이 많 으시 ㅁ,,,,,,,,,,,,,,
온라인 강의 는 좀 지루 하 ㄴ 감 이 있 지만 .. 어쨌든 좋 아요,,,,,,,,,,,,,,
앞자리 수업 만 잘 들 으면 발표 기회 많이 얻 고 점수 쑥쑥,,,,,,,,,,,,,,
' 컴퓨팅 적 사고 ' 라는 수업 이 컴퓨터 프로그램 을 사용 하 는 수업 이 기 때문 에 수업 시간 은 항상 흥미 로웠 다,,,,,,,,,,,,,,
시험 은 이론 이 많이 나오 아요,,,,,,,,,,,,,,
수업 2 번 결석 에 2 번지 각인 가 그리하 었 는데 A + 나오 ㅁ,,,,,,,,,,,,,,
인 강 2 번 지각 하 았었 는데 A,,,,,,,,,,,,,,
으로 사전 에 예습 하고 가 면 수업 따라가 기 도 부담 없 을 끄 어 다,,,,,,,,,,,,,,
다만 다 들 잘 하 고 열심히 하 아서 성적 에 있 어 학기 중 처럼 불성실 하 ㄴ 학생 들 의 태 업 버프 를 받 는 것 은 어렵 ㄹ 것 같 네요,,,,,,,,,,,,,,
나 가 왜 A + 을 받 았 는지 의문 이 다,,,,,,,,,,,,,,
수업 중간 중간 내주 시 는 문제 빨리 푸시 면 손 듣 어서 가산점 을 얻 는 수업 이 ㄴ데 컴퓨터 잘 다루 는 학생 들 에게 ㄴ 좋 은 듯,,,,,,,,,,,,,,
생각 보다 학점 이 잘 나오 아서 놀라 았 음,,,,,,,,,,,,,,
이번 학기 에 듣기 잘 하 았 다 고 생각 하 는 과목 성적 도 잘 주 시 고 좋 앜 던 것 같 다,,,,,,,,,,,,,,
"""굳이 시험 에 는 안 나오 더라도 "," 그때 배우 는 응용력 이 시험 문제 푸 는 데 도움 주 었 음""",,,,,,,,,,,,,,
시험 도 그리 어렵 지 않 음,,,,,,,,,,,,,,
PPT 랑 책 에서 시험 이 반반 나오 았 다,,,,,,,,,,,,,,
사실 수업 에서  하 시 는 부분 은 PPT 내용 이 라 따로 공부 하 아도 되 ㄴ다,,,,,,,,,,,,,,
학생 들 편의 를 상당히 많이 봐주 시 ㅂ니다,,,,,,,,,,,,,,
교수 님 인성 도 무난 하 시 고 시험 도 무난 하 았 고 숙제 도 무난 무난 무난 하 ㄴ 수업,,,,,,,,,,,,,,
문과 생 이 배우 기 에 ㄴ 대부분 낯설 ㄴ 내용 들 일 수 있 으나 쉽 고 재미있 는 설명 에 재미있 게 파이 썰 ㄴ 을 배우 ㄹ 수 있 던 것 같 음,,,,,,,,,,,,,,
교수 라 기 보다 스타 강사 같 음,,,,,,,,,,,,,,
교양 수업 으로 적합 하 다는 생각 이 들 ㅂ니다,,,,,,,,,,,,,,
교수 님 이 배려 많이 하 아 주 시 ㅂ니다,,,,,,,,,,,,,,
목소리 가 참 좋 으시 어요,,,,,,,,,,,,,,
공부 하 ㄹ 때 ㄴ 화 나 았 지만 그래도 배우 ㄹ 것 이 많 아서 좋 았 어요,,,,,,,,,,,,,,
친절 하 시 고 좋 습니다,,,,,,,,,,,,,,
컴퓨팅 적 사고 는 파이 썰 ㄴ 과 스크래치 등 을 배우 는 수업 이 에요,,,,,,,,,,,,,,
문과 생 이 처음 으로 IT 분야 에 관심 갖 게 하 아 주 시 ㄴ 교수 님 진짜 좋 아요,,,,,,,,,,,,,,
교수 님 이 친절 하 시 고 재미있 는 얘기 를 많이 하 아 주 시 ㅁ,,,,,,,,,,,,,,
애초 에 어렵 ㄴ 내용 을 배우 지 않 아 공부 하 기 편하 고,,,,,,,,,,,,,,
질문 에 대답 하 는 태도 가 좀 무례 하 다고 느낌,,,,,,,,,,,,,,
강의 시간 보다 일찍 끝내 주 시 고 배우 는 것 도 딱히 어렵 지 않 아 좋 았 어요,,,,,,,,,,,,,,
과목 이 쉽 ㄴ 것 이 ㄴ지 교수 님 께서 설명 을 잘 해주시 는 것 이 ㄴ지 암튼 부담 갖 지 않 으시 어도 되 ㄹ 것 같 아요,,,,,,,,,,,,,,
시험 이 쉽 기 는 하 았 는데 전혀 안 배우 ㄴ 부분 이 나오 았 음,,,,,,,,,,,,,,
그런데 교수 님 자체 는 착하 시 ㄴ 것 같 음,,,,,,,,,,,,,,
"""열심히 외우 면 중간 에서 높 은 점수 얻 을 수 있 고 "," 기말 는 파이 썰 ㄴ 내용 이 ㅂ니다""",,,,,,,,,,,,,,
고등학교 정보 수업 같 아 용 스크래치 랑 파이 썰 ㄴ 하 는데 저 는 너무 재미있 었 답니다,,,,,,,,,,,,,,
#NAME?,,,,,,,,,,,,,,
하 는 만큼 학점 나오 는 수업 이 고 교수 님 은 좋 았 음,,,,,,,,,,,,,,
그리고 교수 님 은 좋 으시 ㄴ데 배우 는 내용 이 다른 반 에 비하 아 적 어서 시험 이 쉽 었 어요,,,,,,,,,,,,,,
교수 님 친절 하 시 ㅁ,,,,,,,,,,,,,,
강의 에서 무엇 이 ㄴ가 얻 어 가 는 것 보다 학점 이 중요 하 다,,,,,,,,,,,,,,
저 는 나쁘 지 않 았 어요,,,,,,,,,,,,,,
남 는 것 이 없 는 것 같 아요,,,,,,,,,,,,,,
쉽 기 는 하 았 지만 교 피 ㄹ 중 에서 는 가장 만족도 가 높 습니다,,,,,,,,,,,,,,
... 초등학교 강의 같 은 느낌 이 들 지만 개인적 으로 만족,,,,,,,,,,,,,,
강의 숙제 부분 에서 ㄴ 만족 하 ㅂ니다,,,,,,,,,,,,,,
숙제 2 개 가 어렵 ㄴ 편 이 었 고 시험 은 어렵 어 요 진심 으로 ...,,,,,,,,,,,,,,
강의 도 재미있 고 파이 썰 ㄴ 작성 하 는 것 도 하 ㄹ 만 하 다,,,,,,,,,,,,,,
근데 이런 식 으로 하 는 것 이 오히려 저 는 마음 이 더 편하 았 다고 생각 이 들 ㅂ니다,,,,,,,,,,,,,,
일주일 에 오프라인 수업 이 하 ㄴ 번 이 라 배우 는 양이 꽤 많 은데 벅차 더라고요,,,,,,,,,,,,,,
강의 초반 까지 는 말 도 재미있 게 하 고 학생 들 편의 도 많이 봐주 는 것 같 아서 좋 았 으나 ...,,,,,,,,,,,,,,
A + 무조건 맞 겠 다면 다른 교수 님 이 나 을 수 도 잇 음,,,,,,,,,,,,,,
컴퓨팅 적 사 고 좋 은 교수 님 많 으니까 다른 교수 님 추천 하 ㅂ니다,,,,,,,,,,,,,,
” 라며 눈치 를 주 시 곤 하 았 습니다,,,,,,,,,,,,,,
질문 하 ㄹ 때 얘기 가 이리 나오 는 것 보 면 교수 스스로 생각하 아 보 기 ㄹ,,,,,,,,,,,,,,
스스로 고민하 과정 을 중요 하 게 생각 하 시 는 것 같 아서 이해 는 되 ㄴ다,,,,,,,,,,,,,,
전기 과 학생 들 이 이전 에 전력 공학 에서 배우 었 던 절연체 들 이 어떤 메커니즘 으로 절연 시키 어 주 는지 에 대하 ㄴ 떡밥 이 이 과목 에서 회수 되 ㅂ니다,,,,,,,,,,,,,,
연습 문제 많이 풀 어 보 기 ㄹ,,,,,,,,,,,,,,
교수 님 강의 는 최고 이 ㅂ니다,,,,,,,,,,,,,,
유익 하 ㄴ 수업 이 ㅂ니다,,,,,,,,,,,,,,
교수 님 이 성적 잘 주 시 어서 그래도 공부 하 ㄴ 보람 있 었 음,,,,,,,,,,,,,,
교수 님 이 학생 들 을 끌 고 가 려는 것 이 눈 에 보이 어서 이 좋 다,,,,,,,,,,,,,,
C 언어 를 배우 지 않 았 더라도 열심히 하 면 따라가 ㄹ 만 하 ㅂ니다,,,,,,,,,,,,,,
강의 전달력 은 아쉽,,,,,,,,,,,,,,
남 는 것 이 많 은 수업,,,,,,,,,,,,,,
일단 교수 님 이 재미있 으시 ㅁ,,,,,,,,,,,,,,
그림 그려 가 며 설명도 잘 하 아 주 시 어요,,,,,,,,,,,,,,
그저 그런 강의,,,,,,,,,,,,,,
.. 그리고 강의 중간 중간 에 하 시 는 이야기 들 도 도움 되 고 재미있 음,,,,,,,,,,,,,,
수업 을 늦 게 끝내 ㄴ다,,,,,,,,,,,,,,
학기 중 에 ㄴ 좋 은 의 도로 하 ㄴ 학기 동안 많 은 양 을 주입 하 기 위하 아 내용 이 많 아 지 는 느낌 이 있 음,,,,,,,,,,,,,,
쉅 내용 은 다소 어렵 게 설명 하 시 는 부분 이 있 어 독학 이 필수 시험 여러 번 봄 대신 그만큼 쉽 ㅁ,,,,,,,,,,,,,,
특히 수업 앞부분 에 복습 조금 씩 해주시 는 것 너무 좋 구 숙제 도 기간 꽤 주 시 어서 하 ㄹ 말 ㄴ 하 아요,,,,,,,,,,,,,,
"""학생 이 실수 잡 는 경우 도 많 고 "," 칠판 에 쓰 ㄴ 것 다 지우 고 다시 쓰 는 바람 에 볼펜 으로 쓰 었 을 때 깊 은 빡 침 을 느낌""",,,,,,,,,,,,,,
"""그래 어서 이 ㄴ지 기말 는 클로즈 북 에 어렵 게 내 었 는데 "," 어렵 게 내야 겠 는데 못 풀 거 같 아 문제 를 쉽 게 내 려고 하 시 ㄴ 노력 이 보이 었 음""",,,,,,,,,,,,,,
가장 시간 투자 를 적 게 하 았 음,,,,,,,,,,,,,,
그리고 배우 ㄴ 이론 을 기반 으로 더블릿 에서 숙제 도 내주 시 어서 공부 하 기 도 좋 았 습니다,,,,,,,,,,,,,,
박태형 교수 님 수업 을 들 으면 하 ㄴ 학기 내내 피곤 하 지만 종강 후 에 는 남 는 것 이 많 다,,,,,,,,,,,,,,
"""잦 은 휴강 "," 쉽 ㄴ 문제 등등 으로 인하 아 제대로 배우 ㄴ 것 같 지 않 아 아쉽 었 습니다""",,,,,,,,,,,,,,
강의 준비 를 안 하 아 오 시 는 느낌 을 많이 받 음,,,,,,,,,,,,,,
교수 님 은 열심히 는 하 시 어,,,,,,,,,,,,,,
수업 말 ㄴ 잘 들 으면 괜찮 아 여 숙제 는 많 은 편 이 길 ㄴ 하 아요,,,,,,,,,,,,,,
수업 이해 가 면 듣 는 것 도 좋 으나 그냥 시험 기간 에 혼자 공부 하 아서 시험 잘 보 면 좋 은 점수 를 얻 을 수 있 습니다,,,,,,,,,,,,,,
이 수업 듣 고 학교 휴학 신청 하 았 다,,,,,,,,,,,,,,
이미 자 기 는 ONLINE JUDGE 에서 많이 풀 고 알고리즘 조금 이나마 알 고 있 다,,,,,,,,,,,,,,
앞 에 강의 평 처럼 진짜 자습 으로 공부 하 아야 댐,,,,,,,,,,,,,,
교수 님 생각 도 깊 으시 고 학생 들 배려 잘 하 아 주 시 ㅂ니다,,,,,,,,,,,,,,
강의 는 열심히 듣 을 필요 없 고 필기 말 ㄴ 잘 하 아,,,,,,,,,,,,,,
"""수업 시간 에 틀 어 주 는 드라마 집 에 가 아서 놀 는 셈 치고 보 면 매주 보 는 단어 시험 "," 관용 어구 시험 외우 는데 도움 많이 되 고 편하 다""",,,,,,,,,,,,,,
어쨌든 가 ㄴ 에 잘 가 요 ...,,,,,,,,,,,,,,
모 교수 님 이 그릇 이 작 다고 하 ㄴ 평가 가 나 적절 하 ㅁ,,,,,,,,,,,,,,
"""개인적 으로 는 노장 철학 에 대하 ㄴ 편견 이 많이 깨지 ㄴ "," 좋 은 수업 이 었습 니 당""",,,,,,,,,,,,,,
하지만 그만큼 배우 ㄹ 것 이 많 고 흥미 로 울 ㄴ 수업 이 라고 생각 되 ㅁ,,,,,,,,,,,,,,
대면 으로 듣 었 다면 교수 님 과 학생 들 과 의 소통 이 원활 하 게 잇 어서 더욱 즐겁 었 을 것 같 습니다,,,,,,,,,,,,,,
시험 이 어렵 지 않 으니 수업 을 듣 으시 ㄹ 생각 이 있 다면 시험 을 잘 준비 하 는 것 이 가장 좋 을 것 이 ㅂ니다,,,,,,,,,,,,,,
확실히 이해 하 기 쉽 게 설명 하 아 주 어서 좀 만 노력 하 면 크 ㄴ 도움 이 되 ㄹ 것 이 다,,,,,,,,,,,,,,
교수 님  완전 좋 은데 시험 은 .. 강의 력 은 진짜 굿,,,,,,,,,,,,,,
공부 안 하 는 학생 들 어떻하 게 든 끌 고 가 려는 느낌,,,,,,,,,,,,,,
위 에 수업 이 졸리 다는 것 는 교수 탓 이 아니 라 님 탓 이 ㅂ니다,,,,,,,,,,,,,,
.... A + 잘 주 시 어 요 그리고 이 분 은 끝 까지 잘 친 하 ㄴ 것 이 이득 이 니까 참여 말 ㄴ 잘 하 시 면 A + 주 시 ㅂ니다,,,,,,,,,,,,,,
교수 님 과 강의 자체 도 흥미 로 울 ㄴ 수업 이 ㅂ니다,,,,,,,,,,,,,,
"""교수 님 께서 학생 들 이랑 소통 하 려고 하 시 고 "," 좋 으시 어서""",,,,,,,,,,,,,,
"""에 도 불구 하고 최대한 많 은 것 을 알리 어 주 려고 노력 하 시 었 고 "," 팀 프로젝트 마지막 에 기여 도 평가 가 있 어서 팀 프로젝트 에서 억울 하 ㄴ 일 이 최소 가 되도록 하 았 다""",,,,,,,,,,,,,,
이번 학기 제일 하 ㄹ 것 이 많 았 던 수업 .. 하지만 그만큼 성적 잘 주 시 어서 꿀 수업 교수 님 이 좋 으시 ㄴ 분,,,,,,,,,,,,,,
A 를 쉽 게 받 을 수 있 어서 좋 음,,,,,,,,,,,,,,
암튼 여러모로 피곤 하 ㄴ 수업 이 지만 절대평가 라는 그 사 실 하나 로 기분 이 좋 았 음,,,,,,,,,,,,,,
"""착하 시 고 "," 학생 들 을 자식 처럼 생각 하 시 어요""",,,,,,,,,,,,,,
교수 님 이 수업 준비 도 많이 하 아 오 시 고 열정 이 있 다,,,,,,,,,,,,,,
교수 님 도 엄청 열정적 으로 준비 하 아 오 시 는 것 이 느끼 어 지 고 많이 얻 어 가 ㄹ 수 있 었 습니다,,,,,,,,,,,,,,
저 는 만족 하 았 습니다,,,,,,,,,,,,,,
신입 생 애 들 아 교수 님 의 애정 과 관심,,,,,,,,,,,,,,
작품 하나 만들 기 까지 조원 들 과 계속 만나 고 스스로 공부 하 게 되 어서 얻 어 가 는 것 이 많 음,,,,,,,,,,,,,,
열심히 하 면 많이 배우 어 가 ㅁ,,,,,,,,,,,,,,
글 고 시험 에서 조원 평가 도 하 기 때문 에 학점 생각 까지 하 면 열심히 하 는 것 이 맞 다,,,,,,,,,,,,,,
수업 은 자유롭 고 좋 은데 교수 님 참 으로 ..,,,,,,,,,,,,,,
열심히 하 면 하 ㄴ 만큼 주 심 근데 문제 는 조 별 숙제 조 내 에 발암 하나라 있 으면 무조건 조원 평가 하 ㄹ 때 쌍욕 을 달 아 주 시 어요,,,,,,,,,,,,,,
나 A + 맞았어,,,,,,,,,,,,,,
일단 강의 를 앉 아서 마이크로 하 시 ㅂ니다,,,,,,,,,,,,,,
그래서 학생 들 은 교수 님 을 보 지 않 고 PPT 화면 을 보 ㅂ니다,,,,,,,,,,,,,,
수업 도 일찍 끝내 주 시 어서 교양과목 으로 는 꿀 이 ㅁ,,,,,,,,,,,,,,
""""," 저 의 생각 에 ㄴ 교수 님 께서 평소 수업 태도 를 보 시 는 듯 하 ㅂ니다""",,,,,,,,,,,,,,
만점자 많 을 듯 기말 은 2 개 의 주차 에 해당 하 는 수업 내용 을 비교 하 는 것 을 쓰 라고 하 ㅁ,,,,,,,,,,,,,,
수업 내용 은 그냥 쏘 쏘 하 ㅁ,,,,,,,,,,,,,,
수업 의 질 자체 는 별로 ...... 자기 만 저 A + 받 아서 기분 이 좋 습니다,,,,,,,,,,,,,,
교수 님 이 학생 한테 관심 이 많 다,,,,,,,,,,,,,,
하지만 수업 전달력 은 그저 그렇 다,,,,,,,,,,,,,,
수업 도 예술 과학 에 관심 이 있 다면 괜찮 을 수업,,,,,,,,,,,,,,
몰아 서 하 면 진짜 힘 들 으니 까 강의 들 으면서 그때그때 하 면 편하 게 하 시 ㄹ 수 있 어요,,,,,,,,,,,,,,
하 ㄴ 학기 에서 제일 시간 투자 많이 하 ㄴ 과목 이 다,,,,,,,,,,,,,,
재미있 습니다 교수 님 이 다양 하 ㄴ 시각 으로 이야기 하 아 주 시 ㅂ니다,,,,,,,,,,,,,,
덕분 에 1 학기 동안 그림 그리 느라 밤샘 하 ㄴ 기억 뿐,,,,,,,,,,,,,,
그때 는 그 어렵 ㄴ 예술 철학 수업 을 필기 하 시 는 친구 들 도 있 더군요,,,,,,,,,,,,,,
솔직히 이 수업 으로 얻 어 가 는 것 은 ..,,,,,,,,,,,,,,
이론 한 번 실습 한 번 씩 수업 을 진행 하 는데 이론 수업 은 이해 가 하나 도 안 가 고 숙제 폭탄 수업 이 고 실습 은 그나마 그림 을 배우 ㄴ다는 느낌 이 있 어요,,,,,,,,,,,,,,
온라인 강의 에서 는 2014 로 강의 하 시 어서 종종 빡 치 었 다,,,,,,,,,,,,,,
그냥 쉽 ㄴ 수업 PPT 외우 고 드라마 영화 보 면 쉽 ㄴ A 이 ㅂ니다,,,,,,,,,,,,,,
밑 에 교수 성향 영상 등 에 대하 어 얘기 많 은데 미국 영상 매체 보편적 이 ㄴ 추세 에 따라서 주로 말 하 고 대중적 이 ㄴ 작품 들 로 보이 어 주 어 딱히 사상 을 강요 하 거나 그런 것 은 안 느끼 어 지 ㅁ,,,,,,,,,,,,,,
일단 강의 내용 도 이상 하 ㅁ,,,,,,,,,,,,,,
교수 가 아무튼 생각 이 한결 같 음,,,,,,,,,,,,,,
깊 게 배우 ㄴ 다기 보다 는 유쾌 하고 가볍 게 학점 채우 ㄴ다는 느낌 이 다,,,,,,,,,,,,,,
교수 님 은 좋 으나 수업 의 질 은 딱히,,,,,,,,,,,,,,
쉽 게 듣기 좋 은 숭 버입 니 다,,,,,,,,,,,,,,
기말 이 말 도 안 되게 숫자 맞추 는 문제 나오 았 던 것 빼 고 는 나머지 시험 들 은 평소 에 수업 열심히 듣 고 시험 공부 하 ㄴ다면 만족 하 ㄹ 만 하 ㄴ 점수 나오 ㄹ 수 있 음,,,,,,,,,,,,,,
많이 기억 에 남 을 것 같 은,,,,,,,,,,,,,,
교수 님 좋 으시 ㅁ,,,,,,,,,,,,,,
드랍  진짜 고민 하 았 는데 하 아야 하 았 던 수업 .... 수업 지루 하 ㄴ 것 은 그렇 다,,,,,,,,,,,,,,
"""강의 방식 제조 랑 동일 "," 재미있 고 유익 하 ㅁ""",,,,,,,,,,,,,,
외우 ㄹ 것 도 많 고 공부 하 아야 되 ㄹ 것 도 많 고 플젝  있 지만,,,,,,,,,,,,,,
그만큼 얻 어 가 는 수업 이 ㅂ니다,,,,,,,,,,,,,,
그래도 수업 을 열심히 해주시 고 배워가 는 것 은 많 은 것 같 습니다,,,,,,,,,,,,,,
비 대면 이 라서 아쉽 었 던 수업,,,,,,,,,,,,,,
교양 같 은 교직 수업 이 ㅂ니다,,,,,,,,,,,,,,
배우 ㄹ 점 이 많 고 예비 교사 로서 많 은 것 을 생각하 아 보 게 되 는 수업 이 다,,,,,,,,,,,,,,
등록금 가치 를 하 는 강의 는 오랜만 이 었 습니다,,,,,,,,,,,,,,
강의 평 수정 을 못하 아서 시험 정보 는 못 적 는 것 이 아쉽 ㄴ데 절대평가 이 므로 강의 만 잘 따라오 시 면 되 ㄹ 듯 하 ㅂ니다,,,,,,,,,,,,,,
입문 다음 수업 이 라 중국어 를 아예 처음 배우 는 사람 에게 는 수업 꽤 어렵 ㄹ 듯 하 ㅁ,,,,,,,,,,,,,,
절대평가 라 그렇 ㄴ지 학점 잘 주 시 었 어요,,,,,,,,,,,,,,
꼼꼼히 설명 해주시 고 매주 있 는 숙제 도 시험 준비 하 ㄹ 때 많이 도움 이 되 었 습니다,,,,,,,,,,,,,,
잘 가르치 어 주 시 고 친절 하 시 고 학생 들 에 대하 ㄴ 열정 이 많 으세 요수 업 방식 도 계속 고민하 시고 좋 으시 ㄴ 것 같 아요,,,,,,,,,,,,,,
.. 말 많이 하 아야 되 고 그래도 재미있 었 어요,,,,,,,,,,,,,,
그냥 그런 저 는 공수 업 이 ㅂ니다,,,,,,,,,,,,,,
.. 그러나 열심히 하 는 사람 들 에게 는 새롭 ㄴ 지식 의 확장 으로 인하 아 공부 가 재미있 어 질 지도 모르 겠 다,,,,,,,,,,,,,,
근데 내용 이 어렵 어 서 포기 하고 싶 어요,,,,,,,,,,,,,,
좀 특이하 시다,,,,,,,,,,,,,,
동역학 5 장 내용 이 많이 어렵 어 서 걱정 하 았 는데 생각 보다 쉽 게 나오 ㅁ,,,,,,,,,,,,,,
시험 중간 은 내용 이 쉽 으나,,,,,,,,,,,,,,
일단 교수 님 이 회사 관련 이야기 를 많이 하 아 주 시 ㅁ,,,,,,,,,,,,,,
이것 은 실질적 으로 도움 되 는 얘기 들 이 길 ㄴ 한데 강의 그 자체 가 간절 하 다면 좀 거슬리 ㄹ 수 도 있 음,,,,,,,,,,,,,,
이야 교수 한테 배우 ㄹ 것 이 없 는데 시험 은 7 번 본단 다 오,,,,,,,,,,,,,,
그것 ㄹ 버티 면 학점 잘 주 시 고 많이 배우 어 가 ㅁ,,,,,,,,,,,,,,
태블릿 으로 수업 하 시 어서 강의 듣기 도 편하 았 어요,,,,,,,,,,,,,,
.. 취향 많이 타 ㄹ 듯,,,,,,,,,,,,,,
온라인 이 어서 문제 도 쉽 게 냐 주 시 었 고 예시 를 많이 듷  주 시 어서 좋 았 습니다,,,,,,,,,,,,,,
교수 님 친절 하 시 고 수업 도 예시 많이 들어주 시 어서 좋 았 던 강의 이 ㅂ니다,,,,,,,,,,,,,,
수업 만 하 시 어서 좀 많이 졸 려 요,,,,,,,,,,,,,,
많이 들 ㄹ 배우 시 어요,,,,,,,,,,,,,,
원론적 이 ㄴ 접근 없이 표상 적 이 ㄴ 이론 수업,,,,,,,,,,,,,,
노력 하 ㄴ 만큼 학점 주심,,,,,,,,,,,,,,
자 잘 하 ㄴ 요소 보다 도 수업 그 자체 에 충실 하 면 점수 나오 ㄴ다는 얘기,,,,,,,,,,,,,,
대부분 학생 은 대학 오 아서 정치학 을 처음 접하 게 되 ㄴ다는 것 을,,,,,,,,,,,,,,
기말 이 사실 상 성적 을 결정 지음,,,,,,,,,,,,,,
강의 도 재미있 게 하 시 고 숙제 없 고 시험 두 번,,,,,,,,,,,,,,
하 ㄴ 학기 강의 를 3 번 정도 구간 으로 나누 어서 올리 어 주 시 어서,,,,,,,,,,,,,,
"""창의적 이 ㄴ 것 을 좋아하 시 ㄴ다고 교수 님 께서 말씀 하 시 었 고 "," 페이퍼 내용 이 타당 하고 논리적 이 면 점수 를 주 시 는 듯 하 ㅁ""",,,,,,,,,,,,,,
이번 학기 최고 의 강의 하고 생각 하 ㅁ,,,,,,,,,,,,,,
문학 에 관심 있 는 학우 가 들 으면 재미있 는 수업 이 ㄹ 거라고 생각하 아 요,,,,,,,,,,,,,,
라고 생각 하 면 오산 이 고 새롭 ㄴ 유형 으로 나오 ㅂ니다,,,,,,,,,,,,,,
이번 학기 교수 님 께서 많이 바쁘 시 ㄴ 바람 에 다소 허둥지둥 하 시 는 모습 을 보이 어 주 시 었 으나 강의 내용 전달 은 매우 잘 하 아 주 시 어서 꽤 만족,,,,,,,,,,,,,,
특히 문학 을 해석 하고 이해 하 는 것 에 대하 어 많 은 존중 을 하 아 주 시 ㅂ니다,,,,,,,,,,,,,,
그래도 분명히 배우 어 가 ㄹ 것 은 많 은 교수 님 이 라고 생각 되 ㅁ,,,,,,,,,,,,,,
그리고 배우 ㄹ 점 은 많 지만 권위적 이 라서 각오 는 하 았 지만 힘들 었 음,,,,,,,,,,,,,,
타 아 과 생 도 많 아요,,,,,,,,,,,,,,
이번 학기 는 온라인 으로 진행 하 아 중간 기말 을 사례 와 연관 짓 어 답 하 아야 하 았 던 수업 이 었 습니다,,,,,,,,,,,,,,
팀 프로젝트 이 스트레스 였 길 ㄴ 하지만 전반적 으로 ㄴ 얻 어 가 는 것 이 많 고 편하 았 던 수업,,,,,,,,,,,,,,
비 대면 이 면 진짜 비추,,,,,,,,,,,,,,
시험 도 시험 정보 에 나오 ㄴ 문제 가 전혀 나오 지 않 아 힘들 었 지만 학점 을 잘 주 시 어서 듣 을 만 하 다고 생각 하 ㅂ니다,,,,,,,,,,,,,,
예술 쪽 관심 있 으시 ㄴ 분 들 은 한 번 쯤 은 듣 어 보 아도 좋 을 것 같 아요,,,,,,,,,,,,,,
"""말 그대로 편안 하 게 러시아 에 알 아 가 ㄹ 수 있 는 수업 "," 근데 다큐 영상 보 는 것 지루 하 아 하 는 스타일 이 면 비추 이 ㅁ""",,,,,,,,,,,,,,
이상적 이 ㄴ 교양 수업 의 표본 이 ㅂ니다,,,,,,,,,,,,,,
러시아 에 대하 어 영상 으로 쉽 게 접하 ㄹ 수 있 는 좋 은 수업 이 ㅂ니다,,,,,,,,,,,,,,
예술 로 세상 을 바라보 는 러시아인 들 과 우리 가 예술 을 어떤 식 으로 접근 하고 받아들이 어야 하 는지 에 대하 어 쉽 게 배우 었 던 좋 은 강의 이 었 습니다,,,,,,,,,,,,,,
개인적 으로 숭실대 에 이런 교양 수업 이 늘 어야 하 ㄴ다고 생각 하 ㅂ니다,,,,,,,,,,,,,,
러시아 문화 를 전반적 으로 잘 알 수 있 는 수업,,,,,,,,,,,,,,
하지만 저 는 엄청 좋 았 답니다,,,,,,,,,,,,,,
수업 내용 이 좋 아요,,,,,,,,,,,,,,
영상 재미없 는 것 도 있 기 ㄴ 하지만 특히 영화 는 진짜 재미있 게 보 았 고 러시아 에 대하 어 많이 알 게 되 ㅁ,,,,,,,,,,,,,,
느낌 에 교수 님 이 생각 하 는 그런 감상 이나 해석,,,,,,,,,,,,,,
기 말 준비 어떻하 게 하 아야 하 ㄹ지 감 잡기 힘들 터 이 ㄴ데 진짜 자 기 느낌 쓰 면 되 ㅁ,,,,,,,,,,,,,,
"""영상 만 보다 보 니까 ㄴ 좀 졸리 기 는 한데 최대한 안 조 는 것 을 추천 .. 영상 들 보 면서 수업 에서 어떤 내용 의 영상 을 보 았 는지 "," 자신 이 영상 을 보 고 느끼 ㄴ 점 들 을 적 어 놓 으면 나중 에 기말 시험 공부 하 는데 도움 이 되 어요""",,,,,,,,,,,,,,
전반적 으로 러시아 예술 에 대하 ㄴ 교양 을 쌓 는데 많 은 도움 이 되 었 다고 생각 하 ㅁ,,,,,,,,,,,,,,
수업 은 영상 자료 내내 감상 하 는데 그것 이 전부 러시아 예술 관련 되 ㄴ 거구 요,,,,,,,,,,,,,,
그리고 영상 이 참 마음 에 듣 었 음,,,,,,,,,,,,,,
이런 수업 이 예술 쪽 강의 에 는 적합 하 다고 생각 하 ㅂ니다,,,,,,,,,,,,,,
그리고 그냥 평소 에 보이 어 주 는 영화 나 영상 자료 같 은 것 들 만 제대로 보 시 어도 좋 은 점수 받 으시 ㄹ 수 있 으시 ㄹ 것 에 요,,,,,,,,,,,,,,
솔직히 너무 졸리 었 어요,,,,,,,,,,,,,,
진짜 다시 들 으라고 하 면 매주 영상 녹화 나 소리 라도 녹음 하 아서 가져가 서 준비 하 ㄹ 껄 .. 이 라고 하 는 생각 이 들 는 강의 이 었 습니다,,,,,,,,,,,,,,
.. 러시아 예술 에 대하 ㄴ 네이버 에 나오 아 있 는 설명 보 다 자 기 의 느낌 을 굉장히 강조 하 시 는 편 이 ㄴ 것 같 음,,,,,,,,,,,,,,
진짜 도움 많이 되 ㅂ니다,,,,,,,,,,,,,,
"""이 수업 이 이 번 학기 유일 하 ㄴ 낙 이 었 고 "," 배드민턴 도 많이 배우 었 고 실력 을 키우 었 다""",,,,,,,,,,,,,,
하지만 굉장히 만족 스럽 ㄴ 수업 이 었 다,,,,,,,,,,,,,,
아니 면 학점 책임 못 짐 수업 방식 이 자유로 울 ㄴ 부분 에 는 만족 하 ㅁ,,,,,,,,,,,,,,
대숲 에 관련 정보 있 어요,,,,,,,,,,,,,,
판서 해주시 는 내용 이 제일 중요 하 다고 생각 하 ㅂ니다,,,,,,,,,,,,,,
과목 자체 가 어렵 어 서 수업 도 어렵 었 는데 개념 이해 하고 예제 풀 줄 알 면 좋 은 것 같 습니다,,,,,,,,,,,,,,
연습 문제 많이 풀 어 보 는 것 이 좋 을 듯,,,,,,,,,,,,,,
어떤 개념 을 이해 하 는데 필요 하 ㄴ 개념 이 있 으면 다른 교수 였 으면 1 학기 때 다 배우 었 지요,,,,,,,,,,,,,,
강의 력 이 딸리 시 는 것 이 보이 ㅁ,,,,,,,,,,,,,,
그 외 에 도 다른 교수 욕 을 지나치 게 많이 하 아서 사람 이 좀 덜 되 ㄴ 느낌 이 듬,,,,,,,,,,,,,,
무엇 ㄴ가 대충 하 시 는 것 같 은 데 학생 들 많이 생각하 아 주 시 는 것 이 느끼 어 지시 는 교수 님,,,,,,,,,,,,,,
제일 공부 하 는 것 같 은 수업 이 었 어요,,,,,,,,,,,,,,
전자기 학 자체 에 대하 ㄴ 강의 방식 도 훌륭 하 시 지만 수업 외적 이 ㄴ 가르침 도 배우 ㄹ 것 이 많 았 습니다,,,,,,,,,,,,,,
진짜 핵 좋 아요,,,,,,,,,,,,,,
엄청나 ㄴ 퀄리티 의 수업 자료 와 강의 수준,,,,,,,,,,,,,,
숙제 가 상당히 많 다,,,,,,,,,,,,,,
오타 도 많 고 강의 도 말 로 서술 만 하 시 ㅁ,,,,,,,,,,,,,,
족보 가 있 으면 도움 은 되 겠 지만 결국 핵심 이론 을 이해 하고 있 어야 점수 받 을 수 있 습니다,,,,,,,,,,,,,,
수업 은 OPENCV 배우 었 고 강의 력 도 좋 았 습니다,,,,,,,,,,,,,,
실습 수업 은 파이 썰 ㄴ OPENCV 로 진행 되 는데 얻 어 가 는 것 이 하나 도 없 는 것 같 습니다,,,,,,,,,,,,,,
수업 일찍 끝나 ㄴ다는 것 말 고 는 얻 어 가 는 것 이 없 는 수업 이 ㅂ니다,,,,,,,,,,,,,,
이론 수업 은 밑 에 강평 얘기 랑 다르 ㄹ 바 없 고 실습 은 파이 썰 ㄴ 으로 전날 이론 수업 에서 배우 ㄴ 것 을 실습 하 는데 PPT 에 있 는 코딩 을 따르 아 침 파이 썰 ㄴ 에 대하 ㄴ 지식 은 알 아서 습득 하 아야 하 ㅁ,,,,,,,,,,,,,,
교수 님 의 교육적 철학 과 정치적 소신 발언 에 항상 감명 깊 게 들 었 습니다,,,,,,,,,,,,,,
엄청 졸리 ㅁ,,,,,,,,,,,,,,
그냥 흘러가 는 과목 .. 실질적 이 ㄴ 도움 이 없 음,,,,,,,,,,,,,,
친근 하 시 고 학생 들 잘 대하 어 주 시 고 관심 가져주 시 고,,,,,,,,,,,,,,
구석구 꼼꼼히 공부 하 시 면 좋 은 결과 나오 ㅂ니다,,,,,,,,,,,,,,
인원 이 적 어서 교수 님 이 학생 들 편의 많이 봐주 시리 어 하 았 던 것 같 습니다,,,,,,,,,,,,,,
공부 양 이 어 마 어마 하고 깊이 있 게 공부 하 아야 하 ㅁ,,,,,,,,,,,,,,
고통 뿐 이 었 음,,,,,,,,,,,,,,
전형적 이 ㄴ 정규식 교수 님 스타일 강의,,,,,,,,,,,,,,
네트워크 를 잘 알 시 는 만큼 즐겁 게 강의 하 시 는 교수 님 의 모습 을 보 았 다,,,,,,,,,,,,,,
한 문장 하 ㄴ 문장 의 의미 를 다 알리 어 주 시 어서 이해 하 기 쉽 고 그만큼 깊 게 알 수 있 다,,,,,,,,,,,,,,
해외 대학 강의 느낌 이 많이 남 교수 님 은 방향 만 제시 하 시 는,,,,,,,,,,,,,,
올해 부터 온오 프 라인 으로 바뀌 면서 영어 강의 에서 한국어 강의 로 바뀌 ㅁ,,,,,,,,,,,,,,
강의 중 이야기 가 다른 곳 으로 샙 ,,,,,,,,,,,,,,
실무 경험 이 풍부 하 시 어서 관련 되 ㄴ 이야기 들 이 듣 을 만 하 ㅂ니다,,,,,,,,,,,,,,
그래도 실무 경험 이 풍부 하 시 ㄴ 교수 님 잔소리 듣 을 만 하 ㅂ니다,,,,,,,,,,,,,,
그런데 수업 외적 으로 이런저런 얘기 가끔 해주시 는데 그것 이 오히려 도움 이 되 었 음,,,,,,,,,,,,,,
그러나 코로나 때문 에 이번 에 ㄴ 장점 아니 었 음,,,,,,,,,,,,,,
이것 이 소프트웨어 공학수 의견 들 에 는 동의,,,,,,,,,,,,,,
조 모임 이 많 고 부담 이 많이 되 었 다,,,,,,,,,,,,,,
"""팀 프로젝트 은 팀 잘 걸리 는 것 이 중요 하 니 "," 시험 에 대하 ㄴ 얘기 만 하 겠 음""",,,,,,,,,,,,,,
플젝 자체 는 교수 님 은 앱 을 권장 하 시 는 분위기,,,,,,,,,,,,,,
"""장점 1 엄청 유익 하고 "," 배워가 는 것 이 제일 많 아요""",,,,,,,,,,,,,,
수업 은 매우 깔끔 하고 도움 이 많이 되 는 수업 수업 열심히 듣 고 공부 열심히 하 면 성적 은 잘 나오 ㄴ다,,,,,,,,,,,,,,
다만 팀 프로젝트 이 많 고 발표 를 하 아야 하 는 것 이 흠 이 길 ㄴ 한데 어차피 전공 기초 니까 열심히 배우 ㄴ 다 생각 하고 들 으면 얻 어 가 는 것 은 많 아서 좋 아요,,,,,,,,,,,,,,
그래도 절 평이 라고 성적 은 잘 주 시 었 네요,,,,,,,,,,,,,,
영상 도 많이 보 고 시험 도 안 어렵 고 근데 점수 를 +  올리 어 주 지 않 음,,,,,,,,,,,,,,
시험 도 괜찮 음,,,,,,,,,,,,,,
.. 배우 ㄴ 것 도 없 고 남 은 것 도 없 음,,,,,,,,,,,,,,
보 면 A 저 의 로 는 맞 을 수 있 음,,,,,,,,,,,,,,
기말 에 는 수업 때 말 하 지 않 은 내용 도 있 었 는데 중간 가 쉽 었 어서 하 ㄹ 말 이 없 다,,,,,,,,,,,,,,
전반적 으로 혼자 서 공부 를 잘 해내 시 어야 하 는 수업 이 ㅂ니다,,,,,,,,,,,,,,
수업 내용 이 통상 론 보다 는 일본 지역 역사 ... 여야 하 ㄹ 것 같 음,,,,,,,,,,,,,,
타 아 과 생 을 철저 하 게 배제 하 ㅁ,,,,,,,,,,,,,,
그래도 많 기 는 하지만,,,,,,,,,,,,,,
대학 강의 라는 생각 도 들 고 배워가 는 것 도 많 은데,,,,,,,,,,,,,,
수업 의 질 이 좋 고,,,,,,,,,,,,,,
경제 전공 과목 중 에 질 높 은 수업 중 하나 이 며,,,,,,,,,,,,,,
그리고 교수 님 께서 한은 출신 이 라 중앙은행 파트 는 자부심 철철 묻어나 는 강의 와 자료 를 제공 하 시 ㅂ니다,,,,,,,,,,,,,,
그래도 금융 경제 에 대하 ㄴ 기초적 은 개론 은 잡히 ㄹ 수 있 어서 좋 았 습니다,,,,,,,,,,,,,,
뭐 어떻하 게 되 겠 지 .. 라는 생각 이 시 라면 좀 힘들 수도 ..,,,,,,,,,,,,,,
그래도 수업 제대로 들 으면 얻 어 가 ㄹ 것 은 많 은 수업 같 습니다,,,,,,,,,,,,,,
"""물론 두 번의 크 ㄴ 레포트 산과 미치 ㄴ 시험 범위 의 기 말 가 기다리 고 있 지만 "," 금융 에 흥미 가 있 고 평소 학점 관리 에 관심 이 많 은 학생 이 라면 꼭 한번 들 어 보 기 를 바라 ㄴ다""",,,,,,,,,,,,,,
교수 님 이 경험 도 많 으시 고 강의 느낌 이 아니 라 손주 에게 이야기 하 듯이 하 아 주 어서 좋 았 다,,,,,,,,,,,,,,
위 에서 내려오 는 말 다 들 으시 어요,,,,,,,,,,,,,,
교수 님 믿 고 듣 는 사람 으로서 강의 력 이 좋 음,,,,,,,,,,,,,,
"""시험 을 두 번 보 았 으면 성적 이 더 잘 나오 았 을 것 같 지만 "," 지금 성적 도 만족""",,,,,,,,,,,,,,
법대 복전 을 생각 하고 경험 삼 아 듣 어 보 았 는데 교수 님 이 좋 으시 고 많이 배우 어 가 ㄹ 수 있 어서 좋 았 어요,,,,,,,,,,,,,,
교수 님 수업 은 좋 습니다,,,,,,,,,,,,,,
은 많이 남 는 것 같 습니다,,,,,,,,,,,,,,
그 이후 로 기존 디스플레이 와 쌩 팔 ㄴ 다른 내용 만 배우 ㄴ다,,,,,,,,,,,,,,
디스플레이 취업 하 는 사람 들 도 사실 보상 회로 외 에 는 크 ㄴ 도움 도 안 되 는 과목 이 ㄴ 것 같 다,,,,,,,,,,,,,,
성적 은 절대평가 라 그렇 ㄴ지 엄청 후하 게 주 시 었 어요,,,,,,,,,,,,,,
기초 에 적합 하 ㄴ 강의 이 었 습니다,,,,,,,,,,,,,,
보 면 언젠가 는 도움 이 되 ㄹ 유익 하 ㄴ 교양 수업 이 ㅂ니다,,,,,,,,,,,,,,
목소리 가 약간 작 으시 ㅁ,,,,,,,,,,,,,,
이 라는 느낌 이 강하 았 어요,,,,,,,,,,,,,,
나 는 한자 잘 모르 고 암기 도 이 었 지만 교수 님 좋 으샸 고 유익 하고 재미있 어 서 어 만족 하 ㅁ,,,,,,,,,,,,,,
교수 님 이 수업 시간 에 하 ㄴ 문 단어 나 사자 성어 에 담기 ㄴ 고전 이야기 해주시 고 그러 는데 개인적 으로 는 흥미 로웠 음,,,,,,,,,,,,,,
교양 으로 추천 하 ㅂ니다,,,,,,,,,,,,,,
교양 이 라 보다 는 인문학 적 정서 가 많이 느끼 어 지 는 수업,,,,,,,,,,,,,,
"""다만 "," 시간 투자 를 많이 하 아야 되 는 것 은 아니 니 부담 가지 지 않 으시 어도 되 ㅂ니다""",,,,,,,,,,,,,,
수업 괜찮 았 어요,,,,,,,,,,,,,,
교수 님 의 수업 스타일 은 자유롭 다,,,,,,,,,,,,,,
엄마 처럼 잔 소리 도 하 시 고 이것저것 이야기 하 시 기 도 하 는데 그거 도 참 유익 하 ㅂ니다,,,,,,,,,,,,,,
좋 았 어요 한자 흥미 도 생기 고 쉽 게 외우 는 연상 암기 법 도 많이 알리 어 주 시 어요,,,,,,,,,,,,,,
인간적 우 로 많 음,,,,,,,,,,,,,,
"""다만 "," 하 ㄴ 문 자격증 이 있 거나 하 ㄴ 문 을 잘하 는 애 들 한테 ㄴ 좋 은 수업 이 다""",,,,,,,,,,,,,,
같 은 시험 같 은 시간 같 은 교안 이 이 어도 반마 다,,,,,,,,,,,,,,
본 교수 는 모든 강의 에서 같 은 내용 으로 수업 하 ㅁ,,,,,,,,,,,,,,
이것 으로 얻 어 가 ㄹ 것 은 없 고 잘못 되 ㄴ 내용 도 다수인 데 학점 따 기 는 쉽 ㅁ,,,,,,,,,,,,,,
가 았 다 하 면서 수업 하 시 어서 지금 보 는 것 이 어느 프린트 에 있 는 내용 이 ㄴ지 헷갈리 ㅁ,,,,,,,,,,,,,,
교수 님 의 강의 연구 가 더 필요 하 ㄹ 것 같 습니다,,,,,,,,,,,,,,
팀 프로젝트 3 번 에 중간 기말 시험 이 있 어서 힘들 었 지만 많이 배우 ㄹ 수 있 음,,,,,,,,,,,,,,
수업 내용 은 산 공과 에서 알 아 두 면 좋 을 교양 정도 다,,,,,,,,,,,,,,
참 알 는 것 이 많 다고 느끼 어 지 ㄴ 교수 님 .. 하지만 다수 의 교양 교수 들 이 그렇 듯 의식 의 흐름 기법 의 강의 방식 이 좀 거슬리 길 ㄴ 하 ㅂ니다,,,,,,,,,,,,,,
숙제 도 한 번 뿐 이 고 수업 내용 도 어렵 지 않 아서 학점 받 기 에 ㄴ 무리 없 지만 나 의 등록금 이 아깝 다는 생각 을 아낌없이 하 게 만들 는 교수 님,,,,,,,,,,,,,,
실험 도 재미있 고 후 에 배우 ㄹ 내용 관하 아서 도 어느 정도 지식 습득 에 도움 이 되 ㅂ니다,,,,,,,,,,,,,,
시험 으로 판가름 안 남,,,,,,,,,,,,,,
시험 문제 는 코딩 보다 는 원리 에 대하 어 많이 나오 아서 수업 잘 듣 은 것 이 도움 이 되 ㄴ 것 같 아요,,,,,,,,,,,,,,
교수 님 이 잘 알리 어 주 시 는 편 이 니 수업 열심히 들 으면 도움 이 되 ㄹ 것 이 다,,,,,,,,,,,,,,
중간 2 번 기말 한 번 에 파이 썰 ㄴ 스크래치 를 배우 었 음,,,,,,,,,,,,,,
파이팅 이 넘치 시 고 교수 님 이 기초 를 가르치 시 는 능력 이 뛰어나 신 분 이 라서 얻 어 가 는 것 이 많 습니다,,,,,,,,,,,,,,
교수 님 좋 으시 고 책 다 집필 하 시 어서 지식 이 방대하 그만큼 배우 는 것 많 고 진정 하 ㄴ 대학 강의 느낌 이 ㄴ데 시험 으로 뒷통수 를 때리 시 ㄴ다,,,,,,,,,,,,,,
교수 님 나중 에 평가 기준 이 약간 애매 하 ㄴ 것 같 기 는 한데,,,,,,,,,,,,,,
... 교수 님 이 좋 아서 사람 따라서 열심히 하 고 좋 은 교수 님 수업 듣 고 싶 다면 추천 당연히 시험 결과 도 중요 하 지만 자꾸 하 ㄹ 수 있 다고 힘 을 주 시 어서 공부 를 알 ㄴ 하 ㄹ 수 가 없 었 음,,,,,,,,,,,,,,
그 환상 을 깨 주 ㄹ 최고 의 교양 이 ㅁ,,,,,,,,,,,,,,
꿀꿀꿀 교양 공동체 인성,,,,,,,,,,,,,,
그래도 같 은 수업 들 었 던 사람 끼리 까 는 식 은 곤란 하 다고 생각 하 네요,,,,,,,,,,,,,,
개인적 으로 매우 좋 았 던 강의,,,,,,,,,,,,,,
"""숙제 기반 으로 시험 문제 가 제출 되 니 "," 시험 공부 하 시 ㄹ 때 숙제 내용 을 꼼꼼히 보 시 면 도움 되 시 ㄹ 것 이 ㅂ니다""",,,,,,,,,,,,,,
보 면 교수 님 침 넘어가 는 소리 가 하도 많이 들리 어서,,,,,,,,,,,,,,
운영체제 와 함께 듣 었 는데 겹치 는 부분 이 많 아서 이해 하 기 쉽 었 습니다,,,,,,,,,,,,,,
호불호 가 갈리 ㅁ,,,,,,,,,,,,,,
하 ㄴ 학기 수업 듣 고 머릿속 에 남 은 것 피터 첸,,,,,,,,,,,,,,
차라리 수업 시간 에 잠자 는 것 이 더 좋 을 끄 어 같 다는 생각 하 ㅂ니다,,,,,,,,,,,,,,
개별 로 이 ㅁ,,,,,,,,,,,,,,
그리고 무엇 ㄴ가 화려 하 ㄴ 영상 효과 나 비지 엠 넣 는 것 을 좋아하 시 ㅂ니다,,,,,,,,,,,,,,
교수 님 수업 자료 는 굉장히 열심히 만들 어 주 시 어서 열의 가 느끼 어 지 었 는데 .. 그냥 과목 이 답 없 어요,,,,,,,,,,,,,,
그래도 관련 부서 취업 준비 하 ㄹ 때 도움 이 되 었 음,,,,,,,,,,,,,,
개인적 으로 최고 의 강의 이 었 다고 생각 하 ㅂ니다,,,,,,,,,,,,,,
온라인 수업 이였 음,,,,,,,,,,,,,,
"""다만 시험 은 교수 님 이 원하 는 문구 나 문장 등 의 키워드 가 자세 하 게 적히 지 않 으면 감점 되 므로 "," 공부 하 시 ㄹ 때 구체적 으로 공부 하고 생각 을 표현 하 는 방법 도 연구 하 시 었 으면 좋 겠 습니다""",,,,,,,,,,,,,,
키워드 이용 하 아서 서술 형 으로 쓰 는 방식 으로 공부 하 면 도움 많이 됩니 ,,,,,,,,,,,,,,
수업 은 좋 은데 내용 이 쉽 다,,,,,,,,,,,,,,
이번 학기 온라인 으로 갑자기 변경 되 ㄴ 거라 당황 하 시 었 을 터 이 ㄴ데 학생 들 을 많이 배려 하 아 주 시 었 습니다,,,,,,,,,,,,,,
""""," 열심히 강의 하 려고 하 ㅁ""",,,,,,,,,,,,,,
"""강의 평이 안 좋 아서 걱정 되 기 ㄴ 하 았었 는데 "," 막상 들 어 보 니 괜찮 았 다""",,,,,,,,,,,,,,
무엇 ㄴ가 교수 님 보다 는 똑똑 하 ㄴ 옆집 아저씨 같 은 느낌 이 다,,,,,,,,,,,,,,
"""이 부분 은 특별히 나쁘 다고 하 ㄹ 수 없 으나 "," 문제 는 옮기 어 두 ㄴ 강의 자료 에 오탈자 나 중복 이 나 도 많 아요""",,,,,,,,,,,,,,
괜히 들 었 다는 생각 뿐 이 다,,,,,,,,,,,,,,
듣 지 말 시 어요,,,,,,,,,,,,,,
생활 스페인어 라 걱정 많이 하 았 는데 생각 보다 유익 하고 재미있 었 다,,,,,,,,,,,,,,
아랫 분 강의 평 에서 출 결 관련 한 문제 가 있 었 는데 확실히 출 결 관련 하 아서 혼동 스럽 었 던 학생 들 이 많 았 던 것 으로 보이 고 지각 도 가끔 하 시 고 숙제 를 내주 시 는 것 도 좀 애매 하 ㄴ 것 도 있 고 약속 을 지키 시 지 않 는 경우 가 있 지만 그래도 기본적 으로 수업 때 수강 학생 중 제대로 듣 는 학생 은 40 푸 어 정도 이 지만 열심히 수업 하 시 ㅁ,,,,,,,,,,,,,,
잘못 알 고 다른 것 하 아 오 거나 덜 하 아 오 는 경우 가 많 았 음,,,,,,,,,,,,,,
"""명나라 와 청나라 시기 를 다루 는 전공 이 지만 "," 이 번 학기 에 는 명나라 까지 배우 ㅁ""",,,,,,,,,,,,,,
실무 나 취업 관련 이야기 및 상담 도 원하 시 면 다 해주시 니 적극적 으로 수업 에 참여 하고 교수 님 이 질문 하 는 것 을 굉장히 중요 하 게 생각 하 시 니 열심히 하 면 분명 얻 어 가 는 것 이 많 은 수업 이 다,,,,,,,,,,,,,,
직장 을 가지 고 계시 ㄴ 교수 님 이 라 실무 얘기 를 많이 듣 을 수 있 어서 좋 았 고 교수 님 이 인간적 으로 좋 으시 ㅂ니다,,,,,,,,,,,,,,
그만큼 알차 ㄴ 강의 컴 팩트 하 ㄴ 강의,,,,,,,,,,,,,,
열심히 시험 보 고 수업 듣 고 레포트 제출 하 면 하 는 만큼 인정 하 아 주 시 어요,,,,,,,,,,,,,,
 좋 으시 고 점수 도 잘 주 시 어요,,,,,,,,,,,,,,
또한 수업 영상 이 하 ㄴ 강의 에 20 여기 서 설명도 귀 에 쏙쏙 박히 게 하 아 주 시 어서 좋 은 학점 도 챙기 고 공부 하 ㄹ 때 도 도움 이 많이 되 었 던 것 같 습니다,,,,,,,,,,,,,,
좋 았 어요 그저 빛,,,,,,,,,,,,,,
진짜 진짜 좋 은 교수 님 학생 들 생각 을 많이 하 시 는 것 같 다,,,,,,,,,,,,,,
어렵 ㄴ 내용 들 을 최대한 쉽 게 정리 하 아 주 시 어서 좋 았 다,,,,,,,,,,,,,,
퀴즈 는 많 은데 교수 님 이 재미있 고 A + 은 많이 안 주 지만 퍼센트 는 채우 어 주심,,,,,,,,,,,,,,
공부 도 공부 지만 흐름 을 이해 하 아야 하 는 듯 하 다 특히 기말 부분,,,,,,,,,,,,,,
어느 것 으로 하 든 친절 하 게 하 나 하 나 알리 어 주 시 어서 좋 았 음,,,,,,,,,,,,,,
좋 은 강의 이 ㅂ니다,,,,,,,,,,,,,,
"""공학수 학 쉽 지 ㄴ 않 았 지만 "," 학점 잘 주 시 고 시험 문제 유형 도 다 알리 어 주 시 어서 수업 열심히 듣 고 공부 23 일 만 하 면 학점 은 잘 받 으 시 ㄹ 수 있 어요""",,,,,,,,,,,,,,
출 튀 불가 하 며 학생 들 을 좋아하 시 고 많이 생각하 아 주 시 는 교수 님 이 ㅂ니다,,,,,,,,,,,,,,
장 밀 좋 은데 퀴즈 너무 많 다,,,,,,,,,,,,,,
학생 들 을 배려 하 아 주 시 는 모습 이 인상 깊 었 던 수업 이 ㅂ니다,,,,,,,,,,,,,,
수업 도 잘 설명 해주시 고 최고,,,,,,,,,,,,,,
교수 님 도 좋 으시 고 얻 어 가 는 것 도 많 은 수업 이 니 꼭 듣기 를 추천 하 ㅂ니다,,,,,,,,,,,,,,
이 분 킹 갓 이 다 진짜 시험 이 좀 쉽 ㄴ 것 빼 면 노력 하 면 진짜 A 급 은 나오 ㄴ 다 위 에 천상계 몇몇 계시 는 것 같 기 는 한데 쉽 어서 어느 정도 따라가 시 는 듯 하 ㅁ,,,,,,,,,,,,,,
생각 보다 되게 재미있 음,,,,,,,,,,,,,,
그렇 기 에 변별력 이 힘들 ㄴ 데,,,,,,,,,,,,,,
유쾌 하 시 ㄴ 분,,,,,,,,,,,,,,
새로 오 시 ㄴ 교수 님 이 ㄴ데 수업 꼼꼼 하 게 칠판 에 적 어 가 면서 자세히 하 시 ㅁ,,,,,,,,,,,,,,
안 좋 은 점 은 시험 이 기말 1 번 이 어서 집중 하 아서 잘 보 시 어야 하 아요,,,,,,,,,,,,,,
교수 님 악필 이 시 어서 1 점 깍 음,,,,,,,,,,,,,,
또 시험 도 쉽 어서 실수 조금 하 면 점수 잘 알 ㄴ 나오 ㅁ,,,,,,,,,,,,,,
퀴즈 는 3 번 정도 보 는데 수업 내용 항상 조금 씩 복습 하 시 면 무난 하 게 잘 보 시 ㄹ 수 있 다고 생각 되 ㅂ니다,,,,,,,,,,,,,,
결국 잘 나오 려면 시험 을 잘 보 아야 하 는데 꼼꼼 하 게 하나하나 씩 채점 하 시 어서 생각 보다 점수 얻 기 는 힘 들 ㅁ,,,,,,,,,,,,,,
뭐 가 이리 시험 이 많 은지 ...,,,,,,,,,,,,,,
... 온라인 이 라는 상황 을 감안 하 아 자비 를 얻 은 탓 에 좀 밑천 이 덜 까발리 어 지 ㄴ 기분 이 네요,,,,,,,,,,,,,,
괜찮 습니다 저 도 망하 았 으니까요,,,,,,,,,,,,,,
"""행렬 ", 최적화 문제 ," 미분 등등 배우 ㅂ니다""",,,,,,,,,,,,,,
"""포기자 가 많 았 던 만큼 공부 많이 안 하 어 도 학점 은 잘나 오 았 지만 "," 배우 ㄴ 것 이 없 던 강의 이 ㅂ니다""",,,,,,,,,,,,,,
파이 썰 ㄴ 으로 수학 을 공부 하 ㄴ다는 것 부터 가 학생 이 파이 썰 ㄴ 을 잘 다루 ㄹ 줄 알 아야 하 던 말 던 이지 .. 애초 에 자유자재 로 프로그래밍 하 기 도 힘들 ㄴ 데 에 거기 에 수학 을 접목 시키 ㄴ다는 것 이 힘들 ㄴ 강의 이 었 습니다,,,,,,,,,,,,,,
그냥 그렇게 되게 되 어 있 습니다,,,,,,,,,,,,,,
반응 많이 하 어 주 는 것 이 좋 을 듯,,,,,,,,,,,,,,
김혜진 교수 님 은 독일 문화 담당,,,,,,,,,,,,,,
수업 자체 는 재미있 음,,,,,,,,,,,,,,
나름 도움 되 는 내용 도 많 았 고 그냥 노력 과 결과 가 비례 하 는 듣기 좋 은 교양 이 었 다,,,,,,,,,,,,,,
인생 에 대하 어 생각하 아 보 ㄹ 수 있 어서 유익 하 았 다,,,,,,,,,,,,,,
조은애 교수 님 일본 문화 에 대하 어 배우 ㄴ다,,,,,,,,,,,,,,
전 특히 교수 님 이 나 의 주 시 ㄴ 영화 독후감 숙제 가 좋 았 는데 많 은 생각 을 하 ㄹ 수 있 는 기회 가 되 었 어요,,,,,,,,,,,,,,
개인적 으로 가장 교양 다운 수업 이 었 다고 생각 하 ㅂ니다,,,,,,,,,,,,,,
알차 서 전혀 관심 없 던 중국 사회 문화 제대로 배우 ㄹ 수 있 었 습니다,,,,,,,,,,,,,,
많 은 것 을 얻 어 가 는 강의 다,,,,,,,,,,,,,,
다양 하 ㄴ 과 에서 오 는 학생 들 과 대화 를 하 며 사고 의 폭 을 넓히 ㄹ 수 있 다,,,,,,,,,,,,,,
중국 에 대하 어 잘 안 다 싶 으면 학점 따 기 좋 으니 추천,,,,,,,,,,,,,,
"""강의 평 에 정치적 색채 언급 하 는 사람 들 있 는데 ","""",,,,,,,,,,,,,,
중국인 친구 들 도 많이 들 ㄹ 음,,,,,,,,,,,,,,
들 으시 어요 교양 중 에 좋 은 편입 ㅂ니다,,,,,,,,,,,,,,
열심히 듣 는다면 남 는 것 이 많 은 수업 이 ㅂ니다,,,,,,,,,,,,,,
중국 사회 공부 하 는데 진짜 좋 았 고 수업 은 진짜 지루 하고 때려치 고 싶 었 는데 막상 끝나 고 중국 관련 뉴스 보 면 수업 시간 에 배우 었 던 내용 이 잘 떠오르 ㅁ,,,,,,,,,,,,,,
역시 모든 면 에서 깐깐 하 시 었 음,,,,,,,,,,,,,,
 좋 으시 고 그러 시 ㄴ 데 수업 이 깐깐 하고 시험 도 깐깐 하 다,,,,,,,,,,,,,,
"""학생 들 에 대하 ㄴ 애정 과 관심 이 아주 높 으시 어서 강의 준비 는 잘 하 아 오심 "," 사실 빡 세 ㄴ 과목 이 었 는데 하 는 만큼 받 아 가 는 얻 어 가 는 뜻 깊 은 수업 이 었 음""",,,,,,,,,,,,,,
실무 를 접하 아 보 고 싶 다면 추천 하고 수험 목적 에 적합 하 ㄴ 이론 강의 를 원하 ㄴ다면 그렇게 추천 하 지 는 않 습니다,,,,,,,,,,,,,,
상담 에 대하 어 관심 이 있 었 지만 그럼 에 도 지루 함 이 남 는 수업 이 길 ㄴ 하 ㅁ,,,,,,,,,,,,,,
심리학 이나 상담학 에 흥미 가 있 다면 좋 은 수업 이나 ... 관심 1 도 없 다면 아주 지루 하 ㄴ 수업 ..,,,,,,,,,,,,,,
이 수업 에서 가장 좋 았 던 부분 은 숙제 이 다,,,,,,,,,,,,,,
책보 다는 교수 님 수업 을 잘 따라가 는 것 이 중요 하 아서 결석 하 면 꽤 나 타격 이 있 을 것 같 네요,,,,,,,,,,,,,,
졸리 ㄴ 스타일 이 시기 는 하지만 수업 만 열심히 들 어도 수업 하 ㄴ 내용 에서 시험 다 나오 아서 점수 만족 하 ㄹ 수 있 었 어요,,,,,,,,,,,,,,
필기 와 수업 도 내용 이 좋 으니 잘 챙기 어 가 시 어요,,,,,,,,,,,,,,
김윤기 교수 님 수업 은 필기 많 은 것 빼 면 이론 수업 나쁘 지 않 습니다,,,,,,,,,,,,,,
열정 이 넘치 시 는 교수 님 이 시 고 수업 질 도 엄청 좋 습니다,,,,,,,,,,,,,,
근데 그렇게 혼자 이해 하고 나 면 교수 님 수업 개 잘 하 ㄴ다고 느끼 어 짐 나 의 지식 의 부족 이 었 던 것 이 ㄴ가 ...,,,,,,,,,,,,,,
"""이론 중간 "," 기말 그리고 실험 시험 까지 총 3 번 의 시험 을 봄""",,,,,,,,,,,,,,
교수 님 의 강의 력 이 좋 지만 시험 문제 오류 가 굉장히 많 음,,,,,,,,,,,,,,
교수 님 강의 에서 말씀 하 시 ㄴ 대로 최대한 학점 잘 주 시 려고 하 ㄴ 것 같 아요,,,,,,,,,,,,,,
강의 자체 는 자세 하 아서 좋 음,,,,,,,,,,,,,,
왜냐면 강의 가 아주 스파르타 라 강의 중반 즈음 되 면 나가 떨어지 는 애 들 많 음,,,,,,,,,,,,,,
근데 목소리 가 작고 뒤 에 앉 으면 하나 도 안보 임 설명도 그닥,,,,,,,,,,,,,,
.. 실질적 으로 는 실험 에서 배우 ㄴ 것 이 없 다고 느끼 ㄹ 정도 이 었 습니다,,,,,,,,,,,,,,
치도 라도 진짜 조교 가 힘들 게 하 아요,,,,,,,,,,,,,,
그러나 재미있 게 잘 하 시 고 성격 좋 으시 ㅁ,,,,,,,,,,,,,,
수업 시간 에 발표 많이 하 아야지 점수 가 좋 게 나오 기 는 하 는 데,,,,,,,,,,,,,,
회화 에 상당히 도움 이 되 ㅁ,,,,,,,,,,,,,,
수업 이 지루 하 지 않 고 재미있 음,,,,,,,,,,,,,,
오히려 한국 교수 님 이 라 더 친근 하 ㄴ 느낌,,,,,,,,,,,,,,
무조건 + 로 채우 어 주 시 는 것 같 아요,,,,,,,,,,,,,,
하 라는 대로 잘 하 면 점수 는 무난 하 게 받 을 수 있 을 것 같 아요,,,,,,,,,,,,,,
영어 에 대하 ㄴ 열정 과 흥미 를 다시금 깨우 어 주 는 유익 하 ㄴ 강의 이 었 습니다,,,,,,,,,,,,,,
다른 강의 평 에 올라오 ㄴ 의견 들 에 매우 공감 하고 재미있 게 들 었 던 강의 여서 이제 서 야 강의 평 을 올리 ㅂ니다,,,,,,,,,,,,,,
"""영어 실력 과 상관없이 자신감 있 게 수업 참여 하 면 되 고 "," 스피 킹 실력 향상 에 굉장히 도움 많이 되 ㅁ""",,,,,,,,,,,,,,
말 을 많이 하 아야 하 ㄴ다는 것 이 초반 에 ㄴ 부담 스럽 ㄹ 수 있 지 말 ㄴ 교수 님 믿 고 따라가 면 반드시 도움 이 되 ㄹ 듯,,,,,,,,,,,,,,
수업 방식 도 마음 에 들 고 교수 님 도 학생 들 과 대화 많이 해주시 는 수업,,,,,,,,,,,,,,
인사 많이 하 면 좋 은 점수 줌,,,,,,,,,,,,,,
전반적 으로 대화 위주 이나 라이팅 시험 도 있 어요,,,,,,,,,,,,,,
수업 도 열심히 준비 하 아 오심 그만큼 휴강 도 한 번 도 안 하긴 하 ㅁ,,,,,,,,,,,,,,
.. 멍하 아 지 어요,,,,,,,,,,,,,,
근데 어렵 ㄴ 만큼 또 유익 하고 깊 게 생각 하 는 계기 가 되 어서 저 는 좋 았 어요,,,,,,,,,,,,,,
그래도 수업 은 재미있 게 진행 하 시 고 적극적 으로 참여 하 시 면 배우 어 가 ㄹ 것 도 많 고 생각 도 많이 하 게 되 는 수업 이 에요,,,,,,,,,,,,,,
진짜 소통 하 실리 어 고 노력 하 시 고 좋 습니다,,,,,,,,,,,,,,
중간 기말 을 빼 면 좋 은 수업 이 ㄴ 것 같 다,,,,,,,,,,,,,,
서로 소통 많이 하 면 더 좋 은 것 같 고요,,,,,,,,,,,,,,
교수 님 이 굉장히 유머러스하 고 학생 들 과 적극적 으로 소통 하고 재미있 는 활동 이 많 아서 진짜 재미있 습니다,,,,,,,,,,,,,,
그 시간 동안 얻 어 가 는 것 이 많 아 좋 은 수업 이 라고 생각 하 았 습니다,,,,,,,,,,,,,,
그래도 집 에서 배우 ㄴ 대로 준비 하 아 가 면 저 처럼 점수 가 잘 나 오 ㅂ니다,,,,,,,,,,,,,,
한국 미세먼지 가 많 아서 떠나 ㄴ다는 소문 이 ...,,,,,,,,,,,,,,
수업 에서 최대한 재미있 게 실속 있 는 내용 을 챙기 ㄹ 수 있 게 하 려고 노력 하 시 ㄴ다,,,,,,,,,,,,,,
숙제 다른 교수 님 들 보다 ㄴ 많 고 학점 글쎄,,,,,,,,,,,,,,
영어 에 흥미 도 많이 생기 고 재밌 엇 음,,,,,,,,,,,,,,
시험 이 많 아서 신경 쓰이 기 는 하 는데 수업 말 ㄴ 제대로 들 으면 잘 보 ㄹ 수 있 어요,,,,,,,,,,,,,,
보 니 조원 들 에게 도움 받 을 수 있 어서 좋 았 어요,,,,,,,,,,,,,,
하 ㄹ 일 많 음,,,,,,,,,,,,,,
회화 실력 도 좀 는 것 같 고 드랍  생각 안 하 시 었 음,,,,,,,,,,,,,,
... 교수 님 도 되게 유쾌 하 시 고 수업 도 재미있 음,,,,,,,,,,,,,,
교수 님 이 엄청 열정적 이 시 고 재미있 게 수업 하 시 려고 노력 을 하 시 어요,,,,,,,,,,,,,,
대신 에 한국 문화 를 잘 알 시 는 만큼 말 은 잘 통하 ㅁ,,,,,,,,,,,,,,
토론 수업 많 아요,,,,,,,,,,,,,,
국제법 이 라는 분야 를 처음 으로 체계화 시키 는 느낌 의 수업 아직 까지 만들 어 지 어 가 는 과정 에 있 기 때문 에 정치 외교적 이 ㄴ 느낌 으로 서서히 흘러가 는 국제법 을 듣 다,,,,,,,,,,,,,,
참고 로 나 는 A 0 이 ㅁ,,,,,,,,,,,,,,
수업 도 잘 하 시 고 인 강 으로 이해 를 쉽 게 해주시 는데 학점 에 대하 아서 는 매우 깐깐 하 십 니 다 배우 ㄹ 점 은 많 으니 빡 세 게 공부 하 시 ㄹ 분 추천 드리 어요,,,,,,,,,,,,,,
최현희 교수 님 한테 배우 ㄹ 때 좀 이 하 아 많이 안 가 ㄹ 수 있 어,,,,,,,,,,,,,,
그만큼 배우 어 가 는 것 이 많 다,,,,,,,,,,,,,,
"""미시 "," 거시 경제 잘 하 는 사람 들 이 면 수업 수월 하 ㅁ""",,,,,,,,,,,,,,
마지막 으로 과목 명 은 국제통 상 정책 로 는 이 기 ㄴ 한데 .. 실질적 으로 는 무슨 정책 을 배우 는 것 이 아니 고 교수 님 이 만들 어 내 ㄴ 경험 경제학 이 라는 새롭 ㄴ 학문 을 배우 ㅂ니다,,,,,,,,,,,,,,
일단 프 으으으 리 이이 이이 덤,,,,,,,,,,,,,,
조숙 제 하나 이 ㄴ데 논문 많이 계속 뒤 적 뒤적거리 어 서 정리 하 는 것 이 지 만 힘 듭 니 다 저 는 수업 하 다,,,,,,,,,,,,,,
퀴즈 있 으니까 대충 내용 이 라도 알 고 가 시 어요,,,,,,,,,,,,,,
이론 을 잘 알 면 응용 도 쉽 게 하 ㄹ 수 있 을 것 이 ㅁ,,,,,,,,,,,,,,
이번 학기 가장 빡 쎘 던 수업 중 하나,,,,,,,,,,,,,,
학기 중 힘들 수도 있 으니 각오 하고 듣기 를 추천,,,,,,,,,,,,,,
배명진 교수 는 는 강의 평가 가 우수 하 ㄴ 교수 이 므로 강의 를 잘 하 ㄴ 다 X,,,,,,,,,,,,,,
배우 ㄹ 마음 이 있 어서 배우 면 매우 재미있 는 과목,,,,,,,,,,,,,,
쉽 게 쉽 게 배우 고 시험 보 고 싶 으면 듣 지 말기 를,,,,,,,,,,,,,,
철학 에 관심 이 있 다면 좋 고 없 어도 부담 이 별로 없 는 과목,,,,,,,,,,,,,,
로봇 같 기 도 하 ㅁ,,,,,,,,,,,,,,
' 를 많이 시전 하 ㅁ,,,,,,,,,,,,,,
을 얻 거나 외부 의 도움 이 없 으면 수단 을 마련 하 아야 하 ㅁ,,,,,,,,,,,,,,
대학교 들어오 아서 들 었 던 교양과목 중 에서 제일 만족도 가 높 은 교양 이 이 었 습니다,,,,,,,,,,,,,,
강의 의 단점 은 첫 번 째 는 교수 님 의 교안 이 따로 없 고 오직 설명 으로 진행 되 는 수업 이 기에 필기 를 놓치 는 부분 에 대하 아서 는 만회 하 기 어렵 다는 점 이 고 두 번 째 는 고 득점자 가 상당히 많 은 편입 ㅂ니다,,,,,,,,,,,,,,
그래도 교양 다운 교 앙이 에 요,,,,,,,,,,,,,,
그래서 교수 님 이 학생 들 세 배 네 배 로 수업 준비 를 꼼꼼히 하 아 주 시 ㄴ다고 느끼 었 어요,,,,,,,,,,,,,,
"""교수 님 께서 즉석 에서 발표 보충 하 아 수업 진행 하 시 는 만큼 지식 이 풍부 하 시 고 "," 얻 어 가 는 것 이 많 은 수업 이 ㅂ니다""",,,,,,,,,,,,,,
매우 유익 하 ㄴ 수업 이 었 고 예술 에 관심 있 다면 들 어 보 ㄹ 만 하 ㄴ 수업 이 ㅂ니다,,,,,,,,,,,,,,
김유정 교수 님 은 강의 를 잘하 시 고 조용 조용 하 ㄴ 스타일 이 시 ㅂ니다,,,,,,,,,,,,,,
수업 시간 에 하 ㄴ 것 랑 숙제 만 동작 과정 확실히 이해 하고 코드 외우 면 점수 잘 받 아요,,,,,,,,,,,,,,
그리고 강의 내용적 이 ㄴ 측면 에서 도 알 아 두 면 좋 을 상식 위주 로 잘 알리 어 주 시 ㅂ니다,,,,,,,,,,,,,,
전반적 으로 만족 하 ㅂ니다,,,,,,,,,,,,,,
첫 수업 이 라 그러 시 ㄴ지 모르 아도 좀 부족 하 ㄴ 점 이 많 으시 ㅁ,,,,,,,,,,,,,,
과목 은 기계공학 도 에게 중요 하 ㄴ 과목 이나 강의 를 들 어 수학 하 는 것 은 힘들 것 으로 예상 .. 혼자 고뇌 하고 문제 를 풀 어 보 아야 많 은 도움 이 되 는 듯,,,,,,,,,,,,,,
라인 잡기 에 도 많 은 도움 이 되 ㅁ,,,,,,,,,,,,,,
개인적 으로 교수 님 과 학생 둘 다 에게 힘들 ㄴ 수업 이 었 기에 노고 에 박수 를 보내 고 싶 음,,,,,,,,,,,,,,
얻 어 가 는 것 이 많 았 던 강의 이 었 습니다,,,,,,,,,,,,,,
마지막 으로 교수 님 이 참 멋지 ㄴ 분 이 시 어요,,,,,,,,,,,,,,
"""오히려 시험 에서 깎이 는 것 이 많 으니 꼼꼼히 "," 자세히 공부 하고 작성 하 시 어야 하 ㄹ 것 에 요""",,,,,,,,,,,,,,
직간접 경험 이 많 을수록 더 재미있 고 유익 하 게 들리 는 수업 수업 시간 에 교수 님 이 강조 하 시 ㄴ 부분 만 열심히 들 어도 절대 시험 에서 난감 하 ㄹ 일 없 다,,,,,,,,,,,,,,
생각 보다 빡 시 어요,,,,,,,,,,,,,,
저 가 낭만 을 가지 고 있 었 던 대 교 의 교양 수업 의 모습 과 굉장히 일치 하 았 습니다,,,,,,,,,,,,,,
대학 강의 답 은 강의 이 었 다고 생각하 아 요,,,,,,,,,,,,,,
이것 듣 고 도 페미니즘 이 불편 하 다면 자기 가 성 차별 주의 자 이 라는 것 을 인정 하고 숨기 기 위하 아 노력 하 아야 되 ㄹ 것 ..,,,,,,,,,,,,,,
저 가 듣 어 보 ㄴ 모든 수업 중 에 가장 만족 하 는 수업 이 ㅂ니다,,,,,,,,,,,,,,
진짜 교수 님 도 잚  교수 님 이 라서 좋 고 수업 내용 이 탄탄 하고 풍부 하 ㅁ,,,,,,,,,,,,,,
여성학 원래 공부 하 았었 어서 쉽 깄 지 라는 생각 으로 듣 었 는데 생각 보다 기본 과 생각하 아 보 ㄹ 만 하 ㄴ 고민거리 를 많이 얻 을 수 있 어서 좋 았 음,,,,,,,,,,,,,,
김소라 교수 님 짱,,,,,,,,,,,,,,
페미니즘 에 대하 어 제대로 배우 ㄹ 수 있 어서 행복 하 았 다,,,,,,,,,,,,,,
여성학 이 여성 쪽 에서 출발 하 ㄴ 거라 남성 입장 에서 몇몇 이해 안 가 는 것 이 있 기 ㄴ 하 았 음,,,,,,,,,,,,,,
배우 면서 여성학 대하 어 여러모로 알 게 되 기 ㄴ 하 ㄴ다,,,,,,,,,,,,,,
관심 있 다면 한 번 쯤 은 듣 어 보 아도 괜찮 은 수업,,,,,,,,,,,,,,
"""여성학 대하 어 자세히 배우 ㄹ 수 있 고 "," 전문가 한테 배우 ㄴ다고 생각 하 니 신뢰감 도 생기 고 좋 았 음""",,,,,,,,,,,,,,
그래도 교수 님 께서 열심히 설명 하 아 주 시 어서 듣 는 것 이 이득,,,,,,,,,,,,,,
우리 의 일상 과 관련 되 ㄴ 내용 이 라 흥미 있 게 들 었 습니다,,,,,,,,,,,,,,
수업 내용 에 대하 아서 는 전반적 으로 만족 하 ㅁ,,,,,,,,,,,,,,
저 는 강미연 교수 님 의 수업 을 들 었 습니다,,,,,,,,,,,,,,
개인적 으로 유익 하 ㄴ 수업,,,,,,,,,,,,,,
여성학 ... 개인적 으로 재미없 었 던 과목 중 하나 지 ....,,,,,,,,,,,,,,
세상 을 바라보 는 시각 이 달라지 고 많 는 내용 들 을 배우 ㄴ 것 같 아서 매우 만족 하 ㅂ니다,,,,,,,,,,,,,,
저 는 유익 하 았 어요,,,,,,,,,,,,,,
자신 의 얘기 들 도 꿀잼 ... 대학 에서 모든 수업 이 이리하 았 다면 힘들 었 겠 지만 학문 을 배우 는 느낌 이 ㅂ니다,,,,,,,,,,,,,,
그럼 에 도 출 결 이나 시험 점수 확실 하 게 책정 하 시 고 합리적 이 ㄴ 수업 이 ㅂ니다,,,,,,,,,,,,,,
그냥 듣기 만 하 어 도 교양 지식 이 쑥쑥 올라가 는 느낌,,,,,,,,,,,,,,
수업 재미있 는 편 이 ㅁ,,,,,,,,,,,,,,
학습 을 통하 아 지식 이 쌓이 ㄴ다는 느낌 보다 는 IT 에 대하 ㄴ 배경지식 을 쌓 는 느낌 이 었 어요,,,,,,,,,,,,,,
라는 경험 을 통하 ㄴ 배우 ㅁ,,,,,,,,,,,,,,
그리고 되게 깐깐 하 시 다,,,,,,,,,,,,,,
시험 은 강의 자료 열심히 외우 어 가 면 좋 은 점수 받 을 것 이 ㅂ니다,,,,,,,,,,,,,,
진짜 딱 노력 하 ㄴ 만큼 나오 ㄴ다,,,,,,,,,,,,,,
"""하지만 공부 를 열심히 하 는 학생 이 면 추천 "," 공부 하 ㄴ 만큼 성적 이 나오 ㅁ""",,,,,,,,,,,,,,
아무것 도 안 하 았 는데 A 나오 ㅁ,,,,,,,,,,,,,,
교수 님 이 젊 고 학생 들 을 많이 챙겨주 시 어서 위트 도 있 고 여러모로 이해 해주시 는 부분 이 많 았 다,,,,,,,,,,,,,,
진짜 교양 답 은 교양 이 고 많 은 생각 을 하 게 하 고 자신 의 신념 이 라고 하 는 것 이 생기 는 수업 이 ㅂ니다,,,,,,,,,,,,,,
발표 많이 하 면 좋 음,,,,,,,,,,,,,,
배우 ㄴ 사람 은 다르 구나 라는 생각 을 매수 업 마다 하 았 습니다,,,,,,,,,,,,,,
"""하지만 진지 하 게 들 으면 유익 하고 "," 많이 배우 어 가 ㄹ 수 있 을 거라고 생각 하 ㅂ니다""",,,,,,,,,,,,,,
숙제 횟수 가 좀 많 지만 배우 ㄹ 것 이 많 은 수업 이 라고 생각 하 ㅂ니다,,,,,,,,,,,,,,
가끔 헛소리 하 는 발언 도 예쁘 게 포장 하 아서 정리 하 아 주 시 ㅁ,,,,,,,,,,,,,,
"""자신 의 의견 을 주장 하 는 능력 "," 토론 능력 등 이 실제 적 으로 향상 되 었 음""",,,,,,,,,,,,,,
배우 ㄹ 것 이 많 고 재미있 는 수업 이 었 어요,,,,,,,,,,,,,,
수업 은 토론 과 글쓰기 위주 로 진행 되 어요,,,,,,,,,,,,,,
교수 님 께서 철학적 이 ㄴ 이야기 도 많이 하 아 주 시 었 는데 얻 어 가 ㄹ 것 이 많 아요,,,,,,,,,,,,,,
토론 은 되게 막막 하고 어렵 었 지만 이 수업 으로 토론 에 대하 ㄴ 많 은 것 을 얻 어 가 는 것 같 습니다,,,,,,,,,,,,,,
실전 토론 만 열심히 하 면 되 ㅁ,,,,,,,,,,,,,,
토론 에 전혀 일가견 이 없 었 는데 이번 수업 으로 토론 에 자신감 이 붙 은 느낌 을 받 았 습니다,,,,,,,,,,,,,,
진짜 갓 영식 교수 님 .. 저 가 생각하 ㄴ 이상적 이 ㄴ 대학 강의 이 에요,,,,,,,,,,,,,,
숙제 없 고 토론 많 은 것 은 좋 음,,,,,,,,,,,,,,
시키 는 것 도 많 지만 자기 하 는 것 에 따르 아 남 는 것 이 많 다고 생각 하 구요,,,,,,,,,,,,,,
을 느끼 ㄴ다 나 가 학교 에 내 는 등록금 이 이런 수업 을 많이 만들 라고 하 는 것 같 다,,,,,,,,,,,,,,
수업 에 도움 이 되 는 역할 을 맡 아 하 어 도 점수 가 깐깐 하 ㅁ,,,,,,,,,,,,,,
그래도 다른 전공 수업 에 비하 아 빡 세 ㄴ 편 은 아니 었 다,,,,,,,,,,,,,,
수업 하 는데 자꾸 자 기 와이프 얘기 하 ㅁ,,,,,,,,,,,,,,
재수강 생 이 ㄴ데 살짝 당황 하 았 습니다,,,,,,,,,,,,,,
각 단원 끝 날 때 마다 문제 풀이 하 아 주 시 어서 시험 준비 하 는데 도움 되 어요,,,,,,,,,,,,,,
열심히 만 하 면 A + 나오 ㅁ,,,,,,,,,,,,,,
얻 어 가 는 것 이 많 은 강의 이 ㅂ니다,,,,,,,,,,,,,,
1 학년 과목 이 라 그렇 ㄴ지 수업 분위기 는 개판,,,,,,,,,,,,,,
교수 님 도 좋 으시 ㄴ 분 이 시 었 고 시험 도 오픈 북 에 다 숙제 로 내주 셨 던 것 만 잘 하 고 시험 전 에 짚 어 주 시 ㄴ 것 말 ㄴ 하 면 되 어서 편하 았 어요,,,,,,,,,,,,,,
강의 는 지루 하고 횡설수설 하 ㅁ,,,,,,,,,,,,,,
학생 들 지루 하 ㄹ까 보 아 영상 도 많이 보여주 시 고 재미있 는 이야기 도 하 아 주 시 려고 많이 노력 하 시 ㅂ니다,,,,,,,,,,,,,,
의식 의 흐름 으로 강의 가 흘러가 ㅁ,,,,,,,,,,,,,,
여러 가지 면 에서 배우 ㄹ 것 이 참 많 습니다,,,,,,,,,,,,,,
학생 을 위하 ㄴ 교수 님 이 라는 표현 이 딱 맞 는 것 같 음,,,,,,,,,,,,,,
"""다른 교수 님 들 은 본인 연구 ", 일정 을 핑계 로 강의 주차 도 밀리 고 하 시 는데 ," 원 국 교수 님 은 매주 시작 되 기 저 는 일요일 에 하 아 당 주차 강의 다 올리 어 주 시 ㅂ니다""",,,,,,,,,,,,,,
건 질 게 많 은 강의 파이 썰 ㄴ 으로 숙제 를 하 니 아주 좋 음,,,,,,,,,,,,,,
근데 남 는 것 은 없 다,,,,,,,,,,,,,,
직전 학기 에 신시 듣 고 오 면 매우 매우 도움 많이 되 ㅁ,,,,,,,,,,,,,,
절 평이 라 그런 가 다 들 그래도 꽤 잘 주 시 ㄴ 것 같 다,,,,,,,,,,,,,,
시험 은 숙제 대체 하 았 어요,,,,,,,,,,,,,,
논리적 으로 자기 생각 표현 하 는 방법 을 충분히 배우 ㄹ 수 있 다,,,,,,,,,,,,,,
숙제 랑 발표 힘들 다는 말 도 많 은데 나 는 개인적 으로 글 쓰 는 것 은 좀 힘들 었 지만 발표 하 는 것 은 제대로 많이 연습 하 아 보 ㄹ 수 있 어서 좋 았 음,,,,,,,,,,,,,,
사실 2 주 에 한 번 씩 글 쓰 면서 교수 님 이 원하 는 자료 많이 찾아보 고 책 에서 인용 하고 이런 것 진짜 힘들 ㅂ니다,,,,,,,,,,,,,,
스피치 와 관련 되 ㄴ 내용 보다 는 글쓰기 에 대하 어 알 아 가 는 것 이 더 많 은 것 같 음,,,,,,,,,,,,,,
차라리 글쓰기 수업 에 더 가깝 다고 생각 하 ㅁ,,,,,,,,,,,,,,
강의 에 애정 을 갖 고 다듬 으면 매력 있 는 수업 이 되 ㄹ 거라고 생각 하 ㅁ,,,,,,,,,,,,,,
교수 님 도 좋 으시 고 평소 에 ㄴ 시크 하 시 다가 가끔 웃 으시 ㄹ 때가 매력 이 신 것 같 네요,,,,,,,,,,,,,,
매 수업 시간 마다 교수 님 께서 글쓰기 에 있 어서 중요 하 ㄴ 내용 을 말씀 하 시 ㅂ니다,,,,,,,,,,,,,,
강의 력 은 숭실대 원탑 이 시 어서 수업 이 굉장히 재미있 습니다,,,,,,,,,,,,,,
중간 와 기말 는 중간 숙제 와 기말 숙제 로 대체 되 ㅂ니다,,,,,,,,,,,,,,
교수 님 이 하 라는 것 신경 쓰 어서 열심히 하 고 적극적 으로 수업 참여 하 시 ㄴ다면 얻 어 가 는 것 도 많 고 공부 하 는 것 없이 학점 도 쉽 게 받 을 수 있 습니다,,,,,,,,,,,,,,
마음 이 엄청 강하 시 ㄴ 분 은 아니 에요,,,,,,,,,,,,,,
성적 도 안 주 고 맨날 지각 하고 숙제 나 퀴즈 는 겁나 많 고,,,,,,,,,,,,,,
도움 이 많이 되 었 던 과목,,,,,,,,,,,,,,
가끔 농담 도 하 는데 진짜 재미없 고 하 ......,,,,,,,,,,,,,,
이번 학기 가 절대평가 라 그렇 ㄹ 수 도 있 지만요,,,,,,,,,,,,,,
일단 다른 선 택지 가 있 다면 도망가 시 어요,,,,,,,,,,,,,,
들 었 던 강의 중 제일 최악 이 었 음,,,,,,,,,,,,,,
이번 학기 가 온라인 이 어서 특수 하 ㄴ 상황 이 길 ㄴ 하 았 지만 그런 것 을 감안 하 더라도 최악 이 ㄴ 강의,,,,,,,,,,,,,,
필기 를 하 는 것 이 숙제 점수 를 받 는데 도움 이 되 는 것 같 다,,,,,,,,,,,,,,
피드백 을 하 시 는 모습 이 인상 깊 었 음,,,,,,,,,,,,,,
"""전반적 으로 문제 가 많 은데 "," 몇 가 지 꼽 자면 수업 흐름 이 중구난방 이 ㅂ니다""",,,,,,,,,,,,,,
경제학 도로 서 선수 되 어야 하 ㄹ 강의 이 ㅁ,,,,,,,,,,,,,,
강의 자체 는 괜찮 았 어요,,,,,,,,,,,,,,
두려움 갖 지 말 고 새롭 ㄴ 지식 배우 ㄴ 단 생각 으로 열심히 하 면 잘나 오 ㅁ,,,,,,,,,,,,,,
우리 학교 와 학우 를 위하 아 강의 평 남 깁 ㅂ니다,,,,,,,,,,,,,,
그렇 다고 수업 내용 적인 측면 에서 는 형편없 는 것 은 아니 라 나름 만족,,,,,,,,,,,,,,
초빙교수 라 그렇 ㄴ지 자기 일 이 더 중요 하 아 보이 ㅁ,,,,,,,,,,,,,,
개인적 으로 최고 의 강의 이 었 다고 생각 하 ㅂ니다,,,,,,,,,,,,,,
온라인 수업 이였 음,,,,,,,,,,,,,,
교수 님 이 엘지  전무 까지 하 시 다,,,,,,,,,,,,,,
키워드 이용 하 아서 서술 형 으로 쓰 는 방식 으로 공부 하 면 도움 많이 됩니 ,,,,,,,,,,,,,,
이 수업 에서 디스플레이 에 대하 ㄴ 전반적 이 ㄴ 이해 를 얻 어 가 ㄹ 수 있 다,,,,,,,,,,,,,,
수업 초반 에 듣 다가 많이 화나 았 습니다,,,,,,,,,,,,,,
수업 듣 고 시험 보 는 내내 좆 같 다는 생각 뿐 이 었 는데 점수 생각 보다 잘 나오 아서 3 점,,,,,,,,,,,,,,
관심 이 있 다면 흥미 로 울 ㄴ 주제 이 ㅂ니다,,,,,,,,,,,,,,
수업 외적 으로 썰 풀 어 주 시 는 것 도 재미있 어요,,,,,,,,,,,,,,
나쁘 지 않 음,,,,,,,,,,,,,,
그래도 전반적 으로 괜찮 았 다,,,,,,,,,,,,,,
철학 과 신입 생 수업 으로 는 탁월 하 ㄴ 수업 동양철학 입문 느낌,,,,,,,,,,,,,,
수업 에 대하 어 말 하 자면 이번 학기 에 는 교수 님 께서 수업 을 다른 방향 으로 하 시 었 습니다,,,,,,,,,,,,,,
"""교수 님 께서 많이 배려 하 아 주 시 어서 2 ", 3 번 째 는 레포트 로 대체 하 았 고 ," 시험 내용 은 중용 구절 의 음""",,,,,,,,,,,,,,
교수 님 께서 현장 경험 이 많 으시 어서 이론 을 배우 며 경험담 을 듣 을 수 있 어 좋 았 습니다,,,,,,,,,,,,,,
온라인 이 지만 매주 늦 지 않 게 수업 을 잘 올리 어 주 시 었 고 내용 설명도 충분히 하 아 주 시 었 다,,,,,,,,,,,,,,
수업 때 경제 에 관하 ㄴ 이야기 를 많이 하 시 는 편 이 다,,,,,,,,,,,,,,
교수 님 이 학생 들 생각 을 많이 하 시 어서 이것저것 많이 보여주 시 ㅂ니다,,,,,,,,,,,,,,
핸드폰 겁나 많이 하 고 출 튀 도 많이 하 ㅁ,,,,,,,,,,,,,,
"""전기 기사 나 공사 기사 의 설비 기준 에 도움 이 되 ㄹ 거라 생각 하고 ", 숙제 는 전기 관련 박람회 참여 하 아 감상문 쓰 는 것 하나 있 었 고 ," 시험 은 중간 과 기말 두 번 이 었 으며 시험 난이도 는 이 하 아 그런 것 없이 외우 면 되 는 강의 기 에 전혀 어렵 지 ㄴ 않 습니다""",,,,,,,,,,,,,,
그 느낌 남 .... 그렇 다고 알 ㄴ 하 ㄹ 수 도 없 고,,,,,,,,,,,,,,
숙제 가 많 기 는 하지만 자 ㄹ 따르 아 만 가 면 학점 잘 주 시 ㅂ니다,,,,,,,,,,,,,,
시험 도 없 으니 참여 를 좀 적극적 으로 하 면 굉장히 도움 이 되 ㄴ다,,,,,,,,,,,,,,
A + 이 라 용서 가 되 ㅂ니다,,,,,,,,,,,,,,
대학 에 오 아서 배우 ㄴ다는 것 이 어떤 것 이 ㄴ지 를 느끼 ㄹ 수 있 게 되 ㅁ,,,,,,,,,,,,,,
"""예시 를 들어주 시 는데 "," 그것 이 재미있 고 와 닿 아서 비전 공자 들 도 한 번 쯤 정책 에 대하 어 느끼 어 보 고 싶 을 때 들 으면 좋 을 것 같 음""",,,,,,,,,,,,,,
나 가 공부 에 관심 이 있 었 다면 상당히 유익 하 ㄴ 강의,,,,,,,,,,,,,,
진짜 힘들 ㄴ 수업 이 었 음,,,,,,,,,,,,,,
발표 하 면 교수 가 질문 을 더 많이 하 는데 생각 지 도 못하 ㄴ 질문 을 하 ㅁ,,,,,,,,,,,,,,
그러나 다른 강의 평 에 장점 이 많이 언급 되 어 있 기 때문 에 안 좋 았 던 점 을 언급 하 도록 하 겠 음,,,,,,,,,,,,,,
강의 게시판 에 질문 올리 면 답변 하 아 주 시 ㄴ다고 하 았 지만 오류 에 대하 어 답변 을 안 하 아 주 시 ㄴ 부분 도 많 았 기 때문 에 논란 이 되 었 음,,,,,,,,,,,,,,
""""," 쉽 게 가 고 싶 다""",,,,,,,,,,,,,,
숙제 가 배우 ㄴ 데 보다 하 ㄴ 박자 씩 빠르 니 조금 힘들 수 있 으나 인터넷 말 ㄴ 뒤지 어 보 아도 공부 하 기 쉽 ㅁ,,,,,,,,,,,,,,
강의 스타일 은 현대 OS 에 대하 아서 강의 하 는 식 이 라 교재 에서 산 으로 가 ㄹ 때가 많 았 는데 오히려 이런 점 이 유익 하 았 다,,,,,,,,,,,,,,
"""조준희 교수 님 "," 지금 도 옳 고 그때 도 옳다 ......""",,,,,,,,,,,,,,
장마 다 연습 문제 를 풀 고 제출 하 는 것 이 거의 거의 매주 있 어 귀찮 지만 공부 하 는데 도움 이 되 어 시험 기간 에 다른 과목 에 비하 아 시간 을 더 투자 하 지 않 아도 좋 았 고 많이 배우 었 던 수업 숙제 도 정밀 채점 에 수업 참여 도 등 정확 하 게 하 시 니 시험 뿐 만 아니 라 다른 것 에 도 집중 필요 하 아요,,,,,,,,,,,,,,
강의 내용 자체 는 좋 았 지만 개인적 으로 교수 님 의 전달력 이 별로 이 ㅁ,,,,,,,,,,,,,,
수업 설명 은 반복 하 아서 여러 번 들 으면 이해 하 기 쉽 습니다,,,,,,,,,,,,,,
교수 님 말 이 빨 르셔 서 어 온라인 강의 여서 다행 이 었 음,,,,,,,,,,,,,,
피드백 이 라던가 이런 부분 들 이 다소 부족 하 았 음,,,,,,,,,,,,,,
운영체제 아주 쉽 ㄴ 세가 지 이야기 라는 책 을 바탕 으로 요약 하 ㄴ 것 이 다,,,,,,,,,,,,,,
솔까 스시 소 교수 님 들 중 에서 는 제일 남,,,,,,,,,,,,,,
김강희 교수 님 싫어하 는 학생 들 도 많 은데 저 는 괜찮 았 습니다,,,,,,,,,,,,,,
등록금 아깝 습니다,,,,,,,,,,,,,,
스마트 학과 강의 중 제일 것 질 것 이 많 은 강의,,,,,,,,,,,,,,
운영체제 실습 이 라기 보다 는 시스템 프로그래밍 실습 에 더 가깝 ㄴ 느낌,,,,,,,,,,,,,,
예제 들 이 좋 고 강의 도 잘 하 시 어서 전반적 으로 도움 이 되 ㅁ,,,,,,,,,,,,,,
.. 다만 학생 을 배려 하 시 는 마음 이 좀 많이 부족 하 ㅂ니다,,,,,,,,,,,,,,
라고 생각 하 시 고 끙끙거리 다가 제출 하 는 일 없 으셨 으면 하 ㅂ니다 ... 그래도 이은지 교수 님 이론 수업 은 좋 아요,,,,,,,,,,,,,,
"""재무관리 "," 투자 론 의 내용 을 엑셀 로 응용 하 는 강의""",,,,,,,,,,,,,,
재무관리 잘 알 고 발표 두려워하 는 학생 에게 딱 좋 은 강의 다,,,,,,,,,,,,,,
3 학년 학문 의 깊이 보다 는 실질적 이 고 실용적 이 ㄴ 내용 이 대부분,,,,,,,,,,,,,,
전반적 이 ㄴ 강의 내용 교수 님 이 평소 에 주식 에 진짜 진짜 관심 이 많 으시 어요,,,,,,,,,,,,,,
이런 의미 가 아니 라 상대방 을 배려 하고 이해 하 는 화법,,,,,,,,,,,,,,
보 니 앞 쪽 에 앉 아서 교수 님 과 눈 을 많이 마주치 는 것 이 중요 하 ㄴ 것 같 습니다,,,,,,,,,,,,,,
일단 강의 내용 자체 는 되게 좋 았 음,,,,,,,,,,,,,,
"""비 폭력 대화 나 "," 감정 코칭 등 의사소통 에 관련 되 ㄴ 전반적 이 ㄴ 스킬 들 에 대하 아서 배우 ㄹ 수 있 어서 좋 았 음""",,,,,,,,,,,,,,
실용적 이 ㄴ 측면 에서 도움 되 는 내용 이 많 다,,,,,,,,,,,,,,
대신 그만큼 수업 내용 이 쉽 고 시험 도 문제 알리 어 주 시 어서 쉽 어요,,,,,,,,,,,,,,
그래도 20 만 C + 주 시 어서 학점 따 기 좋 아요,,,,,,,,,,,,,,
왜 그렇게 생각 하 시 어요,,,,,,,,,,,,,,
심지어 전공 이 ㄴ데 교양 처럼 부담 없이 듣 을 수 있 음,,,,,,,,,,,,,,
시험 PPT 만 빠삭빠삭 하 게 외우 면 됌,,,,,,,,,,,,,,
채점 기준 굉장히 명확 하 시 ㅁ,,,,,,,,,,,,,,
"""실력 도 좋 으시 고 학생 들 한테 도 잘 해주시 는 교수 님 이 시 고 "," 수업 도 유익 하 ㅂ니다""",,,,,,,,,,,,,,
기초 문법 다지 기 에 유익 하 ㄴ 수업 이 ㅂ니다,,,,,,,,,,,,,,
시나리오 작성 과 영화 에 대하 ㄴ 소양 을 기르 는 데 에 는 분명히 도움 이 되 는 수업 이 ㅂ니다,,,,,,,,,,,,,,
수업 중 질문 하 라고 많이 말씀 하 시 ㅁ,,,,,,,,,,,,,,
.. 그나마 아쉽 ㄴ 것 이 있 다면 한 번 놓치 면 따라가 기 힘들 다,,,,,,,,,,,,,,
숙제 도 없 고 수업 도 일찍 끝나 고 어렵 ㄴ 내용 도 항상 쉽 게 풀 어서 설명 하 아 주 시 어서 쉽 게 이해하 ㄹ 수 있 었 고 공부 에 대하 ㄴ 의 지도 생기 는 강의 이 ㅂ니다,,,,,,,,,,,,,,
 진짜 좋 으시 ㅁ,,,,,,,,,,,,,,
학점 은 다 채우 어 주 시 어서 좋 음,,,,,,,,,,,,,,
생각 하 ㅁ,,,,,,,,,,,,,,
최대한 수학 공식 안 외우 어 도 되게 돕 아 주 시 ㅁ,,,,,,,,,,,,,,
단지 우리 가 못 누리 ㄹ 뿐,,,,,,,,,,,,,,
"""공학수 학 쉽 지 ㄴ 않 았 지만 "," 학점 잘 주 시 고 시험 문제 유형 도 다 알리 어 주 시 어서 수업 열심히 듣 고 공부 23 일 만 하 면 학점 은 잘 받 으 시 ㄹ 수 있 어요""",,,,,,,,,,,,,,
도움 엄청 많이 되 ㅂ니다,,,,,,,,,,,,,,
전자공학 하 면서 신호 처리 에 대하 어 솔직히 배우 었 다는 생각 은 이번 이 처음 이 다,,,,,,,,,,,,,,
쉽 지 도 않 고 그렇 다고 빡 세 게 배우 기 는 부담 스럽 다는 학생 들 에게 추천 하 는 무난 하 ㄴ 강의,,,,,,,,,,,,,,
하지만 공수 는 우리 과 의 많 은 전공과목 에서 기초 가 되 니 얻 어 가 는 것 도 많 고 좋 았 음,,,,,,,,,,,,,,
장 밀 좋 은데 퀴즈 너무 많 다,,,,,,,,,,,,,,
솔직히 퀴즈 가 많 은데 중간 기말 만 잘 보 면 되 ㅂ니다,,,,,,,,,,,,,,
교수 님 도 좋 으시 고 얻 어 가 는 것 도 많 은 수업 이 니 꼭 듣기 를 추천 하 ㅂ니다,,,,,,,,,,,,,,
이 분 킹 갓 이 다 진짜 시험 이 좀 쉽 ㄴ 것 빼 면 노력 하 면 진짜 A 급 은 나오 ㄴ 다 위 에 천상계 몇몇 계시 는 것 같 기 는 한데 쉽 어서 어느 정도 따라가 시 는 듯 하 ㅁ,,,,,,,,,,,,,,
4 번 시험 보 ㅂ니다,,,,,,,,,,,,,,
학점 잘 안 나오 아도 배우 ㄴ 것 에서 만족 하 ㄹ 것 같 아 요 숙제 그닥 안 많 고 강의 노트 엄청 잘 만들 시 어서 이해 하 기 도 쉽 었 어요,,,,,,,,,,,,,,
교수 도 수업 하 기  것 다 보이 는데 하 ㅁ,,,,,,,,,,,,,,
안 좋 은 점 은 시험 이 기말 1 번 이 어서 집중 하 아서 잘 보 시 어야 하 아요,,,,,,,,,,,,,,
결국 잘 나오 려면 시험 을 잘 보 아야 하 는데 꼼꼼 하 게 하나하나 씩 채점 하 시 어서 생각 보다 점수 얻 기 는 힘 들 ㅁ,,,,,,,,,,,,,,
숙제 열심히 하 고 예제 복습 꼼꼼히 하 시 기 ㄹ,,,,,,,,,,,,,,
... 온라인 이 라는 상황 을 감안 하 아 자비 를 얻 은 탓 에 좀 밑천 이 덜 까발리 어 지 ㄴ 기분 이 네요,,,,,,,,,,,,,,
그래도 따로 톡 방 만들 어 학생 들 에게 공지 해주시 거나 강의 피드백 을 받 는 등 소통 을 위하 아 많이 노력 하 시 ㅂ니다,,,,,,,,,,,,,,
편하 게 수업 들 을 생각 이 면 좋 아요,,,,,,,,,,,,,,
수업 들 으면 아무것 도 안 하 아서 좋 은데 점수 깐깐 하 게 줌,,,,,,,,,,,,,,
일단 마이클 착하 고 재미있 어요,,,,,,,,,,,,,,
"""영어 관련 하 아서 보 는 시야 도 넓 어 지 고 "," 실용적 이 ㄴ 것 을 많이 배우 ㄹ 수 있 는 수업 이 라고 생각하 아 요""",,,,,,,,,,,,,,
숭실대 띵 강의 띵 교수 갓 버트,,,,,,,,,,,,,,
중간 은 골프 에 관하 ㄴ 내용 으러 시험 보 고 기말 은 자세 부터 스윙 까지 실기 시험 보 ㅂ니다,,,,,,,,,,,,,,
교수 님 도 친절 하 시 고 못하 ㄴ다고 질책 하 는 일 없이 재미있 게 배우 었 습니다,,,,,,,,,,,,,,
진짜 교수 님 넘나 좋 고 스케이트 도 재미있 는 데,,,,,,,,,,,,,,
"""야구 를 좋아하 는 학생 "," 야구 에 관심 이 많 은 학생 은 듣기 좋 은 수업 이 ㅂ니다""",,,,,,,,,,,,,,
아마 숭실 전설 로 남 을 듯 하 ㄴ 이 강의,,,,,,,,,,,,,,
확실히 예체능 이 라 노력 하 아도 안 되 는 것 이 있 달 까 나름 노력 많이 하 았 는데 씨 나오 았 고 그렇 ㄹ 것 같 았 어서 아쉽 지 도 않 네요,,,,,,,,,,,,,,
교직 필수 라 그런 가 강평 이 없 네요,,,,,,,,,,,,,,
알 는 것 이 없 었 는데 수업 따라가 면서 많이 배우 고 남 은 것 도 많 습니다,,,,,,,,,,,,,,
온라인 수업 때 ㄴ 두 번 실시간 수업 하 았었 습니다,,,,,,,,,,,,,,
오승일 교수 님 덕분 에 즐겁 게 중국어 배우 ㄹ 수 있 었 어요,,,,,,,,,,,,,,
강의 내용 도 쉽 고 간결 하 게 알리 어 주 시 고 워낙 에 에너지가 넘치 는 분 이 시 어서 오히려 수업 을 통하 아서 얻 어 가 는 것 이 많 았 어요,,,,,,,,,,,,,,
책 내용 외 에 중국 문화 에 대하 ㄴ 강의 도 많 아서 더 풍부 하 ㄴ 강의 라고 생각 하 ㅂ니다,,,,,,,,,,,,,,
다만 학기 내내 중국어 에 시 달리 어야 하 ㅁ,,,,,,,,,,,,,,
"""단 "," 중국어 교양 은 미리 HSK 나 관련 시험 공부 와 병행 하 시 는 것 이 학점 취득 에 도움 되 ㅂ니다""",,,,,,,,,,,,,,
교수 님 이 수업 에 집중 시키 는 힘 이 없 는 것 은 맞 지만 엄청 열정 있 으시 어서 열심히 말 ㄴ 들 으면 다 이해하 ㄹ 수 있 어요,,,,,,,,,,,,,,
대신 로 열심히 하 시 어야 하 ㅂ니다 저 의 경우 에 는 전공 보다 더 스트레스 였 어요,,,,,,,,,,,,,,
"""강의 내내 피 말리 고 더 좋 은 성적 얻 었 으면 좋 았 겠 지만 "," 나름 만족 하 ㅂ니다""",,,,,,,,,,,,,,
교수 님 께서 수업 잘 못 따라오 는 학생 들 까지 끌 고 가 려 하 시 ㅁ,,,,,,,,,,,,,,
교수 님 께서 무겁 ㄴ 정신 건강 에 대하 ㄴ 주제 를 재미있 게 다루 시 어요,,,,,,,,,,,,,,
그런 만큼 부담 도 적지 만 시험 은 오 ㄹ 서술식,,,,,,,,,,,,,,
갓 응 기 ㄹ .. 교수 님 자체 가 좋 아서 하 ㄴ 학기 내내 행복 하 았 던 수업,,,,,,,,,,,,,,
다른 강의 들 처럼 수업 들 은 것 ㄹ로 알 거라고 생각 하 면 안 되 ㅁ,,,,,,,,,,,,,,
나 는 강의 들 으면서 좀 날로 하 시 ㄴ다,,,,,,,,,,,,,,
질문 에 잘 답 해주시 고 강의 가 지루 하 지 않 도록 수업 시간 에 재미나 ㄴ 이야기 들 을 해주시 는 멋지 ㄴ 교수 님 의 강의 이 었 습니다,,,,,,,,,,,,,,
"""학생 들 최대한 배려 많이 해주시 고 "," 뒤 에서 다른 공부 하 아도 딱히 신경 안 쓰 ㄴ다고 하 시 ㅁ""",,,,,,,,,,,,,,
온라인 강의 여서 시험 범위 가 많 다고 느끼 ㄹ 수 있 지만 문제 풀이 말 ㄴ 잘하 면 괜찮 은 수업 이 라 생각 하 ㅁ,,,,,,,,,,,,,,
"""그냥 열심히 수업 듣 고 예제 "," 연습 문제 위주 로 시험 에 나오 니 문제 말 ㄴ 2 번 푸시 면 A +""",,,,,,,,,,,,,,
문제 풀 이 꼼꼼 하 게 해주시 고 필기 도 나름 깔끔 하 아서 좋 아요,,,,,,,,,,,,,,
"""C + + 잘 모르 았 는데 많이 "," 잘 배우 어 가 ㄹ 수 있 었 음""",,,,,,,,,,,,,,
배우 ㄹ 것 이 많 은 수업,,,,,,,,,,,,,,
코딩 을 잘 모르 시 는 1 학년 분 들 은 많이 배우 ㄹ 수 있 는 기회 이 ㄹ 것 이 에요,,,,,,,,,,,,,,
교수 님 께서 매번 학생 들 눈높이 에 맞추 어서 생각하 아 주 시 고 학생 들 이 미래 에 더 나 은 방향 으로 나아가 도록 도움 을 주기 위하 아 노력 하 시 는 모습 이 돋 보이 어서 좋 았 습니다,,,,,,,,,,,,,,
이것저것 이야기 하 아 주 시 ㅁ,,,,,,,,,,,,,,
교수 님 께서 수업 도 잘 해주시 는데 다른 도움 되 는 이야기 도 많이 하 아 주 시 어요,,,,,,,,,,,,,,
하지만 시험 은 어렵 으 니 어떻하 게 쓰이 는 코딩 이 ㄴ지 를 잘 생각 하 시 어요,,,,,,,,,,,,,,
그러나 그 의 강의 는 충분 하 다고 생각하 ㄴ 다,,,,,,,,,,,,,,
"""첫 번 째 로 는 수업 의 내용 이 좋 고 유익 하 아서 열심히 듣 게 되 는 수업 이 고 "," 두 번 째 는 수업 의 질 은 상당히 떨어지 지만 교수 님 한테 찍히 면 큰일 나 ㄹ 것 같 아서 어쩌 ㄹ 수 없이 열심히 듣 게 되 는 수업 이 다""",,,,,,,,,,,,,,
강의 는 쉽 어서 수업 이나 숙제 외적 으로 하 ㄹ 것 은 많이 없 습니다,,,,,,,,,,,,,,
강의 가 유익 하 다고 생각 하 ㅁ,,,,,,,,,,,,,,
많이 배우 었 고 강의 도 좋 았 지만 그만큼 시험 어렵 고 깐깐 하 시 ㄴ 듯,,,,,,,,,,,,,,
"""관련 공지 나 가이드라인 도 철저 하 시 고 "," 숙제 도 실력 기르 기 에 도움 이 많이 되 ㅂ니다""",,,,,,,,,,,,,,
강의 력 은 좋 으시 ㄴ데 시험 때문 에 1 점 을 주 었 습니다,,,,,,,,,,,,,,
수업 질 은 굉장히 높 은 것 인정 하 는데 시험 부분 은 개선 하 ㄹ 점 이 많이 보이 었 습니다,,,,,,,,,,,,,,
그거 풀 어서 제출 하 는 것 이 ㄴ데 실습 시간 내 에 하 면 되 고 시간 오래 걸리 ㄹ 것 같 은 학생 들 은 미리 풀 어 오 아도 되 어서 시간 에 대하 ㄴ 부담 이 ,,,,,,,,,,,,,,
근데 시험 은 안 그렇 다,,,,,,,,,,,,,,
등록금 이 아깝 지 않 은 강의 이 었 음,,,,,,,,,,,,,,
자 바 외 에 도 객 체지 향 개념 과 더불 어 많 은 것 을 배우 었 어요,,,,,,,,,,,,,,
강의 노트 만 보 지 말 고 코드 를 직접 짜 보 면서 공부 하 면 도움 되 ㄹ 것 에 요,,,,,,,,,,,,,,
시험 에서 분명히 도움 이 많이 되 ㅂ니다,,,,,,,,,,,,,,
수업 잘 가르치 어 주 시 고 만족 하 ㄴ 수업,,,,,,,,,,,,,,
"""필자 는 족보 가 없 어서 꽤 나 애 를 쓰 었 지만 "," 열심히 하 면 하 는 만큼 딱 나오 는 것 같 다""",,,,,,,,,,,,,,
강의 도 쉽 게 이해 시키 어 주 시 고 중간 중간 유우머 도 재미있 지만 문제 는 나 의 머리 이 다,,,,,,,,,,,,,,
그래도 숙제 하 면서 공부 도 되 어 시험 보 는데 도움 이 되 ㅂ니다,,,,,,,,,,,,,,
다만 수업 이 조금 졸리 고 내용 이 어렵 어 서 한 번 놓치 면 다시 따라가 기 버겁 어 요,,,,,,,,,,,,,,
프로그래밍 보다 ㄴ 이론 을 배우 는 강의 로 자바 는 예습 하 시 기 ㄹ 추천 드리 ㅂ니다,,,,,,,,,,,,,,
그래서 교수 님 이 쓰 시 ㄴ 책 이 있 는데 이것 ㄹ 참고 하 면 매우 도움 이 되 ㅁ,,,,,,,,,,,,,,
그래도 다행 이 ㄴ 것 은 수업 에서 다루 ㄴ 내용 만 나오 ㄴ다는 것 죠,,,,,,,,,,,,,,
파이 썰 ㄴ 을 꼭 미리 공부 하 시 어요,,,,,,,,,,,,,,
수업 외 의 이야기 가 도움 되 ㄴ다,,,,,,,,,,,,,,
강의 가 조금 딱딱 하 ㄴ 느낌 이 지만 유용 하 ㄴ 내용 을 많이 배우 ㅂ니다,,,,,,,,,,,,,,
또 다른 문제 는 시험 을 많이 보 는데 반대 로 생각 하 면 배우 ㄴ 것 이 오래 가 ㄹ 것 같 음,,,,,,,,,,,,,,
보 니 깊 은 이론적 내 용 은 등장 하 지 않 아 어느 정도 수업 방식 에 이해 가 가 는 부분,,,,,,,,,,,,,,
"""일단 시험 은 중간 ", 기말 ," 실습 보 는데 시험 난이도 는 다 전체적 으로 쉽 었 음""",,,,,,,,,,,,,,
최고 의 강의 이 었 다,,,,,,,,,,,,,,
본인 한테 도움 은 되 ㄹ 것 이 ㅂ니다,,,,,,,,,,,,,,
도망가 시 어요 ............ 유익 하 ㄴ 강의 지만 ... 못 따라가 요,,,,,,,,,,,,,,
내용 은 알차 고 배우 는 양은 많 고 숙제 도 많 아 직접 하 아 보 ㄹ 수 있 다,,,,,,,,,,,,,,
일단 도망치 는 것 이 좋 다고 생각 하 ㅁ,,,,,,,,,,,,,,
1 점 주 는 거도 아깝 ㅁ,,,,,,,,,,,,,,
관심 도 없 고 대학 오 아서 처음 접하 아 보 는 과목 치고 는 빡 세 고 범위 도 넓 음,,,,,,,,,,,,,,
자신 이 원래 잘 하 ㄴ다면 다른 애 들 이 이 수업 만 을 듣 고 배우 ㄹ 수 는 없 으니 학점 은 잘 나오 ㄹ 것,,,,,,,,,,,,,,
언론 홍보 2 학년 수업 중 가장 얻 어 가 는 것 이 많 은 강의,,,,,,,,,,,,,,
"""대신 "," 교수 님 이 레포트 내용 바탕 으로 질문 하 시 ㄹ 수 도 있 으니 전 에 실험 내용 은 어느 정도 숙지 하 시 는 것 이 좋 습니다""",,,,,,,,,,,,,,
교수 님 착하 고 좋 으시 어요,,,,,,,,,,,,,,
수업 내용 은 진짜 본인 경험 위주 로 말씀 하 아 주 시 어서 굉장히 유익 하 ㅁ,,,,,,,,,,,,,,
대신 양이 많 아서 처음 에 이 것 어떻하 게 다 공부 하 지 하 는데 문제 는 객관식 이 고 깊 게 알 ㄴ 들어가 아서 외우 ㄴ다기 보다 그냥 읽 는 느낌 으로 반복 하 면 되 ㅁ,,,,,,,,,,,,,,
개인적 으로 이 정도 수업 내용 은 대학생 이 라면 다 알 아들 을 수 있 을 것 같 은 데 조금 아쉽 ㄴ 부분 이 었 습니다,,,,,,,,,,,,,,
그런데 지금 도 기억나 는 것 이 참 많 고 얻 어 가 는 것 많 아서 불만 은 안 하 아 요,,,,,,,,,,,,,,
4 차 산업혁명 에 관 란 다양 하 ㄴ 주제 로 발표 하고 토론 하 는 수업 숙제 는 한 번 처음 에 ㄴ 하 ㄹ 것 이 생각 보다 많 아서 귀찮 았 는데 스스로 하 는 부분 이 많 아서 배우 ㄴ 것 들 이 가장 오래 기억 에 남 을 수업 토론 못하 는 사람 들 에게 ㄴ 조금 힘들 수 있 음,,,,,,,,,,,,,,
A 채우 어 주 시 ㄴ다,,,,,,,,,,,,,,
학생 들 잘 챙겨주 시 는 교수 님 이 시 고 수업 내용 도 알차 요,,,,,,,,,,,,,,
충실히 준비 하 시 고 작년 까지 IT 서비스 학회 회장 에 도 계시 었 을 만큼 IT 기술 에 많 은 지식 을 가지 고 계시 며 쉽 게 설명 하 아 주 시 ㅂ니다,,,,,,,,,,,,,,
개인 숙제 는 수업 시간 이나 발표 때 하 았 던 IT 기술 중 에 아무거 나 고르 아서 A 4 3 장 으로 정리 하고 동영상 도 관련 되 ㄴ 것 찾 아 첨부 하 아야 하 ㅁ,,,,,,,,,,,,,,
수업 의 퀄리티 부터 강의 방식 까지 기존 의 타 강의 들 과 는 달리 하나하나 배우 고 가지 ㄹ 것 이 참 많 은 수업 이 ㅂ니다,,,,,,,,,,,,,,
수업 중 에 발표 하 아야 되 어서 강의 때 졸 거나 딴짓 하 기 쉽 지 않 음,,,,,,,,,,,,,,
도움 이 되 는 얘기 들 많이 하 아 주 시 ㅂ니다,,,,,,,,,,,,,,
김동수 교수 님 좋 아요,,,,,,,,,,,,,,
"""", ," 교수 님 은 열정적 으로 강의 하 시 고 좋 으시 ㅁ""",,,,,,,,,,,,,,
교수 님 이 강의 를 굉장히 성실 하 게 준비 하 시 고 우리 한테 최대한 잘 알리 어 주 려고 노력 하 시 는 것 이 눈 에 보이 ㅁ,,,,,,,,,,,,,,
실제로 도 그 요약본 에서 만 시험 문제 가 나오 ㄴ 것 같 습니다,,,,,,,,,,,,,,
"""정보시스템 ", 경영 정보 시스템 , 데이터 , 데이터 마이닝 , 데이터 웨어 하우스 , 스파이 웨어 , 도스 ," 디 도스 같 은 비슷 하 ㄴ 단어 들 정의 다 외우 어야 하 ㅁ""",,,,,,,,,,,,,,
이번 학기 최고 로 도움 많이 되 었 어요,,,,,,,,,,,,,,
대학 생활 하 면서 제일 잘 수 강하 았 다고 느끼 어 지 는 수업 이 최정일 교수 님 수업 이 ㅂ니다,,,,,,,,,,,,,,
인사이트 가 열리 는 느낌 이 ㅁ,,,,,,,,,,,,,,
외 울 게 진짜 많 음,,,,,,,,,,,,,,
이렇게 많이 외우 ㄴ 것 이 나 의 머릿속 에 다 들 어 가 면 좋 겠 지만 시험 한 번 보 고 잊히 어 지 는 기분,,,,,,,,,,,,,,
그렇게 외우 니 지식 이 안 쌓이 ㄹ 수 가 없 지 .. 최대한 수업 열심히 듣 고 열심히 반복 공부 하 시 어요,,,,,,,,,,,,,,
"""그래도 어차피 다 같이 시험 못 보 기 도 하 고 "," 하 ㄴ 경석 교수 님 이 워낙 성적 잘 주 시 는 교수 님 이 라 이 점 이 마음 에 든  들 으시 어요""",,,,,,,,,,,,,,
객관적 으로 말 하 면 교수 자격 이 없 는 사람 이 라고 생각 하 ㅁ,,,,,,,,,,,,,,
"""진짜 다른 수업 의 반의 반 만 노력 하 면 A 는 받 을 수 있 고 "," A + 도 잘 주 시 니 왠 말 ㄴ 하 면 들 으시 어요""",,,,,,,,,,,,,,
열심히 하 거나 경영 정보 시스템 진심 으로 공부 하고 싶 으시 ㄴ 분 들 에게 는 완전 비추 이 ㅂ니다,,,,,,,,,,,,,,
남 들 하 는 만큼 만 하 면 학점 도 괜찮 을 것 같 음,,,,,,,,,,,,,,
수업 자체 는 재미있 고 유익 하나 공부 를 열심히 하 어 도 성적 을 잘 받 을 수 없 음,,,,,,,,,,,,,,
엄청 많 은 지식 을 얻 는 다 기 보다 는 다양 하 ㄴ 현안 에 대하 어 고민 해보 는 수업,,,,,,,,,,,,,,
시험 은 그냥 통 암기 이 ㄴ데 이번 에 는 중간 가 없 어서 기말 가 60 퍼였음 내용 도 많 아서 거의 자포자기 하 았었 지만 생각 보다 성적 잘 주 시 ㄴ 듯,,,,,,,,,,,,,,
... 길 게 쓰 ㄹ수록 점수 더 많이 주 는 것 같 기 도 하 고,,,,,,,,,,,,,,
교수 님 자체 는 학생 들 에게 관심 많 고 이름 외 우려 고 하 시 고 착하 시 ㄴ데 ... 안타깝 ㅁ,,,,,,,,,,,,,,
밑 에 강의 평 들 처럼 강의 력 은 많이 떨어지 나 교수 님 께서 학생 들 한테 관심 이 많 으시 어서 학기 초 에 학생 들 이름 을 거의 다 외우 시 었 어요,,,,,,,,,,,,,,
대신 프린트 내용 외 에 조사 하 아야 하 는 문제 에 걸리 ㄹ 경우 준비 과정 이 빡 셈,,,,,,,,,,,,,,
이번 학기 에 수업 자체 를 안 하 았 음,,,,,,,,,,,,,,
암튼 별로 임 ..... 범위 드럽 게 많 고 짜증나 요,,,,,,,,,,,,,,
보 면 아마 좋 은 점수 를 얻 게 되 ㄹ 것 에 요,,,,,,,,,,,,,,
행정 에서 배우 는 교양 역사 강의,,,,,,,,,,,,,,
얻 은 것 은 폰 열심히 하 는 능력,,,,,,,,,,,,,,
동영상 많이 틀 어 주 고 토론 시키 어서 수업 시간 은 잘 가 는 편,,,,,,,,,,,,,,
한국 의 문화유산 이리하 어서 우리나라 문화유산 만 배우 ㄹ 거라 생각 하 면 오산 이 다,,,,,,,,,,,,,,
한국 한정 이 아니 라 세계 의 문화유산 을 포괄적 으로 다루 ㄴ다,,,,,,,,,,,,,,
문화유산 이 ㄴ데 역사 에 치 중 되 ㄴ 느낌,,,,,,,,,,,,,,
라는 생각 이 들 며 자신 의 무능 하 ㄴ 머리 에 대하 ㄴ 자괴감 이 들 ㄹ 수 있 음,,,,,,,,,,,,,,
강의 에 대하 아서 는 저 는 좋 았 습니다,,,,,,,,,,,,,,
보 면 A 저 의 로 는 맞 을 수 있 음,,,,,,,,,,,,,,
팀 프로젝트 을 위하 ㄴ 수업 이 다,,,,,,,,,,,,,,
수업 교수 님 이 젊 으시 기 도 하 고 굉장히 유쾌 하 시 어서 수업 도 지루 하 지 않 고 전달력 있 게 하 시 ㄴ다,,,,,,,,,,,,,,
"""단점 이 라고 하 면 숙제 가 많 다는 것 이 ㄴ데 ", 분명 나 에게 도움 이 되 는 것 이 느끼 어 지 고 ," 열심히 만 잘 하 ㄴ다면 하 ㄴ 만큼 충분히 성 적 으로 반영 되 ㄴ다고 생각 하 ㅂ니다""",,,,,,,,,,,,,,
"""모든 강의 가 이런 스타일 이 라면 힘들 수도 있 지만 1 "," 2 개 쯤 은 이런 스타일 의 강의 를 듣 는다면 분명 많 은 도움 이 되 ㄹ 수업 이 ㅂ니다""",,,,,,,,,,,,,,
"""성적 을 쉽 게 먹 을 수 있 는 수업 은 분명 아니 지만 "," 열심히 만 하 ㄴ다면 그 에 대하 ㄴ 성적 과 성장 을 얻 을 수 있 는 수업 이 ㅂ니다""",,,,,,,,,,,,,,
그렇 기 에 초반 에 짜여지 는 조가 우선 매우 중요 하고 수업 내용 은 저희 과 에 맞 게 창의적 이 고 창업 관련 되 ㄴ 내용 이 ㅂ니다,,,,,,,,,,,,,,
좋 은 수업 이 었 음,,,,,,,,,,,,,,
6 학점 수준 으로 개 빡 세 ㄴ 데 도움 이 많이 되 고 기억 에 많이 남 는다,,,,,,,,,,,,,,
교수 님 강의 력 도 좋 고 수업 도 괜찮 습니다,,,,,,,,,,,,,,
저 는 후회 하 았 거든요,,,,,,,,,,,,,,
숙제 잘 하 아 가 아 고 수업 시간 에 풀 어 주 시 ㄴ 문제 위주 로 연습 많이 하 면 시험 도 비슷 하 게 나오 아서 그닥 힘들 지 ㄴ 않 았 음,,,,,,,,,,,,,,
시험 이 총 세 번 이 라 하 ㄹ 것 이 많 기 는 하 ㅁ,,,,,,,,,,,,,,
정치적 이 ㄴ 발언 도 종종 하 시 ㅁ,,,,,,,,,,,,,,
영어학 의 응용 이리하 어서 기대 하 았 는데 배우 ㄴ 내용 이 1 도 없 었 음,,,,,,,,,,,,,,
그래도 고등학교 수능 강의 처럼 필기 해주시 고 정리 해주시 고 수업 도 개념 문 풀 ㄹ 반복 하 아 주 시 어서 학생 들 한테 인기 가 많 으시 ㄴ 것 같 습니다,,,,,,,,,,,,,,
더 많이 외우 고 쓰 는 자가 승자,,,,,,,,,,,,,,
기초 부터 차근차근 알리 어 주 시 고 예제 도 많이 풀 어 주 시 어서 공부 하 기 좋 았 어요,,,,,,,,,,,,,,
C 언어 실력 향상 에 아주 도움 이 되 ㅂ니다,,,,,,,,,,,,,,
"""강의 만족도 최상 ", 칼 같 은 평가 방식 ," 특유 의 느긋 하 ㄴ 말투""",,,,,,,,,,,,,,
매우 도움 되 는 강의,,,,,,,,,,,,,,
온라인 수업 만 듣기 에 는 배우 기 가 쉽 지 않 다,,,,,,,,,,,,,,
배우 ㄹ 것 도 생각하 ㄹ 것 도 많이 던지 어 주 는 수업 이 ㅂ니다,,,,,,,,,,,,,,
독일어 기초 를 배우 는 수업 이 ㅂ니다,,,,,,,,,,,,,,
초반 에 는 독일 어 외우 ㄹ 것 도 많 고 어렵 어 서 막막 하 았었 어요,,,,,,,,,,,,,,
열심히 안 하 면 학점 초토화 되 ㄹ 것 같 기 도 하 다,,,,,,,,,,,,,,
"""독일어 는 원래 배우 고 싶 은 언어 이 었 고 "," 교수 님 은 워낙 강의 평이 좋 길래 선택 하 았 습니다""",,,,,,,,,,,,,,
강의 구성 은 발음 평가 + 중간 + 기말 이 ㅂ니다,,,,,,,,,,,,,,
총평 독일어 를 배우 어 보 고 싶 은 학생 이 라면 기초 를 닦 기 에 좋 은 수업,,,,,,,,,,,,,,
저 가 만약 다른 강의 평가 를 보 고 나 서 시험 을 준비 하 았 다 면 조금 더 나 았 을 것 같 네요,,,,,,,,,,,,,,
"""중간 에서 발음 문제 를 많이 들 ㄹ 틀리 었 던데 "," 이 부분 을 챙기 시 면 좋 은 성적 받 아 가 시 ㄹ 수 있 을 것 같 습니다""",,,,,,,,,,,,,,
저 가 아재 라서 그런 것 을 수 도 있 습니다,,,,,,,,,,,,,,
수업 이 빠르 고 학생 들 이 어려워하 는 것 같 다,,,,,,,,,,,,,,
"""시험 양은 적당 하 았 던 것 같 고 "," 열심히 하 면 잘 나오 ㄴ 수업 이 ㄴ 것 같 습니다""",,,,,,,,,,,,,,
독일 전통 음식 도 챙겨주 시 고 학생 들 한테 정이 많 으시 ㄴ 교수 님 이 시 ㅂ니다,,,,,,,,,,,,,,
등록금 이 아깝 다고 생각하 ㄴ 첫 번 째 수업 이 었 음,,,,,,,,,,,,,,
어찌 되 었 든 안 하 면 손해 고 숙제 를 공부 하 는 것 이 라 생각 하 면 독어 실력 이 오르 기 는 하 ㄹ 것 이 다,,,,,,,,,,,,,,
수업 만 잘 따라가 면 성적 이 잘 나오 는 강의 다,,,,,,,,,,,,,,
"""이 수업 이 좋 다고 평가 하 ㄴ 학생 들 이 ' 다른 ' ", ' 더 좋 은 ' 교수 님 ," 선생 님 들 께 배우 었 다면 과 연 좋 게 평가 하 았 을까""",,,,,,,,,,,,,,
"""숙제 가 많 아 좀 힘들 기 는 하 았 지만 독일어 뿐 만 아니 라 독일 의 문화 ", 교육제도 ," 철학 등 전반적 으로 유익 하고 많 은 것 을 배우 ㄹ 수 있 었 던 수업""",,,,,,,,,,,,,,
일단 거르 시 어요,,,,,,,,,,,,,,
불문학 을 처음 접하 는 학생 들 이 라면 크 ㄴ 도움 이 되 ㄹ 것 같 은 수업 이 네요,,,,,,,,,,,,,,
대체적 으로 만족 하 ㄴ 수업 이 었 습니다,,,,,,,,,,,,,,
염 짱 ... 수업 에 대하 어 엄청 열정적 이 시 어요,,,,,,,,,,,,,,
피드백 으로 졸업 작품 의 수준 이 올라가 지 는 않 으니 처음 부터 어벤저스 를 꾸리 어서 가 면 꿀 이 되 ㄹ 것 같 습니다,,,,,,,,,,,,,,
솔직히 중학교 때 진로 찾 기 체험 하 는 것 같 았 음,,,,,,,,,,,,,,
대면 수업 에서 ㄴ 조원 들 과 같이 하 는 것 이 ㄴ데 나 는 조 별 활동 하 면서 다른 과 사람 들 만나 고 싶 어서 이 과목 신청 하 ㄴ 것 이 아니 라 개인적 으로 하 는 것 도 만족 하 았 음,,,,,,,,,,,,,,
이상 하 ㄴ 토론 만 시키 ㄴ 나름 본인 에게 도움 되 었 다고 생각 하 ㅁ,,,,,,,,,,,,,,
교수 님 께서 학생 들 에게 바라 는 것 이 굉장히 많 은 수업 딱 2 학년 까지 가 적당 하 ㄴ 듯,,,,,,,,,,,,,,
"""리더십 과 진로 계획 "," 사람 들 마다 평이 많이 갈리 지만 저 는 좋 았 어요""",,,,,,,,,,,,,,
아 그리고 시험 은 1 번 있 는데 온라인 이 고 수업 자료 를 보 고 쓸 수 있 으며 자신 의 의견 을 적 는 것 이 많 아 크 게 어렵 지 않 아요,,,,,,,,,,,,,,
"""하지만 배우 ㄴ 것 도 많 고 "," 교수 님 께서 수업 시간 에 알리 어 주 시 는 유익 하 ㄴ 정보 도 많 은 도움 이 되 ㅂ니다""",,,,,,,,,,,,,,
PF 이 기에 참 좋 고 편 하 ㅂ니다,,,,,,,,,,,,,,
수업 자체 에서 얻 어 가 는 것 은 딱히 없 음,,,,,,,,,,,,,,
3 강의 의 장 단점 분명 이 수업 을 통하 아 저 에 대하 어 다시 한번 돌아보 는 계기 가 되 ㄴ 것 은 사실 이 지만 수업 내용 자체 가 추상적 이 고 이론적 이 었 다는 생각 이 들 었 습니다,,,,,,,,,,,,,,
딱히 뭐 를 얻 어 가 는 느낌 은 별로 ... 자기 만,,,,,,,,,,,,,,
패 패치 고 하 ㄹ 것 많 은데 신경 많이 안 쓰 면 하 ㄹ 말 ㄴ 합 ㅂ니다,,,,,,,,,,,,,,
버틸만  .... 아마도,,,,,,,,,,,,,,
"""귀찮 은 필기 는 있 지만 "," 어렵 ㄴ 수업 은 아니 ㅂ니다""",,,,,,,,,,,,,,
딱히 어렵 ㄴ 것 은 없 고 교수 님 이 정보 를 매 어 주 마다 알리 어 주 시 어서 생각 보다 는 얻 어 가 는 것 이 있 었 지만 교수 님 말씀 하 시 는 것 이 힘겹 ㄹ 때가 다소 있 었 어요,,,,,,,,,,,,,,
조원 들 을 잘 만나 는 것 이 가장 중요 하 ㅂ니다,,,,,,,,,,,,,,
취업 관련 에서 도움 을 얻 는 것 보다 다른 과 사람 들 이랑 만나 고 얘기 하 ㄹ 수 있 는데 이 수업 의 가장 크 ㄴ 메리트 라고 생각하 ㄴ 다,,,,,,,,,,,,,,
조원 들 잘 만나 면 나쁘 지 않 은 수업 이 라고 생각 하 ㅁ,,,,,,,,,,,,,,
조원 들 이랑 이야기 하 는 것 이 많 음,,,,,,,,,,,,,,
남 다르 아야 살아남 는다,,,,,,,,,,,,,,
매 수업 시간 마다 저번 에 배우 었 던 내용 을 정리 하 아 주 시 어서 강의 를 잘 들 으면 복습 도 동시 에 하 ㄹ 수 있 어서 개인적 으로 좋 았 던 수업 이 ㅂ니다,,,,,,,,,,,,,,
말 하 시 ㄹ 때 도 조근조근 말 하 시 어서 강의 듣기 편하 았 고 하 ㄴ 주차 에 두 번 째 수업 에서 항상 첫 번 째 수업 리뷰 에 공 을 들이 시 어서 강의 따라가 는데 도움 이 되 ㅂ니다,,,,,,,,,,,,,,
그래도 학점 따 기 좋 은 과목 이 ㄴ 것 같 습니다,,,,,,,,,,,,,,
공부 하 ㄴ 만큼 학점 따 서 기분 좋 게 뜨 어 납 니 닿,,,,,,,,,,,,,,
썰 풀 듯 진행 되 는데 그거 가 다 시험 에 나오 ㅂ니다,,,,,,,,,,,,,,
"""음 .. 추천 대상 을 꼽 자면 ", 나긋나긋 ," 약간 은 지루 하 ㄴ 강의 이 ㅁ""",,,,,,,,,,,,,,
호불호 갈리 ㅁ,,,,,,,,,,,,,,
지루 하 다,,,,,,,,,,,,,,
타 학과 입장 에서 듣 어 보 ㄴ 과목 이 ㅂ니다,,,,,,,,,,,,,,
교수 님 은 친절 하 시 지만 재무 를 배우 다,,,,,,,,,,,,,,
수업 도 발음 이 안 좋 은 것 이 크 기 는 한데 앞 에 앉 아서 집중 하 면 송창석 어마 터 리  되 어서 다 이해 가 되 ㅁ,,,,,,,,,,,,,,
교수 님 수업 열심히 하 시 고 부담 없 고 좋 았 음,,,,,,,,,,,,,,
저 는 하 ㄴ 학기 동안 만족 스럽 ㄴ 강의 였 어요,,,,,,,,,,,,,,
발음 빼 고 는 전부 좋 아요,,,,,,,,,,,,,,
그래서 오히려 온라인 이 라 다행 이 라는 생각 이 들 었 어요,,,,,,,,,,,,,,
발음 이 별로 라 듣기 힘들 었 어요,,,,,,,,,,,,,,
딱 경영 수업 느낌 개인 발표 있 고 듣기 말 ㄴ 하 는 강의 식수 업 시험 은 좀 어렵 ㄴ 편 이 고 교수 님 발음 이 좀 안 좋 기 는 하 어 도 인성 은 좋 으 시 었 음,,,,,,,,,,,,,,
하지만 수업 이 되게 널럴하 고 시험 도 객관식 위주 라 부담 이 적습 ㅂ니다,,,,,,,,,,,,,,
국제 마케팅 관점 에서 다양 하 ㄴ 사례 와 동영상 자료 를 준비 하 아 주 시 어서 배워가 는 것 이 많 았 어요,,,,,,,,,,,,,,
"""이 ㄴ데 "," 이것 ㄹ 극복 하 면서 수강 하 는 사람 들 은 나중 에 남 는 것 이 어 마 어마 하 ㅁ""",,,,,,,,,,,,,,
어떤 수업 이 든 본인 이 마음먹 은 만큼 받아들이 는 양도 질 도 다르 다고 생각 하 ㅁ,,,,,,,,,,,,,,
수업 자체 는 어렵 기 도 하지만 다 배우 면 남 는 것 많 으니 추천,,,,,,,,,,,,,,
숙제 가 당시 에 팀 프로젝트 발표 + 개인 보고서 있 었 음,,,,,,,,,,,,,,
"""나 에게 ㄴ 갓 갓 교수 님 이나 "," 호불호 많이 갈리 ㅁ""",,,,,,,,,,,,,,
강의 도 재미있 게 하 시 고 숙제 없 고 시험 두 번,,,,,,,,,,,,,,
중국인 학우 와 수업 을 같이 듣 어서 유익 하고 좋 았 던 수업 이 다,,,,,,,,,,,,,,
싫어하 는 애한 테 꺼지 라는 듯 엄청 눈치 주 ㅁ,,,,,,,,,,,,,,
교양 수업 은 괜찮 다고 듣 었 음,,,,,,,,,,,,,,
발음 구려 ... 시험 은 필기 에서 만 나 의 .... 지엽적 이 고 양은 엄청나 ... 교수 님 빼 고 모든 것 이 안 좋 은 수업,,,,,,,,,,,,,,
교수 님 영어 발음 도 좋 으시 고 강의 도 엄청 잘하 시 어요,,,,,,,,,,,,,,
영어 에 대하 어 지식 이 풍부 하 시 고 강의 력 도 좋 아요,,,,,,,,,,,,,,
진짜 똑똑 하 시 고 강의 자체 가 도움 이 많이 되 ㅂ니다,,,,,,,,,,,,,,
교수 님 진짜 좋 으시 ㄴ 분 이 고 학생 들 생각 많이 해주시 고 강의 준비 도 많이 하 아 오 시 ㅂ ㅂ니다,,,,,,,,,,,,,,
코로나 때문 에 더욱 아쉽 ㄴ 강의,,,,,,,,,,,,,,
생각 하 ㅁ,,,,,,,,,,,,,,
생각 보다 중간 기말 변별력 이 없 어서 퀴즈 4 번 보 는 것 이 중요 하 다고 생각 되 ㅂ니다,,,,,,,,,,,,,,
"""중간 "," 기말 이 생각 보다 변별력 이 별로 없 어서 퀴즈 4 번 보 는 것 이 굉장히 중요 하 ㅁ""",,,,,,,,,,,,,,
꼼꼼 하 ㄴ 여자 들 이 많이 듣 을 만 하 ㄴ 강의,,,,,,,,,,,,,,
성적 평가 도 긴가민가,,,,,,,,,,,,,,
이번 학기 전 공공 부 가 빡 세다 고 생각 하 는 분 들 은 들 어도 좋 을 것 같 음,,,,,,,,,,,,,,
숙제 없 고 수업 내용 도 쉽 ㄴ 데 에 그만큼 배워가 는 것 이 없 는 수업,,,,,,,,,,,,,,
수업 이 쉽 고 학생 하나하나 기억 해주시 면서 열심히 가르치 어 주 시 ㅂ니다,,,,,,,,,,,,,,
옆집 아주머니 같 으시 ㅁ,,,,,,,,,,,,,,
저학년 은 비추,,,,,,,,,,,,,,
저 의 발 부탁 이 ㅂ니다,,,,,,,,,,,,,,
오 시 어서 은근히 대만 우월주의 가 나타나 ㅂ니다,,,,,,,,,,,,,,
중간 시험 은 오픈 북 이 ㅁ,,,,,,,,,,,,,,
.. 교수 님 께서 지식 이 많 으시 어서 관련 지식 을 많이 얘기 해주시 는 편 이 시 어요,,,,,,,,,,,,,,
당연 하 지만 A + 을 노리 는 학생 이 라면 수업 내용 다 듣 고 적 어야 되 ㄹ 듯 ...,,,,,,,,,,,,,,
"""개인적 으로 잡담 "," 사담 과 수업 내용 을 구분 하 기 가 어렵 어 서 힘들 었 음""",,,,,,,,,,,,,,
강의 인척 하 는 책 읽 어 주 기,,,,,,,,,,,,,,
무역 회사 운영 하 는 사장 님 이 오 아서 수업 하 ㅁ,,,,,,,,,,,,,,
암기 하 느라 좀 힘들 었 을 것 같 아요,,,,,,,,,,,,,,
시험 지엽 중 초고 도 지엽,,,,,,,,,,,,,,
매우 유익 하 ㄴ 강의 이 었 음,,,,,,,,,,,,,,
먼저 재미있 는 강의 이 었 다고 생각 되 ㅂ니다,,,,,,,,,,,,,,
하 ㄴ 학기 동안 좋 은 수업 듣 은 것 같 습니다,,,,,,,,,,,,,,
필기 양 이 많 다고 하 시 는데 그날그날 배우 ㄴ 내용 을 정리 하 면 달리 부담 되 ㄴ다고 느끼 어 지 지 ㄴ 않 았 습니다,,,,,,,,,,,,,,
강의 는 역사 배우 는 것 처럼 이야기 형 으로 재미있 게 풀 어 나가 아 주시 지만 시험 보 ㄹ라면 강의 내용 다 필기 하 시 어야 되 어서 조금 버거 우 실수 도 있 어요,,,,,,,,,,,,,,
강의 력 은 보통,,,,,,,,,,,,,,
다른 강의 들 과 다르 게 이론 보다 는 교수 님 이 실제로 경험 하 시 ㄴ 이야기 를 토대 로 배우 다 보 니 재미있 어요,,,,,,,,,,,,,,
교수 님 이 외교관 시절 에 있 던 썰 도 적잖이 풀 어 주 는 것 이 재미있 음,,,,,,,,,,,,,,
꿀 강의,,,,,,,,,,,,,,
전직 외교관 이 라 강의 퀄리티 는 좋 기 는 하 ㅂ니다,,,,,,,,,,,,,,
강의 가 대체적 으로 재미있 는 편 이 에 요,,,,,,,,,,,,,,
"""재미있 는 수업 "," 남 는 것 이 많 은 수업 이 었 음""",,,,,,,,,,,,,,
이렇게 알차 ㄴ 강의 는 처음 이 었 던 것 같 아요,,,,,,,,,,,,,,
강의 는 명강의 이 ㅂ ㅂ니다,,,,,,,,,,,,,,
강의 내용 도 강의 명과 맞 는 내용 이 지만 필기 하 ㄹ 때 지금 내가 아 뭐 하고 있 는 것 이 지 하 는 생각 이 들 는 데 에 정리 되 ㄴ 필기 내용 나누 어 주 시 ㄴ 담 에 그것 으로 수업 하 면 더 이해 가 잘 되 고 좋 을 것 같 아요,,,,,,,,,,,,,,
수업 내용 이 유익 이 되 ㄹ 때 는 많 지만 시험 공부 미치 ㄴ 듯이 꼼꼼히 하 ㄹ 것 아니 면 하 지 말 으시 어요,,,,,,,,,,,,,,
저학년 은 힘들 ㄴ 강의 가 되 ㄹ 것 같 아 요 물론 저학년 중 에 도 열심히 하 아서 점수 잘 받 는 모습 보 기 ㄴ 하 았 지만 대부분 고 학년 선배 님 들 이 수업 을 열심히,,,,,,,,,,,,,,
재미있 는 강의 이 었 다,,,,,,,,,,,,,,
세계 곳곳 에서 일어나 는 정보전 쟁 과 스파이 활동 에 대하 ㄴ 과목 이 았 다,,,,,,,,,,,,,,
그만큼 학생과 소통 하 시 려고 많이 노력 하 시 는 것 같 아요,,,,,,,,,,,,,,
강의 듣 는 동안 관련 서적 을 찾아보 ㄹ 정도 로 재미있 었 습니다,,,,,,,,,,,,,,
한국 노동 계 에 관해 많 은 것 을 배우 ㄹ 수 있 음,,,,,,,,,,,,,,
참 고 하 시 어요,,,,,,,,,,,,,,
"""수업 듣 을 당시 는 정식 교수 가 아니 고 박사과정 하 는 분 이 라서 그렇 ㄴ지 "," 강의 력 은 떨어지 었 습니다""",,,,,,,,,,,,,,
열심히 하 는 모습 보여주 시 면 A + 로 보답 받 것 에 요,,,,,,,,,,,,,,
강의 는 진짜 진짜 진짜 진짜 진짜 별로 이 ㄴ데 열심히 참여 하 는 척 만 하 어 도 점수 는 잘 나오 ㅁ,,,,,,,,,,,,,,
그냥 시험 이 좀 어렵 기 는 한데 저학년 도 아니 고,,,,,,,,,,,,,,
.. 한번 꼼꼼히 읽기 보다 는 여러 번 넘기 면서 훑 는데 중요 하 아 보이 ㅁ,,,,,,,,,,,,,,
조원 들 끼리 많이 만나 다,,,,,,,,,,,,,,
그리고 학생 들 편의 많이 봐주 시 는 것 같 음,,,,,,,,,,,,,,
교양 중 에 최고 시키 는 대로 열심히 따르 아 하 기 만 하 면 A + 받 습니다,,,,,,,,,,,,,,
중간 까지 는 수업 듣 고 중간 시험 보고 중간 이후 부터 는 수업 없 음,,,,,,,,,,,,,,
강의 없 어 지 었 네 좋 은 수업 이 었 어요,,,,,,,,,,,,,,
교수 님 은 좋 으시 고 실기 만큼 필기 시험 도 중요 합 ㅂ니다,,,,,,,,,,,,,,
시험 한 번 자세 보 는데 보 는 사람 마다 다른 자세 를 요구 하 ㅁ,,,,,,,,,,,,,,
사담 같 은 느낌 도 들 고요,,,,,,,,,,,,,,
강의 전달력 떨어지 ㅁ,,,,,,,,,,,,,,
수업 중 에 출 튀 자 가 엄청 많 음,,,,,,,,,,,,,,
일단 교수 님 모든 것 에 대하 어 매우 빠르 시다,,,,,,,,,,,,,,
이것 은 아쉽,,,,,,,,,,,,,,
숙제 가 있 기 ㄴ 하나 매우 도 움 되 ㅁ,,,,,,,,,,,,,,
매번 수업 내용 작 은 카드 노트 에 정리 하 아서 들 고 오 시 는 노력 이 강의 력 에서 드러나 시 ㄴ다,,,,,,,,,,,,,,
... 어 수선 하 ㄴ 느낌,,,,,,,,,,,,,,
시험 만 준비 잘하 면 점수 엥 가 ㄴ 나오 ㅁ,,,,,,,,,,,,,,
수업 내용 이 프로젝트 와 크 게 관련 이 없 어 수업 내용 을 완벽히 이해 하 지 않 아도 프로젝트 제출 하 는데 지장 없 다,,,,,,,,,,,,,,
그 대신 열정 이 있 으면 얻 어 가 는 것 이 많 은 강의 이 다,,,,,,,,,,,,,,
있 을지 고민 하 아 오 시 는 것 이 눈 에 보일 만큼 열심히 강의 하 시 어서,,,,,,,,,,,,,,
"""그 하나 를 완성 하 는데 생각 도 많이 하 아야 하 고 "," 실제 적 이 ㄴ 작업 도 많이 하 아야 하 ㅁ""",,,,,,,,,,,,,,
수업 에서 배우 ㄴ 내용 을 바탕 으로 예시 를 듣 어야 하 는 서술 형 시험 이 었 다,,,,,,,,,,,,,,
수업 중간 에 보여주 시 는 콘텐츠 자료 들 도 풍부 하고 최근 작 들 이 많 아 유익 하 ㅂ니다,,,,,,,,,,,,,,
현업자 이 시 고 실용적 이 ㄴ 이야기 를 많이 하 아 주 시 어서 수업 자체 는 흥미 롭 지만 이론 에 대하 ㄴ 설명 은 약간 부실 하 ㄴ 느낌 이 ㅂ니다,,,,,,,,,,,,,,
교수 님 이 영어 도 굉장히 잘 하 시 고 강의 력 도 좋 으시 어서 배우 는 것 이 많 은 수업 이 ㅂ니다,,,,,,,,,,,,,,
영어 강의 는 교수 님 이 워낙 발음 도 좋 으시 고 키워드 도 올리 어 주 시 어서 많이 걱정 하 시 ㄹ 필요 는 없 습니다,,,,,,,,,,,,,,
"""시사적 이 ㄴ 얘기 ", 실무적 이 ㄴ 얘기 는 많이 하지만 ," 강의 에서 가장 중요 하 ㄴ 이론적 이 ㄴ 설명 에 있 어서 는 부족 하 ㅂ니다""",,,,,,,,,,,,,,
취업 에 조언 을 많이 하 아 주 시 어서 좋 음,,,,,,,,,,,,,,
"""다만 지금 돌이키 어 보 면 수업 이 전공 느낌 보다 교양 느낌 이 강하 았 고 "," 기업 금융 에 대하 아서 는 배우 기 힘들 다""",,,,,,,,,,,,,,
그래서 나중 에 연계 가 잘 안 되 는 느낌 .. 수학 이 없 어서 그렇 ㄴ가 ... 무엇 ㄴ가 수학적 으로 더 배우 ㄹ 수 있 는 다른 수업 추천,,,,,,,,,,,,,,
대체 강의 자 두 번 오 았 고요,,,,,,,,,,,,,,
그냥 부탁 하 면 교수 님 이 거절 하 ㄹ 터 이 ㄴ데 C + + 로 자료구조 를 배우 어야 하 ㄹ 이 유저 는 게임 개발 관심 있 다고 강조 하 ㅁ,,,,,,,,,,,,,,
온라인 때문 에 숙제 가 꽤 있 었 지만 얻 어 가 는 것 이 많 은 수업 이 었 음,,,,,,,,,,,,,,
교수 님 강의 도 잘 하 시 고 수업 도 재미있 었 어요,,,,,,,,,,,,,,
이 분 덕 에 코딩 실력 많이 늘 었 던 기억 이 남,,,,,,,,,,,,,,
조금 힘들 지만 교수 님 이 준비 도 많이 하 아 오 시 고 배우 는 맛 이 있 음,,,,,,,,,,,,,,
시험 난이도 도 책 위주 로 공부 하 아 가 면 잘 나오 ㄹ 것 같 습니다,,,,,,,,,,,,,,
강의 전달력 은 아쉽,,,,,,,,,,,,,,
시험 매우 쉽 ㅁ,,,,,,,,,,,,,,
"""세 번 째 시험 이 쉽 다고 "," 네 번 째 시험 에 는 당일 아침 까지 손 놓 고 가 았 다가 완전히 뚝배기 가 깨지 었 다""",,,,,,,,,,,,,,
결국 시험 때 공부 하 게 되 니까 다 유익 하 ㅁ,,,,,,,,,,,,,,
"""전자 전공 이 라 쉽 게 생각 하 지 말 으시 고 "," 차근차근 준비 하 시 면 성적 생각 보다 는 잘 주 시 ㄹ 것 이 ㅂ니다""",,,,,,,,,,,,,,
청강 은 솔직히 놀라 았 음,,,,,,,,,,,,,,
그렇게 어렵 지 도 않 고 수업 이 지루 하 ㄹ 정도 만 수업 내용 을 원래 알 던 학생 그러니까 고등학교 때 도 이미 프로그래밍 을 잘 하 았 던 사람 이 면 공부 없이 도 시험 만점 은 어렵 어 도 하 ㄴ 두 문제 만 틀리 는 것 가능,,,,,,,,,,,,,,
"""숙제 열심히 하 ㄴ 학생 들 이 "," 베끼 고 돌리 어 보 ㄴ 학생 들 과 점수 가 같 은 것 은 말 이 안 되 ㄴ다고 하 시 며""",,,,,,,,,,,,,,
#NAME?,,,,,,,,,,,,,,
강의 를 굉장히 꼼꼼 하 게 하 아 주 시 ㅂ니다,,,,,,,,,,,,,,
"""숙제 가 많 고 시험 채점 이 깐깐 하 기 ㄴ 하지만 "," 제대로 자료구조 배우 고 싶 고 하 다면 강의 듣 고 열심히 공부 하 면서 숙제 제출 하 면 크 ㄴ 도움 이 되 ㄹ 듯 최고 의 강의 이 ㄴ 듯 하 다""",,,,,,,,,,,,,,
솔직히 좋 았 음,,,,,,,,,,,,,,
개인적 으로 소프트웨어 학부 수업 중 꽤 나 괜찮 은 강의 이 었 다고 생각 들 ㅂ니다,,,,,,,,,,,,,,
자료구조 기본기 를 쌓 을 수 있 는 좋 은 기회,,,,,,,,,,,,,,
교수 님 좋 으시 ㅁ,,,,,,,,,,,,,,
남 는 것 은 없 어요,,,,,,,,,,,,,,
외우 는 데 자신 있 는 사람 에게 추천,,,,,,,,,,,,,,
조 별 숙 저 가 강의 최대 무리수 이 었 음,,,,,,,,,,,,,,
학생 상호 평가 라니 ... 교수 님 성선설 믿 으시 어요,,,,,,,,,,,,,,
복습 하고 질문 하 며 알 아 가 면 분명히 좋 은 수업 이 ㅁ,,,,,,,,,,,,,,
이번 학기 최악 강의 투 탑 이 ㅁ,,,,,,,,,,,,,,
약간 대강 수업 하 시 는 것 같 습니다,,,,,,,,,,,,,,
 자체 는 괞찮  것 같 음,,,,,,,,,,,,,,
많이 배우 시 어요,,,,,,,,,,,,,,
수업 이 철학 과 내용 과 연계 되 어 이루어지 기 에 무슨 말 인가 싶 을 때가 많 다,,,,,,,,,,,,,,
경영대 수업 이 ㄴ지 인문대 수업 이 ㄴ지 구분 이 안 가 ㅁ,,,,,,,,,,,,,,
"""존경 하 는 교수 님 강의 이 고 "," 재미있 게 들 었 습니다""",,,,,,,,,,,,,,
"""1 학년 수업 보다 부분적 이 ㄴ 내용 을 다루 는 만큼 "," 내용 도 훨씬 깊 고 배우 는 작품 들 도 훨씬 다양 하 아 지 ㅂ니다""",,,,,,,,,,,,,,
"""교수 님 의 유쾌하 ㄴ 성격 은 그대로 고 ", 직접 찍 으시 ㄴ 영상 , 문헌 자료 , PPT ," 웹사이트 등 다양 하 ㄴ 자료 를 통하 아 학생 들 을 이해 시키 고자 노력 하 시 기 때문 에 재미있 게 수업 을 듣 을 수 있 습니다""",,,,,,,,,,,,,,
일단 저 는 굉장히 만족 하 았 던 강의 이 ㅂ니다,,,,,,,,,,,,,,
사실 학점 보다 도 배우 는 내용 이 살 면서 필요 하 ㄴ 것 들 이 라서 더 좋 았 던 강의,,,,,,,,,,,,,,
다른 것 떠나 강의 질 이 젤 높 음,,,,,,,,,,,,,,
경제 성공학 공대 생 이 쉽 지 않 아 하 ㄹ 수 있 는 분야 를 이해하 ㄹ 수 있 게 알리 어 주 시 ㅂ니다,,,,,,,,,,,,,,
중간 은 그나마 좀 쉽 고 강의 평가 후 의 기 말 은 좀 빡 셈,,,,,,,,,,,,,,
"""음 수업 자체 는 열정 두 있 으시 고 좋 으나 졸리 ㄴ 것 이 문제 ", ,"""",,,,,,,,,,,,,,
앞 에서 못 하 는 강의 평가 지금 여기 서 하 ㄴ다,,,,,,,,,,,,,,
숙제 는 하늘 에서 떨어지 는 비 와 같 다,,,,,,,,,,,,,,
그럼 너 ㄴ 못 먹 어 같 은 느낌 이 ㅁ,,,,,,,,,,,,,,
성적 잘 나오 기 위하 아 하 ㄴ 학기 버리 어야 하 하 ㅁ,,,,,,,,,,,,,,
중요 하 ㄴ 팁 을 주자 면 숙제 제출 이메일 을 꼭 여러 번 확인 하 아서 정확히 보내 는 것 이 좋 다,,,,,,,,,,,,,,
"""학기 초반부 에 숙제 가 조금 많 기 는 하지만 솔리드 웍스 에 대하 어 많이 배우 ㄴ 것 같 고 "," 많 은 논란 이 있 었 지만 나 는 좋 은 수업 이 었 다""",,,,,,,,,,,,,,
에너지 재료 라 그렇 ㄴ가,,,,,,,,,,,,,,
"""노력 하 ㄴ 만큼 점수 를 잘 받 는 것 도 아니 고 "," 범위 가 넓 고 매 시간 마다 단 어 퀴즈 보 는 것 이 부담 이 었 습니다""",,,,,,,,,,,,,,
그런데 솔직히 좀 빡 시 어요,,,,,,,,,,,,,,
처음 에 는 힘들 었 지망 마지막 에 는 만족 하 는 강의 이 었 음,,,,,,,,,,,,,,
일단 수업 의 질 이 별로 이 었 습니다,,,,,,,,,,,,,,
실험 많이 알 ㄴ 하고 학생 들 시간 많이 안 뺏 으려고 노력 하 시 는 것 이 보이 었 던 것 같 다,,,,,,,,,,,,,,
엑셀 을 잘하 면 도움 이 되 ㄴ다,,,,,,,,,,,,,,
저 는 이번 수업 에서 엑셀 처음 하 아 보 았 는데 교수 님 께서 실습 중 에 해주시 는 설명 적 어 놓 고 집 에서 복습 하 아 가 면 충분히 습득 하 ㄹ 수 있 어요,,,,,,,,,,,,,,
좋 은 강의 이 ㅂ니다,,,,,,,,,,,,,,
말 도 일단 조 금 느리 시 어서 수업 내용 의 전반적 이 ㄴ 흐름 을 잡 는데 어렵 었 고 뒤 에 앉 으면 목소리 가 작 으시 어서 수업 내용 을 이해 하 기 가 조금 힘들 었 습니다,,,,,,,,,,,,,,
싶 히 하 니까 수업 내용 을 따라가 기 수월 햇 던 것 같 습니다,,,,,,,,,,,,,,
진짜 많이 배우 어 가 ㄹ 수 있 는 좋 은 교수 님 평소 에 공부 하 게 만들 시 어서 긴장감 있 고 좋 아요,,,,,,,,,,,,,,
이번 학기 수업 중 에 가장 얻 은 것 이 많 은 수업 이 었 습니다,,,,,,,,,,,,,,
귀찮 기 는 하지만 시험 에 도움 이 되 ㄴ다,,,,,,,,,,,,,,
또한 교수 님 께서 퀴즈 는 성적 에 크 ㄴ 영향 을 미치 지 않 으니 가 벼 울 ㄴ 마음 으로 보 라고 하 시 ㅂ니다,,,,,,,,,,,,,,
[ 수업 + 교수 님 ],,,,,,,,,,,,,,
중간 를 못 보 았 더라도 기말 를 잘 보 면 충분히 좋 은 성적 이 나오 니 연습 문제 를 여러 번 풀 어 보 시 기 ㄹ 바라 ㅂ니다,,,,,,,,,,,,,,
많 으면 1 주 우 적 으면 2 주 에 1 번 숙제 가 나가 는 것 이 힘들 기 는 하 았 지만 숙제 덕분 에 시험 공부 는 확실히 더 쉽 게 하 ㄹ 수 있 었 던 것 같 아요,,,,,,,,,,,,,,
"""나 는 이 과목 이 상당히 어렵 어 서 싫어하 았 고 점수 도 자 ㄹ 나오 지 않 은 과목 이 었 지만 그나마 윤 재 하 ㄴ 교수 님 의 강의 를 듣 어서 얻 어 가 ㄴ 것 도 있 고 "," 나름 재미있 게 하 ㄴ 것 같 았 다""",,,,,,,,,,,,,,
"""답 지 는 별도 로 구매 하 아야 하 고 "," 숙제 꼼꼼히 하 려면 답지 꼭 필요 하 니까 구입 하 시 거나 제본 하 시 어요""",,,,,,,,,,,,,,
시험 을 보 면 점수 가 같 거나 비슷 하 게 많이 나오 기 때문 에 출석 이나 발표 점수 도 가볍 게 생각 하 면 안 되 ㄹ 것 같 음,,,,,,,,,,,,,,
그리고 교수 님 이 강의 를 열심히 잘 가르치 어 주 시 어서 이해 가 잘 되 었 습니다,,,,,,,,,,,,,,
아 그리고 출 튀 하 ㄴ 학생 들 은 아예 신경 을 안 쓰 시 ㅂ니다,,,,,,,,,,,,,,
교수 님 께서 보강 을 하 시 ㄹ 때 도 학생 들 의 편의 를 봐주 시 기 위하 아 노력 하 시 고 참 착하 시 고 귀 여우 시 ㄴ 분 이 라고 생각 하 ㅂ니다,,,,,,,,,,,,,,
그러면 학우 들 이 대부분 네 하 아요,,,,,,,,,,,,,,
교수 님 착하 구 좋 음,,,,,,,,,,,,,,
중간 는 확률 과 통계 의 느낌 이 었 다면 기말 는 많 은 공식 과 비슷 하 ㄴ 내용 이 많 아 많이 부담 이 되 었 던 것 같 아요,,,,,,,,,,,,,,
교수 님 이 좋 으시 ㄴ데 강의 력 이 부족 하 시 ㅁ,,,,,,,,,,,,,,
알 는 것 도 많 으시 고 마음 도 착하 시 ㄴ 데 강의 력 이 많이 부족 하 시 ㅁ,,,,,,,,,,,,,,
가끔 경상 관 컴퓨터실 에서 엑셀 을 활용 하 는 수업 을 진행 하 시 는데 다 른 교수 님 들 의 수업 과 는 다른 점 이 라고 하 ㄹ 수 있 어요,,,,,,,,,,,,,,
그런데 강의 력 이 별로 임,,,,,,,,,,,,,,
.. 강의 들 으면 오히려 더 헷갈리 ㅁ,,,,,,,,,,,,,,
시험 은 예제 그대로 나오 거나 숫자 말 ㄴ 바꾸 어 나오 는 경우 가 많 아서 몇 번 풀 어 보 고 가 면 좋 고요,,,,,,,,,,,,,,
감독 구로사와 아키라 의 작품 을 배우 는 수업 이 다,,,,,,,,,,,,,,
"""으로써 "," 일본 의 전반적 이 ㄴ 문화 흐름 을 읽 을 수 있 고 영화 비평 의 시야 를 넓히 ㄹ 수 있 는 수업""",,,,,,,,,,,,,,
넘나 좋 음,,,,,,,,,,,,,,
교수 님 착하 시 고 수업 재미있 어요,,,,,,,,,,,,,,
애 들 수업 시간 에 한국어 많이 쓰 어도 뭐 라 안 하 ㅁ,,,,,,,,,,,,,,
하 ㄴ 학기 동안 영어 수업 이 재미있 었 습니다,,,,,,,,,,,,,,
주제 미리 다 알리 어 주 시 고 주제가 어렵 ㄴ 편도 아니 니 준비 말 ㄴ 열심히 하 면 좋 은 결과 얻 어 내 ㄹ 수 있 으시 ㄹ 것 이 ㅂ니다,,,,,,,,,,,,,,
착하 ㅁ 착 힘 칙 하 ㅁ,,,,,,,,,,,,,,
중간 기말 은 토론 형 으로 두 번,,,,,,,,,,,,,,
.. 하 면 행복 하 ㄴ 학기 되 시 ㄴ 것 이 ㅂ니다,,,,,,,,,,,,,,
이번 학기 A + 받 은 수강 생 PS,,,,,,,,,,,,,,
출석 은 당연히 잘 하 시 어야 하 고 참여 도 도 중요 하 아요,,,,,,,,,,,,,,
이것 이 제일 좋 은 점 그래도 어떤 조원 을 만나 느냐 에 따르 아 다르 겠 죠,,,,,,,,,,,,,,
생활 영어 많이 배우 어 가 ㅂ니다,,,,,,,,,,,,,,
영어 강의 중 에 는 단 연 최고 라고 말 하 ㄹ 수 있 습니다,,,,,,,,,,,,,,
시험 도 발표 두 번 하 는데 반응 잘 하 아 주 시 어서 좋 았 음,,,,,,,,,,,,,,
교수 님 자체 는 좋 으시 고 재미있 고 수업 도 자 ㄹ 가르치 시 지만,,,,,,,,,,,,,,
로비 수업 보통 짝꿍 이랑 대화 하 게 하 는데 진짜 좋 았 다고 생각 하 ㅁ,,,,,,,,,,,,,,
수업 은 대화 위주 로 많이 시키 ㅂ니다,,,,,,,,,,,,,,
시험 은 자기 가 하 라는 것 만 알 아서 하 면 성공 하 ㄴ다,,,,,,,,,,,,,,
수업 시간 에 사진 이랑 동영상 도 많이 보여주 시 ㅂ니다,,,,,,,,,,,,,,
교재 보다 ㄴ 별도 수업 자료 로 많이 수업 하 시 었 고 그래서 쉽 으면서 도 유용 하 ㄴ 내용 을 많이 배우 었 음,,,,,,,,,,,,,,
교수 님 귀 여우 새 요,,,,,,,,,,,,,,
최고 의 수업,,,,,,,,,,,,,,
학생 들 신경 을 많이 쓰 는 것 같 음,,,,,,,,,,,,,,
한국인 교수 님 이 라 수업 이 비교적 원활 하 기 ㄴ 하 아요,,,,,,,,,,,,,,
발표 외우 어서 말 하 는 것 이 완벽 하 지 않 아도 많이 막히 지 않 고 전달 하 면 점수 잘 주 시 ㅂ니다,,,,,,,,,,,,,,
교수 님 이 많이 바뀌 ㄴ 수업 이 었 다,,,,,,,,,,,,,,
특히 구조 를 중요시 하 시 ㅂ니다,,,,,,,,,,,,,,
교수 님 이 굉장히 철학적 이 ㄴ 질문 을 자주 하 시 어서 수업 시간 에 굉장히 많 은 생각 을 하 게 되 ㅂ니다,,,,,,,,,,,,,,
하지만 시험 이 어 마 어마 하 게 준비 하 ㄹ 것 이 많 고 여러 번 보 ㅂ니다,,,,,,,,,,,,,,
좋 았 어요 얼마나 완변  영어 를 구사 하 는 자기 가 아니 ㄴ 얼마나 흥미 를 가지 고 노력 하 는 자기 가 평가 기준 이 신 것 같 아요,,,,,,,,,,,,,,
이런 교수 님 을 만나 서 다행 이 었 다고 생각 도 들 고 하 ㄴ 학기 내내 영어 수업 이 즐겁 었 어요,,,,,,,,,,,,,,
내 어 얘기 수업 주제 전반 이 사회 현상 이나 이슈 와 연관 되 어 있 는데 상당히 마음 에 들 었 고 토론 방식 의 수업 이 개인적 으로 성장 하 는데 도움 을 많이 주 었 다고 생각 하 ㅁ,,,,,,,,,,,,,,
숙제 많 고 힘들 다는 얘기 가 있 었 는데 전혀 아니 었 구 수업 내내 편안 하 았 고 학생 들 을 배려 하 ㄴ다는 것 이 느끼 어 지 었 어요,,,,,,,,,,,,,,
고급 저 는 좋 았 어요,,,,,,,,,,,,,,
조 별 모임 도 많 아 귀찮 음,,,,,,,,,,,,,,
교수 님 은 좋 으시 고 쾌활 하 시 ㄴ 분 이 ㄴ데 .. 수업 시간 에 이것저것 하 라는 것 이 많 고 다양 하 ㄴ 것 을 요구 하 시 ㅁ,,,,,,,,,,,,,,
의외로 강의 평이 좋 아서 놀라움 교수 가 시키 는 것 도 바라 는 것 도 많 음,,,,,,,,,,,,,,
그래도 숙제 랑 퀴즈 엄청 해대 느라 고생 은 하 았 지만 교수 님 께서 더 많이 가르치 어 주 시 려고 노력 하 시 는 만큼 배우 ㄴ 것 은 많 은 수업 이 었 음,,,,,,,,,,,,,,
교수 님 은 호탕 하 시 고 좋 으시 나 시험 이 많 아서 힘들 었 음,,,,,,,,,,,,,,
수업 에 대하 ㄴ 열정 이 넘치 어 보이 ㅁ,,,,,,,,,,,,,,
좋 게 말 하 면 재미있 는 수업 이 고 나쁘 게 말 하 면 텐 션 이 높 은 수업 숙제 를 많이 내주 셨 는데 되게 열심히 피드백 하 아 주 시 었 던 기 억 이 있 다,,,,,,,,,,,,,,
평가 기준 이 명확 하 아서 좋 았 음,,,,,,,,,,,,,,
요구 사항 이 많 은 깐깐 보스 지만 그 깐깐 하 ㄴ 기준 대로 만 하 면 되 ㅁ,,,,,,,,,,,,,,
단점 지적 도 꽤 예리 하 ㄴ 구석 도 있 어서 나중 에 회사 같 은 데 에서 PT 하 ㄹ 때 도움 이 되 ㄹ 거라 생각 하 ㅁ,,,,,,,,,,,,,,
시험 에서 평가 기준 정석 대로 하 는 것 이 중요 하 ㄴ 듯,,,,,,,,,,,,,,
배우 ㄴ 것 도 많 고 좋 은 강의 길 ㄴ 하 ㅂ니다,,,,,,,,,,,,,,
성격 은 좋 으시 ㅁ,,,,,,,,,,,,,,
1 학기 영어 1 에 비하 아 영어 2 가 빡 세 ㄴ 것 같 아요,,,,,,,,,,,,,,
개인적 으로 다른 교수 님 보다 빡 세 었 던 것 같 음,,,,,,,,,,,,,,
또한 평가 도 매우 깐깐 하 ㅂ니다,,,,,,,,,,,,,,
수업 좋 지 배워가 는 것 도 많 아,,,,,,,,,,,,,,
남 는 것 도 은근히 많 았 다,,,,,,,,,,,,,,
A 는 받 아 다행 이 지 아니 면 욕하 고 다니 ㄹ 뻔하 ㅁ,,,,,,,,,,,,,,
출 결 이 진짜 중요 하 ㄴ 수업 평가 기준 도 확실 하 게 있 어서 점수 는 객관적 으로 주 ㄴ다는 장점 이 있 음,,,,,,,,,,,,,,
좀 불편 하 았 던 것 은 교실 도 좁 은 데 계속 돌아다니 면서 다른 사람 이랑 영어 로 대화 하 아서 학습지 채우 어야 하 ㅁ,,,,,,,,,,,,,,
진짜 얻 는 것 이 있 는 수업 이 길 ㄴ 하 았 는데 발표 가 많 아서 그것 ㄹ 어렵 어 하 시 는 분 들 이 면 많이 부담 스럽 ㄹ 것 같 네요,,,,,,,,,,,,,,
격투 선수 같 은 체격 하 ㄴ 외국인 쌤 이 ㅁ,,,,,,,,,,,,,,
학기 중 유일하 C + 맞 았 습니다,,,,,,,,,,,,,,
학점 은 모르 아도 영어 실력 증진 에 는 도움 이 많이 되 는 교수 님 이 ㅂ니다,,,,,,,,,,,,,,
숙제 도 많 고 시험 도 여러 번 보 ㄴ다 ........,,,,,,,,,,,,,,
나 는 만족 하 았었 당,,,,,,,,,,,,,,
PF 수업 이 ㅂ니다,,,,,,,,,,,,,,
비 대면 이 라 너무 아쉽 었 던 강의,,,,,,,,,,,,,,
앞 으로 대학 생활 관련 하 아서 도 많 은 것 알 게 되 고 나 자신 에 대하 아서,,,,,,,,,,,,,,
흥미 가 좀 떨어지 어 요,,,,,,,,,,,,,,
진지 하 게 진로 에 대하 어 고민하 있 어서 듣 었 는데 진로 는,,,,,,,,,,,,,,
꿀 교양 이 라고 하 아서 잡 았 지만 타 아 과 생 들 만나 는 것 빼 고 는 딱히 크 ㄴ 느낌 으로 와 닿 지 는 않 은 수업,,,,,,,,,,,,,,
일단 출 결 이 깐깐 하 ㅁ,,,,,,,,,,,,,,
진로 보다 ㄴ 자신 에 대하 어 이것저것 알아보 는 느낌 이 었 음,,,,,,,,,,,,,,
레전드 PPT 로 뭘 하긴 하 는데 이 미 다 배우 ㄴ 거라 노잼 이 ㅁ,,,,,,,,,,,,,,
부담 없이 듣 을 수 있 는 강의,,,,,,,,,,,,,,
에 타 강의 평 에 숙제 가 많 다,,,,,,,,,,,,,,
"""대학 생활 과 진로 탐색 "," 사람 들 마다 평이 많이 갈리 지만 저 는 좋 았 어요""",,,,,,,,,,,,,,
나름 도움 도 되 는 내용 이 고 나 자신 을 다시 한번 돌아보 게 되 ㄴ 달 까,,,,,,,,,,,,,,
수업 은 약간 지루 하 ㅁ,,,,,,,,,,,,,,
수업 은 지루 하고 뻔하 ㅁ,,,,,,,,,,,,,,
... 그래도 한 번 쯤 들 어 보 면 유익 하 기 ㄴ 하 네요,,,,,,,,,,,,,,
진로 에 대하 어 고민 많이 해보 게 되 ㄴ 계기 가 되 었 음,,,,,,,,,,,,,,
그닥 진로,,,,,,,,,,,,,,
근데 화장실 가 ㄹ 때 핸드폰 이나 학생증 맡기 는 것 은 학생 이 많 아서 그런 것 은 이해 하 겠 는데 별로 에 요 파일 도 쓸 것 이 많 고 그래서 힘들 어요,,,,,,,,,,,,,,
본인 은 시험 2 번 만 으로 판가름 하 는 것 을 선호 하 아서 노동 듣 고 나 서,,,,,,,,,,,,,,
사실 상 배우 ㄴ 것 을 토대 로 경제학 적 수학적 사고 를 요하 는 문제 가 많이 출제 되 고 출석 은 알 ㄴ 들어가 지만 결국 수업 에서 강조 하 ㄴ 것 이 그대로 나오 ㄴ다,,,,,,,,,,,,,,
무엇 ㄴ가 쉽 ㄴ 것 같 으면서 도 어렵 ㄴ 과목 이 ㄴ 듯 ...,,,,,,,,,,,,,,
"""다만 퀴즈 가 많 은 편 "," 자주 있 지만 문제 가 쉽 어서 수업 복습 만 하 ㄴ다면 전혀 어렵 ㄹ 것 이 없 는 퀴즈 이 고""",,,,,,,,,,,,,,
수업 때 수업 관련 되 ㄴ 내용 말 고 분야 와 관련 되 ㄴ 다른 이야기 들 도 해주시 고요,,,,,,,,,,,,,,
교수 님 만큼 이 수업 에 대하 어 노력 하고 공부 하 ㄴ 사람 만 강의 에 대하 어 평가 하 라고 하 면 아무 도 평가 못하 ㄹ 듯,,,,,,,,,,,,,,
매주 학생 들 이 질문 하 면 강의 자료 업데이트 되 고 수업 전 에 손수 A 4 용지 에 설명 하 ㄹ 것 들 을 써 오 시 고 판서 하 시 는 것 보 면서 수업 준비 를 열심히 하 시 ㄴ다는 것 을 느낌,,,,,,,,,,,,,,
교수 님 께서 철저 하 게 준비 하 시 고 강의 력 도 좋 으시 다,,,,,,,,,,,,,,
컴 학 에 ㄴ 미안 하 지만 가 지 말 으시 어요,,,,,,,,,,,,,,
복습 하 ㄹ 수 있 는 강의 도 주 시 는데 그것 도 많 은 도움 이 되 었 습니다,,,,,,,,,,,,,,
교수 님 께서 연륜 이 묻어나 는 베테랑 답 은 강의 를 보여주 시 ㅂ니다,,,,,,,,,,,,,,
교수 님 께서 열심히 강의 하 아 주 시 어서 수업 따라가 려면 열심히 하 아야 하 ㅂ니다,,,,,,,,,,,,,,
 괜찮 으시 고 좀 졸리 는 말 투 이 ㅁ,,,,,,,,,,,,,,
다 좋 은데 이 ㄴ 강이 남 아 있 다,,,,,,,,,,,,,,
내용 이 많이 어렵 습니다,,,,,,,,,,,,,,
.. 그러나 교수 님 의 수업 을 이해 하 아야 어렵 ㄴ 문제 를 풀 수 있 는 것 같 고요,,,,,,,,,,,,,,
그래서 복습 을 안 하 아 주 면 다음 강의 는 반 은 흘려듣 게 되 ㄴ다,,,,,,,,,,,,,,
남 들 평가 하 ㄴ 것 전혀 공감 안 되 ㅁ,,,,,,,,,,,,,,
시험문제 는 다 알리 어 주 시 었 지만 뭐 나름 배우 ㄴ 것 도 많 고 수업 듣 느라 힘들 지 ㄴ 않 아서 좋 았 음,,,,,,,,,,,,,,
만약 사실 이 면 싫 다,,,,,,,,,,,,,,
오히려 기 보 ㄴ 적 이 고 사소 하 ㄴ 것 도 확실히 알 고 가게 되 어서 어느 정도 도움 이 되 ㄴ 것 같 았 다,,,,,,,,,,,,,,
짓 굳 은 농담 으로 생각 하 시 면 되 ㅂ니다,,,,,,,,,,,,,,
교수 님 안 좋아하 는 사람 많 지만 나름 살갑 고 정 많 은 교수 님 이 ㅁ,,,,,,,,,,,,,,
시험 문제 를 이해 하 느냐 안 하 느냐 에 점수 가 많이 갈리 는 것 같 다,,,,,,,,,,,,,,
독학 하 기 힘들 고 ... 알리 어 주 지 않 은 부분 알 아서 공부 하 아서 숙제 해 오 라고 하 고 ... 퀴즈 보 고 뜬금 없이 중간 로 대체 하 ㄴ다고 하 고 ... 사람 이 좋 고 열 정도 넘치 지만 ..,,,,,,,,,,,,,,
일단 수업 자체 에서 배우 ㄹ 것 은 딱히 없 어요,,,,,,,,,,,,,,
나름 이해 하고 요약,,,,,,,,,,,,,,
진심 별로 다,,,,,,,,,,,,,,
개인적 으로 외국 시인 발표 하고 소개 하 는 것 은 별로 이 었 음,,,,,,,,,,,,,,
저 는 이번 학기 에 가장 즐겁 었 던 시간 이 었 거든요,,,,,,,,,,,,,,
많 은 경험 을 토대 로 학생 들 의 ' 실력 ' 을 키워 주 고자 하 는 모습 이 보이 는 교수 님 이 ㅂ니다,,,,,,,,,,,,,,
"""점수 는 엄청 잘 주 었 다고 생각 하 며 "," 교수 님 이 깐깐 하고 제대로""",,,,,,,,,,,,,,
하 시 려고 하 기 에 힘들 수도 있 는데 남 는 것 도 많 고 유익 하 ㄴ 강의 이 었 습니다,,,,,,,,,,,,,,
교수 님 친절 하 시 고 학생 들 을 생각 하 시 고 수업 개선 하 려고 노력 하 시 어요,,,,,,,,,,,,,,
"""", ," 일단 플몰  아니 ㅁ""",,,,,,,,,,,,,,
매번 뽑 아 가 는 것 이 귀찮 기 는 하 았 지만 확실히 강의 자료 있 어야 이해 가 잘 되 ㅁ,,,,,,,,,,,,,,
수업 방식 영어 PPT 에 영어 랑 한국어 를 섞어 서 강의 하 시 ㅁ,,,,,,,,,,,,,,
하지만 강의 력 도 좋 으시 고 이것 ㄹ 들 으면 경영 경제 통계학 이나 통계학 입문 이 쉽 게 느끼 어 지 ㄹ 정도 ..,,,,,,,,,,,,,,
시험 세 번 보 는 것 이 크 ㄴ 흠 이 고 .. 필기 판서 하 시 는 것 도 매우 빠르 아서 맹목적 으로 받 아 적 다,,,,,,,,,,,,,,
"""시험 원래 2 번 이 ㄴ데 "," 퀴즈식 으로 한 번 더 보 았 습니다""",,,,,,,,,,,,,,
생소 하고 어렵 ㄴ 과목 이 지만 매 시간 마다 10 분 정도 전 에 배우 ㄴ 내용 을 복습 하 아 주 시 고 응용 문제 도 같이 풀 어 주 시 어서 많 은 도움 이 되 었 음,,,,,,,,,,,,,,
그렇 다고 시험 을 엄청,,,,,,,,,,,,,,
수업 과 관련 없 는 이야기 짱 많이 하 ㅁ,,,,,,,,,,,,,,
고등학교 통계 수업 을 잘 배우 었 다면 충분히 독학 하 ㄹ 수 있 다,,,,,,,,,,,,,,
숙제 는 꽤 많 았 지만 도움 되 는 숙제 이 었 음,,,,,,,,,,,,,,
시험 은 연습 문제 랑 PPT 보 고 공부 하 면 쉽 게 풀 수 있 어요,,,,,,,,,,,,,,
"""교수 님 목소리 가 차분 하고 조용 하 아서 잠 이 오 ㄹ 수 도 있 는데 "," 그것 ㄴ 본인 하 기 나름 이 ㄴ 것 같 습니다""",,,,,,,,,,,,,,
다른 강의 필요 없 고 교수 님 수업 열심히 듣 고 수업 바탕 으로 스스로 복습 열심히 하 ㄴ다면 무조건 성적 잘 나오 ㄹ 것 에 요,,,,,,,,,,,,,,
교수 님 수업 이 너무 좋 으시 ㅁ,,,,,,,,,,,,,,
C 언어 기초 에 좋 은 수업 이 ㅂ니다,,,,,,,,,,,,,,
시험 문제 는 함정 이 많 은데 기본 개념 을 확실히 알 아 두 면 무난 하 게 풀 수 있 을 것 같 다,,,,,,,,,,,,,,
시험 은 함정 이 많 아서 개인적 으로 겁 내 어렵 었 음,,,,,,,,,,,,,,
"""실습 "," 숙제""",,,,,,,,,,,,,,
성적 도 되게 점수 주 려고 많이 하 시 는 것 이 보이 는 것 같 아요,,,,,,,,,,,,,,
어렵 다 보 니까 1 번 만 풀 고 슝 나가 버리 는 친구 가 많 았 던 것 같 아요,,,,,,,,,,,,,,
유익 하고 실질적 이 ㄴ 프로그램 많이 다루 는 수업 이 ㅂ니다,,,,,,,,,,,,,,
전공 인 데 도 부담 없 고 교수 님 도 센스 있 으시 어서 수업 도 좋 은데 또 막상 배워가 는 것 도 많 은 괜찮 은 수업 이 었 습니다,,,,,,,,,,,,,,
그냥 수업 이 아니 라 살아가 는데 도움 이 되 ㄹ 수 있 는 유익 하 ㄴ 수업 이 ㅁ,,,,,,,,,,,,,,
이 수업 에서 수업 만 집중 하 아서 잘 듣 고 복습 하 ㄴ다면 학점 은 문제 없 을 것,,,,,,,,,,,,,,
덕분 에 법 과목 에 대하 ㄴ 흥미 가 생기 었 습니다,,,,,,,,,,,,,,
시험 때 는 무조건 생각나 는 대로 많이 쓰 는 것 이 좋 아요,,,,,,,,,,,,,,
예 를 들 어 지금 부터 계획 을 세우 어야 하 ㄴ다 진로 얘기 가 대부분 이 에 요 근데 저 는 되게 좋 았 어요,,,,,,,,,,,,,,
가 았 다 하 시 어서 세로 로 되 ㄴ 공책 에 필기 하 기 가 살짝 곤란 하 았 습니다,,,,,,,,,,,,,,
제일 난해 하 ㄴ 것 은 역시 교수 님 의 판서 이 ㄴ데 항상 집중 하고 있 으면 알아보 는데 무리 가 없 지만 한 번 이 라도 놓치 면 그거 해석 하 려다가 다음 파트 를 잃 는 일 이 많 다,,,,,,,,,,,,,,
수업 시간 때 마다 서로 의 의견 을 제시 하 는데 꽤 유익 하 았 던 시간 이 었 음,,,,,,,,,,,,,,
강의 량 이 많 지만 설명 잘 하 아 주 시 어서 재미있 게 듣 었 음,,,,,,,,,,,,,,
교수 님 이 주 시 ㄴ 자료 보 고 그 수업 에 배우 ㄴ 내용 으로 토론 하 는 것 이 ㄴ데 하 ㄹ 말 ㄴ 하 ㅁ,,,,,,,,,,,,,,
"""", , ," 깊 게 들어가 기 보다 는 중요 하 ㄴ 부분 만 설명 하 아 주 시 는 느낌 이 더 강하 았 다""",,,,,,,,,,,,,,
전기 과 중 에서 가장 불만 이 많 았 던 수업 이 었 음,,,,,,,,,,,,,,
귀찮 았 지만 저번 학기 보다 는 오프라인 수월 하 았 던 것 같 습니다,,,,,,,,,,,,,,
중간 은 객관,,,,,,,,,,,,,,
"""다만 팀 프로젝트 "," 발표 가 없 고 수업 일주일 에 한 번 이 라는 것 만 으로 수월 하 ㄴ 편 이 ㅁ""",,,,,,,,,,,,,,
영화 감상 후 영화 에 나오 는 금융 관련 내용 들 로 수업 을 진행 하 시 어서 재미 도 있 고 지루 하 지 않 음,,,,,,,,,,,,,,
멋대로 강의 일정 바꾸 고 미 국가 니까 좋 으시 겠 어요,,,,,,,,,,,,,,
실습 수업 이 라 숙제 많 은 것 은 어 쩔 수 없 는 듯,,,,,,,,,,,,,,
시간 많이 뺏기 고 출 튀 가 난무 하 는 수업,,,,,,,,,,,,,,
그래도 교수 님 이 일반 영어 지문 이 아니 ㄴ 새롭 고 흥미 로 울 ㄴ 정보 를 수업 으로 활용 하 아 많이 알리 어 주 려고 하 시 어서 좋 았 음,,,,,,,,,,,,,,
음 배우 는 것 이 없 기 는 하 아요,,,,,,,,,,,,,,
고등학교 영어 수업 과 비슷 하 다고 생각 하 시 면 되 어요,,,,,,,,,,,,,,
#NAME?,,,,,,,,,,,,,,
라는 것 을 느끼 ㄹ 만큼 해석 하 는데 어려움 이 있 으시 고 학생 들 말 듣 고 해석 을 바꾸 시 는 경우 도 종종 있 답니다,,,,,,,,,,,,,,
수업 시간 에 말 하 시 ㄴ 내용 시험 에 많이 나오 ㅁ,,,,,,,,,,,,,,
숙제 가 중요 하 ㅁ,,,,,,,,,,,,,,
강의 자체 도 불친절 하고 시험 은 더더욱 그럼,,,,,,,,,,,,,,
수업 은 자 ㄹ 설명 해주시 지만 시험 문제 가 매우 그지 같 았 던 것 ㄹ로 기억 하 ㄴ다,,,,,,,,,,,,,,
하지만 편하 ㄴ 것 은 사실,,,,,,,,,,,,,,
첫 학기 첫 수업 으로 노동건 교수 님 께 배우 어서 좋 았 다,,,,,,,,,,,,,,
"""C 을 이용 하 아 객 체지 향 및 이벤트 "," 쓰 레드 등 의 전반적 개념 들 을 쭉 배우 고 이 를 활용 하 아 윈도우 폼 제작 방법 을 배우 ㅂ니다""",,,,,,,,,,,,,,
"""다음번 에 같 은 강의 가 생기 ㄴ다면 "," 진득 하 게 하 ㄴ 언어 에 대하 아서 배우 는 강의 가 되 었 으면 하 ㅂ니다""",,,,,,,,,,,,,,
지금 생각 하 면 참 좋 은 수업 이 었 음,,,,,,,,,,,,,,
"""시 에 대하 ㄴ 나 의 생각 과 느낌 "," 분석 이 중요 하 ㅂ니다""",,,,,,,,,,,,,,
교수 님 도 좋 았 고 강의 듣 는 동안 부담 은 별로 없 었 습니다,,,,,,,,,,,,,,
수업 분위기 는 자유로 울 ㄴ 편입 ㅂ니다,,,,,,,,,,,,,,
교양 다운 교양,,,,,,,,,,,,,,
열심히 공부 하 ㄴ 만큼 학점 따 기 좋 은 강의 이 다,,,,,,,,,,,,,,
하 ㄴ 학기 의 유일 하 ㄴ 숨구멍 이 었 던 수업 이 었 다,,,,,,,,,,,,,,
교수 님 강의 력 이 좋 으시 고 열정적 으로 하 시 ㅂ니다,,,,,,,,,,,,,,
엄청 무섭 ㄴ 교수 님,,,,,,,,,,,,,,
포기 하 지 말 으시 고 권 혁 회 교수 님 은 항상 생각 보다 학점 을 높 게 뿌리 시 는 분 이 니까 열심히 하 시 어요,,,,,,,,,,,,,,
습 너,,,,,,,,,,,,,,
... 아무래도 원어 수업 은 원어 수업 이 ㄴ지 라 절대평가 였 던 것 같 네요,,,,,,,,,,,,,,
원서 로 수업 하고 배우 는 내용 도 어렵 지만 학점 잘 주 시 어서 좋 아요,,,,,,,,,,,,,,
선형 대수학 을 깊이 있 게 배우 기 보다 는 전체적 으로 한 번 훑 어 보 ㄴ다는 느낌 으로 진행 되 는 강의 이 ㅂ니다,,,,,,,,,,,,,,
"""항상 웃음 을 잃 지 않 으시 고 "," 질의응답 을 잘 받 아 주 시 면서 소통 하 면서 수업 을 듣 고 있 다는 느낌 이 확연히 들 는 강의 이 었 습니다""",,,,,,,,,,,,,,
PPT 에 오류 가 많 기 는 하지만 집중 하 아서 들 으면 문제 없 음,,,,,,,,,,,,,,
개인적 으로 만족 스럽 ㄴ 수업 이 었 음,,,,,,,,,,,,,,
수업 다 듣 었 는데 얻 어 가 는 것 없 단 강의 평 도 있 지만 책 진도 도 다 나가 았 고 숙제 나 시험 브리핑 도 자세히 하 어 주 고 학점 도 잘 주 는 편 이 고 괜찮 음,,,,,,,,,,,,,,
배워가 는 것 은 적 다,,,,,,,,,,,,,,
하지만 대학교 수업 중 이 교수 님 강의 는 돈 아깝 ㄴ 강의 라고 생각 들 는 것 은 변함없 다고 느끼 어요,,,,,,,,,,,,,,
대체 하 ㄴ 학기 동안 뭘 배우 었 는지 의심 이 들 ㄹ 정도 이 에요,,,,,,,,,,,,,,
근데 교수 님 강의 력 은 최고 이 ㅁ,,,,,,,,,,,,,,
자기 가 공부 하 ㄴ 만큼 학점 을 챙기 ㄹ 수 있 습니다,,,,,,,,,,,,,,
한 학기 수업 을 통하 아 선형 대수 의 크 ㄴ 틀 은 잘 배우 었 다고 생각 하 ㅂ니다,,,,,,,,,,,,,,
강의 방식 은 호불호 가 매우 갈리 는 강의,,,,,,,,,,,,,,
강의 열심히 해주시 려고 하 고 중 하위 권 다 끌 고 가 시 려는 교수 님 노력 좋 다고 생각하 ㄴ 다,,,,,,,,,,,,,,
도대체 왜 학점 비율 이 채우 어 주 ㅁ,,,,,,,,,,,,,,
다시 가 ㄹ까요,,,,,,,,,,,,,,
수업 참여 도 를 중요 하 게 생각 하 시 는 듯,,,,,,,,,,,,,,
출 결 이나 숙제 관리 는 하 시 지만 가장 중요 하 ㄴ 것 은 시험 이 ㅂ니다,,,,,,,,,,,,,,
그래도 숙제 에서 시험 출제 를 하 시 어서 시험 공부 하 ㄴ 다 생각 하고 하 면 괜찮 다고 생각하 아 용,,,,,,,,,,,,,,
빡 시 어요 그리고 점수 에 반영 많이 되 고요,,,,,,,,,,,,,,
강의 력 은 만족 하 ㅁ,,,,,,,,,,,,,,
T 를 되게 좋아하 시 어요,,,,,,,,,,,,,,
강의 평 을 많이 남기 면 남길수 록 학생 들 이 알 아야 하 ㄹ 정보 가 늘어나 ㄴ다고 생각하 아 서 강의 평가 를 남기 겠 음,,,,,,,,,,,,,,
"""본인 은 전반적 으로 만족 하나 "," 교수 님 이 수업 도 중 말씀 하 시 는 학습 외 얘기 는 대부분 수긍 하 기 힘들 고 다소 편협 적 이 신 거 같 음""",,,,,,,,,,,,,,
공부 하 면 어떻하 게 든 성적 은 나오 ㄴ 다 근데 하 ㄴ 학기 씹 고 생 이 다,,,,,,,,,,,,,,
괜찮 겠 지 라고 생각 하 다가 학기 끝나 고 우리 처럼 1 점 강의 평가 작성 하고 있 는 자신 을 보 게 에 요,,,,,,,,,,,,,,
그냥 적당히 역사 좋아하 는 애 들 이 듣기 좋 은 강의,,,,,,,,,,,,,,
수업 시간 꼭 75 분 꽉 채우 어서 수업 하 시 고 프린트 에 내용 도 꽉 꽉 채우 어 지 어 있 고 책 도 길 고 못 알아듣 겠 지만 출 튀 가 가능 하 ㅂ니다,,,,,,,,,,,,,,
학생 들 존중 해주시 고 진심 으로 겸손 하 아 하 시 는 것 많이 느낌,,,,,,,,,,,,,,
"""사실 토론 준비 하 아야 하 는 점 이 그 과정 은 짜증 투성 이 ㄴ데 하 고 나 면 뿌듯 하고 무엇 보다 교수 님 태도 나 하 시 는 말씀 "," 행동 보 면 그냥 다 좋 음""",,,,,,,,,,,,,,
※ 수업 창사 독 은 진짜 신 경 수 교수 님 이 좋 아요,,,,,,,,,,,,,,
시간 투자 를 많이 하 ㄴ 것 같 은 느낌,,,,,,,,,,,,,,
1 학점 치고 는 발표 도 있 고 생각 하고 준비 하 ㄹ 것 이 많 지만 교수 님 은 참 좋 음,,,,,,,,,,,,,,
.. 굳굳 굳굳 굳 아쉽 다,,,,,,,,,,,,,,
시험 통수 는 거짓말 같 다,,,,,,,,,,,,,,
보 니 수업 방향 이 좀 휘둘리 ㄹ 때가 있 는데 그 정돈 뭐 괜찮 은 듯,,,,,,,,,,,,,,
교수 님 알 는 것 도 많 으시 고 학생 들 잘 배려 하 아 주 시 어요,,,,,,,,,,,,,,
부담 안 주 려 노력 많이 하 시 고 정보 많이 가져다주 시리 어 하 시 니 수업 잘 들 으시 어요,,,,,,,,,,,,,,
가산점 챙기 며 교재 꼼꼼히 읽 으면 좋 은 결과 가 있 으리라 생각 하 ㅂ니다,,,,,,,,,,,,,,
되게 인정 많 으시 고 수업 준비 도 열 삼하 하 시 는 교수 님 이 시 어요,,,,,,,,,,,,,,
교양 이 라 열심히 하 ㄹ 생각 이 없 었 지만 교수 님 이 재미있 으시 고 좋 으시 어서 공부 를 하 게 되 버리 었 다,,,,,,,,,,,,,,
생각하 ㄹ 거리 가 많 아서 토론 준비 도 편 하 ㅂ니다,,,,,,,,,,,,,,
배우 ㄹ 점도 많 고 생각하 ㄹ 것 도 많 습니다,,,,,,,,,,,,,,
교수 님 의 스타일 은 한국사 수업 을 많이 하 시 ㅂ니다,,,,,,,,,,,,,,
시험 이 없 다는 것 은 부담 이 안 되 고 좋 지만 평소 에 세세 하 게 챙기 ㄹ 것 이 많 아서 정신 차리 고 있 어야 하 아요,,,,,,,,,,,,,,
굉장히 인간적 이 시 며 배려 심 이 많 으시 기 때문 에 전공과목 을 배려 하 아 주 시 어서,,,,,,,,,,,,,,
"""학생 들 에게 관심 이 많 은데 "," 이것 이 잘 놀 는 애 들 한테 관심 과 사랑 을 베풀 ㅁ""",,,,,,,,,,,,,,
숙제 가 많 아서 1 학점 짜리 가 이렇게 벅차 나 싶 었 는데 학점 은 잘 주 시 는 것 같 아요,,,,,,,,,,,,,,
관심 1 도 없 어 보이 지만 잘 알 고 계심 ..,,,,,,,,,,,,,,
많이 하 고,,,,,,,,,,,,,,
수업 자체 도 많이 루즈 하 ㅁ,,,,,,,,,,,,,,
토론 이 구체화 되 ㄴ 주제 를 가지 고 있 고 특이 하 ㄴ 주제도 많이 다루 어서 토론 이 ㅁ,,,,,,,,,,,,,,
수업 이 교수 님 이 먼저 주제 에 관련 되 ㄴ 내용 을 보여주 시 고 학생 들 이 제안 하 ㄴ 토론 주제 중 뽑 아서 던지 어 주 시 어요,,,,,,,,,,,,,,
책 읽 고 쪽 지 시험 같 은 걸루 중간 기말 봄,,,,,,,,,,,,,,
그리고 되게 지식 의 범위 도 넓 으시 고 깊이 도 깊 으시 ㄴ 것 같 았 습니다,,,,,,,,,,,,,,
여러 방면 으로 참 도움 이 되 고 배우 ㄹ 것 이 많 은 교수 님 이 시 ㅂ니다,,,,,,,,,,,,,,
나름 괜찮 았 음,,,,,,,,,,,,,,
"""토론 수업 을 하 ㄴ 번 씩 하 는데 "," 교수 님 이 진행 을 진짜 잘 하 시 는 것 이 생각 도 많 으시 고 여러모로 좋 은 교수 님 이 었 음""",,,,,,,,,,,,,,
아니 ㄹ 경우 매우 뻘 주 ㅁ,,,,,,,,,,,,,,
근데 이 수업 은 근 하 ㄹ 것 이 많 은 수업 이 ㅂ니다,,,,,,,,,,,,,,
그 점수 들 이 토론 점수 가 되 ㅁ,,,,,,,,,,,,,,
시험 은 기말 에 1 번 보 는데 올리 어 주 시 ㄴ PPT 를 열심히 외우 고 토론 시간 에 각 조가 발표 하 ㄴ 내용 을 대략적 으로 알 고 있 으면 되 요,,,,,,,,,,,,,,
천사 시 어요 학생 들 배려 많이 하 아 주 시 어요,,,,,,,,,,,,,,
A 잘 안 주 어요,,,,,,,,,,,,,,
... 하여튼 되게 좋 은 강의 이 ㄴ 것 은 분명 하 ㅁ,,,,,,,,,,,,,,
확실히 배워가 는 것 은 많 은 수업 이 다,,,,,,,,,,,,,,
근데 또 교수 님 은 열심히 하 는 것 같 기 도 한데 교 필 이 라 그래 어서 이 ㄴ지 의 미 없 었 던 수업,,,,,,,,,,,,,,
조 별 숙 저 가 빡 세 기 는 하지만 전체적 으로 좋 아요,,,,,,,,,,,,,,
평가 는 조 별 토론 과 기말 시험 으로 진행 되 었 습니다,,,,,,,,,,,,,,
전체적 으로 좋 은 강의 이 었 다고 생각 하 ㅂ니다,,,,,,,,,,,,,,
저 는 개인적 으로 스터디 하 는 줄 알 았 어요,,,,,,,,,,,,,,
도 많이 하 시 ㅁ,,,,,,,,,,,,,,
"""시험 문제 는 시험 전 에 중요 하 다고 하 시 는 것 만 외우 면 다 풀 수 있 고 "," 숙제 는 수업 초반 에 정리 하 아 주 시 ㄴ 것 조금 씩 하 시 면 부담 없 습니다""",,,,,,,,,,,,,,
웬만하 면 다른 교수 님 추천 교수 님 좋 으시 고 학생 들 한테 잘 해주시 는 것 은 알 겠 지만 토론 숙제 나 시험 이나 독후감 이나 하 ㄹ 것 이 많 음,,,,,,,,,,,,,,
애초 에 하 ㄴ 학기 에 다루 는 책 이 많 음,,,,,,,,,,,,,,
수업 외적 으로 도 교수 님 한테 배우 ㄹ 것 도 많 고 수업 중 에 도 생각 하 게 되 는 것 도 많 던데,,,,,,,,,,,,,,
물론 나 는 A +,,,,,,,,,,,,,,
수업 시간 에 개그 도 치 시 고 나름 재미 는 있 기 ㄴ 하 ㅂ니다 헛 웃음,,,,,,,,,,,,,,
하 는 것 도 많이 없 고 교수 님 아재 개그 재미있 어요,,,,,,,,,,,,,,
워낙 인원 이 적 어서 학점 따 기 는 힘들 듯,,,,,,,,,,,,,,
교수 님 좋 으시 ㄴ 분임,,,,,,,,,,,,,,
토론 에 대하 ㄴ 능력 보다 열정 과 노력 을 보 시 는 것 같 아서 저 는 좋 았 습니다,,,,,,,,,,,,,,
저 의 친구 디 마 받 았 습니다,,,,,,,,,,,,,,
팀 프로젝트 많 고 책 읽 는 것 이 싫 어 조금 고생 하 았 지만 교수 님 이 좋 으시 고 수업 진행 방식 도 좋 았 어요,,,,,,,,,,,,,,
교수 님 좋 으시 고 학생 좋아하 시 고 남 는 것 많 은 수업 이 ㄴ 것 은 확실,,,,,,,,,,,,,,
이것저것 시키 는 것 이 많 고 학생 들 과 소통 이 좀 안 되 지만,,,,,,,,,,,,,,
많 은 것 을 경험 하 게 하 어 주 려는 교수 님 의 좋 은 의도 만 보 자면 ..,,,,,,,,,,,,,,
생각 보다 뭘 많이 시키 ㄴ,,,,,,,,,,,,,,
