편하 지 는 않 고 즐겁 지 도 않 지만 배우 는 것 이 없 지 는 않 음,,,,,,,,,,,,,,
하 라는 것 은 진짜 많 아서 가끔 귀찮 을 수 있 는데 하 ㄴ 만큼 나오 는 아주 공정하 체계적 이 ㄴ 수업 이 ㅁ,,,,,,,,,,,,,,
나 가 이 젊은 나이 에 여기 에 앉 아서 시간 을 버리 는 것 이 옳 은 행동인 가 하 는 의문 이 들 ㅁ,,,,,,,,,,,,,,
그냥 동네 구멍가게 에서 꼰대 할아버지 한테 훈계 받 는 느낌 ..,,,,,,,,,,,,,,
강의 후기 가 왜 저런 지 이해 가 ㅁ,,,,,,,,,,,,,,
나 가 등록금 내 고 학교 왜 다니 나 싶 은 수업 이 이 었 습니다,,,,,,,,,,,,,,
아침 9 시 수업 이 ㄴ 것 만 빼 면 완벽,,,,,,,,,,,,,,
하지만 저 가 수업 을 들 으러 온건 지 교재 요약 강의 를 들 으러 온건 지 모르 겠 습니다,,,,,,,,,,,,,,
팀 내 공헌 도 를 무,,,,,,,,,,,,,,
진로 체험 느낌,,,,,,,,,,,,,,
아무것 도 모르 는 1 학년 이 들 으면 오 그럴싸하 ㄴ 버블 같 은 강의 ...,,,,,,,,,,,,,,
... 이것 이 수업 이 안 좋 다는 말 이 아니 라 나 에게 ㄴ 팀 프로젝트 주제도 조금 난해 하 았 고 나 랑,,,,,,,,,,,,,,
교수 님 이 수업 을 별로 않 하 시 는 느낌 적 이 ㄴ 느낌 ...... 특강 이 많 음,,,,,,,,,,,,,,
강의 내용 은 그냥 전반적 으로 훑 는 내용 이 어서 남 는 것 이 없 다,,,,,,,,,,,,,,
특강 도 남 는 것 이 없 다,,,,,,,,,,,,,,
60 프로 강의 라는 본격 등록금 날리 어 먹 는 수업,,,,,,,,,,,,,,
4 학점 신경 쓰 지 말 아라 고 하 는데 듣 고 뭘 남 는 것 이 있 어야 학점 별로 이 어도 남 는 것 이 좀 있 었 다고 위안 을 삼 지 ... 남 는 것 은 1 도 없 음,,,,,,,,,,,,,,
인원 이 많 아서 뒤 에 까지 자 ㄹ 들리 지 않 는데 알 ㄴ 들리 는 것 이 이득 일지 도 모르 겠 다,,,,,,,,,,,,,,
학점 무조건 챙겨주 심 .. 공수 2 안 하 아 주 시 어서 슬프 ㄹ 뿐 이 고 학생 들 입장 먼저 생각하 아 주 시 ㄴ 다 시험 나 ㄹ 자리 를 복잡 하 게 앉 게 하 시 어서 뭐 이렇게 까지 하 ㄹ 수 있 나 생각하 ㄹ 수 있 지만 다 학생 듣 을 위하 ㄴ 것 이 ㅁ,,,,,,,,,,,,,,
에 도 불구 하고 오프라인 처럼 의사소통 이 되 는 수업 같 았 습니다,,,,,,,,,,,,,,
그리고 시험 시간 중 에 말씀 이 많 으시 어서 집중 을 하 ㄹ 수 가 없 음,,,,,,,,,,,,,,
기말 때 ㄴ 자비 없 게 문제 가 나오 았 다,,,,,,,,,,,,,,
진짜 내가 아 듣 은 전공 중 가장 얻 어 가 는 것 이 없 었 던 수업,,,,,,,,,,,,,,
무엇 보다 실질적 으로 회로 의 마지막 강의 라 그런 것 이 ㄴ지 이번 에 다 들 열심히 하 았 던 것 이 ㄴ지 이제껏 다른 강의 보다 학점 도 관 대하 게 주심,,,,,,,,,,,,,,
수업 준비 좀 잘 하 아 오 시 었 으면 .... 교수 님 이 전공 이 이 쪽 이 아니 라 상당히 애매 하 ㅂ니다,,,,,,,,,,,,,,
얻 는 거기 아무것 도 없 는 강의 이 ㅂ니다,,,,,,,,,,,,,,
전공 강의 중 오아시스 같 은 시간,,,,,,,,,,,,,,
군기 는 군 기대 로 잡 으시 는데 수업 때 다 별로 이 었 음,,,,,,,,,,,,,,
조교 님 도 틀리 ㄴ 것 보 고 수정 잘 해주시 니 모르 는 것 이 있 거나 속도 못 따라가 서 놓치 었 을 때 ㄴ 적극적 으로 조교 님 을 부르 자,,,,,,,,,,,,,,
1 교시 라 힘들 어 뒤지 ㄹ 것 같 았 지만 수업 도 열심히 듣 게 되 고 즐겁 었 어요,,,,,,,,,,,,,,
수업 중 에 종종 학생 들 의 이해 여부 를 묻 기 위하 아 대답 을 유도 하 는데 이 때 반응 이 없 으면 기 강 을 씨 게 잡 고 가 므로 순순히 대답 하 는 것 이 좋 다,,,,,,,,,,,,,,
등록금 이 아깝 지 않 은 강의 이 었 음,,,,,,,,,,,,,,
전체적 으로 괜찮 기 는 하 았 는데 남 는 것 은 많이 없 었 던 강의,,,,,,,,,,,,,,
무엇 ㄴ가 응용 하 ㄹ 수 는 없 는 느낌,,,,,,,,,,,,,,
빡 쎄 길 ㄴ 하 ㄴ데 수업 의 질 이 개 좋 기 는 하 ㅁ,,,,,,,,,,,,,,
얻 는 것 이 많 음,,,,,,,,,,,,,,
나 는 코드 도 짜 았 고 프로젝트 도 내 었 지만 뭘 배우 ㄴ 것 이 ㄴ지 나 는 모르 겠 다,,,,,,,,,,,,,,
이 딴 질 낮 은 수업 5 점 주 는 애 들 은 생각 이 있 냐 ..,,,,,,,,,,,,,,
꼭 수강 하 시 어서 맛있 는 구 2 프로그래밍 능력 얻 어가 시 라는 의미 에서 2 점 드리 겠 습니다,,,,,,,,,,,,,,
학생 을 1 도 배려 안 하 ㅂ니다,,,,,,,,,,,,,,
수업 때 뭘 배우 는 지 모르 겠 고 C 언어 수업 이 ㄴ데 자바 프로젝트 만들 어 오 라고 하 시 어서 마지막 쯤 에 고생 좀 하 ㅁ,,,,,,,,,,,,,,
에 그 ... 강의 평 을 .. 강의 평 에서 ... 강의 평 으로 갖 다가 ... 글 을 쓰 ㄴ다는 일 을 작성 해보 자면 ... 크 게 도움 이 되 ㄴ 다 느끼 어 지 지 ㄴ 않 는 다 잉 ... 발구르 기 하지만 수업 자체 의 강도 는 세 ㄴ 편입 ㅂ니다,,,,,,,,,,,,,,
일단 온라인 수업 이 었 고 강의 는 그냥 시간 만 질질 끄 ㅂ니다,,,,,,,,,,,,,,
이것 만 보 고 와 개 꾸 ㄹ 하 고 오 면 이 수업 에 아주 뒤 1 지 는 것 이 ㅁ,,,,,,,,,,,,,,
학비 가 아까 우며 이런 질 낮 은 수업 을 방치 하 는 학교 가 놀랍 ㄹ 따름,,,,,,,,,,,,,,
"""솔직히 하 ㄴ 학기 에 얻 어 가 는 것 이 다른 전공 에 비하 아서 그닥 많 지 않 고 "," 무엇 보다 교수 가 이 수업 을 하 ㄹ 만큼 의 충분 하 ㄴ 준비 가 되 어 있 지 않 아 보이 ㅁ""",,,,,,,,,,,,,,
수강 신청 가장 낮 은 순위 하 아도 신청 하고 도 남 아 용,,,,,,,,,,,,,,
기타 핵심 교양과목 중 하나 이 기 때문 에 다른 학생 들 에게 도 인기 가 많 은 과목 이 고 수업 이 부담 도 전혀 없 기 때문 에 적극 추천 하 ㄴ다,,,,,,,,,,,,,,
"""수업 내용 이 졸리 ㄴ 것 "," 모든 실험 이 그렇듯이 1 학점 주제 에 숙제 가 4 학점 분량 이 ㄴ 것 빼 고 는 모든 것 이 짱짱 알 는 것 이 많 으시 어서 물어보 면 알 는 것 은 다 친절 하 게 대답 하 아 주 시 어요""",,,,,,,,,,,,,,
그러나 1 학점 이 라는 이 유 때문 에 다 들 신경 잘 안 쓰 ㄴ다,,,,,,,,,,,,,,
시험 없 으니 처음 에 만 힘들 뿐,,,,,,,,,,,,,,
"""온라인 으로 학생 들 작품 피드백 하 아 주시 느라 고생 하 시 ㄴ 것 은 자 ㄹ 알 지만 "," 딱히 유익 하 ㄴ 정보 를 담 으시 ㄴ 것 같 다는 생각 은 들 지 않 았 습니다""",,,,,,,,,,,,,,
솔직히 뭘 배우 ㄴ 지 는 자 ㄹ 모르 겠 지만 수업 중 에 자 도 별로 점수 에 영향 없 고 출석 반영 이 되 는지 는 잘 모르 겠 음,,,,,,,,,,,,,,
회계사 준비 하 거나 1 차 합격 하 ㄴ 사람 들 도 많이 든  수업 이 다,,,,,,,,,,,,,,
다른 전공과목 이 숙제 가 하나 도 없 다,,,,,,,,,,,,,,
시험 도 한 번 밖에 안 보 고 숙제 도 글 쓰 는 것 한 번 이 ㄴ가 내 었었 슴 니 다 솔직히 진짜 제일 열심히 안 하 ㄴ 과목 이 ㄴ데 학점 은 거의 제일 잘 받 은 느낌 이 에요,,,,,,,,,,,,,,
시험 이 중간 없 고 기말 말 ㄴ 보 아요,,,,,,,,,,,,,,
그리고 꼬리 의 끝 에 는 음 .. 나 도 잘 모르 겠 어,,,,,,,,,,,,,,
수업 도 배우 는 것 이 없 습니다,,,,,,,,,,,,,,
물론 피상적 이 지만 핵심적 린 것 은 대부분 배우 ㄹ 수 있 었 지만 분명 아쉬움 이 많이 남 는 수업,,,,,,,,,,,,,,
세 번 째 배우 는 것 수업,,,,,,,,,,,,,,
"""조마 다 뭐 부터 배우 기 시작 하 는지 다르 는데 "," 배우 는 기간 은 제각각 이 ㅁ""",,,,,,,,,,,,,,
뭐 알 ㄴ 지키 어서 벌점 받 아서 F 다,,,,,,,,,,,,,,
뭘 배우 어야 하 는지 는 강의 계획서 보 고 찾아보 아라,,,,,,,,,,,,,,
그치만 학생 들 신경 은 가장 많이 써 주 는 듯 용접 때 꼭 교수 지도 받 으시 기 ㄹ 그리고 항상 F 와 D,,,,,,,,,,,,,,
배우 는 것 이 많이 없 어요,,,,,,,,,,,,,,
배우 는 것 이 별로 없 어서 시험 공부 하 ㄹ 것 이 많 지 않 아요,,,,,,,,,,,,,,
지각 많이 하 아서 짜증 남,,,,,,,,,,,,,,
그렇 다고 시험 도 변별력 없 어서 더 ,,,,,,,,,,,,,,
유튜브 에 있 는 강의 들 을 그대로 등록금 내 고 듣 는 것 은 아쉽 ㄴ 부분 ..,,,,,,,,,,,,,,
정 교수 가 아니 ㄴ데 도 학생 들 에게 애정 이 많 다는 것 을 알 수 있 다,,,,,,,,,,,,,,
다만 진짜 출석 이랑 혼자 공부 하 는 것 열심히 하 는 것 은 기본 베이스 니까 이 점 참고 하 시 고 경영학 에 대하 어 진지 하 게 배우 고 싶 다,,,,,,,,,,,,,,
남 는 것 도 없 으며 유익 하 ㄴ 수업 도 아니 ㅂ니다,,,,,,,,,,,,,,
"""또한 "," 숙제 와 조 모임 은 없 다는 것 이 제일 크 ㄴ 장점 이 라고 하 ㄹ 수 있 습니다""",,,,,,,,,,,,,,
생각 하 게 만들 는 순간 이 많 았 던 수업 이 기 도 하 았 구 용 다만 표현 이 좀 과격 하 ㄹ 때 는 그것 에 대하 어 일부 불편 함 을 느끼 는 학생 이 있 었 던 것 같 아요,,,,,,,,,,,,,,
수업 시간 에 그냥 PPT 읽 어 주 시 어서 재미 없 고 알 ㄴ 들 어도 시험 볼 때 피해 없 음,,,,,,,,,,,,,,
그래서 학기 가 끝나 고 경영학 에 대하 어 잘 알 게 되 ㄴ 것 같 지 는 않 습니다,,,,,,,,,,,,,,
수업 시간 이 널 널 하고 시키 시 는 것 도 별로 없 습니다,,,,,,,,,,,,,,
끝나 고 나니 나쁘 지 않 았 다라는 생각 만 듣 었 음,,,,,,,,,,,,,,
민용 쓰 수업 에서 얻 어 가 는 것 은,,,,,,,,,,,,,,
1 강 의 1 챕터 꼭 나가 고 종강 하고 보강 .. 강의 력 도 ,,,,,,,,,,,,,,
진짜 별로 수업 도 성의 없 고,,,,,,,,,,,,,,
등록금 아깝 ㄴ 수업,,,,,,,,,,,,,,
도대체 경영학 의 이 하 아 강의 이 ㄴ지 발명 반 수업 이 ㄴ지 분간 이 안 가 ㄹ 정도 이 ㅂ니다,,,,,,,,,,,,,,
같 은 느낌 으로 논술식 으로 작성 하 ㄴ다,,,,,,,,,,,,,,
이 수업 을 통하 아 자소 서 작성 에 크 ㄴ 도움 을 얻 어 가 자 라는 마인드 보다 는,,,,,,,,,,,,,,
공대 생 으로서 듣 을 수록 도움 이 별로 안 되 는 것 이 느끼 어 지 ㅁ,,,,,,,,,,,,,,
수업 도 차분 하 니 배우 ㄹ 것 이 많 아요,,,,,,,,,,,,,,
으로써 얻 는 것 이 매우 많 습니다,,,,,,,,,,,,,,
대학 오 아서 대학 답 은 강의 를 듣 는 기분 이 었 습니다,,,,,,,,,,,,,,
아직 까지 도 기억 에 남 는 교수 님 이 에요,,,,,,,,,,,,,,
온라인 강의 이 ㄴ데 온라인 강의 에서 하 는 발음 이 개 오바 이 었 음,,,,,,,,,,,,,,
본인 이 불 어 에 관심 이 거나 좀 하 ㄹ 줄 안 다 하 면 꼭 듣 고 시험 이 공부 하 면 잘 나오 아서 학점 용 이 라면 생각하 아 보 시 기 ㄹ 지루 하 아서 시험 은 중간 기말 30 문제 씩,,,,,,,,,,,,,,
"""그런데 학생 들 이 열심히 하 아서 그렇 ㄴ지 성적 이 1 성적 입력 전 에 중간 ", 기말 , 수시 테스트 ," 숙제 등 점수 를 엑셀 로 입력 하 시 어서 메일 로 나누 어 주 시 는 데 평균 이나 등 수 등 자세 하 ㄴ 고 는 다 적히 어 있 다""",,,,,,,,,,,,,,
솔직히 불사 물 ㄴ 듣 고 나 서 쫒  프랑스어 까지 들 ㄹ 음,,,,,,,,,,,,,,
마지막 수업 나 ㄹ 모든 수강 생 의 성적 을 엑셀 로 보여주 시 면서 비율 을 최대한 채우 어 주 시 기 위하 아 노력 하 시 ㄴ 것 이 보이 었 습니다,,,,,,,,,,,,,,
하 ㄴ 학기 에 배우 다,,,,,,,,,,,,,,
근데 수업 이 개 노잼,,,,,,,,,,,,,,
보고서 도 엑셀 만 채우 는 경우 도 있 었 고 다른 과 들 은 질문 대답 도 다 달 아야 하 는데 저희 는 딱히 그 부분 에 비중 도 안두 시 었 습니다,,,,,,,,,,,,,,
박종순 교수 님 개 꾸 ㄹ 실험 교수 님 이 시 었 는데 늦 게 오 시 고 일찍 끝내 주 시 어서 좋 았 음,,,,,,,,,,,,,,
수업 이 1 교시 랑 점심시간 에 있 어서 딴 짓 도 많이 하 고 멍 도 많이 때리 었 는데 점수 잘 주 시 었 어요,,,,,,,,,,,,,,
"""시험 은 좀 어렵 었 지만 "," 숙제 는 전혀 없 었 던 그런 강의""",,,,,,,,,,,,,,
남 는 것 이 없 을 뿐,,,,,,,,,,,,,,
수업 하 는 내용 도 다른 반 에 비하 면 어렵 지 않 고 숙제 도 없 지만 본인 이 노력 하 지 않 으면 얻 어 가 는 것 도 없 음,,,,,,,,,,,,,,
아침 시간 이 면 절대 듣 지 말 으시 어요,,,,,,,,,,,,,,
치 어도 교수 님 은 아무것 도 하 는 것 이 없 다,,,,,,,,,,,,,,
왜 A 받 았 는지 모르 겠 다,,,,,,,,,,,,,,
중요 하고 양 많 은데 보다 는 간단 하고 잘 안 낼 것 같 은 데 서 13 나오 ㅁ,,,,,,,,,,,,,,
배우 는 것 없 고 졸리 ㄴ 수업 이 었 음,,,,,,,,,,,,,,
현 말하 아 무엇 하 리 학생 들 절대적 으로 많이 배려 하 아 줌 남 는 것 도 많 은 수업,,,,,,,,,,,,,,
멈추 었 다 다시 보 고 하 느라 원래 강의 시간 보다 훨씬 시간 잡아먹 음,,,,,,,,,,,,,,
제일 중요 하 ㄴ 부분 은 A 학점 대 학생 들 은 교수 님 께서 A + 로 채우 어 주 시 려고 하 시 니 수업 잘 듣 고 시험 말 ㄴ 잘 보 ㄴ다면 A + 받 을 수 있 을 것 이 에요,,,,,,,,,,,,,,
시험 과 팀 프로젝트 숙제 처럼 공부 를 하 게 만들 는 장치 들 이 있 기 에 배우 ㄴ 것 이 있 지만 수업 을 듣 을 당시 는 많이 유익 하 다고 느끼 지 못하 았 습니다,,,,,,,,,,,,,,
보 니 이해 하고 후반 갈수록 얻 는 것 이 많 았 던 수업 질문 도 잘 받 아 주 시 고 시험 도 예상 보다 ㄴ 쉽 었 다,,,,,,,,,,,,,,
교수 님 천사 .. 배려 도 많이 해주시 고 기말 망치 었 는데 도 성적 잘 주 시 어서 감사 하 ㅂ니다,,,,,,,,,,,,,,
왜 이렇게 강의 평이 좋 은지 모르 겠 지만 학생 들 편의 봐주 기 는 하 시 는데 문제 를 전혀 예상 하 ㄹ 수 없 는 곳 에서 내 시 ㅂ니다,,,,,,,,,,,,,,
학점 도 엄청 잘 주 시 고 온라인 강의 지각 인 데 도 A + 나오 ㄴ 교수 님 클라스,,,,,,,,,,,,,,
교수 님 바쁘 시 어서 그렇 ㄴ지 질문 같 은 것 잘 안 받 아주 시 네요,,,,,,,,,,,,,,
아침 수업 이 이것 밖에 없 어서 개 힘들 기 는 하 았 는데 수업 자체 는 괜찮 음,,,,,,,,,,,,,,
그리고 1 교시 수업 이 었 는데 저희 힘들 까 보 아 배려 하 아 주 시 어서 20 분 늦 게 시작 하 는 것 도 교수 님 이 학생 들 생각 잘 하 아 주 시 ㄴ다고 생각하 아 요,,,,,,,,,,,,,,
수업 시간 에 배우 ㄴ 것 만 외우 면 성적 은 앵 가 ㄴ 나오 는 듯 지각 하 지 말 으시 어요,,,,,,,,,,,,,,
교양 수업 으로 적합 하 다는 생각 이 들 ㅂ니다,,,,,,,,,,,,,,
숙제 도 없 고 조 모임 도 없 고 시험 도 많이 어렵 지 않 았 어요,,,,,,,,,,,,,,
좋 아 욤 수업 내용 이 쉽 어서 듣 는데 무리 도 없 고 숙제 도 없 어서 좋 습니다,,,,,,,,,,,,,,
수업 도 안 어렵 게 진도 진짜 흥미 롭 게 잘 나가 시 ㄴ다,,,,,,,,,,,,,,
그닥 도움 안 되 는 스크래치 만 계속 하고 다른 반보 다,,,,,,,,,,,,,,
결정적 으로 온라인 과 오프라인 진도 가 전혀 맞 지 않 고 그냥 각자 마이 웨이 여서 시너지 효과 가 하나 도 없 음,,,,,,,,,,,,,,
"""교 필 이 라 꼭 듣 어야 하 는 수업 이 라서 그냥 듣기 에 ㄴ 무난 하 ㄴ데 "," 수업 이 그다지 컴퓨팅 적 사고 를 하 기 에 ㄴ 도움 이 안 되 는 것 이 더 아쉽 ㄴ 수업""",,,,,,,,,,,,,,
힘들 었 다 .. 수업 을 잠시 라도 알 ㄴ 들 ㄹ 음 따라가 기 어렵 다,,,,,,,,,,,,,,
솔직히 이 것 얻 은 것 도 없 고 수업 도 핵 노잼,,,,,,,,,,,,,,
9 시 수업 이 었 는데 왜 이렇게 학생 들 이 힘 이 없 냐고 계속 뭐 라 하 시 어서 진짜 피곤 하 ㄴ 날 에 는 노 이 로 저 의 걸리 ㄹ 것 같 았 음,,,,,,,,,,,,,,
다만 많 은 것 을 얻 으려고 하 는 수업 은 아니 었 습니다,,,,,,,,,,,,,,
개인적 으로 별로 이 었 습니다,,,,,,,,,,,,,,
모르 니까 질문 하 는 것 고 배우 려는 것 이 ㄴ데,,,,,,,,,,,,,,
시험 을 망치 었 는데 너 네 점수 를 잘 주 려고 숙제 를 만점 으로 주 었 다가 말 이 되 ㅂ니까 ... 숙제 기준 충족 하 ㄴ 것 전부 제출 하 았 으면 당연히 숙제 는 만점 이 지요,,,,,,,,,,,,,,
학기 초 에 못하 아도 씨 는 줄 ㄴ 다 하 았 으면서 디 폭격 하 네 개 같 음,,,,,,,,,,,,,,
혼자 공부 하 는 만큼 얻 어 가 는 강의,,,,,,,,,,,,,,
숙제 점수 관련 하 아서 메일 을 많이 받 으시 었 는지 수업 중 에 이것 으로 10 분 넘 게 학생 들 에게 따끔 하 ㄴ 일침 을 날리 고 다음 수업 때 바로 미안 하 다고 사과 하 는 인간적 이 ㄴ 면모 가 있 음,,,,,,,,,,,,,,
유세 인 트 후기 는 안 남기 어도 아 것 ㄴ 남기 어야 지,,,,,,,,,,,,,,
안 배우 ㄴ 것 들 많이 내 니까,,,,,,,,,,,,,,
여 트 ㄴ 이 수업 도 왜 배우 는 지 는 모르 겠 는 수업 이 ㅁ,,,,,,,,,,,,,,
강의 듣 는데 목적 이 없 음,,,,,,,,,,,,,,
가장 시간 투자 를 적 게 하 았 음,,,,,,,,,,,,,,
아직 성적 나오 지 도 않 았 구만,,,,,,,,,,,,,,
학생 들 은 그 의 말 을 듣 고 귀 를 의심 하 지 않 을 수 없 었 다,,,,,,,,,,,,,,
나 교수 님 이랑 비교 하 ㄹ 수 가 없 음,,,,,,,,,,,,,,
본 강의 는 코딩 을 하 는 사람 과 하 지 않 는 사람 이 혼재 되 ㄴ 미디어학 부 라는 학부 의 특성 에 맞 게 개설 되 ㄴ 강의 라 여러 알고리즘 을 배우 ㄹ 수 는 없 습니다,,,,,,,,,,,,,,
... 진짜 쉬 ㄹ 틈 없이 나오 ㅂ니다,,,,,,,,,,,,,,
중간 숙제 사실 상 중간 로 SCAMPER 방법론 에 의하 아 제품 서비스 를 디자인 하 아 오 는 숙제 를 받 음,,,,,,,,,,,,,,
20 년 강의 경력 의 노하우 와 내공 이 여실히 드러나 는 아주 의미 있 는 수업 이 이 었 습니다,,,,,,,,,,,,,,
학점 은 감사 하 게 도 A 를 받 았 는데 시험 에 답 을 자 ㄹ 쓰 지 못하 았 지만 레포트 와 발표 에서 좋 은 평가 를 하 아 주 시 ㄴ 것 같 습니다,,,,,,,,,,,,,,
라고 다 들 평가 하 지만 솔직히 수업 은 전기 과 교수 님 중 최고 로 잘 하 시 고 질문 하 면 학생 안 가리 고 매우 잘 받 아 주심,,,,,,,,,,,,,,
솔직히 이만 하 ㄴ 강의 가 없 다,,,,,,,,,,,,,,
교수 님 말 로 는 수업 참여 도 에 따라서 학점 비율 을 매 학기 다르 게 주 ㄴ다는데 꽉꽉 채우 어서 주 는 것 같 지 는 않 다,,,,,,,,,,,,,,
교수 님 자기 가 비율 알 ㄴ 채우 어 주 고 학생 들 F 도 많이 주 ㄴ다고 말 하 시 네요,,,,,,,,,,,,,,
돈 이 아깝 ㄴ 강의 .. 나 의 등록금 ...,,,,,,,,,,,,,,
신시 가 무엇 이 ㄴ지 알 고 싶 지 않 으면 들 으시 어요,,,,,,,,,,,,,,
작년 평 보고 등록 하 았 는데 별로 이 ㅁ,,,,,,,,,,,,,,
대신 그렇 기 때문 에 전공 지식 이 머릿속 에 가장 기억 이 잘 남 은 수업 이 었 다,,,,,,,,,,,,,,
숙제 는 좀 있 지만 그래도 시험 이 하나 도 없 으니,,,,,,,,,,,,,,
개인적 으로 팀 프로젝트 하 ㄹ 때 빼 곤 수업 듣 는 내내 즐겁 었 습니다,,,,,,,,,,,,,,
나름 재미있 고 팀 잘 만나 면 열심히 헤치 어 나가 ㄹ 수 있 음,,,,,,,,,,,,,,
열심히 하 면 하 ㄴ 만큼 주 심 근데 문제 는 조 별 숙제 조 내 에 발암 하나라 있 으면 무조건 조원 평가 하 ㄹ 때 쌍욕 을 달 아 주 시 어요,,,,,,,,,,,,,,
문법 이 공부 하 기 싫 었 지만  교수 님 은 좋 았 음,,,,,,,,,,,,,,
솔직히 숙제 는 거의 없 는 거나 다름 없 어요,,,,,,,,,,,,,,
재미 도 없 고 배우 ㄴ 것 도 없 고 남 는 것 이 없 는 수업,,,,,,,,,,,,,,
.. 배우 ㄴ 것 도 없 고 남 은 것 도 없 음,,,,,,,,,,,,,,
다만 배우 어서 나가 는 것 은 없 습니다,,,,,,,,,,,,,,
기말 은 발표 주제 중 하나 쓰 는 것 이 ㄴ데 전날 준비 하 아서 앞뒤 꽉 꽉 채우 어서 쓰 ㅁ,,,,,,,,,,,,,,
발표 는 하 기 만 하 면 만점 줌 근데 발표 를 남 이 준비 하 ㄴ 것 을 시키 ㄴ 이 것 이 하 아 안 되 ㅁ,,,,,,,,,,,,,,
시험 은 없 어서 좋 은데 숙제 하 다가 정신 차리 면 학기 끝나 ㅁ,,,,,,,,,,,,,,
다만 얻 어 가 는 것 은 많 지 않 음,,,,,,,,,,,,,,
영화 틀 어 주 시 ㄹ 때 면 수업 날로 먹 는 것 처럼 보이 기 도 하 는데 굉장히 열정적 이 시 고 수업 에 애착 이 많 아 보이 시 어요,,,,,,,,,,,,,,
다 들 잘 보 아서 1 문제 가 영향 이 크 ㄴ 것 같 아요,,,,,,,,,,,,,,
하지만 정 외 수업 중 에 가장 성적 을 정직 하 게 받 을 수 있 는 과목 이 ㅂ니다,,,,,,,,,,,,,,
플젝  안 배우 ㄴ 내용 으로 하 려니 깐 힘들 었 네요,,,,,,,,,,,,,,
... 솔직히 과목 자체 가 별로 배우 ㄹ 것 이 없 음,,,,,,,,,,,,,,
양 진짜 적 음,,,,,,,,,,,,,,
코로나 때문 에 사이버 강의 인 데 도 다른 교수 님 들 과 다르 게 시간 거의 맞추 어서 수업 해주시 고 수업 의 질 도 좋 음,,,,,,,,,,,,,,
..... 자기 번호 따 이 ㄴ 얘기 하 면서 그런 경험 없 어요,,,,,,,,,,,,,,
"""학점 최대한 채우 어 주 려고 하 시 고 "," 2 학년 1 학기 라 공부 열심히 안 하 는 애 들 많 아서 평소 에 조금 씩 해 두 면 분명 좋 은 학점 받 을 수 있 음""",,,,,,,,,,,,,,
수업 은 솔직히 별로 ....,,,,,,,,,,,,,,
를 받 아서 이 ㄴ지 모르 아도 전년도 에 있 었 다던 무시 무시 하 ㄴ 프로젝트 가 없 었 다,,,,,,,,,,,,,,
강의 평 왜 안 좋 은 지 모르 ㄹ 숙제 는 이 번 학기 에 ㄴ 없 었 고,,,,,,,,,,,,,,
시작 은 교양 수업 같 은 데 ...,,,,,,,,,,,,,,
굉장히 유익 하 ㄴ 수업 교수 님 과 함께 책 을 읽 어 내려가 던 수업 시간 이 나 즐겁 었 습니다,,,,,,,,,,,,,,
어렵 게 공부 하 ㄴ 만큼 남 는 것 이 많 음,,,,,,,,,,,,,,
같 음 그냥 머릿속 에 남 는 것 1 도 없 음,,,,,,,,,,,,,,
배우 는 것 은 없 어요,,,,,,,,,,,,,,
하 모르 겠 다 진짜 팀 프로젝트 개개 개개 개 열심히 하 았 는데 학생 들 이 평가 하 아서 등 수 나 참 진짜 ... 팀 프로젝트 한 것 을 왜 학생 이 평가 하 ㅁ,,,,,,,,,,,,,,
전공 책 비싸 ㄴ 데 에 쓸 일 이 없 다,,,,,,,,,,,,,,
나 는 마케팅 에 관심 있 어 라고 치 어도 별로 남 는 것 이 없 는 수업,,,,,,,,,,,,,,
예술 에 관심 이 있 다면 들 어 보 시 고 아니 ㅁ,,,,,,,,,,,,,,
또 뭐 무엇 이 었 는 지 ㄴ 기억 이 잘 안 날 ㄴ다,,,,,,,,,,,,,,
성 적 의 기준 은 모르 겠 어요,,,,,,,,,,,,,,
러시아 예술 의 이 하 아 강의 이 ㅂ니다,,,,,,,,,,,,,,
매 수업 끝나 고 가장 인상 깊 었 던 부분 과 느끼 ㄴ 점 한 줄 로 정리 하 아 두 는 것 이 좋 음,,,,,,,,,,,,,,
이것 만 하 어 주 면 꿀 교양인 것 은 팩트 이 ㅁ,,,,,,,,,,,,,,
이름 잘못 부르 시 어서 말씀 드리 었 더니 한국말 잘 모르 ㄴ다며 출석 걱정 마르 아 는 소리 하 시 더니 하 ㄴ 학기 내내 거의 매일 잘못 부르 시 었 습니다,,,,,,,,,,,,,,
알 는 단어 가 스빠 시바 밖에 없 어서 말 하 려다가 혀 가 꼬이 어서,,,,,,,,,,,,,,
"""중 고교 와 같 은 주입식 수업 이 아니 라 영상 "," 다큐 를 통하 아 학생 스스로 느끼 고 배우 는 수업 이 라고 생각 하 ㅂ니다""",,,,,,,,,,,,,,
하 ㄴ 학기 끝나 고 얻 는 것 은 하나 도 없 음,,,,,,,,,,,,,,
놀 면서 스노보드 배우 기 좋 음,,,,,,,,,,,,,,
운동 이 다 보 니 시간 이 잘 가 고 쉬 는 시간 도 자유로 어 좋 음,,,,,,,,,,,,,,
라고 만 되 있 고 ... 성적 은 잘 받 았 는데 크 게 배우 ㄴ 것 이 없 는 듯 하 ㅂ니다,,,,,,,,,,,,,,
이런 것 고려 하 아서 호불호 가 많이 갈리 는 교수 라고 생각 하 ㅁ,,,,,,,,,,,,,,
줌 켜 놓 고 보 았 는데 그냥 시 간 개 촉박 하 아서 개 망하 았 다,,,,,,,,,,,,,,
수업 은 OPENCV 배우 었 고 강의 력 도 좋 았 습니다,,,,,,,,,,,,,,
실습 도 그냥 교수 님 이 올리 어 쥰 코드 로 실습 하고 검사 받 고 나가 면 되 ㅂ니다,,,,,,,,,,,,,,
그러 는 수업 듣 는 학생 들 은 얼마나 혼동 스럽 어 울 까요,,,,,,,,,,,,,,
모르 는 것 의 대부분 은 조교 님 부르 어서 질문 하 면 알리 어 주 시 고 교수 님 도 모르 는 것 이 있 으면 조교 님 부르 어서 해결 하 ㅁ,,,,,,,,,,,,,,
시험 은 지금 까지 배우 ㄴ 것 압축 하 아서 답안지 두 장 정도 꽈악 채우 시 면 되 고 다 못 쓰 어도 .. 교직 수업 이 라 학점 잘 챙겨주 시 어 여 걱정 마 시 어요,,,,,,,,,,,,,,
무조건 별점 좋 게 주 는 이 상한 놈 들 이 왜 이렇게 많 지,,,,,,,,,,,,,,
더 크 ㄴ 문제 는 이것 이 대학 강의 이 ㄴ지 의심 스럽 ㄹ 수준 .... 계속 온라인 강의 를 재탕 하 시 는 것 같 은 데 강의 에 대하 ㄴ 성의 가 전혀 없 음,,,,,,,,,,,,,,
시험 나 ㄹ 빨리 가 아서 와이파이 차 지 안 하 시 면 폰 으로 검색 하 아야 하 아요,,,,,,,,,,,,,,
맨날 LG 의 누구 를 혼 내 었 다,,,,,,,,,,,,,,
.. 소공 개 노잼,,,,,,,,,,,,,,
진짜 로 토씨 하나 안 틀리 고 나오 ㅁ,,,,,,,,,,,,,,
다음 에 도 이렇게 하시진 않 을 것 같 네요,,,,,,,,,,,,,,
쾌락 없 는 책임 같 은 강의,,,,,,,,,,,,,,
도망치 어 얘 드라 .......... 답 없 다,,,,,,,,,,,,,,
출석 체크 도 안 하 는데 나 가 굳이 8 시 까지 왜 학교 를 가 았 는지 이해 안 가 ㅁ,,,,,,,,,,,,,,
교수 님 약간 아이러니 하 ㄴ 것 이 늦 은 학생 한테 는 지적 한 번 안 하 시 는데 중간 에 화장 실 가 는 학생 들 한테 는 엄청 뭐 라고 하 시 ㅁ,,,,,,,,,,,,,,
그래 바쁘 ㄴ 것 은 좋 다고 치 자,,,,,,,,,,,,,,
장점 3 교수 님 이 하나라 더 알리 어 주 시 려고 준비 열심히 하 아 오 시 어서 등록금 아깝 다는 생각 이 알 ㄴ 들 었 어요,,,,,,,,,,,,,,
다만 팀 프로젝트 이 많 고 발표 를 하 아야 하 는 것 이 흠 이 길 ㄴ 한데 어차피 전공 기초 니까 열심히 배우 ㄴ 다 생각 하고 들 으면 얻 어 가 는 것 은 많 아서 좋 아요,,,,,,,,,,,,,,
나 는 무,,,,,,,,,,,,,,
융통 성 없 고 공감 능력 제로 이 ㄴ 로봇 이 니까 참고 하 시 어서 들 으시 어요,,,,,,,,,,,,,,
하지만 발표 에 이은 학생 들 평가 가 상당히 정치판 이 기 때문 에 인간 불 신 을 느끼 고 싶 지 않 다면 이 수업 을 듣 지 않 는 것 을 추천 하 ㄴ다,,,,,,,,,,,,,,
시험 은 교재 만 하루 전날 에 만 공부 하 아도 잘 받 을 수 있 고 출 결 에 있 어서 도 유하 심 .. 무슨 가 ㄹ 배우 어 가 ㄴ다는 느낌 은 많이 없 지만 학점 채우 는 교양 하 기 에 ㄴ 꿀 이 ㄴ 것 같 아요,,,,,,,,,,,,,,
팀 프로젝트 없 고 숙제 없 어서 힘들 지 않 은 수업 이 다,,,,,,,,,,,,,,
재미 도 없 고 배우 ㄴ 것 도 없 고 남 는 것 이 없 는 수업,,,,,,,,,,,,,,
도대체 뭐 하 았 는지 알 수 가 없 음,,,,,,,,,,,,,,
.. 배우 ㄴ 것 도 없 고 남 은 것 도 없 음,,,,,,,,,,,,,,
배우 ㄹ 것 은 매우 많 고 강의 력 도 훌륭 하 시 ㅂ니다,,,,,,,,,,,,,,
이 프로젝트 를 위하 아 하 ㄴ 학기 내내 같 은 팀원 들 과 함께 생활 하 ㄴ 것 같 다,,,,,,,,,,,,,,
남 는 것 은 별로 없 었 어요,,,,,,,,,,,,,,
이번 에 는 주관식 중간 20 문제 기말 15 문제 를 내 셨 는데 문제 가 어렵 ㄴ 편 이 아니 여서 진짜 답 만 적 으면 A 받 기 힘 들 ㅁ,,,,,,,,,,,,,,
필히 수강 추천 C 받 아도 전혀 후회 가 안 되 ㄹ 수업 금융업 계 임원진 들 과 매주 만남,,,,,,,,,,,,,,
시험 은 그냥 저냥 이 ㄴ데 나 는 조지 었 음,,,,,,,,,,,,,,
"""학문적 으로 "," 인간적 으로 배우 ㄹ 점 이 많 았 다""",,,,,,,,,,,,,,
등록금 이 전혀 아깝 지 않 은 강의,,,,,,,,,,,,,,
진짜 개 좋 음,,,,,,,,,,,,,,
시험 을 안 보 니까 수업 시간 에 다른 것 하 거나 출 튀 하 아도 상관 없 음,,,,,,,,,,,,,,
취업 준비 로 바쁘 ㄴ 4 학년 에게 는 가뭄 의 단비 같 은 존재,,,,,,,,,,,,,,
"""강의 절대 밀리 ㄴ 적 없 고 "," 바로바로 올리 어 주 시 고""",,,,,,,,,,,,,,
유일하 안 밀리 고 꼬박꼬박 듣 은 과목 이 이 것 하나 이 ㅂ니다,,,,,,,,,,,,,,
등록금 내 ㄴ 것 이 아깝 어서 라도 대학 오 아서 좋 은 수업 듣 고 가 고 싶 은 분 들 께 추천 하 아요,,,,,,,,,,,,,,
이 라는 느낌 이 강하 았 어요,,,,,,,,,,,,,,
이것 말 고 전체적 으로 교수 님 이 꽉 막히 ㄴ 부분 은 있 음,,,,,,,,,,,,,,
물론 하나 도 공부 안 하 어 도 풀 수 있 는 문제 도 나오 ㄴ 다 근데 그것 ㄴ 남 들 도 다 맞추 어서 의미 가 없 다,,,,,,,,,,,,,,
... 부수 쓰 는 것 3 번 숙제 있 는데 그거 말 ㄴ 빼 면 딱히 숙제 는 없 도 수업 시간 에 자거나 딴짓 하 아도 뭐 라 안 하 시 ㅁ,,,,,,,,,,,,,,
배워가 는 것 이 없 는 수업 이 이 었 음,,,,,,,,,,,,,,
수업 시간 동안 자기 가 하 고 싶 은 말 한자 로 주저리 주저리 써 놓 고 시험 에 내 ㅁ,,,,,,,,,,,,,,
"""코로나 가 터지 면서 혼란 스럽 었 고 "," 그래서 이런 상황 이 나오 ㄴ 듯 하 다""",,,,,,,,,,,,,,
그 주차 강의 를 목 금 토 에 올리 는 때가 많 았 고 온라인 과 오프라인 강의 가 괴리감 이 크 ㅁ,,,,,,,,,,,,,,
평가 기준 은 솔직히 말하 아 서 교수 님 의 주관적 이 ㄴ 거라 알 수 없 음,,,,,,,,,,,,,,
아마 성실 하 게 배우 어 가 ㄴ다면 남 는 것 이 많 을 것 이 ㅂ니다,,,,,,,,,,,,,,
강의 들 중 한 편의 오아시스 같 은 느낌,,,,,,,,,,,,,,
변별력 이 없 다,,,,,,,,,,,,,,
국 상무 에서 배우 었 다,,,,,,,,,,,,,,
목요일 종강 이 고 이 수업 은 목요일 이 이 었 는데 마지막 까지 수업 을 하 았 네요,,,,,,,,,,,,,,
수업 시간 이 늦 게 있 던 것 만 감안 하 면 솔직히 꿀 이 ㅁ,,,,,,,,,,,,,,
가볍 게 들 었 던 전공,,,,,,,,,,,,,,
무엇 ㄴ가 어디 아서 이 ㄴ가 1 점 말 ㄴ 더 감점 당하 았 어도 A + 이 위태 로 울 ㄴ 과목 이 었 을 것 이 다,,,,,,,,,,,,,,
DB 쪽 에 관심 없 으면 알 ㄴ 들 어도 되 요,,,,,,,,,,,,,,
하 ㄴ 학기 동안 좀 힘들 었 지만 이 수업 을 듣 어서 후회 없 고 행운 이 었 다고 생각 하 ㅁ,,,,,,,,,,,,,,
...... 이 과목 처럼 하 ㄴ 문제 당 1 점 으로 원하 는 것 안 쓰 면 바로 0,,,,,,,,,,,,,,
교수 님 채점 방식 도 본인 이 생각하 ㄴ 것 이 아니 면 바로 깎 아 버리 고 객관 성 도 좀 떨어지 어서 ... 아쉬움 이 남 는 강의 이 ㅂ니다,,,,,,,,,,,,,,
교수 님 께서 웅얼웅얼 거리 시 며 딕션 이 좋 지 않 은 데 다가  또한 좋 지 않 아 답답 하 ㅂ니다,,,,,,,,,,,,,,
나 가 지금 까지 듣 은 수업 중 에 진짜 도움 안 되 는 수업 TOP 3 안 에 듬,,,,,,,,,,,,,,
다시 는 수업 안 듣 을 것 이 야 왜 듣 는지 도 남 는 것 도 없 는 수업 이 ㅁ,,,,,,,,,,,,,,
"""남 는 것 도 없 고 "," 그렇 다고 재미있 지 도 않 음""",,,,,,,,,,,,,,
다만 기초 스페인어 수업 자리 를 얻 으시 었 다면 그쪽 으로 가 시 는 것 이 더 좋 기 는 하 ㄹ 것 이 ㅂ니다,,,,,,,,,,,,,,
재무관리 듣 은 학생 이 면 어렵 어 하 ㄹ 수 없 는 수업,,,,,,,,,,,,,,
느끼 면 이 수업 테크 안타 는 것 이 좋 음,,,,,,,,,,,,,,
한 자 많이 쓰 시 고 중국어 도 잘 하 시 ㅁ,,,,,,,,,,,,,,
글쎄요 나 는 시험 중간 기말 1 등 이 라고 생각하 았 는데 출 결 1 번 빠지 어서 A 0 줌 ... 그냥 성적 을 안 보이 어 주 어서 아쉬움 ......,,,,,,,,,,,,,,
"""숙제 는 중간 "," 기말 문제 풀이 1 번 설명 부터 배려 까지 그저 갓 갓 가 아""",,,,,,,,,,,,,,
학점 무조건 챙겨주 심 .. 공수 2 안 하 아 주 시 어서 슬프 ㄹ 뿐 이 고 학생 들 입장 먼저 생각하 아 주 시 ㄴ 다 시험 나 ㄹ 자리 를 복잡 하 게 앉 게 하 시 어서 뭐 이렇게 까지 하 ㄹ 수 있 나 생각하 ㄹ 수 있 지만 다 학생 듣 을 위하 ㄴ 것 이 ㅁ,,,,,,,,,,,,,,
공부 하 ㄹ 양이 많 은 과목 이 지만 수업 자료 랑 교수 님 강의 가 좋 아서 공부 하 기 수월 하 ㅂ니다,,,,,,,,,,,,,,
하지만 그냥 하 는 소리 이 니 딱히 신경 안 쓰 는 것 을 권장,,,,,,,,,,,,,,
............ 대신 얻 는 것 은 없 음,,,,,,,,,,,,,,
결국 잘 나오 려면 시험 을 잘 보 아야 하 는데 꼼꼼 하 게 하나하나 씩 채점 하 시 어서 생각 보다 점수 얻 기 는 힘 들 ㅁ,,,,,,,,,,,,,,
"""어쨌든 성적 비율 이 명확히 있 고 누구 는 저 가 위 에 기술 하 ㄴ 것 처럼 열심히 찾아보 고 노력 하 아서 많 은 것 을 얻 어 가 았 고 "," 본인 이 이 수업 을 통하 아 받 을 점수 는 딱 남 들 이 고생 하 아서 이해 하 ㄴ 문제 못 풀 어서 받 은 결과 에 요""",,,,,,,,,,,,,,
질문 하 아도 뭐 라 그러 고 대학생 이 면 직접 찾아보 아야 하 하 ㄴ다고 하 고 이러 ㄹ 것 면 수업 을 왜 들 으라는 것 이 ㄴ지 ...,,,,,,,,,,,,,,
공부 하 아서 무엇 ㄴ가 를 얻 기 ㄹ 원한 다 비추,,,,,,,,,,,,,,
교 피 ㄹ 중 에서 이것 은 좀 교양 스럽 었 다,,,,,,,,,,,,,,
개인적 으로 가장 교양 다운 수업 이 었 다고 생각 하 ㅂ니다,,,,,,,,,,,,,,
보 면 금방 쓰 는 것 같 아 요 이번 학기 에 듣 기 ㄹ 가장 잘 하 았 다 고 생각 하 는 과목 중 하나 이 ㅂ니다,,,,,,,,,,,,,,
개인적 으로 교수 님 에게 배우 ㄹ 것 이 없 다 도 생각하 아 서 교재 가 CPA 준비 하 면서 푸 는 책 이 었 다,,,,,,,,,,,,,,
수업 때 쪼 끄 만하 시 ㄴ 키로 엄청 열정적 으로 수업 하 시 ㅁ,,,,,,,,,,,,,,
.. 근데 뭐 이것 은 공부 안 하 ㄴ 나 의 잘못 이 고 이 번 학기 교수 님 중 제일 괜찮 았 음,,,,,,,,,,,,,,
이런 인재 가 왜 여기 에 ..,,,,,,,,,,,,,,
교수 님 은 착하 시 ㄴ 데 강의 는 좀 졸리 어 욥 기말 진짜 거의 못 쓰 었 는데 B 0 주 시 어서 매우 감사 하 게 생각 하 ㅂ니다,,,,,,,,,,,,,,
.. 점수 도 그렇게 잘 받 은 것 도 아니 고 그냥 다른 반 가 시 어요,,,,,,,,,,,,,,
처음 에 ㄴ 별로 이 었 는데 마지막 에 ㄴ 헤어지 는 것 이 아깝 었 어요,,,,,,,,,,,,,,
결석 도 사정 미리 얘기 하 았 더니 이번 에 ㄴ 결석 처리 안 하 겠 다며 봐주 심 그냥 믿 고 들 으시 어요,,,,,,,,,,,,,,
수업 들 으러 가 았 다가 힐링 하 는 교양 중 하나 였 어요,,,,,,,,,,,,,,
숙제 가 없 고 시험 보 는 것 도 그렇게 많 은 준비 가 필요 하 ㄴ 시험 이 아니 여서 부담 도 없 고 좋 았 어요,,,,,,,,,,,,,,
숙제 도 없 고 수업 을 못하 아도 보강 이 없 다,,,,,,,,,,,,,,
출석 부르 ㄹ 때 어 저 의 뭐 하 았 는지 말 하 는 시간 이 있 는데 초반 에 는 뻘 쭘 하 어 시간 지나 면 익숙 하 아 지 ㄹ 것 이 ㅁ,,,,,,,,,,,,,,
깐깐 하 ㄴ 것 은 맞 지만 항상 학생 들 에게 친절 하고 배우 ㅁ,,,,,,,,,,,,,,
교수 님 재미있 으시 고 참여 도 잘하 고 하 시 면 학점 잘 주 십 니 다 에 세 이나 발표 는 영어 실력 보다 는 얼 만큼 배우 ㄴ 것 을 이용 하 았 는지 위주 로 보 시 는 것 같 아요,,,,,,,,,,,,,,
근데 다른 교수 님 들 도 그러 는지 는 모르 겠 지만 수업 도 중 말하기 를 엄청 많이 시키 시 어요,,,,,,,,,,,,,,
숙제 에 대하 ㄴ 시간 을 좀 더 주 었 으면 좋 았 을 거라 생각 하 ㅂ니다,,,,,,,,,,,,,,
제발 제시간 에 끝내 주 시 어요,,,,,,,,,,,,,,
수업 스타일 은 많이 빡 셉 니 다 요구 하 시 는 것 도 많 으시 고 같 은 영어 1 수업 친구 들 과 비교 하 아 보 아도 비슷 하 ㄴ 듯 하 지만 더 어렵 거나 요구 사항 이 있 습니다,,,,,,,,,,,,,,
보 니 조원 들 에게 도움 받 을 수 있 어서 좋 았 어요,,,,,,,,,,,,,,
수업 은 알 ㄴ 들 어도 상관없 는 것 같 은 ...,,,,,,,,,,,,,,
수업 자체 가 처음 부터 끝 까지 긴장 되 고 쉬 ㄹ 틈 이 없 기 는 하 ㅁ,,,,,,,,,,,,,,
수업 하 ㄹ 때 는 학점 엄청 알 ㄴ 주 ㄹ 것 이 같이 얘기 하 지만 생각 외로 잘 받 아서 놀라 았 습니다,,,,,,,,,,,,,,
보고서 피드백 은 전혀 없 었 고 평가 기준 조차 애매 하 다고 생각하 ㄴ 다,,,,,,,,,,,,,,
태도 점수 로 매 수업 시간 최대 2 번 씩 질문 받 으시 고 그 횟수 기록 하 아서 출석부 에 기록 하 았 다 가 나중 에 태도 점수 로 평가 하 시 는 것 같 습니다,,,,,,,,,,,,,,
"""진짜 얼 토 당 토 않 는 질문 도 다 설명 해주시 고 "," 누구 이 ㄴ가 이미 물어보 ㄴ 것 에 부연 질문 하 는 형 으로 하 는 짜 투 리 질문 도 전부 기록 하 아 주 시 는 편입 ㅂ니다""",,,,,,,,,,,,,,
"""' 예 를 들 어 ' 를 많이 쓰 는데 "," 이 하 아 가 아 안 되 는 예 를 들 ㄴ다""",,,,,,,,,,,,,,
쓰 는 것 은 자기 몫 임 뇌 피셜 은 빼 되 어 많이 쓰 시 어요,,,,,,,,,,,,,,
수업 개 못하 ㅁ,,,,,,,,,,,,,,
"""한 자는 미리 어떤 것 내 시 ㄹ 지 알리 어 주 시 어서 공부 말 ㄴ 하 면 다 맞 구 요 서술 형 도 하나 는 은근히 "," 하나 는 대 놓 고 알리 어 주 시 ㅂ니다""",,,,,,,,,,,,,,
하 ㄴ 가지 단점 은 강의 에 포인트 가 없 다는 점,,,,,,,,,,,,,,
진짜 공부 하 겠 다는 의지 만 있 으면 학생 한 명 한 명에 것 이 질문 대답 전부 해주시 는 참 교수 님,,,,,,,,,,,,,,
덕분 에 재수 강 A 받 고 가 ㅂ니다,,,,,,,,,,,,,,
플로 채우 어 주 시 는 듯 강추 하 ㅁ,,,,,,,,,,,,,,
대학 강의 스럽 ㄴ 강의 에 요,,,,,,,,,,,,,,
을 얻 거나 외부 의 도움 이 없 으면 수단 을 마련 하 아야 하 ㅁ,,,,,,,,,,,,,,
"""자신 이 못 가르치 시 는 것 도 어느 정도 이 ㄴ 지하 고 있 어서 질문 많이 하 라고 하 고 ", 시험 은 중간 ," 기말 전 에 간단히 조 모임 으로 풀 라고 하 는 문제 중 에서 많이 나오 ㄴ다""",,,,,,,,,,,,,,
입학 하고 들 었 던 교양 수업 중 에 가장 배우 ㄴ 것 이 많 은 수업 이 었 습니다,,,,,,,,,,,,,,
귀찮 을 수 있 는 숙제 이 지만 이 수업 이 아니 라면 가보 지 도 않 았 을 전시회 가보 는 것 도 꽤 좋 은 경험 이 었 습니다,,,,,,,,,,,,,,
"""", , , 이 ㄴ 강 듣 는 것 같 은 기분 , ," 등록금 이 아깝 었 다""",,,,,,,,,,,,,,
숙제 채점 안 하 ㄴ 것 때문 에 다음 숙제 못 내 겠 다더니 종강 하고 나 서 마감 이 ㄴ 숙제 2 개 를 몰아주 ㅁ,,,,,,,,,,,,,,
시험 문제 도 수업 만 잘 들 으면 문제 없 음,,,,,,,,,,,,,,
그래서 별 하나 빼 ㅁ,,,,,,,,,,,,,,
친절 하 시 고 신경 많이 써 주 시 는 것 이 느끼 어 지 ㅂ니다,,,,,,,,,,,,,,
교양 필수 가 되 어야 하 는 강의,,,,,,,,,,,,,,
교양 수업 의 정석 같 은 수업 이 ㅂ니다,,,,,,,,,,,,,,
대학 강의 답 은 강의 이 었 다고 생각하 아 요,,,,,,,,,,,,,,
재미 는 별로 없 기 는 한데 듣 을 만 은 하 ㅁ,,,,,,,,,,,,,,
돈 이 아깝 지 않 은 강의,,,,,,,,,,,,,,
출 튀 를 안 잡 으시 고 쉬 는 시간 이 없 음,,,,,,,,,,,,,,
여성학 듣 은 남학생 이 ㅁ,,,,,,,,,,,,,,
자신 의 얘기 들 도 꿀잼 ... 대학 에서 모든 수업 이 이리하 았 다면 힘들 었 겠 지만 학문 을 배우 는 느낌 이 ㅂ니다,,,,,,,,,,,,,,
근데 그만큼 수업 이 빡 세다 는 것 .. 교수 님 이 참 열정적 이 시 라 빠지 ㄴ 부분 보강 꼭 하 시 고 1 시간 15 분 수업 이 ㄴ데 항상 1 시간 20 분 까지 수업 하 셨 었 어요,,,,,,,,,,,,,,
테크노 추 면서 경영학 배우 ㅁ,,,,,,,,,,,,,,
라는 경험 을 통하 ㄴ 배우 ㅁ,,,,,,,,,,,,,,
"""강의 재미없 다고 하 는 여론 이 많 은데 그것 ㄴ 둘째 치고 ", 같 은 강의 담당 하 시 는 교수 님 중 에 숙제 는 제일 치 어 많 고 ," 하 ㄴ 학기 동안 대략 10 장 짜리 레포트 를 5 번 요구 하 았 는데 심지어 이것 이 적 다고 말하 ㄴ 다 자꾸 1 학년 때 는 놀 아야 되 ㄴ다고 모순 되 ㄴ 방향 으로 입 을 터 니까 매우 빡 치 ㄴ다""",,,,,,,,,,,,,,
실망 스럽 ㅁ,,,,,,,,,,,,,,
최악 친목 질의 끝,,,,,,,,,,,,,,
헛소리 한 조가 1 등 하 ㄴ 것 보 고 집어치 ㅁ,,,,,,,,,,,,,,
"""암튼 강의 를 들 으면서 얻 어 가 ㄹ 수 있 는 것 는 1 도 없 고 ", 몇 년 전 에 만들 어 놓 은 자료 같 은 것 그대로 재활용 하고 ," 꽤 시간 많이 잡아먹 는 팀 프로젝트 까지 있 는 기분 나쁘 ㄴ 과목""",,,,,,,,,,,,,,
알 ㄴ 들 으면 후회 하 는 강의,,,,,,,,,,,,,,
최고 의 교양 수업,,,,,,,,,,,,,,
하지만 수업 을 듣 을 수록 교수 님 이 좋 으시 어서 무슨 말 을 하 든 배려 하 아 주 시 고 많 은 것 을 가르치 어 주 실리 어 고 하 ㅁ,,,,,,,,,,,,,,
강의 내용 은 좋 았 지만 평소 수업 숙제 가 많 은 이 들 에게 이 수업 의 숙제 는 부담 스럽 ㄴ 수준,,,,,,,,,,,,,,
.. 잠 과 의 사 투 ... 얻 는 것 도 사실 그닥 없 었 다,,,,,,,,,,,,,,
중간 은 어떤 주제 에 대하 ㄴ 입론 반박 재 반박 을 상상 하 아서 쓰 는 것 이 고 기말 은 토론 피드백 을 하 는 것 이 었 는데 시험 에 변별력 이 떨어지 어 수업 참여 도 가 많이 반영 되 는 것 같 습니다,,,,,,,,,,,,,,
배우 ㄹ 것 이 많 은 것 보다 ㄴ 학점 을 잘 받 을 수 있 는 과목,,,,,,,,,,,,,,
듣 을 것 이 없 어도 듣 으시 면 안 되 는 과목 이 ㅂ니다,,,,,,,,,,,,,,
전공 보다 자기 교양 을 우선시 하 라는 마인드 로 학생 들 밤새 남기 고 휴일 이 든 평일 이 든 전화 까지 하 아서 괴롭히 는 말 도 안 되 는 수업 이 ㅂ니다,,,,,,,,,,,,,,
... 학생 들 편의 생각하 아 서 숙제 도 빼 주 시 고 세심 하 ㄴ 부분 에서 배려 하 시 ㅂ니다,,,,,,,,,,,,,,
교수 님 엄청 열정적 이 시 고 설명도 잘 하 어 주 심 숙제 는 부담 스럽 지 않 는 선 에서 나 의 주심 다만 수업 시간 에 문제 같 은 것 풀 때 출석부 에서 아무 나 이름 부르 어서 시키 는 데 수업 잘 알 ㄴ 듣 었 으면 대답 하 기 ,,,,,,,,,,,,,,
가르치 어 주 는 것 없 음,,,,,,,,,,,,,,
진짜 대학 강의 를 듣 는다는 느낌 을 받 았 습니다,,,,,,,,,,,,,,
시험 끝나 고 나 이 니까 기억 에 남 았 던 전공 이였 어요,,,,,,,,,,,,,,
""""," 뭐 되 도 않 는 것 ㄹ로 이 것 있 으면 남 들 보다 더 잘하 는 비기 가 생기 ㄴ 것 이 다""",,,,,,,,,,,,,,
왜 이 ㄴ지 모르 겠 으나 조 별 숙제 에서 학생 들 이 굉장히 열심히 하 는 수업,,,,,,,,,,,,,,
수업 배우 는 것 없 음,,,,,,,,,,,,,,
뭘 배우 었 는지 잘 모르 겠 음,,,,,,,,,,,,,,
개인적 으로 는 이 과목 자체 가 상당히 어렵 어 서 프로젝트 진행 하 는데 도 도움 받 을 곳 도 없 어서 혼자 힘들 게 하 았 던 것 같 습니다,,,,,,,,,,,,,,
강의 자체 는 저 는 좋 다고 느끼 는 편입 ㅂ니다,,,,,,,,,,,,,,
수업 제대로 듣 은 것 이 하 ㄴ 번 도 안 되 네 여 맨날 웅얼거리 시 어서 마이크 가 무슨 기능 하 는 지 모르 겠 구 배우 는 것 랑 시험 문제 랑 딴판 이 어서 공부 하 는 보람 이 없 는 느낌 이 랄까 암튼 별로 이번 에 는 학점 도 알 ㄴ 채우 어 주 어서 더더욱 별로,,,,,,,,,,,,,,
수업 들 어도 남 는 것 이 하나 도 없 음,,,,,,,,,,,,,,
하 면서 수업 들 어 보 니까 한 마디 한마디 대충 하 시 는 말씀 이 없 습니다,,,,,,,,,,,,,,
나 의 2 년 반 대학 인생 중 2 번 째 로 X 같 앗 던 수업,,,,,,,,,,,,,,
그냥 숙제 별로 없 는 싸 강 듣 는 다는 마음 으로 들 으시 어요,,,,,,,,,,,,,,
시간 제한 도 없 고 가이드라인 도 없 었 습니다,,,,,,,,,,,,,,
기본 정보 시험 없 음,,,,,,,,,,,,,,
팁 1 질문 과 발표 에 목숨 걸지 말 것,,,,,,,,,,,,,,
"""이 때 전 교수 님 이 말 하 시 ㄴ 참신 하 ㄴ 글 을 쓰 고 싶 어서 근거 "," 핵심 메세지 선정 부터 고민 을 많이 하 다가 오히려 항상 글 은 급하 게 쓰 었 는데 이것 이 성적 을 잘 받 는 데 는 별로 이 ㄴ 것 같 더라구요""",,,,,,,,,,,,,,
좋 은 근거 와 핵심 메시지 가 발견 되 면 좋 겠 지만 고민 고민 하 아도 답 이 안 나오 ㄹ 때 도 많 거든요,,,,,,,,,,,,,,
글쓰기 에 대하 ㄴ 교수 님 피드백 을 받 고 싶 었 지만 몇몇 의 학생 들 에게 1 분 내외 의 피드백 을 강의 중 에 개인적 으로 해주시 는 것 이 전부 이 었 습니다,,,,,,,,,,,,,,
나 는 이제 까지 듣 은 과목 중 에 제일 인생 에 도움 되 는 것 같 았 다,,,,,,,,,,,,,,
생각 보다 진도 도 별로 안 나가 았 다,,,,,,,,,,,,,,
"""기준 미달 이 면 D "," F 나오 ㅁ""",,,,,,,,,,,,,,
문제 내 고 답 을 안 보이 어 주 ㅂ니다,,,,,,,,,,,,,,
수업 을 일단 알 ㄴ 들 음,,,,,,,,,,,,,,
.. 하지만 교수 님 의 혼란 스럽 ㄴ 수업 .. 보이 지 않 는 칠판 ... 오타 날 는 증명 과정 ... 혼돈 의 카우 스 에서 정신 똑바로 차리 고 당장 이해 가 되 지 않 더라도 일단 틀리 지 않 게 필기 하고 따로 책 보 고 인터넷 보 고 공부 하 시 어요,,,,,,,,,,,,,,
"""발표 점수 를 얻 는 것 도 대부분 이과 생 이 ㄹ 수 밖에 없 는 것 이 "," 답변 이 틀리 면 점수 를 받 지 못하 기 때문 이 ㅂ니다""",,,,,,,,,,,,,,
강의 계획표 에서 말하 ㄴ 진도 의 절반 밖에 안 나가 ㅁ,,,,,,,,,,,,,,
이번 학기 부터 안 하 시 ㄴ 다니 좋 고 듣기 안 좋 은 농담 을 하 아서 기분 이 나 쁩 니 다 시험 나오 는 것 은 다 표시 하 아 주 시 고 흘리 듯 말 하 시 ㄴ 거도 몇 개 말 하 시 는데 A 맞 으려면 그거 도 외우 어야 하 ㅂ니다 다 들 엄청 잘 맞추 시 어서 ...,,,,,,,,,,,,,,
인 강 으로 알리 어 주 는 것 은 강의 자료 훑 는 수준,,,,,,,,,,,,,,
근데 밑 에 분 말 대로 시간 에 대하 ㄴ 개념 이 1 도 없 는 사람 이 라,,,,,,,,,,,,,,
한 학기 지나 면 남 는 것 이 하나 도 없 습니다,,,,,,,,,,,,,,
남 는 것 도 없 는 듯 화나 ㄴ다,,,,,,,,,,,,,,
어버버 하 시 ㄴ다고 하 아야 하 나 그래서 가끔 뭐 라고 하 시 는 것 이 ㄴ지 모르 겠 다는 경우 가 생 김 이런 것 은 수업 끝나 고 질문 하 면 설명 열심히 해주시 기 는 하 ㅁ,,,,,,,,,,,,,,
조 별 숙 저 가 많 고 실습 용 으로 지급 되 는 모트 에 고장 이 많 습니다,,,,,,,,,,,,,,
수업 시간 모기 도 씹 어 먹 으면 열 정적 으로 강의 하 는 그르 ㄹ 보 았 는가,,,,,,,,,,,,,,
재수강 만 면하 면 되 ㅁ,,,,,,,,,,,,,,
시키 는 것 은 엄청 많 은데 정작 합당 하 ㄴ 성적 이 안 나오 ㅁ,,,,,,,,,,,,,,
아깝 다 강의 평가 쓰 고 있 는 이 시간 ....,,,,,,,,,,,,,,
널 너 ㄹ 하 게 시간표 짜 면 들 어도 되 ㄹ 것 같 고 학생 들 이 많이 들 ㄹ 음,,,,,,,,,,,,,,
시험 은 1 문제 필수 2 문제 중 1 문제 선택 하 아서 총 두 가 지 질문 에 서술 하 시 면 되 ㅂ니다,,,,,,,,,,,,,,
여기 는 대부분 잘 하 아서 차이 많이 안 나 고 기말 에서 많이 차이 나 았 음,,,,,,,,,,,,,,
하 시 면 듣 고 바쁘 면 비추,,,,,,,,,,,,,,
책사 야 되 는 것 이 좀 별로 엿 음,,,,,,,,,,,,,,
화나 는 경험 이 었 지만 어떻하 게 보 면 초반 에 스케치 를 그리고 세부적 으로 강의 를 진행 해주시 는 교수 님 의 크 ㄴ 그림 이 아니 었 을까 싶 음,,,,,,,,,,,,,,
던지 면 빼 박 C 이 ㅂ니다,,,,,,,,,,,,,,
징징 것 릴 여지 가 없 습니다,,,,,,,,,,,,,,
전부 티 나 ㅂ니다,,,,,,,,,,,,,,
홍 수업 을 알 ㄴ 듣 어 보 아서 모르 겠 는데 이 교수 님 수업 이 비교 하 았 을 때 많이 밀리 ㄹ 것 라고 는 생각 안 하 ㅁ,,,,,,,,,,,,,,
놓치 기 시작 하 면 답 없 다,,,,,,,,,,,,,,
메일 로 질문 하 면 바로 대답 하 아 주 시 고 항상 수업 하 면서 중간 중간 에 모르 는 것 이 있 는지 확인 하 아 주 시 ㅁ,,,,,,,,,,,,,,
4 년 강의 통틀어 가장 많 은 것 을 배우 ㄴ 수업,,,,,,,,,,,,,,
일단 배우 ㄹ 것 이 많 은 수업 이나 1 학점 치고 는 헤비 하 았 던 과목 ... 거의 5 학점 짜리 수업 ...,,,,,,,,,,,,,,
솔직히 말하 아 서 강의 로 얻 을 수 있 는 것 은 없 고 혼자 공부 하 아야 되 ㅁ,,,,,,,,,,,,,,
바쁘 시 어서 그런 것 은 당연히 이해 하 지만 .. 길 ㄴ 이메일 에 는 답장 이 계속 없 으시 다가 이번 이 마지막 이 다 하 고 포기 하 면서,,,,,,,,,,,,,,
무엇 ㄴ가 배우 ㅁ,,,,,,,,,,,,,,
엑셀 기술 배우 는 수업 같 은 느낌 이 가장 크 었 음,,,,,,,,,,,,,,
"""수업 못 따라가 면 팀원 한테 캐리 받 아야 하 고 ", , ," 그 반대 도 마찬가지 이 ㅁ""",,,,,,,,,,,,,,
재무 잘하 고 엑셀 다루 ㄹ 줄 만 알 면 꿀 강의,,,,,,,,,,,,,,
"""그래도 도움 이 많이 되 는 강의 이 었 고 "," 학생 들 의 참여 를 계속 이 끌어내 시 고 꽤 나 학생 들 도 적극적 으로 수업 시간 에 참여 하 아서 대학 생활 중 한 번 은 듣 어 보 ㄹ 만 하 ㄴ 강의 이 ㄴ 것 같 습니다""",,,,,,,,,,,,,,
또한 무엇 ㄴ가 를 배우 고자 하 는 학생 들 한테 는 비추,,,,,,,,,,,,,,
자기 가 공부 하 ㄴ 만큼 얻 어 가 요,,,,,,,,,,,,,,
수업 준비 도 완벽 하 게 하 아 오 시 고 불편 하 ㄴ 것 하나 도 없이 수업 내용 이 나 한테 도움 이 많이 되 었 고 대학 에 오 아서 3 년 동안 듣 은 수업 중 에서 가장 듣 을 만 하 ㄴ 수업 이 었 다,,,,,,,,,,,,,,
교수 님 께서 착하 시 어서 학생 들 을 많이 배려 하 아 주 시 려 하 고 시험 문제 도 가르치 어 주 셨 던 것 들 중 에서 나오 아서 공부 말 ㄴ 좀 꼼꼼히 하 ㄴ다면 좋 은 성적 기대 하 아도 좋 을 것 같 습니다,,,,,,,,,,,,,,
수업 시간 에 말 을 하 ㄴ 적 은 한 번 도 없 었 지만 앞쪽 에 앉 아서 자주 눈 을 마주치 고 얼굴 말 ㄴ 익히 는 것 으로 도 충분 하 다고 생각 되 ㅂ니다,,,,,,,,,,,,,,
실용적 이 ㄴ 측면 에서 도움 되 는 내용 이 많 다,,,,,,,,,,,,,,
조원 들 이랑 토의 한 것 말 하 라고 시키 는 데 이것 는 부담 느끼 ㄹ 만 하 ㄴ 것 은 절대 아니 구,,,,,,,,,,,,,,
왜 그렇게 생각 하 시 어요,,,,,,,,,,,,,,
중국어 입문 이 라 궁금 하 ㄴ 것 투성 이인 데 도 질문 하나하나 다 받 아 주심,,,,,,,,,,,,,,
"""숙제 는 중간 "," 기말 문제 풀이 1 번 설명 부터 배려 까지 그저 갓 갓 가 아""",,,,,,,,,,,,,,
학점 무조건 챙겨주 심 .. 공수 2 안 하 아 주 시 어서 슬프 ㄹ 뿐 이 고 학생 들 입장 먼저 생각하 아 주 시 ㄴ 다 시험 나 ㄹ 자리 를 복잡 하 게 앉 게 하 시 어서 뭐 이렇게 까지 하 ㄹ 수 있 나 생각하 ㄹ 수 있 지만 다 학생 듣 을 위하 ㄴ 것 이 ㅁ,,,,,,,,,,,,,,
채우 어 주 시 는 것 같 고 말 로 는 아니 ㄴ 듯 하 시 지만 학생 들 배려 많이 하 아 주 시 어요,,,,,,,,,,,,,,
도대체 이것 ㄹ 왜 배우 는지 모르 겠 음,,,,,,,,,,,,,,
근데 강의 노트 왜 나누 어 주 는지 모르 겠 고 그냥 교수 가 손 으로 답지 배 끼 ㄴ 것 알 수 없 는 부분 에서 히스테리 진심 으로 부림 장단 맞추 ㄹ 수 없 음,,,,,,,,,,,,,,
............ 대신 얻 는 것 은 없 음,,,,,,,,,,,,,,
그냥 없 다고 보 면 되 ㅁ,,,,,,,,,,,,,,
강의 력 은 갓 현 추 ㄹ ..,,,,,,,,,,,,,,
결국 잘 나오 려면 시험 을 잘 보 아야 하 는데 꼼꼼 하 게 하나하나 씩 채점 하 시 어서 생각 보다 점수 얻 기 는 힘 들 ㅁ,,,,,,,,,,,,,,
출 튀 도 안 잡 으시 고 수업 도 별로 ...,,,,,,,,,,,,,,
하지만 학기 말 이 되 자 강의 가 3 주 우 넘 게 안 올라오 다가 한 번 에 7 개 를 올리 어 주 시 는 배려 에 감동 받 았 습니다,,,,,,,,,,,,,,
"""일단 수업 때 툭하면 문과 대학 "," 교차 지원 무시""",,,,,,,,,,,,,,
화이팅 하셈 문과 학생 개 무시 하 니까 문과 면 상처 받 지 말 고,,,,,,,,,,,,,,
""""," 시간 이 없 어서 직접 해보 시 기 ㄹ 바라 ㅂ니다""",,,,,,,,,,,,,,
강의 는 그냥 교재 읽 고 어렵 ㄴ 문제 는 시간 없 다며 설명 없이 자 기 가 풀 었 던 것 그대로 적기 만 하 시 ㅁ,,,,,,,,,,,,,,
수업 시간 에 하 는 거라 부담감 전혀 없 음,,,,,,,,,,,,,,
즁  시험 은 에세이 쓰 는 것 고 기말 은 발표 하 는 것 이 ㄴ데 웬만 하 아서 ㄴ 1 학년 이 라 눈 것 감안 하 시 고 평가 하 시 는 것 같 음,,,,,,,,,,,,,,
예 를 들 면 주인공 이 뭘 왜 하 았 게,,,,,,,,,,,,,,
나 는 중국어 하나 도 모르 고 시작 하 았 는데 A + 받 음,,,,,,,,,,,,,,
안 배우 고 오로지 하 ㄴ 어 병 음,,,,,,,,,,,,,,
"""메일 답변 도 늦 고 "," 뭐 늦 는 것 은 그렇 다""",,,,,,,,,,,,,,
근데 이것 이 시험 때 는 도움 많이 됌 한 명 한 명 일어서 서 외우 ㄴ 것 말해 야 하 는데 이것 이 진짜 싫 음,,,,,,,,,,,,,,
배우 ㄴ 것 도 많 았 고 후회 없 는 선택 이 이 었 음,,,,,,,,,,,,,,
열심히 하 면 얻 어 가 는 것 이 많 으나 대신 진짜 열심히 하 아야 하 ㅁ,,,,,,,,,,,,,,
많이 들 ㄹ 배우 시 어요,,,,,,,,,,,,,,
A 를 받 기 위하 아서 는 방학 동안 예습 을 하 는 것 이 좋 을 것 같 다,,,,,,,,,,,,,,
"""수업 준비 도 열심히 하 아 오 시 고 "," 무엇 보다 다 외우 어서 판서 로 진도 나가 는 것 이 진짜 대단 하 ㅁ""",,,,,,,,,,,,,,
수업 중간 중간 후배 들 아로 시작 하 는 썰 의 끝 은 항상 회계사 에 대하 ㄴ 자랑 으로 끝나 는데 은 연중 에 프라이드 를 넘 어서 교만 한 모습 도 보이 ㅁ,,,,,,,,,,,,,,
조교 님 도 틀리 ㄴ 것 보 고 수정 잘 해주시 니 모르 는 것 이 있 거나 속도 못 따라가 서 놓치 었 을 때 ㄴ 적극적 으로 조교 님 을 부르 자,,,,,,,,,,,,,,
5 시간 일찍 끝내 주 시 고 수업 도 재미있 게 가르치 어 주심,,,,,,,,,,,,,,
"""첫 번 째 로 는 수업 의 내용 이 좋 고 유익 하 아서 열심히 듣 게 되 는 수업 이 고 "," 두 번 째 는 수업 의 질 은 상당히 떨어지 지만 교수 님 한테 찍히 면 큰일 나 ㄹ 것 같 아서 어쩌 ㄹ 수 없이 열심히 듣 게 되 는 수업 이 다""",,,,,,,,,,,,,,
뭐 얻 어 가 려면 수업 외적 으로 혼자 서 공부 하 아야 하 는데,,,,,,,,,,,,,,
"""A 로 채우 어 주시 길 ㄴ 하 는데 하 ㄴ 학기 동인 배우 ㄴ 것 은 없 는 듯 ", , , ," 진짜 그냥 학점 만 받 을 사람 한테 추천 ...""",,,,,,,,,,,,,,
등록금 이 아깝 지 않 은 강의 이 었 음,,,,,,,,,,,,,,
열정 있 게 가르치 어 주 려고 하 시 는 몇 안 되 는 저 의 기준 교수 님 중 한 분,,,,,,,,,,,,,,
그래서 기말 에 는 알고리즘 문제 까지 배우 었 습니다,,,,,,,,,,,,,,
절대 없 어 지 어야 하 ㄹ 과목,,,,,,,,,,,,,,
전체적 으로 괜찮 기 는 하 았 는데 남 는 것 은 많이 없 었 던 강의,,,,,,,,,,,,,,
따라서 자바 의 경우 는 지나 ㄴ 시간 내용 을 복습 하고 오 시 는 것 이 좋 아요,,,,,,,,,,,,,,
나 는 코드 도 짜 았 고 프로젝트 도 내 었 지만 뭘 배우 ㄴ 것 이 ㄴ지 나 는 모르 겠 다,,,,,,,,,,,,,,
나 는 그냥 시간 이 조오 오오오 오 ㄴ 나 아깝 었 다,,,,,,,,,,,,,,
얻 는 것 은 딱히 없 지만 컴퓨터 전공자 로서 MFC 는 한 번 쯤 하 아 보 ㄹ 만 하 ㄴ 부분,,,,,,,,,,,,,,
학생 을 1 도 배려 안 하 ㅂ니다,,,,,,,,,,,,,,
에 그 ... 강의 평 을 .. 강의 평 에서 ... 강의 평 으로 갖 다가 ... 글 을 쓰 ㄴ다는 일 을 작성 해보 자면 ... 크 게 도움 이 되 ㄴ 다 느끼 어 지 지 ㄴ 않 는 다 잉 ... 발구르 기 하지만 수업 자체 의 강도 는 세 ㄴ 편입 ㅂ니다,,,,,,,,,,,,,,
에 도 불구 하고 오프라인 처럼 의사소통 이 되 는 수업 같 았 습니다,,,,,,,,,,,,,,
"""실제 업계 종사자 의 관점 에서 강의 하 시 어서 "," 새롭 ㄴ 관점 을 배우 ㄹ 수 있 다는 것 이 가장 크 ㄴ 장점""",,,,,,,,,,,,,,
안녕히 가 시 어요,,,,,,,,,,,,,,
IT 쪽 으로 지식 의 양이 방대하 여러모로 많 은 것 들 을 배우 ㄹ 수 있 었 던 수업,,,,,,,,,,,,,,
하지만 4 학년 이 되 ㄴ 상황 에서 하 ㄴ 수업 에 많 은 시간 을 투자 하 는 것 은 아무래도 힘들 었 다,,,,,,,,,,,,,,
들 었 던 강의 중 에 젤 재미있 게 들 었 던 것 같 아요,,,,,,,,,,,,,,
숙제 는 이것 이외 에 ㄴ 없 습니다,,,,,,,,,,,,,,
학교 다니 면서 제일 별로 였 던 과목,,,,,,,,,,,,,,
"""팀 프로젝트 "," 숙제 없 다고 하 아서 듣 었 는데 팀 프로젝트 은 없 지만 숙제 있 어 별로 이 었 지만 숙제 쉽 ㅁ""",,,,,,,,,,,,,,
배워가 는 것 이 많이 없 음,,,,,,,,,,,,,,
수업 시간 에 도 되도록 앞자리 에서 듣 으시 는 것 이 좋 습니다,,,,,,,,,,,,,,
배우 ㄹ 것 이 없 다고 하 는 것 은 자신 이 공부 제대로 안 하 아서 그런 거라 생각 하 ㅁ,,,,,,,,,,,,,,
얻 어 가 는 것 하나 도 없 음,,,,,,,,,,,,,,
개 헬 이 ㅁ,,,,,,,,,,,,,,
수업 자체 가 없 기 때문 에 그 시간 에 다른 과목 공부 하 ㄹ 수 있 는 것 은 좋 았 음,,,,,,,,,,,,,,
하 ㄴ 학기 내내 배우 ㄴ 것 이 없 음,,,,,,,,,,,,,,
암튼 별로 임 ..... 범위 드럽 게 많 고 짜증나 요,,,,,,,,,,,,,,
행정 에서 배우 는 교양 역사 강의,,,,,,,,,,,,,,
전 이 수업 들 으면서 잔 기억 밖에 없 네요,,,,,,,,,,,,,,
시험 은 3 번 보 는 것 은 다 알 테 고 교수 님 한테 질문 하 면 매우 잘 알리 어 주 니 모르 는 것 이 있 으면 꼭 질문 하 면서 교수 님 에게 인식 도 남기 면 좋 음,,,,,,,,,,,,,,
수업 은 참여 유도 식 강의 에 요 한 사람 씩 중국어 로 답 하 게 물어보 심,,,,,,,,,,,,,,
"""아 학점 은 절 평이 라고 다 A 주 시 었 고 그 중 에서 0 "," + 비율 나누 어 주셨 습니 당 소통 도 많이 하 려고 노력 하 시 고 한 번 은 학교 있 는 학생 들 부르 어서 음료 쏘 시 었 습니다""",,,,,,,,,,,,,,
실제로 수업 을 들 으면 대학 생활 과 인생 에 도움 이 되 는 조언 을 많이 얻 을 수 있 습니다,,,,,,,,,,,,,,
"""모든 강의 가 이런 스타일 이 라면 힘들 수도 있 지만 1 "," 2 개 쯤 은 이런 스타일 의 강의 를 듣 는다면 분명 많 은 도움 이 되 ㄹ 수업 이 ㅂ니다""",,,,,,,,,,,,,,
나 가 이 돈 내 고 이 강의 들 으러 학교 오 았 다 가 았 다,,,,,,,,,,,,,,
모르 는 것 물어보 면 욕 말 ㄴ 먹 음,,,,,,,,,,,,,,
교수 님 께서 수업 중 에 은근히 많이 방출 하 시 ㄴ 다 앞자리 에서 들 으면 교수 님 이 더 예쁘 어 하 시 ㅁ,,,,,,,,,,,,,,
강의 력 도 좋 으시 고 스마트 캠퍼스 에 질문 올리 ㄹ 때 마다 바로바로 답 하 아 주 시 는 것 을 보 고 열정 이 대단 하 시 ㄴ 분 이 란 것 을 느끼 ㅂ니다,,,,,,,,,,,,,,
전공 수업 듣 다가 오 아서 힐링 하 는 기분 이 었 습니다,,,,,,,,,,,,,,
... 그래도 기말 시험지 제출 하고 나가 ㄹ 때 한 학기 동안 고생 많 았 다고 얘기 하 아 주 시 어서 감동 + 1 하 고 나가 았 습니다,,,,,,,,,,,,,,
등록금 이 아깝 다고 생각하 ㄴ 첫 번 째 수업 이 었 음,,,,,,,,,,,,,,
"""교수 님 독일 사랑하 시 고 ", 말투 가 냉소적 이 고 참여 하 라고 좀 다 그치 어서 그렇지 사람 좋 아 보이 심 ... 수업 중간 중간 사소 하 더라도 독일 문화 같 은 것 알리 어 주 시 려 하 고 , 한 독사 전이 나 문화원 ," 독일어 배 오 ㄹ 때 좋 은 홈페이지 등 직접 추천 하 아 주 시 ㅁ""",,,,,,,,,,,,,,
전공 관련 지식 도움 받 을 일 이 거의 없 어요,,,,,,,,,,,,,,
주 1 회 조 모임 4 학년 이 ㄴ데 바쁘 아 죽 겠 는데 계속 미팅 가 짐 모이 어 보 았 자 2 학기 에 자기 수업 들 으라는 얘기 와 공모전 얘기 만 하 ㅁ,,,,,,,,,,,,,,
논문 이나 발표 자료 작성 에 대하 아서 처음 에 이렇게 하 라고 알리 어 주 고 그렇게 짜오 면 서 어 로 편 하 ㄴ데 주 1 회 만나 면서 도 아무것 도 안 알리 어 주 는데 자기 마음 에 알 ㄴ 들 면 일단 까 이 ㅁ,,,,,,,,,,,,,,
"""숙제 등 공지 도 뭘 하 라는 것 은 알 겠 는데 어떻하 게 즉 "," 구체적 이 ㄴ 가이드라인 이 없 으니깐 처음 에 보 고 이것 이 뭐 지""",,,,,,,,,,,,,,
3 PF 이 ㄴ데 요구 하 는 것 이 많 음,,,,,,,,,,,,,,
패 폐 의 정석,,,,,,,,,,,,,,
별로 지만 패 패 니 깐 뭐 ...,,,,,,,,,,,,,,
이런 수업 또 없 다,,,,,,,,,,,,,,
조 는 성비 남 4 여 2 정도 로 맞추 고 과도 같 은 과 끼리 배정 안 되게 신경 쓰 심,,,,,,,,,,,,,,
출 결 이 가장 중요 1 번 이 라도 결석 = FAIL,,,,,,,,,,,,,,
폐 패 란 이런 수업 이 구나 하 았 음,,,,,,,,,,,,,,
시키 는 것 이 없 지 ㄴ 않 은데 그렇게 많 지 도 않 음,,,,,,,,,,,,,,
딱히 뭐 를 얻 어 가 는 느낌 은 별로 ... 자기 만,,,,,,,,,,,,,,
패스 패 일 이 지만 귀찮 은 것 이 많 았 던 수업,,,,,,,,,,,,,,
취업 관련 에서 도움 을 얻 는 것 보다 다른 과 사람 들 이랑 만나 고 얘기 하 ㄹ 수 있 는데 이 수업 의 가장 크 ㄴ 메리트 라고 생각하 ㄴ 다,,,,,,,,,,,,,,
시간 을 다시 되돌리 ㄴ다면 PF 이 ㄹ지라도 알 ㄴ 들 었 을 과목,,,,,,,,,,,,,,
PF 이외 의 장점 은 없 음,,,,,,,,,,,,,,
배워가 는 것 도 그닥 없 음,,,,,,,,,,,,,,
경력 개발 센터 빼 고 는 유익 없 음,,,,,,,,,,,,,,
일 따 ㄴ 숙제 는 없 고,,,,,,,,,,,,,,
이 있 는데 정작 나 가 답 이 없 음,,,,,,,,,,,,,,
뭐 라고 하 는지 엄청나 ㄴ 집중력 을 가지 고 꼼꼼이 듣 어야 하 ㅁ,,,,,,,,,,,,,,
왜 까 이 는지 ... 강의 어렵 지 않 고 국제 마케팅 관점 에서 시험 이 나오 았 다고 생각 하 ㅂ니다,,,,,,,,,,,,,,
개인적 으로 는 국어학 쪽 에 흥미 가 없 었 는데 의 외로 재미있 고 얻 어 가 ㄹ 것 이 많 은 수업 이 었 어요,,,,,,,,,,,,,,
"""학점 만 대충 받 으려고 듣 는 사람 한테 ㄴ 그냥 고통 만 남지 만 "," 열심히 열정 있 는 사람 은 고통 + 지식 을 함께 얻 음""",,,,,,,,,,,,,,
숙제 없 고 중간 은 100 퍼센트 찝  데 에서 나오 ㅁ,,,,,,,,,,,,,,
수업 스타일 도 고등학교 에 말하 ㄴ 번 시작 하 면 안 끝나 는 선생 님 닮 았 음,,,,,,,,,,,,,,
학생 이 질문 에 답 못하 ㄹ 때 까지 질문 하 시 는 분임 그래도 실험 반 두 개인 데 시험 문제 도 안 겹치 게 잘 내시 고 편법 없이 자 기 능력 평가 받 기 에 ㄴ 굿 굿,,,,,,,,,,,,,,
교양 인정 도 안 되 고 일반 선택 이 라고,,,,,,,,,,,,,,
올해 듣 은 것 중 에 가장 교양 다운 수업 이 었 어요,,,,,,,,,,,,,,
진짜 똑똑 하 시 고 강의 자체 가 도움 이 많이 되 ㅂ니다,,,,,,,,,,,,,,
그래도 별 2 개 주 는 이유 는 교수 님 이 나 도 착하 시 고 학생 들 을 가르치 려는 열의 가 상당 하 시 어서,,,,,,,,,,,,,,
그리고 숙제 없 는 것 이 좋 음,,,,,,,,,,,,,,
전공 이 많 아 교양 공부 하 ㄹ 시간 이 없 어 선택 하 ㄴ 교양,,,,,,,,,,,,,,
3 숙제 는 따로 없 음,,,,,,,,,,,,,,
강의 수준 배우 는 것 없 어요,,,,,,,,,,,,,,
패턴 많이 말 하 면서 겉 으로 는 도움 되 ㄴ다고 많이 언급 하 지만 1 시간 15 분 동안 배우 는 것 이 없 습니다,,,,,,,,,,,,,,
개 무섭,,,,,,,,,,,,,,
영어 잘하 고 수업 때 말 많이 + 질문 많이 하 는 학생 엄청 예쁘 어 하 시 ㅁ,,,,,,,,,,,,,,
책 만 달달 외우 면 되 고 수업 은 남 는 것 없 음,,,,,,,,,,,,,,
교수 님 이 누구 가 되 었 든 대부분 한 학기 만 수업 하 는 초빙교수 무역전 시론 이 라는 수업 듣 지 말 아 ... 숙제 도 시간 에 비례 하 아서 점수 안 나오 ㅁ,,,,,,,,,,,,,,
지극히 내 어 주관적 이 ㄴ 평가 이 ㅁ,,,,,,,,,,,,,,
재미있 어서 금방 집 중하 게 되 ㅂ니다,,,,,,,,,,,,,,
그런데 이런 것 이 배우 는 거구 나 라고 느끼 ㄹ 정도 로 좋 은 강의,,,,,,,,,,,,,,
수업 들 으면서 느끼 ㄴ 것 이 ㄴ데 고 학년 이랑 은 마인드 부터 가 다른 것 같 다,,,,,,,,,,,,,,
수업 은 재미있 었 고 유익 하 았 으며 고급 스럽 었 다,,,,,,,,,,,,,,
수업 이 전혀 지루 하 지 않 고 교수 님 이 흥미 로 울 ㄴ 일화 들 을 소재 로 진행 하 시 어서 수업 을 재미있 게 들 으시 ㄴ다면 시험 공부 도 수월 하 시 ㄹ 것 같 습니다,,,,,,,,,,,,,,
시간 맞 는 수업 찾 아 들어가 ㄴ 거라 이런 수업 이 ㄴ지 모르 았 음,,,,,,,,,,,,,,
세계 곳곳 의 정보 기관 과 정보 처리 에 관하 ㄴ 강의 이 ㅂ니다,,,,,,,,,,,,,,
교재 가 없 어서 굉장히 혼란 스럽 었 습니다,,,,,,,,,,,,,,
진정 하 ㄴ 대학 수업 이 라고 느끼 어 지 ㄴ 강의,,,,,,,,,,,,,,
한국 노동 계 에 관해 많 은 것 을 배우 ㄹ 수 있 음,,,,,,,,,,,,,,
계속 이래 오 았 던 것 같 네요,,,,,,,,,,,,,,
대학 오 아서 긴장 하 게 되 는 수업 오랜만 이였 어요,,,,,,,,,,,,,,
"""진짜 보드 타 ㄹ 줄 1 도 모르 았 고 "," 배우 면서 도 많이 넘어지 고 느 는 느낌 이 알 ㄴ 듣 어서 힘들 었 는데 두 번 째 수업 때 직접 자세 봐주 시 고 교정 하 아 주 시 어서 감사 하 았 음""",,,,,,,,,,,,,,
운동 이 다 보 니 시간 이 잘 가 고 쉬 는 시간 도 자유로 어 좋 음,,,,,,,,,,,,,,
과목 자체 가 느끼 기 에 굳이 의 미부 여 하 아 가 면서 공부 하 ㄹ 거리 만들 는 것 같 다고 느끼 었 습니다,,,,,,,,,,,,,,
후회 하 지 않 는다,,,,,,,,,,,,,,
솔직히 다른 디자인 로 ㄴ 수업 보다 는 프로젝트 도 하 아야 하 고,,,,,,,,,,,,,,
만만 하 지 ㄴ 않 지만 얻 어 가 ㄹ 것 이 많 은 아주 좋 은 수업 이 ㅂ니다,,,,,,,,,,,,,,
경제 전공 수업 답지 않 게 숙제 를 개 빡 쎄 것 이 하 아야 하 ㅁ,,,,,,,,,,,,,,
기업 투자 및 재무관리 를 영어 로 배우 는 수업 이 ㅂ니다,,,,,,,,,,,,,,
"""수업 초반 에 하 ㄹ 때 는 알 ㄴ 들 어도 괜찮 고 "," 멘토링 은 10 시간 만 딱 채우 고 더 이상 알 ㄴ 만나 도 무방""",,,,,,,,,,,,,,
강의 자료 에 도 공 을 많이 쏟 으시 는 것 같 음,,,,,,,,,,,,,,
물론 내 어 기준 이 ㅁ,,,,,,,,,,,,,,
학점 은 잘 주 시 는 편 이 고 시험 도 외우 기 만 하 면 쉽 고 교수 님 께서 메일 로 질문 은 잘 받 아 주심 근데 진짜 숙제 하나 때문 에 2 점 깎 습니다,,,,,,,,,,,,,,
보 니 어쩌 ㄹ 수 없 는 듯 .. 그리고 숙제 모르 는 부분 이나 에 러 날 는 것 물어보 면 친절 하 게 다 답 하 아 주 시 ㅁ,,,,,,,,,,,,,,
하지만 딱히 도움 되 ㄹ 만 하 ㄴ 것 이 없 으니 말 ㄴ 약 제대로 배우 고 싶 은 것 이 있 다면 추천 하 지 않 는다,,,,,,,,,,,,,,
그냥 돈 아깝 어도 학원가 서 듣 고 혼자 공부 하 시 어요,,,,,,,,,,,,,,
자료구조 의 특성 상 어렵 ㄹ 수 밖에 없 음,,,,,,,,,,,,,,
이 말씀 이 ㅂ니까 .... 그리고 또 올리 시 ㄴ 점수 표 는 서로 서로 몇 점 매기 었 는지 다 써 있 는 엑셀 표 ... 아직 교수 님 의 자질 도 부족 하 시 ㄴ 것 같 지만 눈치 도 없 으시 군요,,,,,,,,,,,,,,
나 가 수업 을 못 알 아들 어서 수업 이 별로 다,,,,,,,,,,,,,,
빵점 없 냐,,,,,,,,,,,,,,
수업 내용 듣 어서 남 는 것 도 없 고,,,,,,,,,,,,,,
시험 문제 는 엄청 주관적 이 고 배우 ㄴ 것 과 관계 없 으며 그냥 아무 말 대잔치 쓰 면 자기 마음 에 들 는 답 점수 잘 줌 기준 을 알 수 없 음,,,,,,,,,,,,,,
배우 ㄹ 것 은 참 많 은 수업 이 ㅂ니다,,,,,,,,,,,,,,
그렇 다고 혼자 하 기 에 굉장히 빡 쎄 고 엄청나 ㄴ 양이 라서 힘들 어요,,,,,,,,,,,,,,
전공필 되 었 건 기초 가 되 었 건 필히 드랍  하 는 과목 이 다,,,,,,,,,,,,,,
나 의 남 은 인생 에 방향 을 잡 는데 있 어서 크 ㄴ 도움 이 되 ㄴ 수업,,,,,,,,,,,,,,
주관적 이 ㄴ 평가 기준 .. 일차 시험 때 이 등 하고 이 차 시험 도 하 ㄴ 문제 빼 고 다 쓰 었 는데 비 - 가 나오 아서 메일 로 성적 확인 하 러 가 ㄴ다고 하 니 A - 로 올리 어 주 네요,,,,,,,,,,,,,,
높 은 점수 를 얻 기 위하 아서 는 운 과 스피드 가 생명 이 ㅂ니다,,,,,,,,,,,,,,
"""시험 은 TF ", 단답 식 ," 에세이 이렇게 나오 ㄴ다 는데 아직 시험 은 안 보 아서 잘 모르 겠 네요""",,,,,,,,,,,,,,
늦 은 감 이 없 지 않 지요,,,,,,,,,,,,,,
3 강의 의 장 단점 장점 배우 는 것 은 어렵 지만 시험 의 난이도 가 쉽 ㄴ 편 이 라 수업 열심히 듣 고 공부 말 ㄴ 하 ㄴ다면 좋 은 성적 을 받 을 수 있 음,,,,,,,,,,,,,,
퀴즈 같 은 것 도 없 었 는데 다만 이 부분 은 이 번 학기 의 수강 생 이 많 아 못하 시 ㄴ 것 이 라고 하 시 었 습니다,,,,,,,,,,,,,,
 때 기도 하 ㄹ 때 도 말투 똑같 으시 더라 각설 하고 자꾸 말 바꾸 심 수업 때 는 외우 라 하 았 다 가 보강 때 는 여기 서 안 나오 ㄴ다 하 았 다 가 다른 시간대 보강 에서 는 일부 만 외우 라 하 았 다 가 제각각 임 그리고 시험 객관식 이 ㄴ데 답 을 보 기 로 안주시 로 근사치 를 찍 으라고 하 는 것 이 좀 불편 하 았 음,,,,,,,,,,,,,,
진짜 많이 배우 어 가 ㄹ 수 있 는 좋 은 교수 님 평소 에 공부 하 게 만들 시 어서 긴장감 있 고 좋 아요,,,,,,,,,,,,,,
이번 학기 수업 중 에 가장 얻 은 것 이 많 은 수업 이 었 습니다,,,,,,,,,,,,,,
다 들 좋 다고 하지만 의 외로 굉장히 별로 다 개인적 으로 경영대 교수 중 제일 별로,,,,,,,,,,,,,,
다만 여러 문제 중 4 풀 고 나 서 받 고 싶 은 점수 를 말 하 게 하 는데 만약 A 를 받 고 싶 다고 말 하 면 그 풀이 를 보 ㄴ 다른 학생 들 이 주 어도 되 는지 안 되 는지 평가 하 게 되 ㅂ니다,,,,,,,,,,,,,,
웬만 하 면 학생 들 다 A 부르 고 나머지 학생 들 도 동의 하 어 주 는 것 같 아요,,,,,,,,,,,,,,
조 별 숙제 는 아예 없 다,,,,,,,,,,,,,,
"""그리고 발표 내용 "," 태도 를 학생 이 스스로 판단하 아 서 양심껏 받 고 싶 은 점수 를 부르 게 하 ㅂ니다""",,,,,,,,,,,,,,
감독 구로사와 아키라 의 작품 을 배우 는 수업 이 다,,,,,,,,,,,,,,
"""교수 님 이 발표 하 는 자세 를 중요시 여기 시 어서 크 ㄴ 목소리 ", 발표 속도 , 자세 ," 얼굴 표정 다 생각 하 면서 준비 하 아야 하 아요""",,,,,,,,,,,,,,
1 학기 때 영어 B + 받 아서 스캇 교수 님 수업 듣 었 는데 수업 도 항상 10 분 씩 늦 게 들 어 오 시 어서 좋 았 고 수업 적극적 으로 참여 하 는 그것 좋아하 심 발표 점수 가 가장 크 ㄴ 듯 라이팅 은 다 들 무난 무난 하 게 점수 잘 주심 쨌  성적 잘 주 시 어서 대 만족,,,,,,,,,,,,,,
수업 분위기 최고 로 좋 고 배려 소통 겸손 유머 모두 완벽,,,,,,,,,,,,,,
이 학기 동안 같 은 교수 님 수업 듣 었 는데 첫 학기 에 는 태도 점수 로 엄청나 게 깎 여서 B + 받 고 다음 학기 에 ㄴ 수업 태도 에 신경 쓰 어서 수업 듣 었 더니 A 주심 .. 항상 하 라는 것 만 자 ㄹ 하 아 오면 씨 까지 받 지 는 않 음,,,,,,,,,,,,,,
수업 에 뭐 가 없 음,,,,,,,,,,,,,,
"""학점 과 는 별개 로 개인적 으로 생각 하 기 에 영어 선생 님 들 중 에 제일 학생 들 배려 많이 하 어 주 고 "," 여러모로 좋 다고 생각 하 는 선생 님""",,,,,,,,,,,,,,
왜 로비 냐면 자기 별명 이 라고 하 ㄴ다,,,,,,,,,,,,,,
시험 은 잘 보 았 는데 태도 에서 엄청 까 여서 학점 C + 받 음,,,,,,,,,,,,,,
밑 에 오바 들 하 는데 딱히 배우 는 것 없 고 교수 착하 ㄴ 것 보다 딱히 우리 신경 안 쓰 ㅁ,,,,,,,,,,,,,,
나 가 학창 시절 에 이런 교사 를 만나 았 더라면 하 는 느낌 도 받 음,,,,,,,,,,,,,,
교수 님 진짜 착하 시 고 시키 는 것 은 많 은데 학점 은 다 + 로 다 채우 어 주 시 는 듯 B 이 교수 님 수업 배정 받 은 것 면 진짜 복 받 은 것 이 에요,,,,,,,,,,,,,,
학생 편의 를 최대한 봐주 심 1 학기 에 이어 2 학기 때 도 같 은 교수 님 이 시 ㄴ데,,,,,,,,,,,,,,
기말 토픽 선정 하 아서 그것 에 대하 어 발표 토픽 대부분 2 이 ㄴ 1 조로 발표,,,,,,,,,,,,,,
등록금 이 안 아깝 ㄴ 수업 이 었 습니다,,,,,,,,,,,,,,
수업 중간 에 모든 학생 들 한테 질문 하 는데 상대적 으로 수업 어려워하 거나 대답 잘 못하 면 그렇게 많이 안시 켜 는 것 같 아요,,,,,,,,,,,,,,
중간 점수 알리 어 주 시 는데 C 받 아도 신경 쓰 지 말 으시 고 계속 하셈,,,,,,,,,,,,,,
점수 주 는 것 엄청 깐깐 하고 재미있 게 수업 참여 하 아도 발표 한번 못하 면 당신 은 C 와 D 거기 중간 어디 이 ㄴ가,,,,,,,,,,,,,,
.. 아침 9 시 전공 2 시간 수업 가 는 것 이 훨씬 낫 아 요,,,,,,,,,,,,,,
""""," 아무것 도 알 ㄴ 하 았 다 등과 같 은 어 중간 한 대답 은""",,,,,,,,,,,,,,
배우 ㄴ 것 도 딱히 없 음,,,,,,,,,,,,,,
그리고 매번 출석 을 부르 ㄹ 때 사람 한테 질문 을 하 는데 그것 이 또 단답 형 이 면 뭐 라 하 ㅁ,,,,,,,,,,,,,,
나 가 이 수업 드랍 안 하 고 얻 은 것 은 두 명 의 친구 뿐,,,,,,,,,,,,,,
절대 졸 수 없 는 수업 이 라는 점 에서 만족 하고 있 음,,,,,,,,,,,,,,
귀 차 늘 ㅁ,,,,,,,,,,,,,,
처음 에 1 학기 때 디 구 반 이 었 고 크 게 신경 안 쓰 고 대충 하 아서 B 0 맞 았 고 2 학기 때 도 디 구 반 되 가지 고 이 저 의 맘 먹 고 열심히 하 아 보 아야 겠 다,,,,,,,,,,,,,,
딱히 좋 지 도 싫 지 도 않 음,,,,,,,,,,,,,,
앞 으로 대학 생활 관련 하 아서 도 많 은 것 알 게 되 고 나 자신 에 대하 아서,,,,,,,,,,,,,,
고등학교 진로 수업 같 은 느낌 이 ㅂ니다,,,,,,,,,,,,,,
솔직히 꿀 아니 ㄴ 듯 ... PF 라서 하 았 지만 PF 치고 시키 는 것 이 많 음,,,,,,,,,,,,,,
심지어 강의 내용 도 고딩 때 진로 수업 같 아서 별로 추천 하고 싶 지 는 않 음,,,,,,,,,,,,,,
패 논 패 어 수업 에서 얻 어 가 는 거도 많 고 조원 들 과 교류 하 는 거도 나쁘 지 않 다고 생각하 았 음,,,,,,,,,,,,,,
앞 으로 진로 에 크 게 도움 안 되 ㄴ 것 같 아서 더 별로 이 었 다,,,,,,,,,,,,,,
시간 아깝 기 는 하 ㅁ,,,,,,,,,,,,,,
... 그냥 놀 고 싶 으면 수업 들 어 라 ... 시간 낭비 하 기 싫 으면 듣 지 말 고 후회 되 ㄴ다,,,,,,,,,,,,,,
우선 숙제 가 굉장히 많 아서 조금 힘들 었 지만 그래도 시험 기간 겹치 어서 하 는 것 은 없 어서 다행 이 이 었 음,,,,,,,,,,,,,,
"""페페 치 고 귀찮 은 숙제 가 꽤 있 고 "," 핸드폰 도 못하 게 하지만""",,,,,,,,,,,,,,
처음 에 조 별 로 랜덤 지정석 에 앉 게 되 고 지정석 이 1 학기 동안 너 의 자리 야 일단 조원 듣 을 잘 만나 야 1 학기 동안 재미있 는 수업 이 되 고 아니 면 좀 지루 하 ㄹ 수 도 있 어 중간 중간 에 뭐 쓰 라는 것 많 은 것 랑 파일 에 활동 지 채우 어야 되 는 것 빼 고 는 2 학점 에 PF 과목 이 라 감수 하 ㄹ 만 하 다,,,,,,,,,,,,,,
하 ㄹ 교양 없 으면 나쁘 지 않 은 듯,,,,,,,,,,,,,,
수업 끝나 면 마주 칠 일 도 거의 없 고 연락 도 잘 안 하 아 요,,,,,,,,,,,,,,
교양 에서 뭘 얻 어 가 려는 것 은 기대 하 지 말자 특히 PF 과목 에서 는,,,,,,,,,,,,,,
듣 어 보 아야 하 남 는 것 이 없 음,,,,,,,,,,,,,,
듣 어서 남 는 것 라면 상처 밖에 없 는 수업,,,,,,,,,,,,,,
그것 ㄹ 마음 에 담 아두 지도 않 으시 ㄴ다,,,,,,,,,,,,,,
그러나 강의 는 별로 이 ㅁ,,,,,,,,,,,,,,
진도 도 빽빽 하 아서 여유 가 없 다,,,,,,,,,,,,,,
라즈 베리 파이 를 배우 었 다는 것 이 가장 크 ㄴ 소득,,,,,,,,,,,,,,
하 ㄴ 것 도 배우 ㄴ 것 도 없 고 학점 말 ㄴ 잘 받 음,,,,,,,,,,,,,,
왠 쌩 뚱 맞 은 로봇 들 곱 아서 자료 고 뭐 고 없 는데 하 라 그러 고,,,,,,,,,,,,,,
뭐 어찌 됬  휴강 도 거의 3 번 밖에 안 하 았 습니다,,,,,,,,,,,,,,
아무튼 결론 내리 자면 수업 이 개 콘 보다 웃 기고 강의 도 짧 고 출석 도 잘 안 부르 고 그냥 전반적 으로 프리 한 수업 이 지만 뭘 배우 겠 다는 생각 은 안 하 고 오 는 것 이 좋 습니다,,,,,,,,,,,,,,
"""공부 하 ㄹ 학생 들 만 오 아서 그렇 ㄴ지 모르 아도 학업 분위기 가 교수 님 의 성향 에 비하 아 좋 은 편 이 고 "," 시험 도 딱 두 번 보 고 숙제 는 없 습니다""",,,,,,,,,,,,,,
비싸 ㄴ 등록금 내 고 이런 거로 점수 받 으면 뭐 하 아 ....,,,,,,,,,,,,,,
별로 궁금 하 지 도 않 은 자기 자랑 을 매 수업 마다 듣 어야 하 ㅁ,,,,,,,,,,,,,,
아랫 글 들 이 허투루 말 하 는 것 이 아니 ㄴ 것 이 느끼 어 지 었 어요,,,,,,,,,,,,,,
일단 수업 자체 에서 배우 ㄹ 것 은 딱히 없 어요,,,,,,,,,,,,,,
느낌 하나 부터 열 까지 스스로 공부 하고 해결 하 아야 하 ㅂ니다,,,,,,,,,,,,,,
막히 어도 딱히 도움 을 받 을 수 없 다는 것 이 ㅂ니다,,,,,,,,,,,,,,
강의 자료 미리 올리 어 주 시 지 않 아서 한 번 에 뽑 을 수 없 었 음,,,,,,,,,,,,,,
시험 도 적당 하 게 나오 니 가 벼 울 ㄴ 마음 으로 수강 하 면 되 ㄹ 듯,,,,,,,,,,,,,,
시험 이 어렵 어 서 변별력 이 없 습니다,,,,,,,,,,,,,,
매주 있 는 숙제 는 좀 부담 스럽 지만 한 번 도 안 걸리 면 꿀,,,,,,,,,,,,,,
수업 빨리 끝내 주 시 ㄹ 때 도 많 았 고 학생 들 말 대부분 들어주 시 는 편,,,,,,,,,,,,,,
수업 에서 별로 얻 어 가 는 것 는 없 음,,,,,,,,,,,,,,
수업 도 중 에 자기 하 ㄹ 말 다 하 면 수업 시간 얼마 남지 않 아서 남 은 시간 동안 호 다닥 진도 빼 버리 ㅁ,,,,,,,,,,,,,,
수업 동안 얻 어 가 는 것 이 없 습니다,,,,,,,,,,,,,,
등록금 이 아깝 다,,,,,,,,,,,,,,
수업 하 는 내용 도 다른 반 에 비하 면 어렵 지 않 고 숙제 도 없 지만 본인 이 노력 하 지 않 으면 얻 어 가 는 것 도 없 음,,,,,,,,,,,,,,
아침 시간 이 면 절대 듣 지 말 으시 어요,,,,,,,,,,,,,,
인생 을 대단 하 게 살아오 시 었 고 어마어마 하 ㄴ 공부 를 하 시 었 다는 것 을 느끼 ㄹ 수 있 는 수업 이 ㅁ,,,,,,,,,,,,,,
교수 님 도 우리 학교 출신 분 이 라 학교 재미있 는 얘기 도 하 어 주 고 실질적 팁 도 많이 알리 어 주심,,,,,,,,,,,,,,
다시 는 듣 고 싶 지 않 은 시간 낭비 등록금 낭비 수업,,,,,,,,,,,,,,
나 가 들 었 을 당시 에 조교 님 이 학생 들 에게 재미있 게 잘 하 아 주 시 어서 강의 시간 이 기다리 어 지 었 다,,,,,,,,,,,,,,
아무리 시간표 가 시간 이 안 맞 아도 이 것 들 으면 수강 신청 하 ㄴ 자신 을 원망 하 ㄹ 것 이 ㅁ,,,,,,,,,,,,,,
교수 님 한테 배우 는 것 은 많 지 않 고 모든 수업 은 팀 끼리 의견 나누 어 보 아라 발표 하 아라 잘 하 았 다 는 말 과 끝 나 ㅂ니다,,,,,,,,,,,,,,
혹은 보살 이 다 혹은 팀원 들 끼리 모든 수업 진행 되 고 배우 는 것 없 어도 좋 다,,,,,,,,,,,,,,
실습 수업 이 라 숙제 많 은 것 은 어 쩔 수 없 는 듯,,,,,,,,,,,,,,
하지만 나 는 A + 받 아서 별 4 개,,,,,,,,,,,,,,
제대로 배우 ㄴ 것 이 없 는데 자꾸 배우 ㄴ 것 을 이용 하 아서 숙제 하 라고 하 시 ㅁ,,,,,,,,,,,,,,
솔직히 이 수업 으로 얻 어 가 는 것 은 ..,,,,,,,,,,,,,,
.. 근데 확실히 노력 하 ㄴ 만큼 중간 기말 이 나오 는 강의 이 ㄴ 것 같 다,,,,,,,,,,,,,,
배우 는 것 이 많이 남 아 서 꼭 듣 어야 하 는 과목 이 지만 교수 님 기준 에 안 차 면 점수 잘 안 주 시 ㄴ 다 팀 프로젝트 도 영향 많이 미치 어서 팀 을 잘 만나 야 되 ㄴ다,,,,,,,,,,,,,,
진도 는 전부 온라인 인 강 으로 만 나가 고 오프라인 에서 는 하 는 것 이 없 음,,,,,,,,,,,,,,
첫 학기 첫 수업 으로 노동건 교수 님 께 배우 어서 좋 았 다,,,,,,,,,,,,,,
"""시간 이 지나 서 기억 이 미화 되 ㄴ 것 이 ㄴ지 실제로 좋 았 던 건지 는 모르 겠 지만 ", 1 학기 동안 의 수업 활동 들 ," 라인 트레 이 싱 같 은 수행 평가 들 ... 모두 좋 은 추억 으로 남 아 있 다""",,,,,,,,,,,,,,
대학 수업 답 은 수업 이 ㅁ,,,,,,,,,,,,,,
아저씨 스타일 아무 말 대 차 ㄴ지 듣 을 만 하 ㄴ 교양 이 하 ㄴ 개 도 없 냐  ....,,,,,,,,,,,,,,
수업 때 만 엄격 하 ㄴ 것 이 지 평소 에 는 친절 하 시 고 왕 츤데레 ,,,,,,,,,,,,,,
남 는 것 은 없 지만 이런 강의 좀 들 어 놓 아야 하 ㅁ,,,,,,,,,,,,,,
수업 준비 가 부족 하 아 보이 ㄴ다는 느낌 이 없 지 않 아 있 습니다,,,,,,,,,,,,,,
학점 잘 주 시 는 것 말 고 는 도움 전혀 안 되 는 강의 .. 보통 대학생 들 끼리 재미 삼 아 나오 는 주제 이 ㄴ 학점 짠 데 배워가 는 것 많 은 과목 VS 학점 은 잘 주 는데 남 는 것 없 는 과목 에서 후자 의 대표적 이 ㄴ 예,,,,,,,,,,,,,,
하지만 대학교 수업 중 이 교수 님 강의 는 돈 아깝 ㄴ 강의 라고 생각 들 는 것 은 변함없 다고 느끼 어요,,,,,,,,,,,,,,
일단 진도 빠르 고 혼자 후루룩 나가 심 필기 하 느라 정신 없 음,,,,,,,,,,,,,,
강의 열심히 해주시 려고 하 고 중 하위 권 다 끌 고 가 시 려는 교수 님 노력 좋 다고 생각하 ㄴ 다,,,,,,,,,,,,,,
휴강 하 ㄴ 것 다 보강 하 시 고 .. 수업 도 항상 일찍 시작 하 시 고 ... 근데 무엇 ㄴ가 수학 은 신현 추 ㄹ 교수 님 것 듣 는 것 이 나 은 것 같 아요,,,,,,,,,,,,,,
진심 좋 은데 중간 중간 에 모르 는 것 다 받 아 주 는 겨 수임 은 거의 없 는데 그 중 한 명 이 이 교수 님 ... 수업 때 딴짓 만 안 하 면 최 곤 데 나 가 딴 짓 을  .. 아 ...,,,,,,,,,,,,,,
학생 들 이 반응 없 으면 혼자 시 무룩 하 시 기 는 하지만 학생 들 하나하나 다 끌 고 가 시 려고 노력 하고 모르 면 알 때 까지 설명,,,,,,,,,,,,,,
등록금 과 시간 이 살살 녹 는 강의,,,,,,,,,,,,,,
오프 강의 도 못하 는 교수 님 이 온라인 으로 오 시 면 상도동 1 타 강사 가 되 ㄹ 리가 없 지 않 아요,,,,,,,,,,,,,,
지금 까지 이런 교수 는 없 었 다,,,,,,,,,,,,,,
수업 이 하 ㄴ 편의 예능 같 다고 느끼 었 습니다,,,,,,,,,,,,,,
"""그저 웃음 만 ", ," 숙제 는 다 베끼 어 쓰기 대결 이 다 수업 내내 말 이 계속 바뀌 고 뭐 하 는지 모르 겠 다""",,,,,,,,,,,,,,
등록금 이 이 강의 로 들어가 ㄴ 것 이 아까 움,,,,,,,,,,,,,,
중간 전 에 는 교수 님 이 강의 위주 로 수업 하 시 고 중간 이후 에 는 팀 별 로 돌아가 면서 토론 을 하 아요,,,,,,,,,,,,,,
숙제 가 책 두 권 읽 어야 하 아서 빡 세다 느끼 ㄹ 수 도 있 지만 모든 창사 독 수업 이 그래서 어쩌 ㄹ 수 없 어요,,,,,,,,,,,,,,
1 학점 짜리 지만 진짜 많이 얻 어 가 ㅁ,,,,,,,,,,,,,,
교수 님 도 학생 한테 1 학점 짜리 수업 으로 부담 주 기 싫 다고 하 ㅁ,,,,,,,,,,,,,,
배우 ㄴ 것 이 없 다,,,,,,,,,,,,,,
부담 없 는 교양 프리 하 게 성적 잘 받 을 수 있 는 쉅 ,,,,,,,,,,,,,,
인용 을 하 시 거나 말씀 하 시 는 것 이 되게 좋 은 말 도 많이 해주시 고 1 학점 짜리 교양 이 지만 전공 도 열심히 알 ㄴ 듣 었 는데 이 수업 은 재미있 게 들 었 던 것 같 아요,,,,,,,,,,,,,,
1 학점 에 비하 아 하 아야 하 ㄹ 것 이 많 은 과목 이 고 학생 들 이 주도 하 는 수업 이 길 ㄴ 하나 교수 님 이 가르치 어 주 시 고 알리 어 주 시 는 것 도 많 아 매우 유익 하 ㄴ 수업,,,,,,,,,,,,,,
교 필답 게 많이 빡 세 지 않 은 수업,,,,,,,,,,,,,,
의 외로 토론 이 재미있 어서 그렇 ㄹ 시간 도 없 습니다,,,,,,,,,,,,,,
아무리 수업 잘 들 어도 참여 그니까 나 의 독서 일기 때 질문 을 하 ㄴ다 던지 이 것 5 회 이상 안 하 면 A 제로 이 ㅂ니다,,,,,,,,,,,,,,
"""교수 님 은 참 열심히 하 시 고 밝 으시 고 되게 챙겨주 려고 노력 하 시 고 ", , 팀 프로젝트 분위기 좋 게 말 ㄴ 드리 어 고 노력 하 시 고 , ,"""",,,,,,,,,,,,,,
확실히 배워가 는 것 은 많 은 수업 이 다,,,,,,,,,,,,,,
저 는 개인적 으로 자발적 으로 크리틱 받 는 것 을 추천 하 는데 중간 기간 에 밀리 어 하 는 것 보다 가산점 도 받 고 미리 여유 로 울 때 미리 하 는 것 이 좋 기 때문 이 죠 개인적 이 ㄴ 의견,,,,,,,,,,,,,,
원래 강의 평 안 남기 는 데 이 교수 님 은 최고 심 학생 들 신경 써 주 시 고 따로 연락 계속 해주시 면서 챙겨주 심 학점 도 + 로 챙겨주 시 고 조 별 숙제 죽 쑤 어 도 점수 후하 시 고 시험 도 없 음,,,,,,,,,,,,,,
... 수업 을 듣 은 적 이 없 네요,,,,,,,,,,,,,,
교수 님 도 1 학점 수업 이 ㄴ 것 을 감안 하고 학생 들 을 배려 하 려고 하 시 ㄴ다,,,,,,,,,,,,,,
가산점 받 는 것 다 받 으시 면 학점 괜찮 게 나오 시 ㄹ 것 에 요,,,,,,,,,,,,,,
"""시험 은 강의 자료 아니 고 수업 시간 에 하 ㄴ 것 이 나오 니까 수업 때 집중 하 아야 하구 1 학점 교 필 이 ㄴ데 교수 님 이 진짜 열심히 준비 하 시 고 그만큼 학생 도 하 기 ㄹ 바람 "," ..... 창사 글 에 비하 아 배우 ㄹ 것 은 있 다고 생각하 았 지만 기냥 저냥 하 고 싶 은 사람 은 안 하 기 ㄹ 추천 중학생 처럼 반 장부 반장 이런저런 도우미 등 이 많 고 이것저것 가산점 도 뿌리 어서 잘 챙기 어야 하 ㄹ 사람 만 하 기 ㄹ + 나 는 이 점 이 었 지만 동료 평가 니까 독 강 은 피해 주세 여""",,,,,,,,,,,,,,
.... 1 학점 주제 에 이 것 조 별 숙제 준비 하 느라 힘들 어서 머리털 다 뽑 은 것 같 음,,,,,,,,,,,,,,
.. 그리고 이 과목 1 학점 밖에 안 되 는데 시키 는 것 이 너무 너무 많 습니다,,,,,,,,,,,,,,
열심히 참여 하고 하 면 도움 은 많이 되 ㄹ 터 이 ㄴ데 ... 그놈 의 학점 이 무엇 이 ㄴ지 1 학점 짜리 수업 은 1 학점 수준 으로 대충 하 아서 점수 잘 받 고 싶 은 못나 ㄴ 심리,,,,,,,,,,,,,,
학생 들 과 의 소통 이 좀 부족 하 ㄴ 것 같 았 고 학점 도 웬만 하 아 선 잘 안채 워 주 ㅁ,,,,,,,,,,,,,,
.. 처음 에 는 다 들 열심히 하 는 듯 하 았 으나 막판 부터 다 들 버리 기 시작 .... 나 는 A + 받 았 으니 성적 부분 에서 하 ㄹ 말 은 없 지만 지 ㄴ 시험 도 와 진짜 아무리 단답 형 이 라지만 밑 도 끝 도 없 는 질문 에 논술 까지 쓰 어야 하 는 시험 은 1 학점 짜리 수업 에서 처음 임 .. 나 가 이렇게 대충 하 았 음,,,,,,,,,,,,,,
"""1 학점 주제 에 토론 준비 하 는데 3 학점과목 이상 으로 노력 들 고 시험 은 다행히 수업 내용 에서 만 나오 고 쉽 ㄴ 데 에 반영 비율 낮 고 "," 토론 참여 도 가 제일 반영 많이 되 어서 여러모로 귀찮 은 과목 이 ㅁ""",,,,,,,,,,,,,,
