그래도 교수 님 은 메일 로 질문 하 거나 학교 에 찾아오 라는 말씀 을 하 시 ㄴ다,,,,,,,,,,,,,,
"""교수 님 "," 진짜 저 가 엎드리 어 절 드리 고 싶 을 만큼 인자 하 시 고 잘 가르치 시 ㅂ니다""",,,,,,,,,,,,,,
교수 님 설명 자체 는 깔끔 하 지만 배경 지식 없 으면 유기 1 모르 면 알아듣 기 힘들 수 있 음,,,,,,,,,,,,,,
중간 중간 유익 하 ㄴ 말씀 이나 특강 을 하 아 주 시 어서 좋 았 다,,,,,,,,,,,,,,
교수 님 께서 이론 과 실무적 이 ㄴ 부분 모두 다루 어 주 시 어서 좋 았 음,,,,,,,,,,,,,,
교수 님 은 좋 았 고 감사 하 게 도 +  채우 어 주심 무엇 ㄴ가 학생 들 을 많이 생각하 아 주 시 는 것 같 아서 좋 았 음,,,,,,,,,,,,,,
아 잉 죠 아요 ㅇ 저 의 최고 의 선생 님 이 ㅂ 니 당 이 교수 님 꼭 들 으시 어요,,,,,,,,,,,,,,
즉 우리 의 일상 을 다양 하 ㄴ 시각 속 에서 해석 하 아 주 시 었 음,,,,,,,,,,,,,,
글 미 갓 쿡 영 가 아 줄 ㄴ 성 교수 님 이 시 다,,,,,,,,,,,,,,
교수 님 이 완전 매력 넘치 ㄴ다,,,,,,,,,,,,,,
김규정 교수 님 은 수업 은 항상 열심히 준비 하 시 나 ..,,,,,,,,,,,,,,
교수 님 매우 좋 으 시 구 착 하 시 ㅂ니다,,,,,,,,,,,,,,
학점 무조건 챙겨주 심 .. 공수 2 안 하 아 주 시 어서 슬프 ㄹ 뿐 이 고 학생 들 입장 먼저 생각하 아 주 시 ㄴ 다 시험 나 ㄹ 자리 를 복잡 하 게 앉 게 하 시 어서 뭐 이렇게 까지 하 ㄹ 수 있 나 생각하 ㄹ 수 있 지만 다 학생 듣 을 위하 ㄴ 것 이 ㅁ,,,,,,,,,,,,,,
학생 편의 엄청 챙기 어 주심,,,,,,,,,,,,,,
친절 하 시 고 인자 하 시 며 자세 하 ㄴ 설명 을 하 어 주 시 ㄴ다,,,,,,,,,,,,,,
외치 어 갓 선기 수학 을 수강 하고 싶 은데 민선기 교수 님 이 있 다,,,,,,,,,,,,,,
이 생각 이 들 ㄹ 정도 로 설명 매우 깔끔 하 시 고 친절 하 시 ㅁ,,,,,,,,,,,,,,
또한 수업 영상 이 하 ㄴ 강의 에 20 여기 서 설명도 귀 에 쏙쏙 박히 게 하 아 주 시 어서 좋 은 학점 도 챙기 고 공부 하 ㄹ 때 도 도움 이 많이 되 었 던 것 같 습니다,,,,,,,,,,,,,,
10 명 중 10 명 이 갓 선기 교수 님 이 라는 것 에 동의 하 ㅂ니다,,,,,,,,,,,,,,
진짜 로 4 년 내내 수업 듣 고 싶 은 교수 님 친절 하 게 설명 해주시 고 문의 하 면 바로 답장 하 아 주 시 어서 편하 게 수업 듣 었 음,,,,,,,,,,,,,,
갓 태욱 빛 태욱 진짜 전설 그 자체 이 시 ㄴ 분,,,,,,,,,,,,,,
학점 느 님 갓 태욱 거의 80 A + 받 은 것 같 아요,,,,,,,,,,,,,,
맞 습니다 태욱 교수 님 은 갓,,,,,,,,,,,,,,
눈 이 부시 었 기 때문 에 ... 양태욱 교수 님 은 그저 빛 이 ㅂ니다,,,,,,,,,,,,,,
양태욱 교수 님 은 학점 느 님 그 자체 이 ㅂ니다,,,,,,,,,,,,,,
그냥 학점 느 님 그 자체 ... 갓 태욱 교수 님 사랑 하 ㅂ니다,,,,,,,,,,,,,,
"""일단 굉장히 잘 가르치 시 고 "," 인성 킹 가 아""",,,,,,,,,,,,,,
"""교수 님 은 좋 으시 ㄴ데 "," 진도 를 잘 못 맞추 시 어서 어렵 었 음""",,,,,,,,,,,,,,
다소 지루 하 ㄹ 수 있 지만 꼼꼼 하 게 잘 가르치 어 주 시 ㅂ니다,,,,,,,,,,,,,,
교수 님 도 굉장히 좋 은 분 이 고 열정적 이 시 ㄴ데 하 ㄴ 자 안 좋아하 면 강의 가 조금 졸리 ㄹ 수 있 어요,,,,,,,,,,,,,,
교수 님 께서 1 교시 수업 이 ㄴ 날 은 출석 을 5 분 늦 게 부르 어 주시 기도 하 았 고 나름 재미있 게 가르치 려고 노력 하 시 는 것 같 았 지만 약간 저 의 성향,,,,,,,,,,,,,,
수업 중 에 특정 교수 님 이나 학생 들 을 언급 하 는데 당사자 는 기분 안 좋 을 것 같 음,,,,,,,,,,,,,,
교수 님 착하 ㄴ 것 는 알 겠 는데 성격 문제 보다 ㄴ  .. 별로,,,,,,,,,,,,,,
교수 님 강의 최 공 ... 저의 노력 이 부족 하 아 B + 을 받 았 지만 다음 에 교수 님 강의 를 듣 는다면 더 노력 하 아서 A + 을 꼭 받 도록 하 겠 습니다,,,,,,,,,,,,,,
진짜 갓 창 수 열심히 하 ㄴ 만큼 점수 나오 아 요 다만 비율 이 딱딱 나누 어서 주 기 때문 에 점수 보 고 약간 실망 하 ㄹ 수 는 있 음,,,,,,,,,,,,,,
교수 님 이 좋 은 분 .... 참 좋 은 분 .. 시험 은 어렵 ..,,,,,,,,,,,,,,
... 그 중 에서 B 정도 면 뭐 선방 하 았 다 미시 는 갓 창 수 기 는 하 ㅁ,,,,,,,,,,,,,,
교수 님 이 진짜 좋 으시 어서 질문 완전 친절 하 게 받 아 주 시 ㅂ니다,,,,,,,,,,,,,,
갓 창 수 교수 님 사랑 하 ㅂ니다,,,,,,,,,,,,,,
미시 국제 는 갓 창 수 교수 님 수업 들 으세 요,,,,,,,,,,,,,,
학생 들 이야기 를 참 잘 들 어 주심 .. 피드백 이 빠르 ㅁ,,,,,,,,,,,,,,
이 교수 님 수업 3 번 이나 듣 었 는 대 인성 이 좋 으시 ㄴ 분 나 가 좋아하 는 분 정도 되게 많 으 시 구 그러 심,,,,,,,,,,,,,,
시험 은 어렵 었 지만 학생 들 하나하나 기억 하고 참 교수 님 이 다,,,,,,,,,,,,,,
... 하지만 나 는 강의 력 과 는 상관없이 교수 님 의 인품 때문 에 5 점 주 고 싶 따 ..,,,,,,,,,,,,,,
"""숙제 X 팀 프로젝트 X 출석 은 매번 부르 시 고 "," 교수 님 은 착하 시 고 배려 심 있 으시 ㄴ데 강의 력 이 좋 지 않 은 편""",,,,,,,,,,,,,,
갓 인 채,,,,,,,,,,,,,,
회로 잘 받 고 싶 으면 갓 이 ㄴ 채 께,,,,,,,,,,,,,,
갓 이 ㄴ 채 교수 님 이 꽉 채우 어 주 시 어서 그렇 ㄴ가,,,,,,,,,,,,,,
갓 이 ㄴ 채 교수 님,,,,,,,,,,,,,,
갓 갓 갓 갓 갓 갓 갓 갓 갓 갓 갓 갓 갓 갓 이 ㅂ니다,,,,,,,,,,,,,,
갓 창 근 회로 이론 전자회로 응용 전지 회로 다 창 근 교수 님 듣 었 는데 후회 없 다,,,,,,,,,,,,,,
그 는 최고 다 또 하 ㄴ 교수 님 만 파다 보 니 성적 도 잘 나오 ㅁ,,,,,,,,,,,,,,
또 답 이 다르 아도 풀 이 맞 으면 점수 다 주심 참 교수,,,,,,,,,,,,,,
갓 창 근 가 아 창 근 가 아 창 근 가 아 창 근 가 아 창 근 가 아 창 근 가 아 창 근 가 아 창 근,,,,,,,,,,,,,,
인성  귀엽 ㄴ 외모 뭐 하나 빠지지 않 는 갓 창 근 교수 님 ... 회로 쪽 생각 하 시 ㄹ 것 면 무조건 박창근 교수 님 강의 들 으시 어요,,,,,,,,,,,,,,
... 언제 찾아가 도 친절 하 ㅂ니다,,,,,,,,,,,,,,
회로 강의 는 박창근 교수 님 이 좋 습니다,,,,,,,,,,,,,,
교수 님 은 사람 좋 으시 고 착하 시 ㄴ 분 이 ㄴ데,,,,,,,,,,,,,,
C 를 받 을 줄 알 았 지만 B 릉 주 시 ㄴ 교수 님 이 최고 다,,,,,,,,,,,,,,
그저 갓 ... 교수 님 말씀 하 시 는 것 하나하나 가 진짜 학생 듣 을 위하 는 것 이 느끼 어 지 ㅁ,,,,,,,,,,,,,,
일단 고 청 심 교수 님 수업 이 짱 이 ㅁ,,,,,,,,,,,,,,
굉장히 꼼꼼 하 시 어서 강의 상태도 매우 좋 았 고 공지 도 미리 올리 어 주 시 어서 학생 들 과 소통 도 잘 해주시 는 교수 님 이 시 ㅂ니다,,,,,,,,,,,,,,
교수 님 께서 매번 학생 들 눈높이 에 맞추 어서 생각하 아 주 시 고 학생 들 이 미래 에 더 나 은 방향 으로 나아가 도록 도움 을 주기 위하 아 노력 하 시 는 모습 이 돋 보이 어서 좋 았 습니다,,,,,,,,,,,,,,
교수 님 진짜 친절 보스 .. 친절 하고 세심 하 게 알리 어 주심 그래서 좀 지루 하 ㄴ 감 이 있 는데 처음 배우 기 에 ㄴ 좋 음,,,,,,,,,,,,,,
리얼 갓 교수 .....,,,,,,,,,,,,,,
다 들 종강 전이 든 후 든 갓 청 심 을 외치 ㅂ니다,,,,,,,,,,,,,,
천사 교수 님 친절 하 시 고 프로그래밍 에 관심 있 는 학생 들 이 들 으면 좋 아요,,,,,,,,,,,,,,
갓 광진교 수 님 플밍포기자  하 ㄹ 수 있 었 습니다,,,,,,,,,,,,,,
교수 님 착하 시 고 수업 준비 도 잘 하 아 오 시 고 귀 여우 심 가끔 코드 안 돌아가 ㄹ 때 당황 하 시 는 모습 귀 여우 심,,,,,,,,,,,,,,
꼼꼼 하고 친절 하고 너그 러 우 시 ㅂ니다,,,,,,,,,,,,,,
갓 근 호 ,,,,,,,,,,,,,,
갓 형 우 ... 시험 문제 가 영어 로 나오 기 는 하지만,,,,,,,,,,,,,,
갓 ... 그 자체 이 ㅂ니다,,,,,,,,,,,,,,
"""관련 내용 을 자세 하고 친절 하 게 "," 이해 하 기 쉽 도록 설명 하 아 주 시 ㅂ니다""",,,,,,,,,,,,,,
진짜 천천히 잘 가르치 는데 진짜 천천히 천천 쓰 플젝 은 미리 나오 는 대로 바로바로 하 자,,,,,,,,,,,,,,
진짜 갓 지 웅 지금 까지 보 ㄴ 교수 님 들 중 최고 에 요,,,,,,,,,,,,,,
갓 지 웅 교수 님 은 적당히 위트 있 고 적당히 나긋 하고 감미롭 ㄴ 분 이 다,,,,,,,,,,,,,,
갓 지 웅,,,,,,,,,,,,,,
"""..... 그래도 교수 님 좋 고 "," 시험 을 노리 기 보다 팀 프로젝트 깔끔 하 게 하 는 것 이 성적 올리 는 데 좋 을 듯 .... 시험 은 그냥 센스 가 넘치 어 나 아야 잘 나오 ㄹ 듯""",,,,,,,,,,,,,,
설명도 최대한 친절 하 게 하 시 고 가끔 나오 는 웃 기 려는 부분 이 있 던 것 이 오히려 오 작용 이 었 지만 그것 ㄹ 감안 하 더라도 좋 은 분 이 시다,,,,,,,,,,,,,,
조교 님 도 열심히 하 시 고 다 좋 다,,,,,,,,,,,,,,
초반 에 는 쉽 어도 4 강 부터 는 앞자리 에서 놓치 지 않 고 설명 자세히 듣 으시 는 것 을 추천 드리 ㅂ니다,,,,,,,,,,,,,,
이해 시키 ㄹ 때 까지 친절 하 게 예 를 들어주 시 면서 설명 하 아 주 시 는 타입,,,,,,,,,,,,,,
"""터무니없 고 평가 기준 을 납득 하 ㄹ 수 없 는 다른 교수 님 들 도 많 은데 "," 최지웅 교수 님 은 학점 이 납득 이 가 는 정도""",,,,,,,,,,,,,,
교수 님 엄청 자세 하 게 잘 알리 어 주 시 는데 자바 를 예습 하고 가 ㄴ다면 자신 의 실력 에 날개 를 달 아주 시 ㄹ 것 이 ㅂ니다,,,,,,,,,,,,,,
킹 갓 익 수,,,,,,,,,,,,,,
갓 익 수 .. 처음 에 ㄴ 무섭 으시 었 지만 귀엽 고 따뜻 하 시 ㄴ 교수 님,,,,,,,,,,,,,,
킹 가 아 더 엠 퍼 러 마제 티 충무공 익 수 킴,,,,,,,,,,,,,,
근데 김익수 교수 님 은 강의 력 이 좋 으시 어서 아무리 실습 과 숙제 가 있 더라도 그것 ㄹ 감안 하 아서 라도 듣 어야 하 는 좋 은 교수 님 이 다,,,,,,,,,,,,,,
"""그냥 갓 익 수 킹 익 수 모든 컴퓨터 교수 님 이 익 수 쌤 만 같 아라 ", ,"""",,,,,,,,,,,,,,
킹 익 수 교수 님 진짜 사랑 하 ㅂ니다,,,,,,,,,,,,,,
저 가 성적 을 잘 못 받 았 을 뿐 교수 님  숭 대 원탑 이 고 질문 잘 받 아 주 시 고 좋 아요,,,,,,,,,,,,,,
킹 익 수 소리 지르 어,,,,,,,,,,,,,,
질문 하 면 친절 하 게 답 아도 해주시 고 포기 하 는 사람 들 많 으니까 시험 전 에 는 몇몇 개 알리 어 주 시 고 그 부분 에서 나 의 주심,,,,,,,,,,,,,,
들리 는 소문 과 는 다르 게 친절 하 시 고 조언 까지 하 아 주 시 ㅂ니다,,,,,,,,,,,,,,
솦트 교수 들 치고 ㄴ 성적 은 잘 주 고 교수 님 도 채우 어 주 려고 노력 하 는 편 이 ㄴ 것 같 은 데 그리하여 보 았 자임,,,,,,,,,,,,,,
안 그러면 진도 계속 나가 심 하지만 이 주련 교수 님 은 착하 시 ㄴ 분 이 란 것 잊 지 말 시 기 ㄹ 바람,,,,,,,,,,,,,,
교수 님 도 좋 으시 ㄴ 분 이 고 최대한 많 은 학생 들 끌 고 가 려고 하 ㅁ,,,,,,,,,,,,,,
친절 하고 애 들 다 자 ㄹ 때 도 수업 열심히 하 시 ㅁ,,,,,,,,,,,,,,
교수 님 은 좋 으시 니 ....... 3 점 드리 겠 습니다,,,,,,,,,,,,,,
그럼 에 도 불구 하고 교수 님 은 호감 형 이 심,,,,,,,,,,,,,,
이정진 교수 님 수업 에 열정 이 넘치 시 고 학생 들 의 숙제 를 하 ㄴ 명 한 명 살피 시 는 좋 은 교수 님 이 시 ㅂ니다,,,,,,,,,,,,,,
내용 은 쉽 지 않 지만 교수 님 이 자세 하 게 여러 번 잘 설명 하 아 주 시 ㅂ니다,,,,,,,,,,,,,,
조교 님 이 말투 가 낭낭 하 시 고 차근차근 하 시 어서 굉장히 유한 수업 에 눈 높이 도 맞추 어 주 시 ㄴ 수업,,,,,,,,,,,,,,
하구 5 분 만 에 쿨 하 게 나가 심,,,,,,,,,,,,,,
개인적 으로 질문 하 아도 바로바로 답변 해주시 고 참 교수 님 이 ㅁ,,,,,,,,,,,,,,
겨 수 님 진짜 성격 좋 으시 ㅁ,,,,,,,,,,,,,,
"""진짜 착하 시 고 "," 무엇 보다 설명 을 잘하 시 어서 이해 가 쏙쏙 되 ㅂ니다""",,,,,,,,,,,,,,
질문 다 친절 하 게 받 아 주 시 고 최선 을 다 하 아서 이해 시키 기 위하 아서 설명 하 아 주 시 ㅁ,,,,,,,,,,,,,,
그래도 졸 아서 못 듣 은 부분 다시 여쭈 어 보 면 친절 하 게 설명 하 아 주 시 ㅁ,,,,,,,,,,,,,,
그것 만 빼 고 교수 님 친절 하 시 고 모르 는 것 은 끝 까지 가르치 어 주 실리 어 그러니까 이 해안가 거나 모르 면 질문 하 시 어요,,,,,,,,,,,,,,
"""학점 은 교수 님 이 피드백 에서 좋 은 말 해주시 고 "," 본인 이 성실 하 게 하 았 다 면 좋 게 받 는 편 이 ㄴ 것 같 다""",,,,,,,,,,,,,,
한 명 씩 자세 하 게 피드백 해주시 는데 .. 뭐 랄까 소설 내용 정리 만 자세 하 게 하 아 주 시 어서 많이 아쉽 었 음,,,,,,,,,,,,,,
가장 열의 가 있 으시 ㄴ 교수 님 이 시 ㅂ니다,,,,,,,,,,,,,,
박상욱 교수 님 은 갓 갓 갓 으로 불리 울 정도 로 잘 가르치 심,,,,,,,,,,,,,,
이렇게 명쾌 하고 이해 하 기 쉽 게 그러면 서 도 재미있 게 가르치 는 교수 님 드 뭅 ,,,,,,,,,,,,,,
조금 이 라도 어렵 거나 이 해안가 는 부분 은 몇 번 이 고 설명 하 아 주 시 고 어떤 질문 을 하 어 도 진짜 정성 스럽 게 답변 하 아 주 시 ㅁ,,,,,,,,,,,,,,
"""학생 들 눈높이 에 맞추 어서 설명 하 아 주 시 고 "," 항상 배려 가 넘치 심""",,,,,,,,,,,,,,
그래도 교수 님 께서 친절 하 시 ㄴ 편 이 고 수업 도 잘 귀 기울이 어 들 어 보 면 교수 님 이 준비 하 아서 수업 하 시 는 것 을 알 수 있 어요,,,,,,,,,,,,,,
친절 하 시 ㄴ 교수 님 이 라 이 하 아 가 아 잘 되게 풀 어서 설명 을 잘 하 아 주 시 ㅂ니다,,,,,,,,,,,,,,
... 수업 은 재미없 어 효 .. 그래도 교수 님 감사 하 ㅂ니다,,,,,,,,,,,,,,
교수 님 은 열심히 수업 하 시 지만 죄송 하 게 도 귀 에 잘 알 ㄴ 들어오 ㅁ,,,,,,,,,,,,,,
질문 도 늘 친절히 받 아 주 시 고 학생 들 생각하 아 주 시 ㅁ,,,,,,,,,,,,,,
학생 들 편의 많이 봐주 시 고 질문 도 잘 받 아 주 시 어요,,,,,,,,,,,,,,
"""나름 시간 많이 걸리 는 숙제 이 었 지만 재미있 고 "," 교수 님 이 친절 하 시 어서 모르 는 것 도 이 메일 로 빠르 게 대답 하 아 주 시 ㅂ니다""",,,,,,,,,,,,,,
한마디 로 교수 님 이 학생 의 편의 를 최대한 봐주 실리 어 고 하 는 마음 + 최고 의  + 심도 있 고 약간 난이도 가 있 지만 분명히 유익 하 ㄴ 수업 이 세 요소 의 완벽 하 ㄴ 삼박자,,,,,,,,,,,,,,
교수 님 성격 도 시 원시 원하 시 고 설명도 조리 있 고 재미있 게 하 아 주 시 어서 좋 았 음,,,,,,,,,,,,,,
교수 님 이 상당히 열정 과 애정 을 가지 고 강의 를 하 시 기 때문 에 수업 만 놓 고 보 ㄴ다면 5 점 이 아깝 지 않 다,,,,,,,,,,,,,,
일단 본인 이 하 시 는 수업 에 되게 열의 가 있 으시 ㅁ,,,,,,,,,,,,,,
처음 듣 었 는데 생각 보다 얻 어 가 는 것 이 많 아서 놀라 ㄴ 수업 .. 엄청 열정적 이 시 고 학생 들 신경 써 주 시 는 것 이 느끼 어 지 ㅁ,,,,,,,,,,,,,,
숙제 도 없 고 수업 도 일찍 끝나 고 어렵 ㄴ 내용 도 항상 쉽 게 풀 어서 설명 하 아 주 시 어서 쉽 게 이해하 ㄹ 수 있 었 고 공부 에 대하 ㄴ 의 지도 생기 는 강의 이 ㅂ니다,,,,,,,,,,,,,,
무엇 ㄴ가 정석적 으로 설명 하 시 ㄴ 다 기 보다 예제 문제 푸 면서 이해 잘 되게 설명 하 아 주 시 어서 좋 았 음,,,,,,,,,,,,,,
.. 그래도 화학 과 교수 님 중 에서 는 가장 꼼꼼 하 게 강의 하 시 고 열정 넘치 는 교수 님 이 ㄴ 것 같 다,,,,,,,,,,,,,,
보 니 제자 라기 보다 후배 로 학생 을 대하 아서 그런 것 같 아 요 저 아프 ㄴ 것 괜찮 겟 냐 걱정 해주시 고 용접 하 ㄹ 때 뒤 에서 손잡 고 이렇게 이렇게 그렇지 하 면서 독려 하 아 주 시 는 것 보 고 학생 을 많이 아끼 고 사랑하 아 주 시 는 구 나 이 라는 생각 이 들 었 어요,,,,,,,,,,,,,,
그치만 학생 들 신경 은 가장 많이 써 주 는 듯 용접 때 꼭 교수 지도 받 으시 기 ㄹ 그리고 항상 F 와 D,,,,,,,,,,,,,,
학생 들 을 위하 아 항상 엄청 노력 하 아 주 시 는 교수 님,,,,,,,,,,,,,,
말 그대로 잘 보이 어야 학점 잘 받 는 전형적 이 ㄴ 기업 상사 의 교수 이 고 솔직히 수업 을 열정적 으로 가르치 기 는 하나 ' 하 어 주 는 것 ' 이 아니 라 ' 하 아야 하 는 것 ' ' 으로 생각 하고 있 습니다,,,,,,,,,,,,,,
학생 들 을 많이 아끼 어 주 시 는 갓 종 우 교수 님,,,,,,,,,,,,,,
"""학생 들 이 이해 못하 면 계속 반복 해주시 고 "," 어렵 ㄴ 내용 을 이해 시키 기 위하 ㄴ 노력 이 보이 ㅂ니다""",,,,,,,,,,,,,,
점수 는 잘 받 음,,,,,,,,,,,,,,
그냥 많이 쓰 셈 쓰 셈,,,,,,,,,,,,,,
숙제 나 퀴즈 가 없 어서 시험 하나 로 학점 이 나오 ㅁ,,,,,,,,,,,,,,
시험 은 좀 어렵 었 음,,,,,,,,,,,,,,
특히 수업 중간 중간 막간 에 재미있 는 일화 같 은 거나,,,,,,,,,,,,,,
이외 에 점 은 다 괜찮 던 것 같 습니다,,,,,,,,,,,,,,
4 점 드리 ㅂ니다,,,,,,,,,,,,,,
그러면 학점 은 교수 님 이 알 아서 잘 주심,,,,,,,,,,,,,,
경영학 원론 한 권 다 나가 아서 부담 되 었 는데 시험 은 나오 는 부분 다 찝  알리 어 주 시 어서 공부 하 기 편하 았 음,,,,,,,,,,,,,,
수업 전 에 기업 설명 해주시 는데 좋 았 고 실제로 많이 사용 하 는 것 들 을 강조 하 시 어서 도움 이 많이 되 ㄹ 듯,,,,,,,,,,,,,,
공부 열심히 하 시 어야 하 ㅂ니다,,,,,,,,,,,,,,
수업 자체 는 편하 았 어요,,,,,,,,,,,,,,
정 교수 가 아니 ㄴ데 도 학생 들 에게 애정 이 많 다는 것 을 알 수 있 다,,,,,,,,,,,,,,
짧 은 시간 이 었 지만 저의 스승 이 되 어 주 시 어서 감사 하 ㅂ니다,,,,,,,,,,,,,,
교수 님 은 진짜 재미있 으시 어 요 수업 내내 웃 으면서 듣 을 수 있 어요,,,,,,,,,,,,,,
문제 는 강의 자료 와 수업 필기 약간 특히 강조 하 시 었 던 것 에서 다 나오 ㅂ니다,,,,,,,,,,,,,,
때문 에 졸 지 않 고 수업 을 재미있 게 듣 을 수 있 습니다,,,,,,,,,,,,,,
하 ㄴ 학기 동안 수업 재미있 게 들 었 어요,,,,,,,,,,,,,,
교수 니 개꿀잼 인생 재미있 게 살 시 는 것 같 음,,,,,,,,,,,,,,
"""교수 님 이 수업 을 위하 ㄴ 적절 하 ㄴ 예시 와 시험 때 연상 을 하 ㄹ 수 있 을 있 도록 재미있 는 이야기 로 많이 하 아 주 시 어서 교양 수업 같 은 전공 이 지만 "," 실제로 남 는 것 이 많 은 수업 이 ㅂ니다""",,,,,,,,,,,,,,
숙제 도 없 고 시험 도 열심히 공부 하 ㄴ다면 좋 은 성적 받 을 수 있 게 내 시 ㅂ니다,,,,,,,,,,,,,,
PPT 만 읽 어 주심,,,,,,,,,,,,,,
그럼 자기 가 답변 외우 어 가 아서 시간 내 에 쓰 면 되 는데 10 문제 쓰 는데 딱 한 시간 주 시 어서 팔 빠지 도록 쓰 어야 하 ㅂ니다,,,,,,,,,,,,,,
수업 시간 에 중요 하 다고 하 시 ㄴ 부분 과 PPT 자료 만 잘 외우 어 가 면 A 는 받 을 수 있 음,,,,,,,,,,,,,,
... 시험 은 어렵 지 ㄴ 않 고 PPT 말 ㄴ 꼼꼼 하 게 보 면 되 ㅂ니다,,,,,,,,,,,,,,
PPT 자료 스캠  올리 어 주 시 는데 자료 상태 가 매우 별로 .. 심지어 제대로 수업 준비 도 안 하고 오 시 는 듯 항상 자료 넘기 시 면서 멈칫 하 시 는 것 이 눈 에 보이 ㅁ,,,,,,,,,,,,,,
교수 님 파이팅 학생 들 의 태도 에 도 불구 하고 열심히 설명 해주시 려고 하 는 모습 이 멋지 어요,,,,,,,,,,,,,,
교수 님 의 수업 스타일 은 자유분방 하 다,,,,,,,,,,,,,,
진도 가 빠르 고 PPT 양 이 많 다,,,,,,,,,,,,,,
단점 은 그 PP T 를 잘 외우 기 에 양이 많 고 힘들 다는 점 이 다,,,,,,,,,,,,,,
무엇 ㄴ가 를 배우 ㄴ다는 느낌 은 없 어요,,,,,,,,,,,,,,
그냥 하 ㄴ 귀로 흘러가 ㅁ,,,,,,,,,,,,,,
교수 님 이 수업 대충 하 ㅁ,,,,,,,,,,,,,,
강의 력 이 안 좋 으시 어요,,,,,,,,,,,,,,
간략히 말하 아,,,,,,,,,,,,,,
5 시험 에 나오 는 것 다 찝어주심,,,,,,,,,,,,,,
근데 시험 범위 가 광범위 하 아서 공부 하 다가 토 나오 ㄹ 것 같 음,,,,,,,,,,,,,,
수업 시간 에 ㄴ 사담 90 고요,,,,,,,,,,,,,,
재미 도 없 고 감동 도 없 는데 반응 을 원하 시 는지 ... 반응 안 하 고 가만 있 으면 또 눈치 주 ㅂ니다,,,,,,,,,,,,,,
물론 언제 하 ㄴ다고 정하 아 는 주시 지만 그것 이 한 달 가까이 밀리 ㄹ 수 도 있 다,,,,,,,,,,,,,,
혹은 아 하나 도 모르 겠 다,,,,,,,,,,,,,,
4 1 때 듣 었 으면 더 좋 았 을 듯,,,,,,,,,,,,,,
자소 서 손도 못 대 겠 으면 듣 어 보 시 어요,,,,,,,,,,,,,,
"""교수 님 께서 일반 수업 과 달리 강의 를 진행 하 면서 학생 들 의견 과 생각 을 여러 번 물어보 셨 는데 "," 처음 에 는 거부감 이 들 기 는 하 았 지만 이후 점점 그러 하 ㄴ 수업 이 더 좋 았 다고 느끼 어 지 었 습니다""",,,,,,,,,,,,,,
교수 님 이 엔젤 그 자체 ... 단지 교양 이 다,,,,,,,,,,,,,,
시험 스타일 은 강의안 구석구 다양 하 게 내시 는 편 이 고 발음 이 다르 게 나 는 것 을 고르 시오 와 같 은 문제 를 제외 하고 모두 주관식,,,,,,,,,,,,,,
빵 치즈 과일 의 날 도 정성껏 준비 해주시 고 성적 도 웬만하 면 잘 챙겨주 려 하 시 구요,,,,,,,,,,,,,,
교수 님 이 그런 부분 에 있 어서 는 굉장히 쿨 하 시 ㄴ 편입 ㅂ니다,,,,,,,,,,,,,,
관심 없 어도 좋 은 수업 이 지만 학점 은 노력 하 시 어야 하 아요,,,,,,,,,,,,,,
그리고 다소 졸리 므로 커피 한 잔,,,,,,,,,,,,,,
킹 남미 시키 는 것 열심히 하 시 어요,,,,,,,,,,,,,,
"""퀴즈 나 숙제 는 몇 번 있 고 ", 반영 비율 이 꽤 되 는 편 이 지만 ," 부담 스럽 ㄴ 정도 는 아 님 ㅂ니다""",,,,,,,,,,,,,,
홍영우 교수 님 좋 은 분 같 아요,,,,,,,,,,,,,,
더욱 화 가 날 는 것 은 실험 보고서 작성 숙제 에서 실험 데이터 를 성의 없이 주 ㅂ니다,,,,,,,,,,,,,,
하디 만 반대 로 말 하 면 물리 못하 던 애 들 한테 ㄴ 물리 실력 을 올리 ㄹ 수 있 는 절호 의 찬스 다,,,,,,,,,,,,,,
최현희 교수 님 께서 예상 문제 를 잘 찝어주  나 의 경우 에 는 공부 하 아도 시험 은 어렵 었 어 ... 그냥 내가 아 못하 는 것 을 수 도 있 으나 시 간 투자 많이 하 고 노력 하 아 보 아,,,,,,,,,,,,,,
"""그래서 결론 은 ", 이 수업 을 듣 고 이론 시간 에 는 필기 하 ㄹ 노력 하 지 말 고 그냥 팔짱 끼 고 듣 고 , 복습 은 책 도 보 지 말 고 다른 학교 교수 님 M OOC 보 고 공부 하 시 고 ," 레포트 는 대충 쓰 어서 내 시 ㅂ시오""",,,,,,,,,,,,,,
.... 시험 .... 나 는 어렵 어 요,,,,,,,,,,,,,,
다 괜찮 은데,,,,,,,,,,,,,,
싶 으면 맨 앞 자리 추천 ..,,,,,,,,,,,,,,
재수강 도 못하 게 하 아 주 시 었 습 ㅂ니다,,,,,,,,,,,,,,
5 분 정도 있 다가 유출 되 어서 내지 않 겠 다고 하 시 는데 이런 문제 들 시험 에 나오 ㄹ 가능성 이 매우 높 으니 알 아두 시 면 좋 습니다,,,,,,,,,,,,,,
서 이 ㄹ 완 교수 님 은 본인 이 하 라는 대로 만 하 면 성적 잘 주 시 는 편입 ㅂ니다,,,,,,,,,,,,,,
그냥 모르 면 구글 링,,,,,,,,,,,,,,
실험 은  고 이론 알리 어 주 시 ㄴ 것 에 비하 아서 시험 은 빡 세다,,,,,,,,,,,,,,
맨날 쪽지 시험 보 아요,,,,,,,,,,,,,,
더듬더듬 하 시 는 것 이 많 다,,,,,,,,,,,,,,
숙제 가 하 ㄴ 단원 이 끝 날 때 마다 연습 문제 를 푸 는 것 이 있 어서 일주일 에 한 번 씩 은 숙제 를 내야 하 아요,,,,,,,,,,,,,,
"""그런데 함정 을 많이 숨기 어 놓 으시 어서 "," 난이도 가 쉽 게 보이 ㄴ다고 방 심하 아서 풀 면 안 되 ㅂ니다""",,,,,,,,,,,,,,
자료 형 의 구분 이나 수업 시간 에 배우 었 던 여러 문자 열 하 ㅁ,,,,,,,,,,,,,,
일단 숙제 가 아예 없 고 수업 도 부담 없이 듣 을 수 있 어요,,,,,,,,,,,,,,
딴 것 다 필요 없 고 시험 말 ㄴ 잘 보 면 되 ㅁ,,,,,,,,,,,,,,
기말 어려움,,,,,,,,,,,,,,
그저 빛 빛 빛 ....,,,,,,,,,,,,,,
어렵 고 힘들 었 지만,,,,,,,,,,,,,,
이번 학기 에 는 온오 프 수업 이 라 주 에 1 번 만 수업 하 ㅁ,,,,,,,,,,,,,,
근데 그것 이 난이도 낮추 ㄴ 거란 다,,,,,,,,,,,,,,
게다가 실습 이나 시험 채점 도 깐깐 하 ㅁ,,,,,,,,,,,,,,
"""외우 ㄹ 것 드럽 게 많 고 .. 역사 덕 후 ", 암기 괴수 ," 이 ㄴ 내심 갑 아니 면 듣 지 말 시 기 ㄹ""",,,,,,,,,,,,,,
참고 로 시험 문제 는 예상 과 는 다른 부분 들 에서 출제 되 ㅁ,,,,,,,,,,,,,,
수업 시간 에 뭐 나오 ㄹ지 하 ㄴ 두개 는 알리 어 주 니 수업 잘 들 으 셈,,,,,,,,,,,,,,
치 어다 도 못 보 았 을 점수 를 주 시 었 네요,,,,,,,,,,,,,,
학생 들 성적 자 ㄹ 줄 수 있 는 것 에 기쁨 을 느끼 시 는 것 같 다,,,,,,,,,,,,,,
그것 도 강평 들 이 하나같이 이 교수 님 말 고 다른 교수 님 들 으라는 식의 뉘앙스,,,,,,,,,,,,,,
1 평소 에 강의 준비 를 많이 하 아 오 시 ㅂ ㅂ니다,,,,,,,,,,,,,,
많이 얻 어 가 요,,,,,,,,,,,,,,
수업 자체 는 어렵 지 않 음,,,,,,,,,,,,,,
시험 은 중간 1 번 보 고 두 번 팀 프로젝트 하 는 것 ㄹ로 기말 대체 하 아서 보 아요,,,,,,,,,,,,,,
"""많 은 학생 들 이 참여 를 많이 하 지 않 아서 중간 중간 학생 들 의 참여 를 독려 하 기 위하 아 조 별 활동 을 시키 어서 그 결과물 을 통하 아 출석 체크 를 하 시 기 도 하 고 "," 문제 풀이 를 하 고 설명 하 ㄴ 사람 은 출석 을 체크 하 는 식 으로 진행 도 하 시 었 습니다""",,,,,,,,,,,,,,
강의 의 장점 은 부담 없 는 수업 이 었 던 것 같 습니다,,,,,,,,,,,,,,
기말 에 는 계산 문제 도 있 었 는데 이 는 수업 시간 에 듣 은 것 이 크 ㄴ 도움 이 되 었 습니다,,,,,,,,,,,,,,
시험 문제 를 알리 어 주 는 것 이 아니 라 범위 를 알리 어 주 시 는데 거의 책 의 반 이 ㅁ,,,,,,,,,,,,,,
교수 님 최고 에 요,,,,,,,,,,,,,,
이해 하 기 쉽 게 설명 해주시 고 학생 들 을 배려 하 아 주 시 는 것 이 느끼 어 지 ㅂ니다,,,,,,,,,,,,,,
3 주 차 까지 는 왜 강의 력 이 좋 으시 다는 것 이 ㄴ지 솔직히 납득 못하 았 는 데 에 듣 다,,,,,,,,,,,,,,
말씀 도 상냥 하 게 하 아 주 시 어서 교수 님 한테 보내 ㄴ 메일 안 무섭 었 어요,,,,,,,,,,,,,,
친절 하 게 잘 가르치 어 주 시 어요,,,,,,,,,,,,,,
교수 님 자체 는 참 좋 은 분 같 은 데 교 필 이 라 어쩌 ㄹ 수 없이 듣 어서 수업 자체 가 재미없 엇 던 것 같 네요,,,,,,,,,,,,,,
기말 은 전범 위 에다 어렵 어 서 기말 로 나 뒤 는 듯,,,,,,,,,,,,,,
수업 좋 고요,,,,,,,,,,,,,,
온라인 강의 는 좀 지루 하 ㄴ 감 이 있 지만 .. 어쨌든 좋 아요,,,,,,,,,,,,,,
교수 님 께서 학생 들 을 위하 는 마음 이 느끼 어 지 어서 굉장히 좋 은 수업 이 었 다,,,,,,,,,,,,,,
"""좋 다 ", 매우 매우 학점 도 잘 주 시 고 , 수업 도 초심자 를 위하 아서 이 ㄴ지 매우 친절 하 게 진행 하 시 ㄴ 다 그리고 파이 썰 ㄴ 문법 ," 알고리즘 에 대하 어 다루 ㅁ""",,,,,,,,,,,,,,
좋 음 시간 늦추 어 주 는 것 이 행복 하 다,,,,,,,,,,,,,,
공부 좀 하 고 외우 면 되 ㅁ,,,,,,,,,,,,,,
교수 님 도 좋 고 학점 도 채우 어서 주심 설명도 이해 잘 되도록 해주시 고 수업 도 빠르 게 끝내 주 시 고 숙제 도 부담 없 고 좋 아요,,,,,,,,,,,,,,
시험 전날 공부 하 면 시험 도 중간 는 쉽 고 기 말 는 그럭저럭 보 ㄹ 만 하 ㅁ,,,,,,,,,,,,,,
다 + 채우 어 주 어서 학점 도 잘 주 시 ㄴ 다 수업 시간 에 배우 었 던 내용 책 에 표시 하 아 놓 고 시험 볼 때 ㄴ 그 쪽 만 보 면서 공부 하 는 것 추천 수업 시간 에 배우 었 던 내용 만 출제 하 시 ㅁ,,,,,,,,,,,,,,
생각하 았 는데 A 얻 어 가 ㅂ니다,,,,,,,,,,,,,,
직접 예제 풀 어 보 ㄹ 때 돌아다니 시 면서 다 돕 아 주 시 ㅁ,,,,,,,,,,,,,,
책 은 지정 해주시 는데 학교 도서관 에 있 으니 숙제 내주 시 자마자 가 아서 대출 하 시 어요,,,,,,,,,,,,,,
꼭 필기 하 아 놓 으시 어요 책 은 따로 사 지 않 아도 교수 님 께서 PPT 올리 어 주 시 기 ㄴ 하 았 는데 책 을 읽 는 것 이 더 자세히 나오 아 있 어서 도움 됩 ㅂ니다,,,,,,,,,,,,,,
근데 공부 하 ㄹ 것 이 아니 라 그냥 시험 을 잘 보 고 싶 다,,,,,,,,,,,,,,
시험 기간 에 따로 들 으면 되 니까 출 결 을 신경 쓰 ㄴ다면 이 렇  하 는 것 이 확실 하 ㄴ 방법 이 에요,,,,,,,,,,,,,,
시험 기간 에 는 책 이랑 PPT 보고 문제 풀 ㄹ 수 있 으면 다 맞 을 수 있 당 몇 문제 틀리 었 는데 두 A 받 았 어 효,,,,,,,,,,,,,,
중간 기말 은 필기시험 이 었 고 주로 PPT 자료 에서 나오 아서 암기 를 잘 하 시 는 분 이 라면 잘 받 을 수 있 을 것 이 라고 생각 하 ㅂ니다,,,,,,,,,,,,,,
교수 님 진짜 좋 아요,,,,,,,,,,,,,,
수강 인원 이 많 아서 학점 따 기 괜찮 은 듯,,,,,,,,,,,,,,
교수 님 한테 많 은 것 을 배우 ㄹ 수 있 어서 좋 았 습니다,,,,,,,,,,,,,,
수업 시간 에 해주시 는 말 들 어 보 면 좋 은 쌤 이 라는 것 이 느끼 어 지 어요,,,,,,,,,,,,,,
재미없 는 농담 도 하 아서 강의 하 면서 웃음 도 이 끌어내 세여 ㅇ,,,,,,,,,,,,,,
수업 과 숙제 는 쉽 고 좋 았 습니다,,,,,,,,,,,,,,
그냥 책 한 권 들 ㄹ 고 가 아서 멍하니 듣 다가 내주 시 는 실습 문제 풀 고 스마트 캠퍼스 에 올리 면 바로 집 가 도 되 는 부담 없 는 강의 이 었 음,,,,,,,,,,,,,,
숙제 있 는 것 빼먹 으시 면 안 되 고요,,,,,,,,,,,,,,
숙제 도 없 고 조 모임 도 없 고 시험 도 많이 어렵 지 않 았 어요,,,,,,,,,,,,,,
솔직히 좋 았 던 교수 님 중 한 분 이 ㅂ니다,,,,,,,,,,,,,,
오프라인 수업 은 실기 위주 로 진행 되 어서 지루 하 ㄹ 틈 이 없 을 끄 어 에 요,,,,,,,,,,,,,,
 굉장히 열심히 하 시 ㄴ 다 지각 하 ㄴ 학생 들 이 몇 시 몇 분 에 들어오 았 는지 다 아 실 정도 로 ..,,,,,,,,,,,,,,
컴 사고 듣 는다면 이 정미 교수 님 두 번 추천 하 ㅁ,,,,,,,,,,,,,,
숙제 가 없 음,,,,,,,,,,,,,,
내용 도 쉽 고 출 첵 말 ㄴ 잘하 고 시험 때 빡 공 하 면 평점 잘나 오 ㅁ,,,,,,,,,,,,,,
이 들 어 좋 습니다,,,,,,,,,,,,,,
그저 갓 동구 교수 님 임 좋 으시 ㄴ 분 이 ㅂ니다,,,,,,,,,,,,,,
보 니까 ㄴ 기 말 때 방심 하 게 되 는데 그러 다,,,,,,,,,,,,,,
파이 썰 ㄴ 이 어떻하 게 보 면 처음 접하 아 보 는 거라 생소 하고 어렵 게 느끼 어 지 ㄹ 수 도 있 는데 교수 님 께서 잘 알리 어 주 시 고 진도 도 빠르 게 안 나가 시 어서 괜찮 았 어요,,,,,,,,,,,,,,
기말 도 응용 좀 만 하 면 쉽 ㅁ,,,,,,,,,,,,,,
교수 님 별로 이 ㅂ니다,,,,,,,,,,,,,,
대체 다른 과목 시험 도 있 는 사람 들 은 어떻하 게 공부 하 라는 지 알 수 가 없 음,,,,,,,,,,,,,,
나 같 은 심하 아도 B,,,,,,,,,,,,,,
컴퓨팅 적 사고 를 편하 게 듣 고 싶 으시 다면 무조건 조문기 교수 님 을 추천 하 ㅂ니다,,,,,,,,,,,,,,
저 처럼 요 물론 풀 수 있 으면 푸 는 것 이 좋 지만 .. 전 못 풀 었 습니다,,,,,,,,,,,,,,
시험 시험 은 중간 와 기말 둘 다 있 습니다,,,,,,,,,,,,,,
중간 때 대체적 으로 점수 가 낮 았 고 평균 이 ㄴ 사람 이 없 어서 기말 때 문제 를 쉽 게 내 는 바람 에 변별력 하나 도 없 었 어요,,,,,,,,,,,,,,
교수 님 이 학생 편애 하 시 기 는 하 는데 예쁘 ㄴ 학생 그래도 수업 이 빡 세진 않 아요,,,,,,,,,,,,,,
그리고 교수 님 이 문과 에 무슨 피해 의식 이 라도 있 는 것 마냥 문과 를 은 연 중 에 무시 하 는 발언 을 굉장히 하 시 ㅂ니다,,,,,,,,,,,,,,
별로 임 교 피 ㄹ 아니 였 으면 알 ㄴ 듣 었 지 ..,,,,,,,,,,,,,,
"""그리고 재수 강반 이 라서 애 들 잘 알 ㄴ다고 조금 더 어렵 ㄴ 것 알리 어 주 고 "," 컴 학 애 들 한테 """,,,,,,,,,,,,,,
와우 ... 시험 어렵 어 .. 근데 친절 하고 잘 가르치 어 주심,,,,,,,,,,,,,,
시험 은 ..... 음 .... 50 분 안 에 다 풀기 에 ㄴ 어렵 었 던 것 같 다,,,,,,,,,,,,,,
다른 교수 님 들 에 비하 아서 숙제 나 시험 이 어렵 다,,,,,,,,,,,,,,
"""질 좋 은 설명 을 듣 고 싶 고 "," 시험 어렵 게 보 고 싶 으면 적극 추천 하 ㅁ""",,,,,,,,,,,,,,
아쉽 게 도 대면 강의 가 아니 라서 영상 자료 로 수업 듣 게 되 었 는데 목소리 부터 가 완전 친절 하 시 었 고 또 이해 하 기 쉽 게 가르치 어 주심,,,,,,,,,,,,,,
"""원래 숙제 가 매주 있 는지 는 모르 겠 지만 매주 숙제 가 있 었 고 시간 지날 수록 난이도 가 급급 급 상승 ", , , , ," 시험 도 어렵 다고 하 아서 열심히 공부 하 았 는데 나름 도움 되 ㄴ 것 같 음""",,,,,,,,,,,,,,
싸 강 도 마음 에 알 ㄴ 들 고요,,,,,,,,,,,,,,
강의 시간 이 짧 지 않 아서 나중 에 한 번 에 들 으려면 시간 없 음,,,,,,,,,,,,,,
파이 썰 ㄴ 이나 C 언어 사전 지식 이 없 으면 고생 좀 하 ㄹ 듯 ... 숙제 는 그렇게 어렵 지 ㄴ 않 은데 귀찮 고 시간 걸리 는 문제 가끔 있 음,,,,,,,,,,,,,,
조 모임 은 따로 없 으며 온오 프 수업 이 ㄴ데 숙제 는 온라인 에서 듣 은 강의 내용 을 1 주 차 를 제외 하 ㄴ 나머지 주차 를 정리 하 아서 제출 하 는 것 이 ㅂ니다,,,,,,,,,,,,,,
중간 는 약간 변별력 이 부족 하 아서 만점 받 아야 하 는 것 같 아요,,,,,,,,,,,,,,
하 어 도 시험 공부 는 하 아야 되 ㅁ,,,,,,,,,,,,,,
밑 에 도 별로 라고 말 하 는 평이 많 네요,,,,,,,,,,,,,,
친절 하 시 고 좋 아요,,,,,,,,,,,,,,
듣 지 말 아라,,,,,,,,,,,,,,
강의 초반 까지 는 말 도 재미있 게 하 고 학생 들 편의 도 많이 봐주 는 것 같 아서 좋 았 으나 ...,,,,,,,,,,,,,,
조금 올리 어 주 시 었 습니다,,,,,,,,,,,,,,
” 라며 눈치 를 주 시 곤 하 았 습니다,,,,,,,,,,,,,,
전체 강의 하 시 ㄹ 때 ㄴ 친절 하 시 고 차근차근 설명 해주시 지만 각자 직접 해보 는 시간 에 아무 생각 없이 교수 님 부르 어서 질문 하 면 되게 까칠 하 시 다,,,,,,,,,,,,,,
교과서 내용 잘 암기 하 시 고 수업 시간 에 가르치 어 주 시 ㄴ 코딩 잘 암기 하 시 면 충분히 A + 받 으시 ㄹ 수 있 을 것 이 ㅂ니다,,,,,,,,,,,,,,
이런 교 피 ㄹ 왜 만들 었 는지 이해 도 못 하 겠 습니다,,,,,,,,,,,,,,
"""다만 "," 맨 앞자리 에 는 앉 지 말길 .. 앞자리 애 들 은 꼰대 가 무엇 이 ㄴ지 알 게 되 었 다고 하 ㅁ""",,,,,,,,,,,,,,
중간 는 다 같이 못 보 아서 평균 이 엄청 높 았 고 기 말 는 점수 는 모르 지만 암기 많이 하 ㄴ 사람 이 잘 나오 았 을 거라 예상 하 ㅁ,,,,,,,,,,,,,,
듣 은 거라 확실 하 지 ㄴ 않 지만 컴 학의 다른 과목 에 비하 아서 는 적 은 편 이 ㄴ 것 같 아요,,,,,,,,,,,,,,
그것 이 아니 라면 어렵 기 는 한데 하루 나 ㄹ 잡 고 자료구조 들어가 기 전 에 코드 들 대략 열 다섯 개 정도 하나 하나 뜯어보 면 그 다음 부터 수월 하 ㄹ 것 에 요,,,,,,,,,,,,,,
C + + 모르 는 분 들 이 많 아 미리 준비 하 아 가시 어야 하 ㅂ니다,,,,,,,,,,,,,,
"""본인 은 A + 을 받 기 는 하 았 으나 "," 실제 전체 등수 는 10 등 정도 로 학점 을 생각 보다 잘 주 셨 다고 판단 이 되 ㅂ니다""",,,,,,,,,,,,,,
알고리즘 의 핵심 은 재귀 적 구조 다,,,,,,,,,,,,,,
지 웅 좌 는 나 랑 안 맞 는 것 같 고 ... 다른 교수 님 의 알고리즘 을 들 었 던 동기 가 이토록 부럽 ㄹ 수 없 음,,,,,,,,,,,,,,
중간 망치 시 더라도 충분히 기말 로 뒤집 으시 ㄹ 수 있 으니 기 말 공부 열심히 하 시 어요,,,,,,,,,,,,,,
"""뭐 "," 안드로이드 나 는 이 미 대학 수준 앱 개발 정도 하 ㄴ다 하 면 듣 고""",,,,,,,,,,,,,,
시험 은 망하 았 지만 이 강의 듣 은 것 에 대하 어 후회 는 없 다,,,,,,,,,,,,,,
다른 것 은 다 좋 은데 양이 많 다,,,,,,,,,,,,,,
기말 기말 때 는 알고리즘 변형 을 거의 하 지 않 으시 ㄴ다,,,,,,,,,,,,,,
학생 들 이 이 하 아 가 아 안 되 었 다고 느끼 었 을 경우 이해 가 되 ㄹ 때 까지 설명 하 아 주 시 ㅂ니다,,,,,,,,,,,,,,
수업 시간 예제 랑 의 사 코드 위주 로 보 고 들 어 가 면 TF 제외 거의 커버 가능 하고 개념 도 보 고 들 어 가 면 TF 도 커버 가능 하 아요,,,,,,,,,,,,,,
시험 보 는 내용 은 알고리즘 책 몇 번 읽 어 보 면 어느 정도 는 파악 하 ㄹ 수 있 을 것 에 요 학점 을 잘 받 기 에 는 무리 가 없 겠 지만 그렇게 추천 하 지 는 않 습니다,,,,,,,,,,,,,,
네 저 도 그래서 나뉘 게 되 었 죠 ..... 아무튼 교수 님 은 좋 지만 수업 은 그닥 이 ㅂ니다,,,,,,,,,,,,,,
숙제 는 대충 이 라도 해 가 면 되 고 .. 시험 은 수업 듣 고 PPT 외 우 셈,,,,,,,,,,,,,,
학생 들 에게 질문 도 많이 하 시 고 교수 님 강의 력 도 괜찮 으시 ㄴ데 평점 이 생각 보다 낮 아서 놀라 았 다,,,,,,,,,,,,,,
숙제 는 일반적 이 ㄴ 전공 수준,,,,,,,,,,,,,,
시험 딱 한번 봄,,,,,,,,,,,,,,
졸업 작품 을 준비 하 는 분 들 은 꼭 들 으면 좋 을 것 에 요,,,,,,,,,,,,,,
"""중간 기말 시험 이 없 고 숙제 "," 팀 프로젝트 로 진행 되 ㅁ""",,,,,,,,,,,,,,
듣 을 때 ㄴ 지루 하 지만 끝나 고 나 면 기억 에 많이 남 음,,,,,,,,,,,,,,
우리 신호순 교수 님,,,,,,,,,,,,,,
일단 이번 학기 숙제 가 굉장히 적 었 고 정신 없 는 전공 수업 사이 에서 쉬 면서 수업 들 었 습니다,,,,,,,,,,,,,,
그러 고 집 에 오 아서 필기 보고 위 의 과정 반복,,,,,,,,,,,,,,
솔직히 교수 보다 공부 잘하 는 동기 한테 설명 듣 는 것 이 훨씬 나 음,,,,,,,,,,,,,,
교수 님 설명 이 진짜 자세 하 시 ㅁ,,,,,,,,,,,,,,
발표 는 좀 많 음,,,,,,,,,,,,,,
나중 에 기회 가 되 ㄴ다면 다시 수업 듣 고 싶 습니다,,,,,,,,,,,,,,
채우 어 주 시 려고 노력 하 시 어요,,,,,,,,,,,,,,
"""솔직히 팀 프로젝트 만 하 는 수업 이 ㄴ데 "," 따로 모임 없이 그 자리 에서 다 하 ㄹ 수 있 어요""",,,,,,,,,,,,,,
많이 배우 고 싶 다면 뭐 ... 딱히 추천 은 안 하 ㅁ,,,,,,,,,,,,,,
교수 님 말씀 하 면 아부 뜨 어 는 애 들 도 웃 기고 이런 것 이 사회 생활인 가 과목 특성 상 수업 은 뭐 안 하 시 고 팀원 들 끼리 되 ㄹ 때 까지 죽 어라 하 아야 되 ㅁ,,,,,,,,,,,,,,
비율 은 잘 채우 고 + 로 주 시 어요,,,,,,,,,,,,,,
조 별 숙 제 엄청 많 음,,,,,,,,,,,,,,
저 는 만족 하 았 습니다,,,,,,,,,,,,,,
열심히 하 면 많이 배우 어 가 ㅁ,,,,,,,,,,,,,,
글 고 시험 에서 조원 평가 도 하 기 때문 에 학점 생각 까지 하 면 열심히 하 는 것 이 맞 다,,,,,,,,,,,,,,
IPV 6 라 우 터 를 한국 최초 로 만들 시 ㄴ 분,,,,,,,,,,,,,,
"""기간 은 길 게 주 시 는 데 "," 그냥 설계 만 하 는 것 은 데 도 지식 이 좀 없 으면 조 별 끼리 뭉치 어도 살짝 어렵 ㄴ 감 이 있 습니다""",,,,,,,,,,,,,,
하 ㄴ 학기 동안 고작 4 장 나가 ㅁ,,,,,,,,,,,,,,
발표 는 하 기 만 하 면 만점 주심,,,,,,,,,,,,,,
교수 님 만 수 무강 하 시 어요,,,,,,,,,,,,,,
상대적 으로 고학 번 이 많 았 고 팀 프로젝트 은 발표 로 한 번 있 음,,,,,,,,,,,,,,
학생 들 한테 관심 많 고 편의 제공 을 많이 하 아 주 ㅁ,,,,,,,,,,,,,,
... 나 는 것 이 으르 어 서 미루 고 미루 다,,,,,,,,,,,,,,
숙제 가 많 다,,,,,,,,,,,,,,
수업 은 상당히 널 널 하 ㄴ 편 이 다 다른 과목 이 빡 세 서 비교적 그렇게 보인 것 이 ㄹ 수 도 있 다,,,,,,,,,,,,,,
수업 은 듣 을 만 하 지만 시험 서술 형 문제 는 채점 기준 을 모르 겠 음,,,,,,,,,,,,,,
80 점 대 나 90 점 초반 은 비 나오 았 을 듯,,,,,,,,,,,,,,
근데 진짜 영어 를 제대로 못하 아서 따지 지 를 못하 지만 다른 교수 가 그리하 었 으면 많 은 말 이 나오 았 을 법 하 ㅁ,,,,,,,,,,,,,,
그래서 초반부 에 ㄴ 게이 영화 랑 흑인 영화 많이 보 게 되 ㄹ 것 이 ㅁ,,,,,,,,,,,,,,
전 영상 보 는 그것 좋아하 고 영어 를 좋아하 아서 이 수업 이 좋 았 지만 중간 이랑 기말 에서 서술 형 부분 이 좀 어렵 고 암기 하 아야 되 는 것 이 많 아서 호불호 많이 갈리 는 편 이 ㄴ 것 같 아요,,,,,,,,,,,,,,
영어 못하 ㄴ다고 겁 먹 지 말 고 도전 고고 수업 시간 에 영상 도 많이 보 고 꿀잼,,,,,,,,,,,,,,
분 추천 드리 ㅂ니다,,,,,,,,,,,,,,
"""시험 이 2 번 "," 퀴즈 가 2 번 있 지만 퀴즈 는 수업 잘 듣 으시 었 다면 굉장히 쉽 ㄴ 편 이 고 퀴즈 와 시험 을 제외 하 면 내내 영화 와 드라마 를 보 ㅂ니다""",,,,,,,,,,,,,,
수업 2 번 빠지 어도 되 ㄴ다고 말씀 하 시 는데 참여 도 에 체크 가 되 어서 결국 결석 표시 가 되 ㅂ니다,,,,,,,,,,,,,,
그러나 배워가 는 것 은 적 다능 ... 중간 조지 었 었 는데 기말 로 만 회 가능 하 았 습니다,,,,,,,,,,,,,,
퀴즈 2 번 과 시험 2 번 이 있 음,,,,,,,,,,,,,,
시험 공부 하 기 매우 까다롭 고 전공 만큼 시간 소요,,,,,,,,,,,,,,
수업 시간 때 마다 서로 의 의견 을 제시 하 는데 꽤 유익 하 았 던 시간 이 었 음,,,,,,,,,,,,,,
진짜 거지 같 음,,,,,,,,,,,,,,
발표 점수 는 크 게 차이 없 고 마지막 에 시험 한 번 보 고 점수 나오 ㅂ니다,,,,,,,,,,,,,,
수업 은 중학교 쪽지 시험 수준 아주 아주 쉽 습니다,,,,,,,,,,,,,,
그냥 교수 님 이랑 아이 택 잘하 고 좀 똘망 똘  느낌 좋아하 시 니까 특히 말 하 고 발표 하 ㄹ 때 야무지 게 하 면 되 ㅁ,,,,,,,,,,,,,,
수업 외적 으로 교수 님 께서 몸담 고 계시 ㄴ 일 에 대하 어 이야기 하 아 주 시 는 것 에 도,,,,,,,,,,,,,,
시험 도 사례 분석 후 내 생각 을 쓰 는 문제 로 나오 ㅁ,,,,,,,,,,,,,,
입문 다음 수업 이 라 중국어 를 아예 처음 배우 는 사람 에게 는 수업 꽤 어렵 ㄹ 듯 하 ㅁ,,,,,,,,,,,,,,
퀴즈 단원 나가 ㄹ 때 마다 봄,,,,,,,,,,,,,,
중국어 아예 모르 면 안 되 는 수업,,,,,,,,,,,,,,
그냥 서문 기 교수 님 수업 은 서문기 교수 님,,,,,,,,,,,,,,
기말 없 어서 좋 음,,,,,,,,,,,,,,
숙제 는 대충 하 아서 내도 성적 에 문제 안 되 는 듯,,,,,,,,,,,,,,
... 점수 조 지 ㄴ 줄 알 았 는데 A 받 고 가 ㅂ니다,,,,,,,,,,,,,,
... 열심히 듣 으시 고 복습 열심히 하 시 어요,,,,,,,,,,,,,,
수업 이 매우 어렵 지만 교수 님 이 잘 가르치 어 주 시 는 편 이 ㅁ,,,,,,,,,,,,,,
숙제 하 다가 멘탈 터지 ㄹ 수 도 ...,,,,,,,,,,,,,,
복습 안 하 ㄹ 것 면 듣 지 말 으시 어요,,,,,,,,,,,,,,
이번 에 온라인 이 라 다행히 비율 채우 어 주 시 ㄴ 듯,,,,,,,,,,,,,,
하지만 오히려 잘 듣 는다면 상 위 권,,,,,,,,,,,,,,
"""학점 최대한 채우 어 주 려고 하 시 고 "," 2 학년 1 학기 라 공부 열심히 안 하 는 애 들 많 아서 평소 에 조금 씩 해 두 면 분명 좋 은 학점 받 을 수 있 음""",,,,,,,,,,,,,,
학점 자체 는 비율 맞추 어 주 기 도 하 고 상당히 후하 시 ㄴ 듯 ..,,,,,,,,,,,,,,
예제 10 문제 정도 찝  거기 서 토씨 하나 알 ㄴ 바꾸 고 그대로 내기 때문 에 예제 만 풀 수 있 으면 A + 은 따 놀 ㄴ 당 상임,,,,,,,,,,,,,,
학점 도 엄청 짜 게 줌 절 때 듣 지 않 는 것 을 추천 하 ㅁ,,,,,,,,,,,,,,
재수강 이 었 는데 빡 세 서 스트레스 엄청 받 았 는데 그래도 A - 받 아서 기분 은 좋 음,,,,,,,,,,,,,,
이야 교수 한테 배우 ㄹ 것 이 없 는데 시험 은 7 번 본단 다 오,,,,,,,,,,,,,,
기말 80 퍼가 크 기 는 하 았 지만 그래도 다른 과목 에 비하 아 수월 하 았 습니다,,,,,,,,,,,,,,
대면 은 어 떨 지 모르 겠 는 대 비 대면 강의 로 는 좋 았 네요,,,,,,,,,,,,,,
안 좋 은 강의 평이 많 은 대 비 대면 으로 수강 하 ㄴ 입장 에서 ㄴ 편하 ㄴ 과목 이 었 네요,,,,,,,,,,,,,,
두 반 평균 은 1,,,,,,,,,,,,,,
 정규 수업 만들 든가 그거 없애 놓 고 제대로 안 가르치 ㄴ 상태 에서,,,,,,,,,,,,,,
학생 들 고생 만 오 지 게 시키 ㄴ 다 진짜,,,,,,,,,,,,,,
프로젝트 못하 아 먹 겠 다,,,,,,,,,,,,,,
"""채우 어서 주 지 않 는 학점 "," 나이 가 있 으시 어서 우리 세대 가 느끼 기 에 는 꼰대 로 비추 어 지 기 쉽 ㄴ 교수 님""",,,,,,,,,,,,,,
시험 성 정 알리 어 달 라고 하 면 그런 것 을 왜 궁금 하 아 하 냐고 하 시 ㅁ,,,,,,,,,,,,,,
대부분 학생 은 대학 오 아서 정치학 을 처음 접하 게 되 ㄴ다는 것 을,,,,,,,,,,,,,,
교수 님 이 시험 에 나오 ㄴ다고 수업 중 에 알리 어 주 시 어서 쉽 게 공부 하 ㄹ 수 있 었 다,,,,,,,,,,,,,,
초반 에 ㄴ 숙제 도 없 고 뭐 도 없 고 경 수업 들 으면 끝,,,,,,,,,,,,,,
기말 이 사실 상 성적 을 결정 지음,,,,,,,,,,,,,,
하 ㄴ 학기 강의 를 3 번 정도 구간 으로 나누 어서 올리 어 주 시 어서,,,,,,,,,,,,,,
실제로 학과 행사 때문 에 결석 하 아야 하 ㄹ 것 같 다고 하 니 알 았 다고 지각 으로 체크 하 아 주 시 ㅁ,,,,,,,,,,,,,,
교수 님 이 박학 다식 하 시 어서 다양 하 ㄴ 분야 의 지식 들 을 이야기 하 아 주 시 ㅁ,,,,,,,,,,,,,,
매트 랩 숙제 도 상당히 어렵 으 나 인터넷 겁나 찾 으면서 공부 하 면 충분히 하 ㄹ 수 있 음,,,,,,,,,,,,,,
절 평 에서 이렇게 깐깐 하 ㄴ 교수 는 처음 봄,,,,,,,,,,,,,,
교수 님 은 좋 으시 ㅁ,,,,,,,,,,,,,,
짱짱맨 시험 쉽 어요,,,,,,,,,,,,,,
나 는 동영상 초 단위 로 멈추 어 가 면서 다 필기 하고 그거 달달 외우 었 다,,,,,,,,,,,,,,
죄 와 벌 보 고 교수 님 이 내주 시 ㄴ 질문 에 답 하 는 양식 이 었 습니다,,,,,,,,,,,,,,
수기 10 장 이 어서 엄청 힘들 었 다,,,,,,,,,,,,,,
.... 성적 어떻하 게 나오 ㄹ까 감 이 전혀 안 오 아서 불안 하 시 ㄹ 수 있 는데 저 도 그리하 었 어요,,,,,,,,,,,,,,
개인적 으로 러시아 의 문화 와 예술 에 대하 아서 깊 게 이해 하고,,,,,,,,,,,,,,
교수 님 의 표현 방식 이나 강의 가 약간 올드 하 ㄴ 면 이 없 지 않 아 있 으나,,,,,,,,,,,,,,
개 꾸 ㄹ 절대 아니 ㅂ니다,,,,,,,,,,,,,,
시험 에 답 이 없 는 것 처럼 보이 지만 교수 님 이 작품 평가 하 ㄹ 때 하 았 던 말 들 이 있 어요,,,,,,,,,,,,,,
장점 은 학기 내 에 공부 강도 가 약 함 편하 게 듣 을 수 있 음,,,,,,,,,,,,,,
개 꿀 이 에 요 두 번 들 어도 되 ㄹ 정도,,,,,,,,,,,,,,
중간 는 영화 감상문 숙제 대체 이 고 기말 는 서술 형 3 문제 이 고 수업 시간 에 필기 를 하 아 놓 아야 하 ㅁ,,,,,,,,,,,,,,
첫날 테스트 보 고 실력 이 어느 정도 이 ㄴ지 강사 가 판단 하 고 시험 날 에 향상 도 를 많이 봄,,,,,,,,,,,,,,
예 를 들 어 첫날 이 새끼 가 C 정도 이 었 는데 시험 나 ㄹ 자세 좋 으면 A + 가능,,,,,,,,,,,,,,
교수 님 은 쿨 하 시 고 좋 으시 어요,,,,,,,,,,,,,,
근데 스케이트 아예 못 타 아 는 사람 보다 는 어느 정도 타 ㄹ 줄 알 는 사람 추천,,,,,,,,,,,,,,
대숲 에 관련 정보 있 어요,,,,,,,,,,,,,,
판서 해주시 는 내용 이 제일 중요 하 다고 생각 하 ㅂ니다,,,,,,,,,,,,,,
책 에 는 없 는 내용 이 ㄴ데 설명 하 거나 판서 하 면 90 프로 시험 에 나오 ㅂ니다,,,,,,,,,,,,,,
개념 중심 으로 수업 중심 으로 공부 하 시 면 잘 보 시 ㄹ 수 있 어요,,,,,,,,,,,,,,
교수 님 수업 도 무지 조 음,,,,,,,,,,,,,,
또한 시험 체 점 이 본인 만 의 기준 이 확고 하 시 어서 까다롭 다,,,,,,,,,,,,,,
전 이 교수 님 싫 어요,,,,,,,,,,,,,,
그런데 수업 때 아재 개그 가 많 고 특정 학생 지적 을 많이 하 아서 인성 은 별로 이 ㄴ 듯,,,,,,,,,,,,,,
잘 가르치 어 주 시 어요,,,,,,,,,,,,,,
시험 2 번 다 오픈 북 이 고 업 청 어렵 습니다,,,,,,,,,,,,,,
잘 가르치 어 주 시 기 ㄴ 하 는데 수업 자체 가 어려움,,,,,,,,,,,,,,
본인 이 수학 물리 쪽 으로 머리 가 잘 돌아가 ㄴ다면 좋 습니다,,,,,,,,,,,,,,
시험 은 오픈 북 이 고 상당히 어렵 습니다,,,,,,,,,,,,,,
"""이론 수업 한번 "," 실습 수업 한 번 으로 이루어지 ㅂ니다""",,,,,,,,,,,,,,
내용 자체 가 지루 하 아서 수업 은 지루 하 지만 그래도 듣 을 만 하 ㅁ,,,,,,,,,,,,,,
그리고 정치적 발언 하 시 는데 겁나 부담 스럽 었 음,,,,,,,,,,,,,,
"""조 별 발표 로 하 ㄴ 섹션 을 수업 발표 하 는 것 이 있 으며 "," 개인 숙제 로 레포트 작성 하 는 것 이 있 습니다""",,,,,,,,,,,,,,
PPT 가 방대하 거의 영어 이 ㅁ,,,,,,,,,,,,,,
교수 님 께서 학생 들 많이 배려 하 아 주 시 어서 기간 도 넉넉 하 게 있 었 습니다,,,,,,,,,,,,,,
CHAPTER 15 강의 하 아 주 시 ㅂ니다,,,,,,,,,,,,,,
 괜찮 으시 고 시험 쉽 고 학점 잘 주 시 고 다만 숙제 가 처음 해보 는 것 하 아 보 아야 서 어 힘들 기 는 하지만 나머지 는 좋 음,,,,,,,,,,,,,,
그런데 선수 과목 데이터 통신 알 ㄴ 듣 으시 ㄴ 분 은 듣 지 말 시 기 ㄹ 바라 ㅂ니다,,,,,,,,,,,,,,
그리고 교수 님 이 부분 점수 거의 안 주 시 ㅂ니다,,,,,,,,,,,,,,
열심히 들 으면 성적 도 잘 나오 ㄴ다,,,,,,,,,,,,,,
와이어 샤크 실습 2 번 정도 하 는데 플밍 수업 때 실습 하 는 것 처럼 실습 하 면서 하 ㄴ 것 제출 하 는 것 이 숙제 이 ㅁ,,,,,,,,,,,,,,
시험문제 들 이 거의 서술 형 이 라 암기 가 많이 필요,,,,,,,,,,,,,,
일단 이 강의 는 온라인 강의 를 주어지 ㄴ 기간 내 에 듣 고 매주 강의 시간 에 쪽지 시험 을 봄 .. 그 후 에 교수 님 이 내리 어 오 아서 모르 는 것 질문 받 는 식 으로 강의 가 진행 되 ㅁ,,,,,,,,,,,,,,
문제 는 퀴즈 의 범위 도 퀴즈 에 포함 되 는지 정확히 알리 어 주 지 않 음,,,,,,,,,,,,,,
두 번 듣 고 싶 다,,,,,,,,,,,,,,
하 는 것 다 무시 하 시 어요,,,,,,,,,,,,,,
1 영작,,,,,,,,,,,,,,
성실 하 게 하 면 한두 번 빠지 었 음,,,,,,,,,,,,,,
맨날 LG 의 누구 를 혼 내 었 다,,,,,,,,,,,,,,
딴소리 좀 하 고,,,,,,,,,,,,,,
다시 PPT 시원 하 게 읽 고 끝내 심,,,,,,,,,,,,,,
2 학년 1 학기 에 듣기 에 무리 가 있 는 강의 이 기 ㄴ 하 았 지만 성의 없 는 수업 이 라 별로 이 었 고 기말 내용 도 배우 ㄴ 것 랑 동떨어지 ㄴ 것 을 시험 문제 로 내 지 ㄹ 않 나 ....,,,,,,,,,,,,,,
프로그래밍 능력 이 전무 하 다면 아래 와 같 은 반응 이 나오 ㄹ 수 도 있 을 것 같 네요,,,,,,,,,,,,,,
드랍  답 이 다,,,,,,,,,,,,,,
싶 은 수업,,,,,,,,,,,,,,
부적절 하 ㄴ 단어 남발,,,,,,,,,,,,,,
하지만 발표 에 이은 학생 들 평가 가 상당히 정치판 이 기 때문 에 인간 불 신 을 느끼 고 싶 지 않 다면 이 수업 을 듣 지 않 는 것 을 추천 하 ㄴ다,,,,,,,,,,,,,,
싶 은 사람 들 이 듣기 좋 은 수업 이 ㄴ 것 같 다,,,,,,,,,,,,,,
교수 만 꿀 빠 는 수업,,,,,,,,,,,,,,
교수 님 메일 안 읽 씹 하 기 로 유명하 그리하 었 는데 진짜 더라 .. 교수 님 께 물어보 ㄹ 것 있 으면 메일 보내 지 말 고 직접 교수 님 찾아가 는 것 이 좋 을 것 이 ㅁ,,,,,,,,,,,,,,
.. 배우 ㄴ 것 도 없 고 남 은 것 도 없 음,,,,,,,,,,,,,,
근데 그 와중 에 뭐 책임감 같 은 소리 하 면서 발표 끝나 면 발표 자료 보충 하 라는 데 개 빡 치 ㅁ,,,,,,,,,,,,,,
대신 팀 프로젝트 에 들 이 는 시간 이 많 은 편 이 었 고 학점 비율 은 깐깐 하 게 주 시 ㅂ니다,,,,,,,,,,,,,,
본인 은 강의 력 이 괜찮 다고 생각 하 ㅁ,,,,,,,,,,,,,,
배우 ㄹ 것 없 는 과목 이 에요,,,,,,,,,,,,,,
학생 들 이랑 얘기 를 많이 나누 시리 어 하 고,,,,,,,,,,,,,,
저 의 생각 에 ㄴ 성적 에 도 영향 이 어느 정도 있 다고 생각 하 ㅂ니다,,,,,,,,,,,,,,
""".. 어학 좋아하 는 사람 은 꼭 듣 을 것 .. 설명 잘 해주시 고 "," 영어 수업 인 데 도 한국어 로 도 설명 하 아 주 시 ㅁ""",,,,,,,,,,,,,,
다 들 알 는 지식 총동원 하 아서 작성 하 기 때문 에 과열 경쟁 이 되 는 경향 이 있 음,,,,,,,,,,,,,,
수업 자체 의 난이도 가 있 는 편 이 ㄴ 데 에 다가 교수 님 본인 기준 과 맞 지 않 으면 성적 절대 안 주 시 ㅂ니다,,,,,,,,,,,,,,
말 이 필요 없 습니다,,,,,,,,,,,,,,
학점 은 모르 아도 수업 내용 은 알 차 ㅂ니다,,,,,,,,,,,,,,
가끔 씩 어떤 삶이 나 시험 에 대하 ㄴ 조언 을 해주시 는데 마음 에 와 닿 습니다,,,,,,,,,,,,,,
시험 두 번 보 고 레포트 두 번 있 어요,,,,,,,,,,,,,,
대부분 반례 를 들어주 시 면서요,,,,,,,,,,,,,,
금융 이랑 안 맞 는다는 것 을 알 고 있 었 지만 이 수업 으로 더 안 맞 게 되 었 음,,,,,,,,,,,,,,
법대 안 에서 상식적 으로 말 이 통하 는 교수 님,,,,,,,,,,,,,,
교수 님 친절 하 시 어요,,,,,,,,,,,,,,
수업 도 잘 하 시 고 학생 들 배려 많이 하 아 주 시 어요,,,,,,,,,,,,,,
근데 시험 은 여전히 어렵 다,,,,,,,,,,,,,,
1 매우 유익 하 ㄴ 수업,,,,,,,,,,,,,,
진짜 개념 에 대하 어 확실히 알 아 가 ㄹ 수 잇 음,,,,,,,,,,,,,,
정역 학은 무조건 킹 지 ㄴ 호 교수 님,,,,,,,,,,,,,,
정역 학 = 김진오 공식 이 ㅁ,,,,,,,,,,,,,,
그리고 교수 님 이 질문 도 잘 받 아 주 시 고 따로 찾아가 질문 하 아도 잘 설명 하 아 주시 니까 궁금 하 ㄴ 것 은 최대한 질문 하 는 것 을 추천 하 ㅂ니다,,,,,,,,,,,,,,
시험 없 는 대신 매주 퀴즈 를 보 ㅂ니다,,,,,,,,,,,,,,
현직 에서 있 던 분 이 라 취업 에,,,,,,,,,,,,,,
성적 은 절대평가 라 그렇 ㄴ지 엄청 후하 게 주 시 었 어요,,,,,,,,,,,,,,
기초 부터 차근차근 알리 어 주 시 고 학생 들 을 배려 하 시 는 것 이 느끼 어 지 ㅂ니다,,,,,,,,,,,,,,
한 자 를 많이 못 외우 어서 기말 에 틀리 ㄴ 것 이 있 어서 그렇 ㄴ지 A 0 가 나오 았 지만 하 ㄴ 만큼 나오 ㄴ 것 같 아서 학점 도 만족 하 ㅁ,,,,,,,,,,,,,,
교수 님 .. 수업  좋 으시 고 숙제 나 진도 도 부담 없 는데,,,,,,,,,,,,,,
굉장히 좋 으시 ㄴ 분,,,,,,,,,,,,,,
은 아니 ㅂ니다 전 수업 에 재미 를 붙이 ㄴ 쪽 이 라 한문 어느 정도 알 고 계시 면 완전 추천 한자 하나 도 모르 시 ㄴ다,,,,,,,,,,,,,,
한 능 검 2 급 따 놓 고 안 보 ㄴ 지 8 년 넘 었 는데 다행히 한자 자체 는 어렵 ㄴ 것 이 없 었 음,,,,,,,,,,,,,,
나 는 이 강의 추천 하 ㅁ,,,,,,,,,,,,,,
"""엄마 같 아 ", 아니 ㄴ 것 같 은 데 시험 안 어렵 게 조절 하 아 주 시 고 , 범위 다 알리 어 주 고 ," 수업 도 진짜 인생 에 도움 되 는 얘기 많이 해주시 고 1 학기 수업 중 에 나 가 정 제일 많이 가 았 던 교양 이 ㅁ""",,,,,,,,,,,,,,
시험 문제 차제 는 굉장히 쉽 ㅁ,,,,,,,,,,,,,,
이 수업 듣 는 다른 학생 한테 묻 았 어야 하 ㄴ다고 하 시 ㅁ,,,,,,,,,,,,,,
온라인 수업 이 라서 시험 은 한번 보 았 고 중간 를 숙제 로 대체 하 ㅁ,,,,,,,,,,,,,,
이것 은 중간치 면 느낌 오 ㄴ다,,,,,,,,,,,,,,
흠 ... 비 대면 수업 으로 바뀌 면서 중간 를 보 지 않 았 습니다,,,,,,,,,,,,,,
글쎄요 .. 중간 때 내신 다고 하 시 ㄴ 대로 안내 시 어서 통수 맞 고 수업 에 흥미 떨어지 ㄴ 사람 이 ㅂ니다,,,,,,,,,,,,,,
교수 님 이 시험 12 주 우 전 에 나오 ㄹ 것 을 범위 를 한정 하 아 주 시 는 데 이것 만 몇 번 돌리 고 스마트 캠퍼스 에 올리 어 주 시 는 자료 복 붙 하 아서 워드 로 만들 어서 공부 하 는 것 을 추천,,,,,,,,,,,,,,
교수 님 의 수업 스타일 은 자유롭 다,,,,,,,,,,,,,,
교수 님 이 주관적 이 ㄴ 것 이 많 습니다,,,,,,,,,,,,,,
시간 투자 더 하 ㅁ,,,,,,,,,,,,,,
저 의 동기 는 중간 때 5 문제 못 쓰 었 다 는데 기 말 잘 보 고 B + 받 았 습니다,,,,,,,,,,,,,,
#NAME?,,,,,,,,,,,,,,
본인 도 한자 를 잘 모르 면서 학생 들 이 지적 하 면 신경질 내 는 듯이 반응 하 ㅁ,,,,,,,,,,,,,,
""".. 비 대면 수업 이 라 어쩌 ㄹ 수 없 었 던 것 감안 하 더라도 수업 방식 ", 수업 내용 ," 시험 방식 등등 모든 것 이 오락가락 이 고 대책 없 었 다""",,,,,,,,,,,,,,
여러분 도 여기 나오 는 것 처럼 회사 가 원하 는 양식 으로 ',,,,,,,,,,,,,,
수업 진행 하 는 사람 이 선 상원 이 면 무조건 수강 취소 하 시 어요,,,,,,,,,,,,,,
근데 3 학년 이 지만 누구 가 논문 을 쓰 어 보 았 겠 어요,,,,,,,,,,,,,,
수학 많이 좋아하 시 고 숙제 는 없 음,,,,,,,,,,,,,,
온오 프 활용 도 못하 심,,,,,,,,,,,,,,
시험 은 저 는 단원 골고루 출제 되 는 편 이 며 키워드 중심 의 공부법 이 필요 하 ㄴ 듯 하 ㅂ니다,,,,,,,,,,,,,,
음 일단 숙제 겸 팀 프로젝트 이 하나 있 고요,,,,,,,,,,,,,,
그리고 아가리 잘 터 는 애 한 명 은 섭외 하 면 좋 음,,,,,,,,,,,,,,
0 점 이 있 었 다면 주저 하 지 않 았 을 0 점 대상,,,,,,,,,,,,,,
"""중간 1 번 "," 기말 소논문 대체""",,,,,,,,,,,,,,
최고 의 교수 님 진짜 지식 이 엄청 많 으시 ㄴ 듯 잘 배우 고 가 ㅂ니다,,,,,,,,,,,,,,
교수 님 은 좋 으시 ㅁ,,,,,,,,,,,,,,
실습 열심히 풀 시 어요,,,,,,,,,,,,,,
말하 아 뭐 하 아 외치 어 갓 익 수,,,,,,,,,,,,,,
팀 프로젝트 은 팀 원 빨,,,,,,,,,,,,,,
족보 필수 .. 교수 님 은 매우 좋 으시 ㅁ,,,,,,,,,,,,,,
근데 실습 은 교수 님 보다 ㄴ 조교 님 께 여 쮜 보 는 것 이 더 점수 잘 나오 ㄴ다,,,,,,,,,,,,,,
플젝  실습 잘하 시 면 시험 도 무난 하 게 보 시 ㄹ 수 있 을 것 에 요,,,,,,,,,,,,,,
"""숙제 는 없 었 고 "," 매주 실습 이 있 었 습니다""",,,,,,,,,,,,,,
중간 코딩 시험 보고 기말 은 프로젝트 로 대체,,,,,,,,,,,,,,
결론 은 최고 다 최고 야,,,,,,,,,,,,,,
A + 받 을 수 있 습니다,,,,,,,,,,,,,,
시험문제 에 변별력 없이 문제 당 67 주 ㄹ 읽 고 일일이 판단하 아 야 하 는 OX 가 나오 ㅁ,,,,,,,,,,,,,,
하 시 니 ... 필요 없 을 듯,,,,,,,,,,,,,,
교수 님 성격 은 좋 으시 ㄴ데 호불호 가 좀 갈리 ㄹ 타입 이 네요,,,,,,,,,,,,,,
1 학점 이 라 부담 갖 지 않 고 듣 을 수 있 어서 좋 았 어요,,,,,,,,,,,,,,
귀찮 아도 하 ㄹ 만 하 ㅂ니다,,,,,,,,,,,,,,
시험 도 없 고요,,,,,,,,,,,,,,
공부 하고 들어가 아서 풀 어 보 면 무엇 ㄴ가 수능 수리 영역 같 은 느낌 주 시 ㄴ 연습 문제 와 교재 의 문제 를 수십 번 풀 어 보 고 익숙 하 아 지 ㄴ 후 핵심 개념 머리 에 있 으면 응용 하 아서 푸 는 정도,,,,,,,,,,,,,,
그냥 무난 하 ㄴ 수업,,,,,,,,,,,,,,
시험 시간 이 적 다,,,,,,,,,,,,,,
기말 는 그 전주 에 주 었 음,,,,,,,,,,,,,,
교수 님 사람 은 좋 은데 좀 답답 하 ㄴ 스타일,,,,,,,,,,,,,,
그 와중 에 90 점 대 받 는 학점 신 이 존재 하 기 ㄴ 하 ㅁ,,,,,,,,,,,,,,
저 도 덩달 아 계속 침 이 나오 거든요,,,,,,,,,,,,,,
수업 퀄리티 매우 낮 음,,,,,,,,,,,,,,
학점 은 딱 생각하 ㄴ 대로 나오 았 음,,,,,,,,,,,,,,
노 베이스 면 듣 지 않 는 것 을 추천 .. 진짜 온라인 이 고 오프라인 이 고 강의 를 못하 ㅁ,,,,,,,,,,,,,,
PPT 내용 읽 어 주 시 는 것 이 끝 이 예요,,,,,,,,,,,,,,
이 부분 참고 하 시 어요,,,,,,,,,,,,,,
한 단원 이 끝 날 때 마다 숙제 가 34 문제 있 고 배우 ㄴ 내용 에 대하 ㄴ 문제 와 온라인 이 라서 그렇 ㄴ지 회사 에서 중요 하 게 다루 는 내용 들 에 대하 ㄴ 문제 들 도 있 어서 인터넷 검색 을 하 아 풀 어야 하 았 습니다,,,,,,,,,,,,,,
전자 과 는 어떤 과목 이 전 필 이 ㄴ가 보 아 근데 다른 과 는 아니 거덩 그래서 뒤 로 갈수록 조금 힘들 수 있 음,,,,,,,,,,,,,,
또한 교수 님 께서 전문가 이상 으로 많 은 지식 을 갖추 고 계시 고  또한 훌륭 하 아서 많 은 지식 을 얻 어 가 ㄹ 수 있 음,,,,,,,,,,,,,,
인터넷 강의 의 전체 10 정도,,,,,,,,,,,,,,
"""", ," 인 강이 면 분명히 현 강보 다""",,,,,,,,,,,,,,
"""총평 교수 님 이 참 사람 은 좋 지만 학점 잘 주심 "," 시험 문제 쉽 게 내 ㅁ""",,,,,,,,,,,,,,
암기 위주 이 기 때문 에 암기 를 잘하 는 사람 들 에게 추천 하 ㅂ니다,,,,,,,,,,,,,,
뭐 라는 것 이 ㄴ지 화나 ㄴ다,,,,,,,,,,,,,,
학점 잘 주 시 고 성격 좋 으시 ㅁ,,,,,,,,,,,,,,
개 꾸 ㄹ 딱,,,,,,,,,,,,,,
진짜 듣 은 것 제일 후회 하 ㅂ니다,,,,,,,,,,,,,,
"""이 부분 은 특별히 나쁘 다고 하 ㄹ 수 없 으나 "," 문제 는 옮기 어 두 ㄴ 강의 자료 에 오탈자 나 중복 이 나 도 많 아요""",,,,,,,,,,,,,,
1 점 도 아깝 다,,,,,,,,,,,,,,
학생 입장 에서 는 매우 믿음 이 안 가 고요,,,,,,,,,,,,,,
수업 도 빨리 끝내 주 시 고 보강 없 는 휴강 도 있 음,,,,,,,,,,,,,,
3 시 수업 이 라고 스페인어 하나 도 모르 는 사람 이 기초 스페인어 안 듣 고 들 으면 피 똥 싸 ㄴ다,,,,,,,,,,,,,,
수강 신청 실패 하 아서 어쩌 ㄹ 수 없이 듣 게 되 었 는데 열심히 하 면 잘 받 을 수 있 어요,,,,,,,,,,,,,,
교수 님 도 친절 하 시 고 좋 아요,,,,,,,,,,,,,,
교수 님 열정 은 아무 도 못 따라가 ㄴ다,,,,,,,,,,,,,,
빨간 나 ㄹ 휴강 보강 안 하 시 고 그 외 에 휴강 도 자주 하 시 고 좋 았 다,,,,,,,,,,,,,,
개인적 으로 느끼 기 에 재무관리 선수 과목 으로 수강 하 았 다 면 무난 하 게 이해 하고 공부 하 ㄹ 수 있 는 난이도 의 과목 이 ㄴ데 교수 님 께 선 시험 에 대하 ㄴ 부담 도 줄이 어 주 시 려고 시험 도 쉽 게 나 의 주심,,,,,,,,,,,,,,
조 별 숙 제 조 별 숙제 하나 있 고 기 말 전주 쯤 에 하 는데 자유 주제 이 ㅂ니다,,,,,,,,,,,,,,
보 니 조금 은 어렵 ㄹ 수 도 있 는데 교수 님 께서 최대한 학점 은 후하 게 주 시 려고 노력 하 시 니까 걱정 안 하 시 어도 되 ㄹ 것 같 습니다,,,,,,,,,,,,,,
보 니 외우 ㄹ 때 영어 로 외우 어야 되 ㅁ,,,,,,,,,,,,,,
그리고 중요 하 ㄴ 것 은 잘 가르치 시 ㄴ다,,,,,,,,,,,,,,
글쎄요 나 는 시험 중간 기말 1 등 이 라고 생각하 았 는데 출 결 1 번 빠지 어서 A 0 줌 ... 그냥 성적 을 안 보이 어 주 어서 아쉬움 ......,,,,,,,,,,,,,,
왜 냐 PPT 만 달달 외우 면 되 거든요,,,,,,,,,,,,,,
무난 무난 하 ㄴ 수업,,,,,,,,,,,,,,
담 학기 기 백신 교수 가 없 다는 것 이 슬프 다,,,,,,,,,,,,,,
출 결 부르 시 고 싶 으시 ㄹ 때 만 부르 시 ㅂ니다,,,,,,,,,,,,,,
고등학교 때 수학 공부 를 등한 시 하 았 다면 따라가 기 가 매우 매우 힘들 것 이 다,,,,,,,,,,,,,,
온화 하 시 고 왕 친절 하 시 고 모르 는 것 완전 친절 하 게 답 하 아 주 시 ㄴ다,,,,,,,,,,,,,,
 원탑 갓 성자 찬양 하 아 수업 잘 듣 고 복습 잘하 고 예제 많이 풀 어 보 면 A 받 습니다,,,,,,,,,,,,,,
수학 에 대하 ㄴ 지식 이 별로 없 는 저 이 었 지만 이해 가 잘 되 ㄹ 정도 로 수업 을 잘 하 아 주 시 ㅂ니다,,,,,,,,,,,,,,
실수 만 안 하 면,,,,,,,,,,,,,,
교수 님 필기 가 좀 정신 없 기 는 하지만 열심히 따르 아 적 고 못 적 으면 폰 으로 이 라도 찍 어 놓 아야 하 ㄴ다 꼭,,,,,,,,,,,,,,
진짜 열심히 만 하 면 되 ㅁ,,,,,,,,,,,,,,
강의 력 이 매우 높 음,,,,,,,,,,,,,,
개념 이해 가 중요 하 ㅂ니다,,,,,,,,,,,,,,
교수 님 착하 시 ㅂ니다,,,,,,,,,,,,,,
공부 하 ㄹ 양이 많 은 과목 이 지만 수업 자료 랑 교수 님 강의 가 좋 아서 공부 하 기 수월 하 ㅂ니다,,,,,,,,,,,,,,
내용 자체 가 어렵 지 않 아서 시험 이 쉬 우 면 다 들 잘 봄 하지만 기말 에 ㄴ 변별력 이 생기 었 음,,,,,,,,,,,,,,
개념설 명도 잘하 시 고 공대 생 들 한테 필요 하 ㄴ 수학 과 활용 방법 등 을 콕 찝  잘 설명 해주시 고,,,,,,,,,,,,,,
대외 활동 이나 인턴 하 면서 푸리에 변환 이 전자공학 이 먹 는 중요 하 ㄴ 이론 이 라는 것 을 느끼 었 는데 이 수업 들 으면서 조금 은 알 것 같 은 느낌 이 이 었 음,,,,,,,,,,,,,,
이런 느낌,,,,,,,,,,,,,,
열심히 하 ㄴ 만큼 학점 딸 수 있 음,,,,,,,,,,,,,,
납득 이 가 지 는 않 지만 듣 을 만 하 ㅂ니다,,,,,,,,,,,,,,
미분방정식 라 플라스 변환 행렬 푸리에 급수 까지 다른 공대 에서 배우 는 내용 똑같이 배우 는 데 이 산수 학 위주 로 배우 고 생각 하 던 컴퓨터 쪽 은 배우 ㄹ 때 좀 머리 아픔,,,,,,,,,,,,,,
퀴즈 가 비중 이 좀 있 음,,,,,,,,,,,,,,
새로 오 시 ㄴ 교수 님 이 ㄴ데 수업 꼼꼼 하 게 칠판 에 적 어 가 면서 자세히 하 시 ㅁ,,,,,,,,,,,,,,
나 는 실 수많이 하 ㄴ 다 하 는 애 들 은 지옥 을 보 ㄹ 수 도,,,,,,,,,,,,,,
듣 지 말 으시 어요,,,,,,,,,,,,,,
그리고 속도 가 빠르 아서 받 아 적기 힘들 어요,,,,,,,,,,,,,,
나오 는데 그냥 수업 때 같이 푸 는 것 받 아 적 이 고 나중 에 정리 한 번 하 아서 제출 하 면 되 는 정도,,,,,,,,,,,,,,
후 에 알 고 보 니 전산 오류 로 전공필 수로 뜨 ㄴ 것 고 사실은 전공필 과목 이 아니 ㅁ,,,,,,,,,,,,,,
아침 수업 이 었 다는 것 이 가장 크 ㄴ 단점 ......,,,,,,,,,,,,,,
물론 강의 에서 는 기본서 앞 장 에 대하 ㄴ 설명 없 고  쓰 는 것 만 알리 어 주 ㅂ니다,,,,,,,,,,,,,,
그렇지만 따로 공부 하 는 습관 을 가지 ㄹ 수 있 어서 좋 았 습니다,,,,,,,,,,,,,,
조은애 교수 님 은 일본 문화 담당,,,,,,,,,,,,,,
"""수업 내용 도 ", 교수 님 들 도 다 괜찮 은데 팀 티칭 방식 때문 에 숙제 ," 시험 이 많 은 것 이 단점""",,,,,,,,,,,,,,
그래도 배우 는 내용 이 유익 하 ㅁ,,,,,,,,,,,,,,
대체적 으로 강의 내용 은 도움 되 는데,,,,,,,,,,,,,,
생각 보다 남 는 것 이 많 은 과목,,,,,,,,,,,,,,
교수 님 의 이야기 주제가 어디 로 튀 ㄹ지 모르 ㄴ다,,,,,,,,,,,,,,
중간 시험 은 영화 보고서 이 었 는데 채점 기준 도 잘 모르 겠 고 무엇 보다 조 별 숙제 가 별로,,,,,,,,,,,,,,
"""매 수업 이 끝나 면 질문 을 하 았 고 "," 매 수업 이 유익 하 았 습니다""",,,,,,,,,,,,,,
출 결 은 1 번 만 부르 셨 는데 간혹 깜빡 하 시 ㄹ 때 도 있 었 습니다,,,,,,,,,,,,,,
그러 다 보 니 교육적 이 ㄴ 측면 에서 는 배우 려는 사람 에게 는 많이 지루 하 ㄴ 편 이 고 그렇게 뜻 깊 게 배우 었 다는 의미 는 들 지 않 음,,,,,,,,,,,,,,
친구 들 과 서로 나누 ㅁ,,,,,,,,,,,,,,
열정 이 넘치 시 는 교수 님 이 시 고 수업 질 도 엄청 좋 습니다,,,,,,,,,,,,,,
근데 그렇게 혼자 이해 하고 나 면 교수 님 수업 개 잘 하 ㄴ다고 느끼 어 짐 나 의 지식 의 부족 이 었 던 것 이 ㄴ가 ...,,,,,,,,,,,,,,
교수 님 좋 아요,,,,,,,,,,,,,,
실험 조교 님 교수 님 다 들 친절 하 게 다 잘 알리 어 주 시 고 좋 습니다,,,,,,,,,,,,,,
교수 님 께서 출석 체크 를 매번 하 시 는 것 이 아니 기 때문 에 자칫 느슨 하 아 지 ㄹ 수 있 지만 불 시 에 하 시 기 때문 에 조심 하 시 어야 되 요,,,,,,,,,,,,,,
교수 님 귀 여우 심 방귀 대장 뿡뿡이 느낌 이 ㅁ,,,,,,,,,,,,,,
이론 수업 을 김윤기 교수 님 이 하 시 었 는데  좋 으시 ㅁ,,,,,,,,,,,,,,
"""교수 님 이 좋 으시 고 "," 강의 노트 와 강의 모두 깔끔 하고 좋 았 다""",,,,,,,,,,,,,,
.. 이것 이 좀 수업 따라가 기 도 힘들 고 벅차 지만 모르 겠 다고 다시 하 아 달 라면 하 어 주 심,,,,,,,,,,,,,,
1 점 도 아깝 다,,,,,,,,,,,,,,
일단 1 학기 동안 교수 님 강의 를 알아듣 고 이해 하 는 것 이 힘들 었 음,,,,,,,,,,,,,,
기회 가 되 ㄴ다면 또 수업 듣 고 싶 은 교수 님 이 시 다,,,,,,,,,,,,,,
그냥 좋 다,,,,,,,,,,,,,,
다 + 로 채우 어 주심,,,,,,,,,,,,,,
자신 이 영어 로 간단 하 ㄴ 회화가 가능 하 다,,,,,,,,,,,,,,
영어 로 자유롭 게 이야기 하 ㄹ 수 있 었 던 강의,,,,,,,,,,,,,,
영어 를 쉽 고 재미있 게 하 ㄹ 수 있 습니다,,,,,,,,,,,,,,
암튼 마크 교수 님 짱 이 ㅂ니다,,,,,,,,,,,,,,
"""장점 은 다른 분 들 이 많이 적 어 주 시 어서 유의 사항 한 가 지만 말씀 드리 자면 "," 좋 은 성적 받 고 싶 으시 ㄴ 분 들 은 출 결 관리 열심히 하 시 어요""",,,,,,,,,,,,,,
강의 는 또 얼마나 흥미 로 운 지 모르 ㅁ,,,,,,,,,,,,,,
또 듣 고 싶 다,,,,,,,,,,,,,,
"""비록 저 는 출 결 을 잘 못하 아서 점수 를 잘 못 받 기 는 하 았 지만 "," 그래도 재미있 는 수업 이 었 던 것 같 습니다""",,,,,,,,,,,,,,
가끔 유머 도 날리 심,,,,,,,,,,,,,,
수업 내용 을 영어 보다 ㄴ 발표 에 중점 을 두 ㅁ,,,,,,,,,,,,,,
학점 잘 안 주 시 ㅂ니다,,,,,,,,,,,,,,
근데 어렵 ㄴ 만큼 또 유익 하고 깊 게 생각 하 는 계기 가 되 어서 저 는 좋 았 어요,,,,,,,,,,,,,,
떠오르 는 대로 말해 도 교수 님 은 잘 이해 하 시 ㅂ니다,,,,,,,,,,,,,,
복 은 임 교수 님 좋 은 분 이 시 어요,,,,,,,,,,,,,,
교수 님 과 11 로 토킹 하 는 스피 킹 테스트,,,,,,,,,,,,,,
근데 기 말 이 조 별 숙제 라 3 점,,,,,,,,,,,,,,
학점 이 짜 다는 평이 많 은데 잘 모르 겠 음,,,,,,,,,,,,,,
꽉 채우 어서 주 시 는 것 같 고 + 로 채우 어 주시진 않 는 듯,,,,,,,,,,,,,,
수업 은 재미있 음,,,,,,,,,,,,,,
"""그리고 중간 기말 은 CONVERSAT ION 을 진행 하 는 것 으로 치 는데 "," 사전 에 평가 표 를 주 시 어서 준비 하 기 수월 하 ㅂ니다""",,,,,,,,,,,,,,
이 ㄴ 줄 알 았 다,,,,,,,,,,,,,,
저 는 영어 수업 이 대학생 에게 가장 필요 하 ㄴ 이유 는 ‘ 회화 능력 ’ 때문 이 라고 생각 하 ㅂ니다,,,,,,,,,,,,,,
왠 만 하 면 다 들 지각 결석 한 번 도 안 하 았 다,,,,,,,,,,,,,,
꽉 채우 어 주 시 는 편 은 아니 ㄴ 듯 나 는 좀 짜 다고 느끼 었 음,,,,,,,,,,,,,,
진짜 대 박 좋 으시 ㄴ 교수 님 중간 이랑 기말 시험 은 말하기 시험 이 ㅁ,,,,,,,,,,,,,,
성적 은 진짜 자 기 가 교수 님 지시 대로 정확히 이행 햇 는 지 만큼 나오 ㅁ,,,,,,,,,,,,,,
전 교수 님 좋 았 어요,,,,,,,,,,,,,,
"""대답 많이 하 면 참여 도 점수 잘 주심 한 명 한 명 아이 컨텍 하 면서 수업 해주시 는데 기 말 UCC 가 ", , ,"""",,,,,,,,,,,,,,
개인적 으로 는 그닥 이 ㄴ 것 같 아요,,,,,,,,,,,,,,
말하기 시험 이랑 에세이 시험 은 자기 평소 에 실력 대로 점수 나오 는 것 니까 그거 로 투덜대 는 것 은 어리석 은 짓,,,,,,,,,,,,,,
나 도 엄청 웃 고 열심히 하 았 는데 고작 B 라니 나 진짜 A 맞 는 줄 알 고 열심히 하 았 는데,,,,,,,,,,,,,,
.. 다른 사람 들 이 진짜 깐깐 하 게 점수 주 ㄴ다 하 아서 B 나오 ㄹ 줄 알 았 는데 A 제 로 받 음,,,,,,,,,,,,,,
재미있 으시 ㅂ니다 저 는 드랍  하 았 지만 요 수업 들 을 때 는 괜찮 습니다,,,,,,,,,,,,,,
그런데 본래 영어 에 대하 어 거부감 이 크 고 잘 못하 시 는 분 이 라면  실 것 에 요,,,,,,,,,,,,,,
강의 력 을 판단 하 ㄹ 수 가 없 는 것 이 싸 강이 었 던 것 도 있 고 거의 그냥 책 에 있 는 내용 으로 대본 을 준비 하 아 놓 고 쉬 ㅁ,,,,,,,,,,,,,,
교재 를 프린트 하 아서 듣 어야 하 고 무조건 앞자리 에 앉 는 것 을 추천 교수 님 목소리 가 많이 작 으시 ㅁ,,,,,,,,,,,,,,
교수 님 이 자주 의식 의 흐름 으로 이야기 하 시 는데 그거 일단 다 적 이 고 나중 에 교재 랑 비교 하 면 와 교수 님 그냥 책 만 읽 으시 는 줄 알 았 는데 아니 셨 구나 싶 다,,,,,,,,,,,,,,
사실 수업 도 듣 다,,,,,,,,,,,,,,
보 면 새롭 ㄴ 알 것 이 되 는 재미 가 있 음,,,,,,,,,,,,,,
수업 은 진짜 .. 지루 하 아요,,,,,,,,,,,,,,
약술 형 은 중요 하 게 다루 었 던 개념 약술,,,,,,,,,,,,,,
출석 거의 안 부름,,,,,,,,,,,,,,
수업 자체 는 꿀 이 고 학점 받 기 도 편 하 ㄴ데 < 법대 유일 2 학점 전공 > 이 라는 것 이 문제,,,,,,,,,,,,,,
재무관리 를 선이 수한 직후 면 수업 을 따라가 는데 무난 하 ㄹ 거라고 예상 하 ㅁ,,,,,,,,,,,,,,
완전 좋 으시 ㅁ,,,,,,,,,,,,,,
열정 매 ㄴ 실험 수업 항상 기대 되 어 요,,,,,,,,,,,,,,
점수 도 나름 잘 주 시 고,,,,,,,,,,,,,,
그리고 숙제 열심히 하 면 시험 에서 관련 문제 를 풀 수 있 음,,,,,,,,,,,,,,
강의 를 정석 처럼 하 시 고 부족 하 ㄴ 부분 은 인 강 으로 대체 하 ㄴ다,,,,,,,,,,,,,,
"""그저 ", , , , 킹 , , , , 길 , , , , 석 , , , , ,"""",,,,,,,,,,,,,,
때문 에 열심히 공부 하 아서 나오 ㄴ 문제 를 다 맞추 었 는데 도 만점 이 안 나오 는 상황 이 발생 하 ㅁ,,,,,,,,,,,,,,
"""시험 은 문학 개념 ", 작가 와 작품 에 대하 ㄴ 지식 을 알 는 대로 전부 쏟 아 내 야 하 는 식 이 고 ," 다시 들 으라면 못 듣 을 것 같 아요""",,,,,,,,,,,,,,
어짜피 윤 교수 님 강의 력 이 야 평균 이상 최고 까지 되 니까 ㄴ 스타일 맞 으면 추천,,,,,,,,,,,,,,
코로나 시국 이 라 학점 은 잘 주 시 었 음,,,,,,,,,,,,,,
"""이것 ㄹ 보 고 강의 평가 에 무슨 개소 린 가 싶 겠 지만 ","""",,,,,,,,,,,,,,
에바 야 듣 지 말 아 진짜루 ... 강의 력 이 ... 듣 느니 그냥 자습 추천 .. 그럭저럭 열심히 한편 이 ㄴ데 들어오 는 것 이 없 음,,,,,,,,,,,,,,
음 ... 숙제 는 우선 되게 쉬 울 니까 걱정 하 지 않 으시 어도 되 고 요 시험 은 ... 수업 시간 에 수업 듣 는 것 이 좋 은 것 같 아 요 저 는 알 ㄴ 들 었 지만 허 허 한 번 이 라도 더 보 는 것 이 도움 이 되 더라고요,,,,,,,,,,,,,,
그래서 성적 은 시험 으로 나뉘 는데 수업 시간 에 하 았 던 프린트 에서 나오 고 시험 형식 은 단답 형 빈칸 뚫 기 형 으로 나오 아서 프린트 를 잘 외우 어야 하 ㅁ,,,,,,,,,,,,,,
"""철학 을 좋아하 고 옛 고전 을 접하 고 싶 으며 서술 형 이나 토론 형 시험 보다 단답 형 시험 에 잘 맞 으면 추천 하고 "," 그렇지 않 다면 비 추천 하 ㅁ""",,,,,,,,,,,,,,
학점 도 잘 주 세 여,,,,,,,,,,,,,,
에 젠 틀 하 ㅁ,,,,,,,,,,,,,,
학 우 분 들 발표 하 는 것 이 시험 문제 로 나오 니까 ㄴ 잘 듣 으시 시 어야 하 ㅂ니다,,,,,,,,,,,,,,
다만 교수 님 께서 몸 이 좋 지 않 으시 어서 .. 뜻밖 의 휴강 이 자주 생기 ㄹ지 도 모르 아요,,,,,,,,,,,,,,
내용 이 재미있 고 설명 을 자 ㄹ 하 아 주 시 어서 필기 말 ㄴ 하 어 도 내용 암기 다 되 어요,,,,,,,,,,,,,,
다만 다 들 열심히 하 니 꿀 교양 을 기대 하 ㄴ  학점 받 기 가 까다롭 ㄹ 수 있 어 여,,,,,,,,,,,,,,
노력 하 ㄴ 만큼 나오 는 과목,,,,,,,,,,,,,,
숙제 가 챕터 끝 날 때 마다 있 음,,,,,,,,,,,,,,
성적 잘 주 시 는 편입 ㅂ니다,,,,,,,,,,,,,,
매 수업 시간 의 시작 은 NOTEPAD + + 설치 하 면서 NOTEPAD + + 가 얼마나 좋 은지 한 10 분 정도 설 명함 그리고 마지막 10 분 은 자기 자랑 어디 에서 이런 프로젝트 를 따오 았 는데 코드 가 만 줄이 나 되 요,,,,,,,,,,,,,,
온라인 반 이 학생 성적 이 더 낮 아서 학점 따 기 좋 음,,,,,,,,,,,,,,
숙제 채점 안 하 ㄴ 것 때문 에 다음 숙제 못 내 겠 다더니 종강 하고 나 서 마감 이 ㄴ 숙제 2 개 를 몰아주 ㅁ,,,,,,,,,,,,,,
수업 내용 자체 가 배우 어야 하 는 이유 를 1 도 모르 겠 습니다,,,,,,,,,,,,,,
족보 있 으면 꿀,,,,,,,,,,,,,,
강의 도 잘 하 시 고 숙제 피드백 도 빠르 시 고 점수 도 잘 주 시 어요,,,,,,,,,,,,,,
페미니즘 에 관심 있 는 학우 라면 꼭 듣 어 보 시 어요,,,,,,,,,,,,,,
인생 강의 이 었 고 교수 님 사랑하 아 요,,,,,,,,,,,,,,
가르치 시 는 내용 도 적절 하 다고 느끼 었 고요,,,,,,,,,,,,,,
에 도 지루 하 지 않 고 재미있 습니다,,,,,,,,,,,,,,
꼭 들 으시 어요,,,,,,,,,,,,,,
시험 에 나오 는 것 찝  설명 을 잘하 심,,,,,,,,,,,,,,
이 것 듣 어야 햄 학우 들 아 ..,,,,,,,,,,,,,,
그리고 고학 번 이 많 아서 학점 따 기 그리 쉽 지 는 않 음,,,,,,,,,,,,,,
시험 객관식 에 쉽 ㄴ 데 에 다 들 잘 보 아서 몇 개 만 틀리 어도 학점 잘 못 받 을 수 있 어요,,,,,,,,,,,,,,
수업 은 지루 하 아서 몇 번 졸 았 다,,,,,,,,,,,,,,
일부러 수업 열심히 듣 게 하 려고 PPT 를 그렇게 만들 었 나 .. 싶 을 정도 .. 그리고 시험 이 매우 쉽 어서 개 열심히 하 어 도 B + 나오 는 그런 과목 이 ㅁ,,,,,,,,,,,,,,
와 ... 진짜 나 도 이과 충이 라서 이런 과목 잘 싫어하 는데 ... 진짜 로 거짓말 알 ㄴ 치고 이것 은 나 의 문제 이 ㅁ,,,,,,,,,,,,,,
1 과목 명과 실제 수업 의 불일치,,,,,,,,,,,,,,
하지만 코로나 로 인하 아 기말 한 번 으로 모든 성적 을 평가 받 아야 하 아서 부담 이 크 었 다,,,,,,,,,,,,,,
숙제 조 별 모임 전혀 없 음,,,,,,,,,,,,,,
세상 을 바라보 는 시각 이 달라지 고 많 는 내용 들 을 배우 ㄴ 것 같 아서 매우 만족 하 ㅂ니다,,,,,,,,,,,,,,
하 시 어요 또 유머 감각 도 좋 으시 어서 재미있 고요,,,,,,,,,,,,,,
숭 대 들 잘 들 어 요,,,,,,,,,,,,,,
저 는 전공 보다 더 열심히 듣 었 고요,,,,,,,,,,,,,,
"""강의 형태 로 만 진행 되 며 평가 는 기말 와 중간 "," 출석 으로 만 이루어지 어 있 습니다""",,,,,,,,,,,,,,
이 교 슈 님 것 둘 다 듣 어서 둘 다 A 맞 음,,,,,,,,,,,,,,
2 학년 과목 이 ㄴ데 고 학년 분 들 이 생각 보다 많 음,,,,,,,,,,,,,,
그래도 화공 과 에서 듣 을 만 하 ㄴ 강의 중 하나 이 ㅁ,,,,,,,,,,,,,,
절대평가 이 ㄴ 줄 알 고 듣 었 는데 상대 평가 로 바뀌 ㄴ 것 을 나중 에 알 았 다,,,,,,,,,,,,,,
등록금 을 날리 고 싶 으면 들 으시 어요,,,,,,,,,,,,,,
사유 도 마찬가지 로 일정량 을 채우 고 끝내 는 것 이 아니 ㄴ 일련 의 과정 만 있 을 뿐 이 다,,,,,,,,,,,,,,
"""하지만 진지 하 게 들 으면 유익 하고 "," 많이 배우 어 가 ㄹ 수 있 을 거라고 생각 하 ㅂ니다""",,,,,,,,,,,,,,
양은 적지 만 그 횟수 가 잦 아서 거의 매주 잊 지 않 고 해 가 는 것 이 좀 힘들 수도 있 어 욥,,,,,,,,,,,,,,
교수 님 이 진짜 엄청 우 쭈쭈 하 아 주 시 ㅁ,,,,,,,,,,,,,,
그러나 많이 고생 하 면 그만큼 많 은 점수 가 따라오 는 수업,,,,,,,,,,,,,,
장점 교수 님 이 매력 쩔 음,,,,,,,,,,,,,,
""""," 교수 님 의 매력 에 정신 못 차리 는 하 ㄴ 학기 가 되 ㄹ 수 있 음""",,,,,,,,,,,,,,
은 물론 이 고 철학적 이 ㄴ 내용 을 학습 하 며 자신 의 삶 을 되돌아보 는 계기 도 되 었 습니다,,,,,,,,,,,,,,
기본적 으로 몇 시간 씩 걸리 는 공대 숙제 에 비하 면 장난 이 ㄴ데 다 인문대 생 들 이 리뷰 쓰 ㄴ 것 이 ㄴ가,,,,,,,,,,,,,,
그러나 숙제 가 진짜 많 고 토론 도 거의 매시간 하 아야 하 므로 시간 의 여유 가 있 으시 ㄴ 분 께 는 추천,,,,,,,,,,,,,,
내용 도 수사학 을 전공 하 시 어서 말 을 깔끔 하 게 하 ㄹ 수 있 는 방법 을 잘 가르치 어 주 시 는 것 같 습 ㅂ니다,,,,,,,,,,,,,,
되 요 참여 하 ㄹ 것 많 음,,,,,,,,,,,,,,
그치만 못하 더라도 열심히 참여 하 면 가산점 주 시 니 열심히 하 시 기 ㄹ,,,,,,,,,,,,,,
"""근데 그것 이 학문 을 위하 ㄴ 수단 이 어야지 "," 그냥 학교 에 붙 어 있 어서 ' 열성적 이 ㄴ ' 교수 님 눈 밖 에 나 지 않 는 것 이 목적 이 되 어 버리 ㅁ""",,,,,,,,,,,,,,
일단 엄청나 게 대형 강의 이 고 강의 시간 이 굉장히 길 었 기 때문 에 수업 에 집중 이 잘 안 되 기 도 하 고 많이 졸 기 도 하 았 지만,,,,,,,,,,,,,,
지겹 어 그리고 PPT 강의 대로 수업 안 하 고 저렇 게 말 ㄴ 담 식 으로 하 ㅁ,,,,,,,,,,,,,,
3 학점 전공과목 으로 이 정도 공부 하고 A 맞 으면 땅 짚 고 헤엄치 기 수준 이 라고 생각 하 ㅁ,,,,,,,,,,,,,,
전공 이 이 정도 면 나 는 학교 다니 ㄹ 맛 나 는 다 시원 털털 하 시 ㄴ 교수 님 짱 앞 으로 도 이 교수 님 수업 있 으면 무조건 듣 을 것 이 ㅁ,,,,,,,,,,,,,,
확실히 수업 은 자 ㄹ 하 시 지만 ... 엄청나 ㄴ 시험 범위 때문 에 시험 잘 보 려면 복습 진짜 열심히 하 아야 하 ㅁ,,,,,,,,,,,,,,
잘 가르치 시 면 뭐 라고 도 안 하 지 어후,,,,,,,,,,,,,,
이번 학기 는 온라인 시험 이 라 오픈 북 이 었 는데 공부 안 하 어 도 강의 자료 보 면서 풀 면 다 풀 수 있 을 정도 였 ,,,,,,,,,,,,,,
한 시간 쉬 어 가 ㄹ 강의 가 필요 하 다,,,,,,,,,,,,,,
교수 님 천 사이 심,,,,,,,,,,,,,,
교수 님 이 열심히 가르치 려는 의욕 은 넘치 시 나 수업 의 가이드라인 을 확실히 잡 아 주 시 었 으면 하 았 습니다,,,,,,,,,,,,,,
카톡 으로 질문 잘 받 아 주 시 어서 모르 는 문제 잘 물어보 면 답 하 아 주 시 ㅂ니다,,,,,,,,,,,,,,
강의 자체 는 저 는 좋 다고 느끼 는 편입 ㅂ니다,,,,,,,,,,,,,,
나름 이 과목 이 투자 많이 하 았 는데 학 덤 도 잘 못 받 았 네요,,,,,,,,,,,,,,
코로나 때문 에 온라인 으로 듣 어서 그렇 ㄴ지 모르 아도 나 는 나름 대로 괜찮 았 다,,,,,,,,,,,,,,
코란 을 이해 하 는 것 이 더 빠르 ㄹ 것 이 다,,,,,,,,,,,,,,
시험 이 쉽 다,,,,,,,,,,,,,,
그냥 숙제 별로 없 는 싸 강 듣 는 다는 마음 으로 들 으시 어요,,,,,,,,,,,,,,
"""대학 에 들어오 아서 듣 은 강의 중 최고 의 강의 "," 최고 의 교수 님 이 었 습니다""",,,,,,,,,,,,,,
영상 하나 당 1 시간 짜리 이 므로 교수 님 께서 숙제 를 내주 시 면 미루 지 말 고 조금 씩 미리 하 아 두 시 어야 하 ㅂ니다,,,,,,,,,,,,,,
생각 보다 책 이 잘 만들 어 지 어 있 다,,,,,,,,,,,,,,
강의 는 재미있 고 빡 세 기 는 엄청 빡 세 고 생각 보다 시험 점수 는 잘나 오 ㅁ,,,,,,,,,,,,,,
시험 개 많 고,,,,,,,,,,,,,,
무슨 말 인지도 잘 모르 겠 고 판서,,,,,,,,,,,,,,
피드백 을 하 시 는 모습 이 인상 깊 었 음,,,,,,,,,,,,,,
수업 이 아침 에 있 어서 화딱지 남,,,,,,,,,,,,,,
"""학점 말 ㄴ 놓 고 보 면 편하 고 "," 학점 따 기 쉽 ㄴ 것 같 아요""",,,,,,,,,,,,,,
진짜 나 는 안 맞 았 던 수업 이 었 던 것 같 다,,,,,,,,,,,,,,
후 .. 중간 기말 ... 3 일 씩 공부 하 ㄴ 거치 고 A 받 아서 기 분 좋 았 습니다,,,,,,,,,,,,,,
뒷반  수업 한 것 을 시험 에 내 지 ㄹ 않 나,,,,,,,,,,,,,,
갓 달 원 당신 은 춘천 막국수 에 넣 으려다 말 ㄴ 무채 ...,,,,,,,,,,,,,,
경제학 도로 서 선수 되 어야 하 ㄹ 강의 이 ㅁ,,,,,,,,,,,,,,
피드백 도 빠르 고 합리적 으로 가르치 어 주심,,,,,,,,,,,,,,
윗분 말 그대로 이과 생 에게 절대적 으로 유리 하 ㅂ니다,,,,,,,,,,,,,,
별 찍 기 문제 나오 아서 당황 하 았 음,,,,,,,,,,,,,,
근데 변명 및 말 은 잘 하 ㅁ,,,,,,,,,,,,,,
"""본인 이 평소 에 화 를 잘 참 는 다 싶 고 "," 웹 에 관심 있 으면 듣 는 것 나쁘 지 않 음""",,,,,,,,,,,,,,
믿 고 거르 시 어요,,,,,,,,,,,,,,
또한 교수 님 께서 전문가 이상 으로 많 은 지식 을 갖추 고 계시 고  또한 훌륭 하 아서 많 은 지식 을 얻 어 가 ㄹ 수 있 음,,,,,,,,,,,,,,
2 숙제 가 굉장히 적 었 습니다,,,,,,,,,,,,,,
3 학점 굉장히 잘 주 시 ㅂ니다,,,,,,,,,,,,,,
출석 에 조금 은 관대 하 ㄴ 편 이 라고 생각 하 ㅂ니다,,,,,,,,,,,,,,
유일하 좋아하 는 교수 님,,,,,,,,,,,,,,
실습 은 난이도 가 오 았 다,,,,,,,,,,,,,,
왜 에 타 아 는 0 점 이 없 는지 모르 겠 다,,,,,,,,,,,,,,
가르치 는 것 은 좆 도 없 으면서 시험 은 어렵 게 내 ㅁ,,,,,,,,,,,,,,
꼼수 가 없 고 군더더기 없 는 시험 이 에요,,,,,,,,,,,,,,
왜 하 는지 의문 이 들 ㄴ다,,,,,,,,,,,,,,
그러나 수업 괜찮 다,,,,,,,,,,,,,,
원래 시험 은 대면 이 ㄴ데 이번 학기 는 시국 이 시국 이 ㄴ지 라 비 대면 으로 보 아서 좋 았 어요,,,,,,,,,,,,,,
강의 명 그대로 창의 융합 인재 가 무엇 이 ㄴ지 다루 는 수업,,,,,,,,,,,,,,
수업 시간 도 긷 어 서 보통 학생 들 이 집중 을 잘 못하 고 폰 을 만지 거나 다른 것 을 하 아요,,,,,,,,,,,,,,
널 너 ㄹ 하 게 시간표 짜 면 들 어도 되 ㄹ 것 같 고 학생 들 이 많이 들 ㄹ 음,,,,,,,,,,,,,,
만약 다른 쉅  시험 날짜 가 붙 을 것 같 으면 EG 화 다른 거시 험 수전 공 특 시험 안 듣 는 것 을 추천,,,,,,,,,,,,,,
그냥 교과서 읽기 방식,,,,,,,,,,,,,,
 하나 는 끝내 주심,,,,,,,,,,,,,,
학생 들 하나하나 얼굴 과 이름 을 외 우 시 는 것 에 감동 받 았 습니다,,,,,,,,,,,,,,
좋 은 강의 이 ㅁ,,,,,,,,,,,,,,
F 만 조심 하 시 어요,,,,,,,,,,,,,,
QNA 꾸준히 이용 하 면 가능,,,,,,,,,,,,,,
완성 이 어렵 ㄹ 뿐,,,,,,,,,,,,,,
최악 이 ㄴ데 좋 다는 사람 들 뭐 지 .. 홍 지만 교수 가 말 하 는 내용 이 다 맞 다고 생각 하 면 실무 가 서 어 고생 하 아요,,,,,,,,,,,,,,
OS 에 대하 ㄴ 이론 을 배우 고 직접 OS 의 미 완성 되 ㄴ 특정 기능 을 구현 하 는 프로젝트 숙제 가 7 개 나오 는 수업,,,,,,,,,,,,,,
배 울 게 많 다,,,,,,,,,,,,,,
4 기 대치 계산 문제 는 매번 출제 하 시 는 듯,,,,,,,,,,,,,,
OS 를 듣 어야 하 는 자 양 교수 님 에게 오 라,,,,,,,,,,,,,,
"""중국인 이랑 같 은 팀 되 거나 ", 팀원 이 잠수 타 아 거나 ," 취업 계 내서 사라지 거나 하 아서 나쁘 다""",,,,,,,,,,,,,,
별점 낮추 기,,,,,,,,,,,,,,
하 ㄹ 것 이 많 지만 그만큼 남 는 것 도 많 음,,,,,,,,,,,,,,
공부 를 많이 안 하 시 었 던 것,,,,,,,,,,,,,,
강의 는 특허 죠,,,,,,,,,,,,,,
숙제 는 좀 있 었 던 것 같 고 시험 은 평이 하 ㅁ,,,,,,,,,,,,,,
조 별 숙제 는 대부분 의 팀 들 이 해 오며 점수 차이 도 크 지 않 습니다,,,,,,,,,,,,,,
근데 전 필 이 라 도망 도 못 치 ㄴ다 ..,,,,,,,,,,,,,,
하 ㄴ 학기 고생 은 오 지 게 하 ㄹ 수 있 는 강의,,,,,,,,,,,,,,
.... 기억 에 정선태 교수 님 강의 평가 에 도 비슷 하 ㄴ 말투 와 내용 으로 되 ㄴ 우호적 이 ㄴ 평가 가 연달 아 있 었 던 것 같 아요,,,,,,,,,,,,,,
"""모르 면 이메일 보내 라고 하 시 었 는데 "," 답장 은 없 으시 ㅂ니다""",,,,,,,,,,,,,,
생각 보다 평균 이 낮 은 듯 그렇게 높 은 점수 가 아니 어도 A 가능,,,,,,,,,,,,,,
숙제 는 3 번 의 CASE STUDY 이 ㄴ데 수업 내용 응용 이 고 교수 님 이 수업 때 한 번 하 아 주 시 어서 정리 말 ㄴ 잘 하 아서 제출 하 면 되 ㅁ,,,,,,,,,,,,,,
"""시험 은 지금 까지 하 았 던 모든 내용 과 CASE 중심 으로 가 는데 "," 시간 이 모자라 니 연습 많이 하 고 들어가 아야 하 ㅁ""",,,,,,,,,,,,,,
그동안 배우 었 던 이론 과 사례 를 토대 로 12 문제 이 었 나,,,,,,,,,,,,,,
다 같이 못하 는 수업 이 니까 ... 필자 도 마찬가지 수업 에서 뒤 치 어 지 ㄴ다는 느낌 을 받 아도 그것 ㄴ 모두 가 마찬가지 니 자신감 을 갖 기 ㄹ 바람,,,,,,,,,,,,,,
중간 에 기업 을 변경 하 는 학우 들 이 꽤 되 ㅂ니다,,,,,,,,,,,,,,
엄청 어렵 ㄴ 내용 은 아니 지만 어디 가 아서 배우 ㄹ 수 있 는 부분 이 아니 라서 혼자 자료 를 구하 ㄹ 수 는 있 지만 표준 어 규정 같 은 것 이 오 듣 는 것 추천 하 아요,,,,,,,,,,,,,,
집중 이 잘 안 되 ㅁ,,,,,,,,,,,,,,
꿀 강의 라 길래 듣 어 보 ㅁ,,,,,,,,,,,,,,
이런 쪽 에 가깝 었 던 것 같 음,,,,,,,,,,,,,,
근데 국어 잘하 는 슈퍼맨 이 많 아서 .... 그분 들 은 개 꾸 ㄹ 인디,,,,,,,,,,,,,,
나 의 인생 강의 ... 대학 답 은 수업 이 궁금 하 면은 듣 어 보 시 어요,,,,,,,,,,,,,,
"""중간 에 팀 별 로 나누 어 주 시 ㄴ 종이 작성 하 는 시간 이 있 는데 "," 이 역시 부담 가지 시 ㄹ 필요 없 습니다""",,,,,,,,,,,,,,
세상 어려움,,,,,,,,,,,,,,
PPT 잘하 는 법 면접 잘 보 는 법 말 잘하 는 법 사과 하 는 법 등등 을 이론적 으로 뒷받침 하 아서 배우 ㄴ다,,,,,,,,,,,,,,
조 별 숙 제 같 은 경우 는 발표 1 번 하 는데 딱히 어렵 ㄴ 발표 는 아니 라서 금방 하 시 ㄹ 수 있 으니까 크 ㄴ 부담 은 아니 에요,,,,,,,,,,,,,,
조 별 숙제 는 한 번의 발표대 보 ㄴ 숙지 후 몇십 명 앞 에서 상황 극 하 아야 하 ㅁ,,,,,,,,,,,,,,
현장 에서 하 았 으면 더 재미있 었 겠 다는 아쉬움 이 있 습니다,,,,,,,,,,,,,,
빡 시 어요 매주 줌 화상 채팅 을 하 고 교수 님 의 시간 에 맞추 는 지 .. 9 시 에 시작 하 아 요 매주 책 읽 고 요약 을 올리 어 내야 되 는데 이 상하 것 이 참여 도 는 전부 8 주 시 더라구요,,,,,,,,,,,,,,
교수 님 매우 친절 하 시 고 질문 다 받 아 주심,,,,,,,,,,,,,,
기초 다지 기 좋 은 수업,,,,,,,,,,,,,,
교수 님 방식 이 대학생 은 혼자 공부 하 ㄹ 수 잇 는 능력 이 있 어야 하 ㄴ다 여서 결석 많 아도 출 결 점수 는 같 음,,,,,,,,,,,,,,
학점 다채 워 주 는 것 ㄹ로 알 고 있 고 다 잘하 게 되 어서 너 가 수학 달인 들 제치 ㄹ 여지 도 생기 ㄴ 다 내가 아 그리하 었 고,,,,,,,,,,,,,,
"""아랫 분 후기 처럼 ", , ," 교수 님 진짜 너무 귀 여우 시 어요""",,,,,,,,,,,,,,
미리 풀 고 식 을 기억 하 았 다 가 말 ㄴ 적어도 되 니 크 ㄴ 부담 없 음,,,,,,,,,,,,,,
친절 하 시 고 인자 하 시 며 자세 하 ㄴ 설명 을 하 어 주 시 ㄴ다,,,,,,,,,,,,,,
그니까 필기 도 잘 하 시 기 ㄹ,,,,,,,,,,,,,,
중간 를 숙제 로 보 아서 보통이 라 쓰 ㄴ 것 고 숙제 없 음,,,,,,,,,,,,,,
숙제 감점 없 고 시험 문제 도 쉽 ㅁ,,,,,,,,,,,,,,
최고 의 교수 님 이 시 어요,,,,,,,,,,,,,,
A 0 나오 았 는데 열심히 하 면 B + 까지 는 무난 하 게 나오 ㄹ 듯,,,,,,,,,,,,,,
학생 들 을 많이 배려 하 아 주 시 는 최고 의 교수 님,,,,,,,,,,,,,,
학생 들 잘 생각하 아 주 시 고 학점 잘 주 려고 노력 하 시 ㅁ,,,,,,,,,,,,,,
강 추 드리 ㅂ니다,,,,,,,,,,,,,,
다만 제출 하 았 는지 이름 말 ㄴ 체크 하 는 것 같 기 는 하 다,,,,,,,,,,,,,,
근데 이것 이 의 외로 장점 이 ㅁ,,,,,,,,,,,,,,
노가다 성 처럼 보이 는 문제 이 ㄴ가 싶 어도 알 고 보 면 세 줄 풀 이 가능,,,,,,,,,,,,,,
기말 도 어려움,,,,,,,,,,,,,,
그나마 숙제 피드백 라도 있 었 으면 좋 앗 을 터 이 ㄴ데 아쉽,,,,,,,,,,,,,,
교수 님 ..,,,,,,,,,,,,,,
찍히 면 하 ㄴ 학기 동안 놀림 당 하 니까 조심 하 시 어요,,,,,,,,,,,,,,
시험 은 숙제 에서 90 프로 가 나오 기 때문 에 공부 만 꾸준히 하 면 A 는 거저 먹 음,,,,,,,,,,,,,,
ㅇ 호호호 하 시 면서 설명도 친절 하 게 해주시 고 ... 설명도 깔끔 하 아요,,,,,,,,,,,,,,
점수 개 퍼 주 ㅂ니다,,,,,,,,,,,,,,
다시 는 보 고 싶 지 않 았 는데,,,,,,,,,,,,,,
"""자꾸 이것 은 2 "," 3 학년 때 배우 ㄴ 다면서 친절히 알리 어 주 시 어서 무슨 말 이 ㄴ지 이해 하 지 못하 았 습니다""",,,,,,,,,,,,,,
학생 들 에게 가르치 고 싶 은 열정 과 욕심 은 많 으나 강의 력 이 따라가 지 못하 아 아쉬움,,,,,,,,,,,,,,
공부 하 아서 무엇 ㄴ가 를 얻 기 ㄹ 원한 다 비추,,,,,,,,,,,,,,
이 교수 님 은 거르 ㄹ 수 도 없 음,,,,,,,,,,,,,,
적극적 으로 참여 하 면 점수 잘 받 습니다,,,,,,,,,,,,,,
숙제 도 다른 교수 님 들 에 비하 아 최대한 부담 줄이 어 주 우 실리 어 고 하 는 것 이 보이 어요,,,,,,,,,,,,,,
수업 자체 는 재미있 었 어요,,,,,,,,,,,,,,
하 ㄴ 학기 동안 재미있 게 즐기 었 던 수업 이 었 어요,,,,,,,,,,,,,,
아마 숭실 전설 로 남 을 듯 하 ㄴ 이 강의,,,,,,,,,,,,,,
라고 생각하 았 지만 역시 안 되 ㄴ다,,,,,,,,,,,,,,
.... 내용 도 중요 하 다,,,,,,,,,,,,,,
배워가 는 것 이 많 은 수업,,,,,,,,,,,,,,
하지만 저 는 그래서 좋 았 어요,,,,,,,,,,,,,,
발음 교정 하 아 주 시 었 어요,,,,,,,,,,,,,,
그냥 중국어 자체 가 어렵 ㄹ 뿐 교수 님 은 완전 좋 으시 ㅁ,,,,,,,,,,,,,,
혹시 중국어 를 입문 하고 싶 으시 ㄴ 분 들 이 계시 면 EBS 이 승 하 아 선생 님 을 꼭 추천 드리 고 싶 습니다,,,,,,,,,,,,,,
다만 저 는 하 ㄴ 학기 재미있 게 듣 어서 4 점 드리 ㅂ니다,,,,,,,,,,,,,,
싫 었 던 수업 진행 방식 과 자기 를 우월 시 하 고 남 을 깔보 는 듯 하 ㄴ 교수 의 태도 나 는 이런 사람 이 니 너 네 가 맞추 어 에 헴 하 는 언행 들 진짜 졸업 만 아니 었 으면 던지 어 버리 었 을 끄 어 다,,,,,,,,,,,,,,
진짜 개별 로 임 깐깐 하 ㄴ 것 도 깐깐 하 ㄴ 것 이 ㄴ데 그러니까 일부러 엿 맥 일 라고 그러나 생각 들 정도 이 ㅁ,,,,,,,,,,,,,,
무조건 이 분 것 들 으시 어요,,,,,,,,,,,,,,
하지만 피드백 도 빠르 고 강의 도 열심히 하 시 ㅂ니다,,,,,,,,,,,,,,
중간 에 프로젝트 가 하나 있 는데 진짜 생각 많이 하 아서 풀어내 야 하 고 그거 하 면서 실력 도 은 근 많이 늘 었 음,,,,,,,,,,,,,,
여자 를 편애 하 기 ㄴ 하지만 얼굴 한번 터놓 고 몇 번 인사 하 면 좋아하 아 주 시 ㅁ,,,,,,,,,,,,,,
참고 로 영어 로 수업 하 시 기 는 하지만 영어 잘 못하 아도 알아듣 는데 지장 없 는 듯,,,,,,,,,,,,,,
많이 들 ㄹ 배우 시 어요,,,,,,,,,,,,,,
아무리 생각하 아 도 이 교수 님 은 누구 ㄴ 가 를 가르치 는 것 이 적합 하 지 않 다고 생각 되 고요,,,,,,,,,,,,,,
프린트물 은 괜찮 은데 시험 문제 는 괜찮 지 않 음,,,,,,,,,,,,,,
교수 님 께서 무겁 ㄴ 정신 건강 에 대하 ㄴ 주제 를 재미있 게 다루 시 어요,,,,,,,,,,,,,,
가끔 은 수업 내용 이 재미있 음,,,,,,,,,,,,,,
보험 에 관해 자세 하 게 다루 며 조항 마다 예시 와 실제 사례 를 들 어 설명 하 아 주 시 ㅁ,,,,,,,,,,,,,,
적당히 공부 하고 좋 은 점수 얻 고 싶 다면 절대 듣 지 말 고 공부 하 ㄴ 만큼 성적 나오 기 ㄹ 바라 ㄴ다면 추천,,,,,,,,,,,,,,
학칙 에 의거 하 아 몇 번 이상 되 면 F 를 주기 위하 ㅁ,,,,,,,,,,,,,,
그만큼 학생 듣 을 우선 으로 강의 를 진행 하 시 ㅂ니다,,,,,,,,,,,,,,
시험 범위 가 자본 까지 이 었 는데 온라인 강의 로 진행 시험 3 일 전 까지 강의 가 올라오 았 다,,,,,,,,,,,,,,
기 말 때 는 갑자기 진도 를 휘 리릭 나가 시 어서 부담 이 되 기 ㄴ 하 았 지만 시험 은 쉽 었 고 ..,,,,,,,,,,,,,,
.. 열심히 하 ㄹ 각오 되 읶 으면 듣 으시 기 ㄹ,,,,,,,,,,,,,,
타 학과 생 이 ㄴ데 솔직히 강의 력 은 좋 다고 느끼 었 다,,,,,,,,,,,,,,
"""독학 하 는 것 을 좋아하 는 분 "," 혹은 이미 중급 회계 를 잘하 시 는 분 들 추천""",,,,,,,,,,,,,,
시험 은 쉽 고 공부 말 ㄴ 빡 시 하 면 어렵 지 않 음,,,,,,,,,,,,,,
"""플밍 기초 도 모르 는 상태 에서 배우 어도 "," 수업 만 잘 들 으면 중간 기말 무사히 칠 수 있 습니다""",,,,,,,,,,,,,,
깨 어 있 는 젊은 교수 님 느낌 이 에요,,,,,,,,,,,,,,
"""그런데 ", 풍문 으로 는 A + 을 1 명 만 주 ㄴ다는 풍문 이 있 더라 ," 사실 확인 이 필요""",,,,,,,,,,,,,,
또 강사 님 이 어려워하 는 학생 들 모으 어 보충 하 시 는 것 같 으니 어렵 으 면 보충 수업 신청 추천,,,,,,,,,,,,,,
파이 썰 ㄴ 에 대하 ㄴ 흥미 를 높이 ㄹ 수 있 음,,,,,,,,,,,,,,
전반적 으로 이번 학기 에서 미디어 학부 에서 듣 을 수 있 었 던 강의 중 개발자 를 지망 하 는 학생 에게 는 가장 괜찮 았 던 강의 였 던 것 같 습니다,,,,,,,,,,,,,,
근데 잘 가르치 는 것 랑 나 랑 맞 는 것 랑 은 다르 다,,,,,,,,,,,,,,
시험 과 프로젝트 가 개 빡 셈 .. 그치만 자바 를 이 교수 님 께 배우 ㄴ다는 것 은 축복 이 ㅁ,,,,,,,,,,,,,,
마지막 플젝  미리미리 하 아두 지 않 으면 힘 들 으니 꼭 일찍 부터 시작 하 시 어요,,,,,,,,,,,,,,
교수 님 은 X 100 좋 으시 ㄴ 분 이 다,,,,,,,,,,,,,,
공개 되 고 나 서 바로 시작 하 아야 하 ㅂ니다,,,,,,,,,,,,,,
교수 님 설명 이 좋 으시 ㅂ니다,,,,,,,,,,,,,,
중간 도 나름 어렵 다,,,,,,,,,,,,,,
"""다른 것 은 알 ㄴ 듣 어 보 아서 모르 겠 는데 "," 자바 만 은 킷 갓 엠 폐 러 지 웅 의 패기 를 느끼 ㄹ 수 있 습니다""",,,,,,,,,,,,,,
물론 시험 이 시 1 발 욕 이 나오 ㄹ 정도 로 어렵 기 는 하 ㅁ,,,,,,,,,,,,,,
다음번 에 는 안 그러 시 ㄹ 것 같 기 도 하 아요,,,,,,,,,,,,,,
숙제 도 성실히 하 아야 하 고 수업 도 꼼꼼히 듣 어야 되 ㅁ,,,,,,,,,,,,,,
수업 잘 가르치 어 주 시 고 만족 하 ㄴ 수업,,,,,,,,,,,,,,
킹 가 아 더 엠 퍼 러 마제 티 충무공 익 수 킴,,,,,,,,,,,,,,
절대로 후회 알 ㄴ 하 ㄹ 수업 이 다,,,,,,,,,,,,,,
5 년 연속 강의 평 1 위 하 시 ㄹ 만 하 다,,,,,,,,,,,,,,
킹 익 수 교수 님 진짜 사랑 하 ㅂ니다,,,,,,,,,,,,,,
이 교수 님 은 솔직히 족보 있 으면 개편 하 ㅁ,,,,,,,,,,,,,,
학점 은 잘 주 시 ㅂ니다,,,,,,,,,,,,,,
양이 많 기 때문 에 그날 그날 복습 하 는 것 이 좋 다,,,,,,,,,,,,,,
들리 는 소문 과 는 다르 게 친절 하 시 고 조언 까지 하 아 주 시 ㅂ니다,,,,,,,,,,,,,,
이 마저 도 못하 는 학생 이 대부분 이 라,,,,,,,,,,,,,,
어차피 2 문제 길 ㄴ 하지만 ..,,,,,,,,,,,,,,
무엇 ㄴ가 응용 하 ㄹ 수 는 없 는 느낌,,,,,,,,,,,,,,
목소리 많이 졸리 심,,,,,,,,,,,,,,
플젝 피드백 도 전혀 안 주 고,,,,,,,,,,,,,,
세 번 드랍 ,,,,,,,,,,,,,,
교수 님 수업 상당히 괜찮 습니다,,,,,,,,,,,,,,
중간 때 ㄴ 하 ㄴ 챕터 5 분 만 에 끝내 버리 기 도 하 ㅁ,,,,,,,,,,,,,,
전문성 하 아야 되 나 교수 로서 무엇 ㄴ가 열심히 하 ㄴ다는 느낌 이 없 음,,,,,,,,,,,,,,
모두 가 이해 율 100 가 되 어야 넘어가 는 최지웅 교수 님 과 강의 스타일 이 대 척 점 에 있 다고 하 어 도 과 언 이 아니 다,,,,,,,,,,,,,,
아주 그냥 본인 이 잘나 셔 가지 고 학생 들 의 입장 을 전혀 안 하 시 어요,,,,,,,,,,,,,,
그리고 마실 것 들 고 자리 못 감 혼 나 ㅁ,,,,,,,,,,,,,,
나 는 혼자 열심히 하 아서 A,,,,,,,,,,,,,,
강의 중 하 았 던 예제 로 시험 문제 를 내 는 것 은 굉장히 좋 으나 성적 평가 를 절대평가 로 하 ㅁ,,,,,,,,,,,,,,
잘 보이 어도 밉 보이 어도 성적 은 그것 이 그것,,,,,,,,,,,,,,
쉽 ㄴ 강의 는 아니 ㅂ니다,,,,,,,,,,,,,,
수업 집중 도 가 높 습니다,,,,,,,,,,,,,,
배우 어 가 ㄹ 수 있 는 강의 여서 아주 만족 하 ㅂ니다,,,,,,,,,,,,,,
장점 민선기 교수 님 은 이 번 온라인 강의 때 늦 게 강의 를 올리 신 적 없이 책임감 있 게 강의 를 올리 어 주 시 었 습니다,,,,,,,,,,,,,,
진심 엄청 좋 으시 ㄴ 분 이 ㅂ니다,,,,,,,,,,,,,,
듣 을 만 하 았 음,,,,,,,,,,,,,,
개인 숙제 와 중간 둘 다 레포트 작성 하 았었 는데 하 ㄹ 때 는 조금 귀찮 았 지만 점수 를 후하 게 주 시 어서 괜찮 은 숙제 였 던 것 같 네요,,,,,,,,,,,,,,
... 확실히 공부 하 기 쉽 지 않 아 말씀 으로 만 학점 을 잘 주 시 ㄴ 다 하 시 는 것 아니 ㄴ가 살짝 의심 하 았 는데 역시 저 가 경솔 하 았 네요,,,,,,,,,,,,,,
영어 한국어 강의 라서 영어 로 수업 하 는데 한국어 로 번역 하 아 주 시 어서 수업 이해 하 는 데 크 ㄴ 문제 없 음,,,,,,,,,,,,,,
영어 로 쓰 는 것 이 ㄴ데 답안지 한 장 꽉 채우 면 거의 만점 주심,,,,,,,,,,,,,,
시험문제 는 교수 님 이 찝  내용 만 하루 좡  딸딸 와우 다,,,,,,,,,,,,,,
교수 님 도 좋 으시 고 시험 문제 도 찝어  시험 이 어렵 지 않 아요,,,,,,,,,,,,,,
.. 학생 이 고생 하 ㅁ,,,,,,,,,,,,,,
"""이 는 주목 하 ㄹ 만 하 ㄴ 점 은 아니 지만 "," 시험 범위 를 줄이 어 주 는 아주 좋 은 기회 이 ㅂ니다""",,,,,,,,,,,,,,
이것 이 바로 메인 숙제 가 되 는 MIS 팀 프로젝트 이 ㅂ니다,,,,,,,,,,,,,,
그냥 MIS 는 이 수업 이 왕도 다,,,,,,,,,,,,,,
교수 님 진짜 멋지 시 ㄴ 분 이 ㅂ니다,,,,,,,,,,,,,,
진짜 내 어 인생 을 송두리 채 싹 다 바꾸 어 놓 으시 ㄴ 교수 님 이 ㅁ,,,,,,,,,,,,,,
다 만 시험 문제 가 너 어 어 무 세세 하 게 나오 는데 범위 는 어 마 어마 하 아서 한 번 에 암기 하 ㄹ 생각 하 면 답 이 없 어요,,,,,,,,,,,,,,
성적 수업 은 재미없 지만 교수 님 자체 는 친절 하고 좋 으시 ㄴ 분 이 ㄴ 것 같 다,,,,,,,,,,,,,,
교수 님 의 강의 력 은 나쁘 지 않 다,,,,,,,,,,,,,,
예 를 들 어 시스템,,,,,,,,,,,,,,
항상 수업 시작 하 기 전 에 프린트물 한 번 읽 어 보 고 조원 끼리 토의 하 는 시간 있 음,,,,,,,,,,,,,,
모두 가 참여 하 기 때문 에 3 번 채우 는 것 이 어렵 거나 눈치 보이 지 는 않 음,,,,,,,,,,,,,,
그렇게 외우 니 지식 이 안 쌓이 ㄹ 수 가 없 지 .. 최대한 수업 열심히 듣 고 열심히 반복 공부 하 시 어요,,,,,,,,,,,,,,
다만 성적 을 잘 주 ㄴ다,,,,,,,,,,,,,,
시험 을 위하 아서 는 교재 독학 이 매우 중요 하 ㄹ 듯,,,,,,,,,,,,,,
"""출석 ", 중간 , 기말 ," 조 별 발표""",,,,,,,,,,,,,,
그렇 기 에 적절 하 ㄴ 복습 이 필요 하 ㅂ니다,,,,,,,,,,,,,,
영어 에세이 10 줄 만 쓰 었 더니 C 학생 들 발표 위주 로 만 수업 하 시 어서 날로 먹 으시 는 듯,,,,,,,,,,,,,,
근데 나 는 만약 에 성적 내리 어 주 시 ㄴ다고 하 시 었 어도  받 으면 그냥 안 고 가 ㄹ 것 같 음,,,,,,,,,,,,,,
... 그런데 왜 별점 1 이 아니 라 3 점 을 주 었 냐면 +  채우 어 주심 아 그리고 개인 발표 한 번 있 음,,,,,,,,,,,,,,
근데 더 심각 하 ㄴ 문제 는 시험지 나누 어 주 ㄹ 때 도 마찬가지 이 ㅁ,,,,,,,,,,,,,,
"""앗 "," 발표 를 하 아야 하 는 옛 위인 은 교수 님 께서 지정 해주시 며 그 안 에서 선택 하 시 면 되 ㅂ니다""",,,,,,,,,,,,,,
"""처음 에 는 세계 역사 를 배우 고 중반부 이후 부터 는 구석기 ", 신석기 ," 청동기 등 유물 들 에 대하 어 배우 ㅂ니다""",,,,,,,,,,,,,,
오픈 북 이 에요,,,,,,,,,,,,,,
이 것 그냥 똥 이 에 요 여러분 듣 지 말 으시 어요,,,,,,,,,,,,,,
챕터 끝 날 때 마다 요약 숙제 .. 쉽 ㅁ,,,,,,,,,,,,,,
"""원래 는 COMSOL 에 대하 ㄴ 중간 시험 "," 전기 기기 부분 에 대하 ㄴ 기말 를 시행 하 는데 이번 에 는 코로나 때문 에 후자 만 진행 하 았 음""",,,,,,,,,,,,,,
어느 실험 이 던 마찬가지 겠 지만 조교 님 이 중요 하 ㄴ데 조교 님 이 참 좋 으시 ㄴ 분 이 시 어요,,,,,,,,,,,,,,
일단 먼저 저 는 공부 를 잘 알 ㄴ 하고 못하 는데 충분히 높 은 성적 받 을 수 있 고 수업 참여 를 열심히 하 ㄴ다면 자신 의 생각 과 달리 높 은 성적 을 받 을 수 있 습니다,,,,,,,,,,,,,,
이 왕 이 면 열정 을 가지 고 재밌게 참여 하 았 으면 하 는 수업 이 다,,,,,,,,,,,,,,
하지만 그렇 기 때문 에 교수 님 께서 요구 하 시 는 숙제 양도 많 고 많 은 것 과 더불 어 나 의 성적 이 ㄴ 분 들 은 더욱이 그렇 고 나 의 성적 이 지 않 은 분 들 이 라 하 ㄹ지라도 굉장히 귀찮 은 숙제 가 많 습니다,,,,,,,,,,,,,,
교수 님 종강 하고 어렵 ㄴ 숙제 내 주 지 말 으시 어요,,,,,,,,,,,,,,
수업 을 그렇게 막 잘 하 시 는 것 같 지 는 않 은데 막 못하 시 는 것 같 지 도 않 음,,,,,,,,,,,,,,
제발 잘리 어 라,,,,,,,,,,,,,,
1 점 주 는 것 도 아깝 다,,,,,,,,,,,,,,
"""자세 하 ㄴ 것 은 선배 님 들 이 웹 + 에 올려놓 으시 었 는데 "," 나 는 그것 ㄹ 금 공 강 만들 겠 답시고 악마 와 손 을 잡 았 다""",,,,,,,,,,,,,,
"""수업 잘 따라가 고 "," 궁금 하 ㄴ 것 생기 ㄹ 때 마다 주 저하 디 말 고 교수 님 께 질문 하 면서 공부 하 면 최소 중 박 은 칠 수 있 습니다""",,,,,,,,,,,,,,
닥 수강 신청 하셈,,,,,,,,,,,,,,
믿 고 것 릅 니 다,,,,,,,,,,,,,,
교수 님 비위 맞추 는 수업 정도 로 생각 하 면 되 ㅂ니다,,,,,,,,,,,,,,
밑 사람 과 이하 동문,,,,,,,,,,,,,,
강의 도 좋 고 숙제 도 적당 하 ㅂ니다,,,,,,,,,,,,,,
열심히 수업 하 아 주 시 ㅂ니다,,,,,,,,,,,,,,
"""팀 구성 은 학기 초 에 자율 성적 배분 중 에서 어떤 것 이 좋 냐고 물어보 는데 "," 그 때 수업 여론 에 따르 아 결정 되 니 목소리 를 크 게 내 어 여론 을 주도 해보 는 것 도 나쁘 지 않 을 것 같 습니다""",,,,,,,,,,,,,,
교수 님 깨알 개그 재미있 고 착하 시 어서 좋 아요,,,,,,,,,,,,,,
나 가 안 하 아서 성적 조짐 근데 입문자 는 자기 가 안 하 면 망하 ㄹ 정도 로 여기 서 ㄴ 잘 안 가르침,,,,,,,,,,,,,,
.. 그래 두 실습 열라 하고 안 되 는 것 은 집 에서 다시 풀 어 보 고 하 니까 실력 엄청 늘 ㅁ,,,,,,,,,,,,,,
정외과 라면 혹은 정 외과 가 아니 라도 대학생 이 라면 듣 어 보 아야 하 하 는 갓 정철 강의,,,,,,,,,,,,,,
"""조 별 발음 측정 이 있 는데 "," 그냥 조 별 로 모이 어서 발음 연습 하고 피드백 하 면 되 ㄴ다""",,,,,,,,,,,,,,
"""수업 알 ㄴ 지루 하고 "," 듣 기 ㄹ 나 잘 하 았 다 고 생각 하 는 강의""",,,,,,,,,,,,,,
또 수업 만 하 시 는 것 도 아니 고 교수 님 이 독일 에 계시 었 을 때 겪 었 던 재미있 는 에피소드 나 독일 관련 상식 들 도 많이 알리 어 주 시 ㅂ니다,,,,,,,,,,,,,,
수강 신청 하 기 전 에 강의 평 찾아보 다가 학생 으로 존중 받 는 느낌 든  평 을 보 ㄴ 적 있 는데 그렇 습니다,,,,,,,,,,,,,,
교수 님 이 열정적 이 시 고 질문 도 잘 받 아 주심 ... 매우 친절 만족 스럽 ㄴ 수업 이 았 다,,,,,,,,,,,,,,
하지만 팀 프로젝트 은 넘나 짜증 ... 개인 의 점수 를 합치 어서 팀 점수 를 주 어서 한 명 만 못하 아도 전체 가 점수 가 깍이 는 데 1 점 차 로 도 점수 가 마 니 갈리 ㄴ다,,,,,,,,,,,,,,
잘 듣 다,,,,,,,,,,,,,,
저 가 아재 라서 그런 것 을 수 도 있 습니다,,,,,,,,,,,,,,
"""가 좀 있 는데 "," 열심히 참여 하 는 모습 보이 면 교수 님 눈 에 들 ㄹ 수 있 습니다""",,,,,,,,,,,,,,
80 90 년 대 고등학생 한테 일본식 영어 문법 을 가르치 는 느낌 이 매우 진하 게 느끼 어 지 ㄴ다,,,,,,,,,,,,,,
"""점수 는 엄청 잘 주 었 다고 생각 하 며 "," 교수 님 이 깐깐 하고 제대로""",,,,,,,,,,,,,,
주 1 회 조 모임 4 학년 이 ㄴ데 바쁘 아 죽 겠 는데 계속 미팅 가 짐 모이 어 보 았 자 2 학기 에 자기 수업 들 으라는 얘기 와 공모전 얘기 만 하 ㅁ,,,,,,,,,,,,,,
다만 마지막 에 수업 내용 제출 하 ㄹ 때 굳이 그냥 한 번 만 보 고 돌려주 는데 밑 에 가 아서 파일 사 아 오 아 서 어 넣 어 오 라는 것 이 좀 수 고스 러웠 습니다,,,,,,,,,,,,,,
3 팀 프로젝트 조끼 리 화상 통화 나 줌 으로 얼굴 보 고 대화 를 하 고 같이 간단 하 게 숙제 도 하 아야 하 ㅂ니다,,,,,,,,,,,,,,
초딩 수업 같 음,,,,,,,,,,,,,,
PF 라 낫 배드 ....,,,,,,,,,,,,,,
잘못 걸리 면 수업 시간 내내 불편 하 ㅁ,,,,,,,,,,,,,,
교수 님 도 좋 으시 ㄴ 분 이 고 쉬 는 시간 없 는 대신 일찍 끝나 서 매우 좋 았 음,,,,,,,,,,,,,,
다른 과 사람 들 이랑 교류 하 ㄹ 수 있 고 그냥 웃 고 떠들 다가 종강 하 는 수업,,,,,,,,,,,,,,
조원 들 잘 만나 면 듣 을 만 하 ㅁ,,,,,,,,,,,,,,
많 음 좀 짜증 나 았 음,,,,,,,,,,,,,,
다 만 숙제 양이 좀 많 아요,,,,,,,,,,,,,,
탐 보다 훨씬 더,,,,,,,,,,,,,,
보 면 어느새 끝나 있 었 다,,,,,,,,,,,,,,
학점 원하 면 듣 으시 기 ㄹ 학생 들 에게 지금 남 들 은 다 취업 준비 하 는데 너 들 은 뭐 하 냐,,,,,,,,,,,,,,
꿀 교양,,,,,,,,,,,,,,
교수 님 이 이해 하 기 쉽 게 설명 하 아 주 시 어서 조금 말 ㄴ 상식선 에서 생각 하고 교수 님 이 밑줄 치 라고 하 ㄴ 것 위주 로 공부 하 시 면 되 ㅂ니다,,,,,,,,,,,,,,
암기 잘하 는 분 들 만 들 으시 어요,,,,,,,,,,,,,,
개씹 꾸 ㄹ 강의 이 ㅂ니다,,,,,,,,,,,,,,
단점 이 자 장점 으로 외국인 한테 만 관심 주 어 한국인 이 뭘 하 든 신경 안 쓰 ㅂ니다,,,,,,,,,,,,,,
타 학과 입장 에서 듣 어 보 ㄴ 과목 이 ㅂ니다,,,,,,,,,,,,,,
.. 절 평인 데 도 범위 가 핵 많 아서 힘들 었 네요,,,,,,,,,,,,,,
객관식 보 기 가 9 번 까지 있 어요,,,,,,,,,,,,,,
결론 은 시험 대비 미리미리 하 는 애 들 이 이 득 보 는 정의 구현 강의 이 ㅁ,,,,,,,,,,,,,,
그래서 꼼꼼히 보 지 않 으면 생각 보다 점수 가 잘 안 나오 ㄹ 수 도 있 음,,,,,,,,,,,,,,
"""무엇 보다 도 조 별 활동 ", 숙제 ," 발표 가 없 는 점 이 가장 크 ㄴ 메리트 이 기 도 하 아요""",,,,,,,,,,,,,,
무조건 교수 님 은 수업 은 아주 만족 하 ㅂ니다,,,,,,,,,,,,,,
모르 는 것 있 으면 바로바로 교수 님 께 질문 하 시 어요,,,,,,,,,,,,,,
"""하 어 도 동영상 음질 진짜 ", ," 듣기 힘들 었 습니다""",,,,,,,,,,,,,,
결론 부터 얘기 하 면 얻 어 가 는 것 없 는 강의 + 부담 크 게 없 는 강의 + 학점 잘 주 기 ㄹ 바라 면 안 되 는 강의 ... 숙제 는 회사 를 마케팅 믹스 별 로 분석 하 아서 PPT 형 으로 제출 하 는 레포트 가 있 습니다,,,,,,,,,,,,,,
솔직히 그것 도 온라인 강의 로 진행 되 ㄴ 지라 더 알아먹 기 힘들 었 어요,,,,,,,,,,,,,,
시험 은 지금 까지 배우 ㄴ 것 중 에서 4 가지 의 주제 를 고르 아서 서술 하 는 서술 형 문제 로 출제 되 고요,,,,,,,,,,,,,,
시험 은 객관식 모두 고르 시오 가 까다롭 ㄴ 편 이 나 PPT 몇 번 훑어보 면 A 그냥 먹 음,,,,,,,,,,,,,,
저 가 열심히 안 하 아서 성적 은 뭐 인정 하 ㅂ니다,,,,,,,,,,,,,,
고학년 때 듣 어야 이해 가 더 잘 되 ㄹ 듯,,,,,,,,,,,,,,
저 는 공책 도 별로 안 필요 하 았 고,,,,,,,,,,,,,,
강의 제대로 알 ㄴ 듣 어서 오픈 북 시험 이 라 살 았 음,,,,,,,,,,,,,,
이렇게 차별 심하 ㄴ 교수 는 처음 봄 수업 시간 내내,,,,,,,,,,,,,,
노답 ...... 번 체 자 를 대체 왜 외우 는 것 이 ㄴ지 알 수 없 고 가끔 발언 이 굉장히 ... 민감함 그리고 대만 출신 이 시 어서 가끔 발음 좀 그럼,,,,,,,,,,,,,,
교양 선택과목 이 다,,,,,,,,,,,,,,
교수 님 영어 발음 도 좋 으시 고 강의 도 엄청 잘하 시 어요,,,,,,,,,,,,,,
잘 적 어 두 어야 하 ㅁ,,,,,,,,,,,,,,
' 기초 ' 라는 단어 가 들어가 아서 힘들 어 하 는 학생 들 을 위하 아 몇 번 이 고 이해 하 았 는지 물어보 고 또 말씀 하 아 주 시 ㄴ다,,,,,,,,,,,,,,
"""중간 전 까지 퀴즈 1 ", 2 기말 전 까지 퀴즈 3 ," 4 보 는데 퀴즈 에서 시험 내용 이 많이 나오 아서 퀴즈 공부 하 ㄹ 때 열심히 하 면 중간 기말 볼 때 편하 아 지 어 요 수업 도 저희 한테 맞추 어 주 려는 모습 이 많이 보이 었 어요""",,,,,,,,,,,,,,
시간 을 되돌리 어 이 과목 을 취소 하고 싶 다,,,,,,,,,,,,,,
학점 이 고 뭐 고 갖 다,,,,,,,,,,,,,,
버리 고 싶 은 수업 이 었 음,,,,,,,,,,,,,,
영어 에 대하 ㄴ 자신감 이 없 더라도 A + 가능 하 ㄴ 강의 이 ㅂ니다,,,,,,,,,,,,,,
논문 이 좀 힘들 기 는 하지만 시험 이 없 기 때문 에 수업 의 질 이 높 다,,,,,,,,,,,,,,
수업 시간 에 앞자리 는 아니 어도 중간 에서 잘 듣 고 교수 님 잘 보 고 고개 끄덕거리 고 숙제 잘 하 면 되 ㅁ,,,,,,,,,,,,,,
교수 님 좋 으시 고 비 종교인 이 들 어도 전혀 어렵 지 는 않 음,,,,,,,,,,,,,,
교수 님 좋 으시 ㄴ 분 이 시 ㅂ니다,,,,,,,,,,,,,,
.. 시험 변별력 없 고요,,,,,,,,,,,,,,
.. 수업 자체 는 응 굳이 이런 것 을 외우 어 ..,,,,,,,,,,,,,,
 사업단 자문 이 라  편애 하 는 경향 있 고 피드백 많이 받 고 친 하 면 점수 잘 줌,,,,,,,,,,,,,,
하지만 PPT 나 시각적 이 ㄴ 자료 는 하나 도 준비 되 어 있 지 않 기 때문 에 오로지 교수 님 의 판서 와 강의 만 이 유일 하 ㄴ 수업 내용 이 라고 하 ㄹ 수 있 습니다,,,,,,,,,,,,,,
보 면 시간 잘 가 ㅂ니다,,,,,,,,,,,,,,
다만 분량 이 좀 많 습니다,,,,,,,,,,,,,,
지금껏 들어오 았 던 그 많 은 전공 교양 강의 에서 기억나 는 것 합치 어도 이 강의 에서 기억 에 남 는 거보 다,,,,,,,,,,,,,,
물론 나 는 승부욕 때문 에 열심히 하 아서 A 를 받 기 는 하 았 지만 전공 보다 열심히 하 ㅁ,,,,,,,,,,,,,,
다만 노트북 으로 타이핑 하 는 것 은 필수,,,,,,,,,,,,,,
제공 하 어 주 는 강의 노트 는 중간 시험 범위 까지 만 이 거든요,,,,,,,,,,,,,,
다 만 학점 따 기 는 힘들 다는 것 알 고 들 으시 어요,,,,,,,,,,,,,,
교재 없 고 교수 님 말씀 하 시 는 것 전부 받 아 적 어야 하 아서 손목 보호 를 위하 아 노트북 은 필수,,,,,,,,,,,,,,
흐음 .. 강의 자체 는 생각 보다 재미있 었 습니다,,,,,,,,,,,,,,
그러나 학점 받 기 매우 어렵 습니다,,,,,,,,,,,,,,
중요 하 ㄴ 것 은 강의 는 최고 이 었 습니다,,,,,,,,,,,,,,
열심히 하 면 좋 은 성적 받 을 수 있 음,,,,,,,,,,,,,,
수업 안 듣 다가 찝  것 외우 어서 학점 받 아 가 는 과목,,,,,,,,,,,,,,
숙제 를 필수 로 하 아야 하 는 것 은 아니 지만 후 에 점수 에 많 은 영향 을 미치 어서 거의 필수 라고 보 면 되 ㄹ 것 같 아요,,,,,,,,,,,,,,
토론식 수업 이 ㄴ데 그냥 잘 모르 겠 어요,,,,,,,,,,,,,,
시험공부 량 적 은 데 변별력 주 려고 자료 에 없 고 수업 시간 에 언급 하 ㄴ 문제 도 내 시 ㅂ니다,,,,,,,,,,,,,,
하지만 팀 프로젝트 귀찮 다,,,,,,,,,,,,,,
출 결 잘 안부  름,,,,,,,,,,,,,,
결론 얻 는 것 이 없 지 ㄴ 않 습니다,,,,,,,,,,,,,,
싸 강 자격 취득 과정 중 단연코 제일 쉽 ㄴ 과목 이 라 자부 하 ㄹ 수 있 다,,,,,,,,,,,,,,
조원 들 끼리 많이 만나 다,,,,,,,,,,,,,,
교수 님 께서 모르 는 부분 배려 하 아 주 시 고 잘 설명 하 아 주 시 ㄴ 다 그런데 시험 이 너무 어렵 고 문제 답 이 여러 개인 경우 가 많 아서 좀 힘들 었 나 그래도 교수 님 귀 여우 시 고 설명도 재미있 게 하 어 주 심,,,,,,,,,,,,,,
하지만 빡 세 게 스스로 공부 하 아서 이 ㄴ지 머릿속 에 아주 잘 남 았 다고 생각 하 ㅂ니다,,,,,,,,,,,,,,
예 를 들 어 첫날 이 새끼 가 C 정도 이 었 는데 시험 나 ㄹ 자세 좋 으면 A + 가능,,,,,,,,,,,,,,
싶 은 부분 에서 만 출제 되 었 습니다,,,,,,,,,,,,,,
교수 님 께서 좋 으시 ㅂ니다,,,,,,,,,,,,,,
시험 문제 는 하루 정도 만 투자 하 아도 충분히 풀 수 있 었 어요,,,,,,,,,,,,,,
여기 서 조 잘 걸리 면 좋 기 는 하지만 못 걸리 ㄴ다 하 어 도 상관없 음,,,,,,,,,,,,,,
뭐 나오 ㄹ지 모르 겠 어서 시험 공부 가 불안 하 지 ㄴ 않 습니다,,,,,,,,,,,,,,
교수 님 이 진짜 학생 듣 을 위해주 시고 다만 화장실 가 거나 지각 하 ㄹ 때 눈치 많이 주 시 ㄴ다,,,,,,,,,,,,,,
학문 과 학생 둘 다 에 애정 이 듬뿍 넘치 시 ㄴ다,,,,,,,,,,,,,,
발표 를 매일 2 번 씩 하 아야 하 고 숙제 를 성의 를 다 하 아 해 오면 시험 은 평균 만 처 도 잘 나오 느 성적,,,,,,,,,,,,,,
출석 만 잘하 자 지각 하 면 노 빠꾸 니까 꼬박꼬박 출석 하 자 숙제 도 지각 하 지 말자,,,,,,,,,,,,,,
내용 이 뭐 가,,,,,,,,,,,,,,
"""시험문제 는 사실 강의 안보 다는 교수 님 께서 말씀 하 시 었 던 부 가 내용 을 기준 으로 "," 알 는 내용 을 그냥 서술 하 기 보다 는 한 번 더 생각하 아 야 하 는 방식 으로 나오 ㅂ니다""",,,,,,,,,,,,,,
"""예 를 들 어 인터 션 디자인 의 정의 를 쓰 라 ", 보다 는 정의 를 쓰 고 자신 의 의견 을 말 하 시 오 하이퍼 미러 의 작동 원리 를 설명 하고 ," 이것 이 왜 유용 하 ㄴ 지 언급 하 시 오 등 의 문제 가 출제 되 었 습니다""",,,,,,,,,,,,,,
"""개인 빌 표 에 프로젝트 까지 있 기 는 한데 개인 발표 는 하 기 만 하 면 만점 주 시고 "," 프로젝트 는 4 시간 밖에 안 걸리 었 음""",,,,,,,,,,,,,,
이 과목 과 는 관계 없 지만 개인적 으로 는 교수 님 과 더 많 은 대화 를 나누 는 수업 이 있 어도 좋 을 것 같 음,,,,,,,,,,,,,,
"""그냥 무조건 가 "," 나 반 교수 님 것 들 으 셈 발표 있 고 중간 기말 다 시험 보 고 기말 프로젝트 까지 있 음""",,,,,,,,,,,,,,
현업자 이 시 고 실용적 이 ㄴ 이야기 를 많이 하 아 주 시 어서 수업 자체 는 흥미 롭 지만 이론 에 대하 ㄴ 설명 은 약간 부실 하 ㄴ 느낌 이 ㅂ니다,,,,,,,,,,,,,,
우선 시험 문제 는 수업 때 다 알리 어 주 시 어요,,,,,,,,,,,,,,
그래서 평균 도 매우 높 아 요 이번 에 중간 평균 거의 92 정도 되 었 음,,,,,,,,,,,,,,
"""여의도 운용 사 "," 증권가 에서 는 같 은 이슈 를 두 고 어떤 시각 으로 바라보 고 어떻하 게 생각 하 는지 느끼 ㄹ 수 있 었 습니다""",,,,,,,,,,,,,,
이론 이 실무 에서 어떻하 게 적용 되 는지 바로바로 케이스 로 듣 을 수 있 었 던 점 이 유익 하 았 던 것 같 습니다,,,,,,,,,,,,,,
을 확신 하 ㅁ,,,,,,,,,,,,,,
나 는 이론 을 배우 어서 외우 고 시험 보 는 것 을 싫어하 는 편 이 ㄴ데 시험 도 오픈 북 으로 하 어 주 고 수업 시간 에 많이 가르치 어 주 시 ㄴ 것 을 내주 시 어서 괜찮 았 음,,,,,,,,,,,,,,
공부 하 는 만큼 학점 받 을 수 있 는 정직 하 ㄴ 과목,,,,,,,,,,,,,,
성적 잘 채우 어 주 시 고 질문 잘 받 아주 시 ㅂ니다,,,,,,,,,,,,,,
장점 쉬 험 쉽 게 나 의 주심,,,,,,,,,,,,,,
단점 배우 는 것 이 썩 깊이 들어가 지 ㄴ 않 음,,,,,,,,,,,,,,
설명 친절 하 게 해주시 고 열정 있 게 가르치 심,,,,,,,,,,,,,,
모르 는 것 물어보 면 다 알리 어 주 시 고 ... 그리고 이 교수 님 진짜 멋지 ㄴ 분 .. 책 한 권 끝내 었 다고 짜장면 사주 시 는 교수 님 울 학교 에서 처음 보 았 다,,,,,,,,,,,,,,
강의 력 에 대하 아서 는 불만 없 음,,,,,,,,,,,,,,
1 C + +,,,,,,,,,,,,,,
어렵 었 음 .. 그래도 시험 잘 보 면 성적 잘나 오 ㅁ,,,,,,,,,,,,,,
다만 마지막 숙제 는 어렵 었 다,,,,,,,,,,,,,,
#NAME?,,,,,,,,,,,,,,
숙제 에 대하 ㄴ 점수 는 굉장히 늦 게 알리 어 주 ㅁ,,,,,,,,,,,,,,
시험 범위 가 엄청 많 아요,,,,,,,,,,,,,,
그 는 피하 ㄹ 수 있 으면 피하 아야 하 ㄴ 다 나 는 피하 지 못하 았었 다,,,,,,,,,,,,,,
기 보다 는 초임 교수 님 에 대하 ㄴ 수업 방식 가이드라인 이 라 던지 그런 것 이 없 는 것 같 다,,,,,,,,,,,,,,
세상 멍청 하 ㄴ데 그것 ㄹ 이해 를 못하 는 듯,,,,,,,,,,,,,,
안녕 나 의 학점 ... 이 글 을 보 고 있 다면 제발 경고 하 ㄹ 것 이 여 듣 지 마 요,,,,,,,,,,,,,,
수업 중간 에 딴 소리 많이 하 시 ㅁ,,,,,,,,,,,,,,
그런데 시험 이 오바 이 ㄴ 것 이 코드 다 외우 어야 되 ㅁ,,,,,,,,,,,,,,
시험 은 코드 와 워 야 되 고 왜 외우 는 지도 모르 겠 고 지 코드 도 아니 ㄴ 것 을 외우 라는 것 이 말 이 냐,,,,,,,,,,,,,,
"""1 점 도 아까 운 데 .. 숙제 도 싱 겁 고 심지어 마지막 숙제 는 복 붙 수준 강의 는 맨날 삼성 얘기 "," 누구 까 다가 아차 싶 으면 후 다닥 설명도 대충 하 면서 진도 나가 고 어 휴 중 2 병 에 벗어나 지 못하 ㄴ 듯""",,,,,,,,,,,,,,
팀원 들 최대한 연락 잘 하 어 주 고 자기 하 ㄹ 일 열심히 하 ㄹ 것,,,,,,,,,,,,,,
팀 프로젝트 이 좀 힘들 었 어요,,,,,,,,,,,,,,
교수 님 꼼꼼 하 가르 처 주시 고 좋 아요,,,,,,,,,,,,,,
교수 님,,,,,,,,,,,,,,
그리고 숙제 는 매주 있 었 고 많 은 주도 있 고 적 은 주도 있 었 는데 절대적 으로 적 다고 말 하 ㄹ 수 는 없 는 하 ㄴ 학기 양이 라고 생각 하 ㅁ,,,,,,,,,,,,,,
사실 상 학점 이 낮 은 사람 들 은 시험 을 못 보 ㄴ 것 이 아니 ㄹ까 ..,,,,,,,,,,,,,,
숙제 는 거의 매주 있 다,,,,,,,,,,,,,,
제발 드랍  존 버  .....,,,,,,,,,,,,,,
이것 만 명심 하 시 어요,,,,,,,,,,,,,,
수업 뿐 아니 라 좋 은 얘기 도 많이 해주시 는 참 선생 님 이심,,,,,,,,,,,,,,
절대평가 이 었 는데 상대 평가 로 바뀌 고 학점 받 기 힘들 어 지 ㅁ,,,,,,,,,,,,,,
하 ..... 수업 은 대체로 졸리 고 시험 은 주관식 수업 시간 애 배우 ㄴ 것 들 위주 로 나오 ㅂ니다,,,,,,,,,,,,,,
기말 가 아니 어도 일단 한 번 씩 은 다 발표 를 하 게 되 ㄹ 것 이 에요,,,,,,,,,,,,,,
1 학점 이 니깐 우선순위 는 미루 어 두 기 ㄹ ..,,,,,,,,,,,,,,
"""성적 은 ABC 비율 채우 어 주 시 고 "," + 0""",,,,,,,,,,,,,,
수업 을 머리 에 잘 들어오 게 설명 을 잘 해주시 고 문제 풀 이 같 은 경우 에 도 복잡 하 아 보이 는 것 도 예시 를 듣 어서 매우 이해 하 기 쉽 게 설명 하 아 주 시 ㅂ니다,,,,,,,,,,,,,,
교수 님 께서 수업 에 열정 이 많 으시 ㅂ니다,,,,,,,,,,,,,,
출 튀 도 가능 하 지만 다음 수업 때 퀴즈 를 질 보 기 위하 아서 는 이 수업 만큼 은 출 튀하 는 것 을 장려 하 아 드리 지 않 습니다,,,,,,,,,,,,,,
이 교수 님 수업 은 엑셀 을 다루 는 능력 이 있 다면 더더욱 추천 드리 ㅂ니다,,,,,,,,,,,,,,
앞서 잘 보 ㄴ 학생 들 은 마지막 시험 을 백지 로 내 고 간 학생 도 있 었 어요,,,,,,,,,,,,,,
시험 이 많 아요,,,,,,,,,,,,,,
진짜 최고 의 교수 님,,,,,,,,,,,,,,
또한 숙제 를 제출 하 는 날 에 는 퀴즈 가 있 습니다,,,,,,,,,,,,,,
그러므로 출석 열심히 하 시 고 교수 님 수업 만 열심히 따라가 다 보 면 좋 은 점수 는 저절로 따라오 게 되 ㄹ 것 이 니 열심히 말 ㄴ 하 시 기 ㄹ 바라 겠 습니다,,,,,,,,,,,,,,
등 등 의 질문 들 그 질문 들 을 자 ㄹ 대답 하 지 못하 면 점수 가 깎이 ㄹ 수 있 습니다,,,,,,,,,,,,,,
중간 에 고 득점자 가 많 아도 기말 에서 확 뒤집히 는 경우 를 많이 보 아서 포기 하 지 않 고 끝 까지 하 면 A + 받 으시 ㄹ 수 있 을 것 에 요 교수 님 이 목소리 가 작 으시 어서 뒤쪽 에 는 앉 으시 지 않 는 것 을  립 ㅂ니다,,,,,,,,,,,,,,
이론 문제 는 없 음,,,,,,,,,,,,,,
이 강의 는 문제 풀 이 및 발표 가 가장 크 ㄴ 장점 이 자 단점 이 되 지 않 을까 싶 습니다,,,,,,,,,,,,,,
따라서 예제 풀이 만 잘 따라가 ㄴ다면 문제 없이 이 강의 를 잘 수강 하 ㄹ 것 이 다,,,,,,,,,,,,,,
그래서 이 교수 님 수업 을 들 으면 공부 하나 는 열심히 하 ㄹ 수 밖에 없 다,,,,,,,,,,,,,,
발표 를 하 ㄴ 번 도 안 걸리 면 숙제 점수 는 만점 이 되 ㅂ니다,,,,,,,,,,,,,,
"""다른 교수 님 수업 은 알 ㄴ 듣 어 보 아서 모르 겠 지만 이 수업 듣 고 성적 잘 받 으시 ㄹ 분 들 은 독학 "," 복습 좀 하 시 어야 하 ㄹ 것 이 오 .. 그리고 교수 님 께서 이름 을 무지 하 게 잘 외우 쉬 ㅂ니다""",,,,,,,,,,,,,,
생각 하 ㅂ니다,,,,,,,,,,,,,,
※ 시험 시험 은 중간 기말 이 ㄴ데 5 문제 이 고 풀이 과정 전체 를 쓰 어야 하 아서 시간 이 넉넉 하 지 ㄴ 않 아요,,,,,,,,,,,,,,
시험 은 수업 하 것 에서 나오 는데 수업 이 무슨 소리 이 ㄴ지 잘 모르 아서 거의 독학 수준,,,,,,,,,,,,,,
"""시험 문제 난이도 는 중간 랑 기말 차이 가 크 다고 느끼 었 는데 ", 중간 시험 문제 는 고등학교 때 배우 ㄴ 확률 과 통계 ," 수업 시간 에 배우 ㄴ 것 들 만 철저히 공부 하 ㄴ다면 좋 은 성적 을 받 을 수 있 었 지만 기 말 는 배우 ㄴ 이론 을 문제 에 적용 하 는 것 이 어렵 었 어요""",,,,,,,,,,,,,,
강의 력 이 부족 하 ㅁ,,,,,,,,,,,,,,
아침 9 시 수업 만 아니 면 좀 나 을 것 같 아요,,,,,,,,,,,,,,
시험 은 예제 그대로 나오 거나 숫자 말 ㄴ 바꾸 어 나오 는 경우 가 많 아서 몇 번 풀 어 보 고 가 면 좋 고요,,,,,,,,,,,,,,
어차피 듣 어야 하 면 하디 로 .. 하디 로 들 으세 염,,,,,,,,,,,,,,
넘나 좋 음,,,,,,,,,,,,,,
즐겁 ㄴ 영어 공부 하 시 ㄹ 분 들 은 수강 하 시 어요,,,,,,,,,,,,,,
스캇 짱 .. 진심 나대 는 것 보다 성실 하고 발표 도 조건 만 잘 갖추 면 A ..,,,,,,,,,,,,,,
갓 스캇 쌤 1 학기 2 학기 둘 다 좋 은 쌤 만나 서 다행,,,,,,,,,,,,,,
착하 시 어요 한국어 잘하 시 ㅂ니다,,,,,,,,,,,,,,
진짜 또 만나 고 싶 어요,,,,,,,,,,,,,,
그냥 학점 진짜 잘 주심 .. 갓 프린스 웬만 하 ㄴ 것 지키 면 발표 하 ㄹ 때 시간 이나 떨 지 않 는 것,,,,,,,,,,,,,,
3 정도 주 시 고 선택 하 ㄹ 수 있 게 하 아 주 시 어요,,,,,,,,,,,,,,
아무튼 스콧 교수 님 최고 이 ㅂ니다,,,,,,,,,,,,,,
② 교재 BREAKTHROUGH PLUS 3 으로 수업 하 시 ㅂ니다,,,,,,,,,,,,,,
좋 은 교수 님 이 ㅁ,,,,,,,,,,,,,,
그런데 수업 분위기 가 축 처지 ㅁ,,,,,,,,,,,,,,
교수 님 도 농담 잘하 시 고 좋 으시 다,,,,,,,,,,,,,,
마이클 창 인가,,,,,,,,,,,,,,
수업 내내 게임 이랑 조 별 로 영어 대화 만 하 ㅁ,,,,,,,,,,,,,,
꿀 도 이런 꿀 이 없 습니다,,,,,,,,,,,,,,
교수 님 께 감사 하 ㄴ 마음 뿐 이 ㅂ니다,,,,,,,,,,,,,,
그런데 2 학기 되 어서 는 워낙 성적 이 비슷 하 ㄴ 애 들 끼리 모이 다,,,,,,,,,,,,,,
설명도 잘 해주시 고 수업 도 재미있 어요,,,,,,,,,,,,,,
출 결 은 학생 들 이 직접 체크 하 는데 결석 빼 고 는 지각 도 반영 안 하 는 듯,,,,,,,,,,,,,,
그럼 다 맞 음,,,,,,,,,,,,,,
우리 테이블 한 명 을 되게 예쁘 어 하 시 었 는데 그 덕분 에 우리 테이블 전부 학점 잘 나오 ㅁ,,,,,,,,,,,,,,
교수 님 좋 으시 어요,,,,,,,,,,,,,,
조 별 숙제 는 따로 없 고 3 번 씩 작 은 숙제 를 나 의 주 시 ㅂ니다,,,,,,,,,,,,,,
교 피 ㄹ 영어 강의 중 에서 GREGORY HARDY 랑 SCOTT 교수 님 두 분 이 제일 좋 으시 ㄴ 듯 하 ㅂ니다,,,,,,,,,,,,,,
좋 은 말 로 꼼꼼 나쁘 ㄴ 말 로 깐깐,,,,,,,,,,,,,,
시험 볼 시간 을 항상 주 어서 좋 음,,,,,,,,,,,,,,
특히 폰 을 이용 하 면 싫어하 시 ㅂ니다,,,,,,,,,,,,,,
다음 학기 수강자 분 들 한테 이야기 하 아 드리 고 싶 은 것 은 완벽 하 려 부담 가지 지 않 으시 어도 되 ㄹ 것 같 아요,,,,,,,,,,,,,,
수업 자체 는 듣 을 만 하 ㄴ데 외국인 교수 답 게 1 점 1 점 다 깎 아서 그대로 기입 하 는 느낌,,,,,,,,,,,,,,
에세이 는 그냥 포맷 에 맞추 어서 쓰 면 되 ㅁ,,,,,,,,,,,,,,
점수 는 나름 채우 어서 주심,,,,,,,,,,,,,,
처음 오 티 때 실패 는 성공 의 어머니 다,,,,,,,,,,,,,,
"""등 등 의 얘기 를 하 면서 서툴 러 도 "," 틀리 어도 괜찮 아 오 아 같 은 용기 불어넣 어 주 시 는 얘기 를 하 아 주 시 어서 인상 깊 었 던 기 억 이 있 습니다""",,,,,,,,,,,,,,
을 보이 어 주심,,,,,,,,,,,,,,
결석 두 번 하 ㅁ,,,,,,,,,,,,,,
조 별 숙제 녹음 하 는 것 이 생각 보다 시간 이 들 ㄹ 고 좀 귀찮 지만 부담 이 크 지 ㄴ 않 아요,,,,,,,,,,,,,,
깐깐 하고 무서움 .. 말 이 엄청 빠르 어 가끔 못 알 아들 어요,,,,,,,,,,,,,,
무난 하 아요,,,,,,,,,,,,,,
.. 학점 도 잘 안 주 시 어요,,,,,,,,,,,,,,
그럼 에 도 불구 하고 말 이 빠르 시 어요,,,,,,,,,,,,,,
숙제 는 조금 있 는 편 이 지만 부담 이 되 는 정도 는 아니 ㅂ니다,,,,,,,,,,,,,,
그리고 은근히 스트레스 받 아서 정신적 으로 조금 피곤 하 았 습니다,,,,,,,,,,,,,,
말 도 알 ㄴ 통하 고 독불장군,,,,,,,,,,,,,,
"""스크립트 짜 는 거나 발표 방식 ", 에세이 가 좀 규정 이 많 아서 힘들 기 는 하 았 는데 ," 그 규정 들 이 다 의미 있 는 것 들 이 어서 꽤 괜찮 았 음""",,,,,,,,,,,,,,
진짜 걱정 하 았 는데 ..... 점수 잘 주 시 었 음,,,,,,,,,,,,,,
영어 힘들 었 습니다,,,,,,,,,,,,,,
개인적 으로 직접 말 하 는 수업 이 원어민 수업 이 존재 하 는 의 미라 고 생각하 아 서 교수 님 과 수업 자체 는 좋 았 습니다,,,,,,,,,,,,,,
라이팅 시험 은 무슨 기준 이 ㄴ지 모르 겠 음,,,,,,,,,,,,,,
출 결 기준 시험 기준 지 좆 대로 하 고 틀 딱 새끼 이 ㅁ,,,,,,,,,,,,,,
영어 교 필 은 당연히 출 결 전부 깐깐 하 ㅁ,,,,,,,,,,,,,,
"""자 았 다 "," 기억나 지 않 는다""",,,,,,,,,,,,,,
좋 은 분 이 시 지만 성적 주 는 것 은 매우 깐깐 하 아서 한 번 이 라도 출 결 안 하 면 당신 성 적 의 명복 을 액션 빌 ㅁ,,,,,,,,,,,,,,
수업 시간 에 는 뭘 배우 는 지 감 이 안 오 ㄹ 정도 로 체계 가 없 어요,,,,,,,,,,,,,,
한 번 은 반 애 들 이 많이 졸 았 는데 히터 끄 고 애 들 일어서 게 하 고 창문 을 열 더니 다 같이 어깨 주 무르 게 하 고 하여튼 별나 ㄴ 교수 이 ㅁ,,,,,,,,,,,,,,
의 문 이 ㅁ 안 늦 은 날 이 손 에 꼽 을 듯 늦 게 오 시 고 늦 게 끝내 시 고 ... 자기 주장 이 확고 하 ㄴ 분 이 시 ㄴ 듯 디테일 하 ㄴ 것 까지 주장 하 시 는 것 같 기 도 하 고 .. 발표 시험 두 번 보 고 발표 그냥 보통 이 하 평균 수준 으로 하 ㄴ 것 같 고 출석 매번 하 고 숙제 체크 2 번 못하 았 는 데 에 B 0 나오 았 고 아무튼 교수 님 자체 는 괜찮 으시 ㄴ데 ... 수업 은 그냥 그런 듯,,,,,,,,,,,,,,
지나가 다 인사 하 ㄹ 수 있 을 정도,,,,,,,,,,,,,,
드랍 원 츄,,,,,,,,,,,,,,
영어 회화 를 중요 하 게 생각 하 시 ㄴ다,,,,,,,,,,,,,,
암튼 나 는 이 교수 님 때문 에 영어 수업 있 는 날 이 오 지 않 기 ㄹ 바라 았었 음,,,,,,,,,,,,,,
시험 줠  많 고 그냥 벌 로,,,,,,,,,,,,,,
그 것 때문 에 성적 이 ...,,,,,,,,,,,,,,
이런 커리큘럼 의 영어 수업 이 마음 에 안 들 는 것 은 둘째 치고 이 교수 는 일단 학생 들 이 흥미 있 을 만 하 ㄴ 수업 을 만들 생각 을 안 하 는 것 같 음,,,,,,,,,,,,,,
나 로써 는 최고 의 교수 님,,,,,,,,,,,,,,
공부 잘하 는 친구 랑 듣 기 ㄹ 바람,,,,,,,,,,,,,,
"""시험 은 필기 "," 회화 두 번 씩 총 네 번 보 ㄴ다""",,,,,,,,,,,,,,
대면 이 라면 어떻 었 을지 모르 겠 지만 온라인 으로 는 생각 보다 귀찮 은 부분 이 조금 있 었 어요,,,,,,,,,,,,,,
사람 마다 전혀 다른 반응 보이 ㅁ,,,,,,,,,,,,,,
올리 고 당 정도,,,,,,,,,,,,,,
수업 시간 마다 프린트물 작성 하 는 것 은 공부 관련 이 아니 라 자기 성철 관련 이 고 빈칸 에 자유롭 게 적 는 거여 서 부담 1 도 없 었 다,,,,,,,,,,,,,,
보 면 시간 다가서 아서 수업 이 아니 ㄴ 느낌,,,,,,,,,,,,,,
그냥 조 운 만 좋 으면 되 ㅁ,,,,,,,,,,,,,,
나 야 한,,,,,,,,,,,,,,
수업 만 들 으면 패스 하 기 도 쉽 ㅁ,,,,,,,,,,,,,,
고등학교 생활 다시 하 는 느낌,,,,,,,,,,,,,,
시험 은 없 습니다,,,,,,,,,,,,,,
패 폐 여서 좋 은 과목,,,,,,,,,,,,,,
왜 꿀 강의 이 ㄴ지 모르 겠 음,,,,,,,,,,,,,,
... 어색 하 아서,,,,,,,,,,,,,,
같 습니다 핸드폰 쓰 면 안 되 고 자면 안 되 고 화장실 가 ㄹ 때 도 학생증 맡기 고 가 아야 하 고 매일매일 파일 가지 어 오 아야 하 고 .. 깜빡 하 아도 감점 .. 쓰 어야 하 ㄹ 것 도 굉장히 많 습니다,,,,,,,,,,,,,,
30 분 전 에 공부 하 아도 패 쓰 하 ㄹ 수 있 습니다,,,,,,,,,,,,,,
중간 에서 페일 당하 는 사람 도 있 다는 데 저희 수업 에서 ㄴ 없 었 구요,,,,,,,,,,,,,,
그나마 PF 라서 하 ㄹ 만 하 ㅁ,,,,,,,,,,,,,,
PF 과목 이 기 때문 에 조금 귀찮 은 부분 은 감수 하 아야 하 ㄴ다고 생각 하 ㅁ,,,,,,,,,,,,,,
치 자 결석 1 회 에 바로 F 행이 다,,,,,,,,,,,,,,
그렇 다고 수강 내용 이 가치 있 는가,,,,,,,,,,,,,,
시험 문제 도 거의 그 부분 에서 나오 아 요 수학 못하 시 면 수강 안 권하 아 요,,,,,,,,,,,,,,
문장 구 사력 이 안 좋 으시 ㅂ니다,,,,,,,,,,,,,,
강의 력 도 K 모으 교수 님 과 같이 특출나 게 잘하 지 못하 ㅁ,,,,,,,,,,,,,,
교수 님 이 엄청 착하 시 고 퀴즈 나 시험 이나 수업 에서 강조 하 ㄴ 것 위주 로 내 ㅁ,,,,,,,,,,,,,,
시험 은 응용 문제 없 었 던 것 ㄹ로 기억 하고 PPT 열심히 공부 하 면 되 ㅁ,,,,,,,,,,,,,,
학점 은 최대한 잘 주심,,,,,,,,,,,,,,
솔직히 교수 님 이 강의 는 잘 못하 시 ㄴ다,,,,,,,,,,,,,,
학점 은 진짜 공부 하 ㄴ 만큼 나오 ㅁ,,,,,,,,,,,,,,
갓 갓 이 시 어요,,,,,,,,,,,,,,
역시 갓 원 국 교수 님,,,,,,,,,,,,,,
정년 이 끝나 고 나서 도 부디 계속 스마트 학과 에서 강의 를 하 아 주 시 었 으면 하 ㄴ다,,,,,,,,,,,,,,
족 보 다 올리 어 주 시 고 PDF 1 2 4 쪽 모으 어 파일 올리 어 주 시 ㄴ 것 보 고 학생 들 을 많이 생각하 아 주 시 ㄴ다고 느낌,,,,,,,,,,,,,,
이 강의 평 을 쓰 고 있 는 당일 날 수업 때 교수 님 께서,,,,,,,,,,,,,,
진짜 참 교수 님 이 시 ㅂ니다,,,,,,,,,,,,,,
그리고 OCW 로 강의 가 녹화 되 기 때문 에 꾸준 하 게 복습 하 면서 수업 듣기 를 강추 하 ㄴ다,,,,,,,,,,,,,,
"""꼰대 라고 욕하 는 사람 도 있 는데 "," 그냥 뭐 규정 알 ㄴ 지키 고 떼쓰 는 사람 들 말 알 ㄴ 들어주 는 것 이 저 는 부이 다""",,,,,,,,,,,,,,
마지막 에 도 강조 하 겠 지만  자체 는 매우 좋 으시 다,,,,,,,,,,,,,,
원래 수업 시작 하 면 바로 출석 부르 셨 는데 이제 는 수업 시작 10 분 후 에 출석 부르 시 는 것 ㄹ로 바뀌 ㄴ 것 같 은 데 교수 님 이 수업 하 느라 정신 없 어서 10 분 훌쩍 넘기 고 출석 부르 는 날 도 있 었 음,,,,,,,,,,,,,,
우리나라 에서 컴 구르 ㄹ 이 정도 로 가르치 는 분 이 얼마나 계실 런지 ...,,,,,,,,,,,,,,
족보 있 어야 하 아요,,,,,,,,,,,,,,
그러나 강의 에서 는 내용 을 훑 고 넘어가 는 수준 이 기 때문 에 교수 님 이 시험 내 ㄴ다고 하 ㄴ 부분 들 기억 하 아서 책 에서 그 부분 찾 아 서 따로 공부 하 아야 하 ㅂ니다,,,,,,,,,,,,,,
"""숙제 난이도 중 "," 시험 난이도 중 이 ㅂ니다""",,,,,,,,,,,,,,
시험 도 수업 시간 에 배우 ㄴ 내용 으로 나오 ㄴ다고 말씀 하 아 주 시 고 어느 부분 나오 ㄹ 것 라는 것 을 알리 어 주 시 는데 느끼 었 던 것 이 실습 하 았 던 내용 위주 로 나오 았 던 것 같 네요,,,,,,,,,,,,,,
..... 플젝  싶 어도 기존 에 자료 가 거의 없 고 팀 프로젝트 오 지 게 많 음,,,,,,,,,,,,,,
하 ... 교수 님 수업 진짜 좋 았 는데 ...,,,,,,,,,,,,,,
10 초 에 한 번 씩 개 침,,,,,,,,,,,,,,
구체적 으로 는 안 가르치 시 지만 총괄적 이 ㄴ 내용 은 흐름 을 알 기 쉽 게 해주시 는 수업,,,,,,,,,,,,,,
교수 님 께서 굉장히 프리 한 마인드 를 가지 고 계시 어서 수업 들 을 때 부담 이 없 습니다,,,,,,,,,,,,,,
중간 에 학생 들 한테 이해 하 았 는지 하 나 하 나 물어보 고 질문 받 고 수업 분위기 는 좋 은 편 이 ㄴ,,,,,,,,,,,,,,
... 보강 도 알 ㄴ 하고 등록금 아깝 ㄴ 수업,,,,,,,,,,,,,,
김석윤 교수 님 처럼 딱딱 하 게 가르치 어 주시진 않 는다,,,,,,,,,,,,,,
진짜 피디 수첩 에 몇 번 더 나오 아서 잘리 었 으면 좋 겠 다,,,,,,,,,,,,,,
벼락치기 하 ㄹ 때 는 좋 은 교수 님 숙제 랑 퀴즈 만 외우 면 반 은 가 는 듯,,,,,,,,,,,,,,
"""교수 가 업로드 이후 수정 "," 추가 하 아 수업 하고 추후 에 수정 되 ㄴ 자료 를 업로드 하 어 주 는 경우 가 많 았 다""",,,,,,,,,,,,,,
영문법 안 가르침,,,,,,,,,,,,,,
"""수업 을 잘 하 시 는 것 은 아니 지만 "," 수업 이 차라리 낫 아 요""",,,,,,,,,,,,,,
단 족 보 있 어서 단답 형 을 무슨 신의 속도 로 푸 는 얘 들 있 음,,,,,,,,,,,,,,
수업 이 저 에게 ㄴ 지루 하 았 고 시간 꽉꽉 채우 어서 수업 이 이루어지 ㅂ니다,,,,,,,,,,,,,,
성적 은 미치 ㄴ 듯이 잘 주 시 고 ... 성적 에 얽 메이지 않 고 제대로 되 ㄴ 경험 을 하 ㄹ 수 있 도록 하 어 주 는 그런 과목 이 ㄴ 것 같 습니다,,,,,,,,,,,,,,
아무 정보 가 없 어서 막막 하 았 던 과목 이 라 정보 남기 ㅁ,,,,,,,,,,,,,,
팀 을 잘 꾸리 어서 수강 하 시 어요,,,,,,,,,,,,,,
설계 주제도 결국 고르 아 주 는 것 하 게 되 어 있 고 그것 ㄴ 편 하 ㄴ데 나중 에 좀 자괴감 들 ㄹ 수 도 있 음,,,,,,,,,,,,,,
퇴임 하 기 전 에 학점 + 로 좀 채우 어 주 시 지 ...,,,,,,,,,,,,,,
"""교수 님 마다 주 시 는 성적 차이 가 있 어서 그렇 ㄴ지 ", 모든 교수 님 들 모으 어 서 발표 시 켜 고 점수 주 ㄴ다는 말 이 있 는데 ," 그것 이 가능 하 ㄹ지 모르 겠 네요""",,,,,,,,,,,,,,
피드백 도 꼼꼼히 해주시 고 대학 오 아서 이렇게 학생 듣 을 생각하 아 주 시 는 교수 님 은 처음 봄,,,,,,,,,,,,,,
문과 수학 을 무난 하 게 공부 하 ㄴ 사람 은 수업 강의 가 지루 하 ㄹ 수 있 음,,,,,,,,,,,,,,
매력 장난 없 으시 다,,,,,,,,,,,,,,
보 니 포기 하 는 사람 이 많 아서 숙제 말 ㄴ 풀 수 있 어도 다 풀 수 있 음,,,,,,,,,,,,,,
수학 이랑 비슷 하 다고 공식 말 ㄴ 외우 고 들어가 았 다가 는 피 보 ㄹ 수 도 있 음,,,,,,,,,,,,,,
강의 는 그냥 틀 어 놓 고 열심히 독학 하 시 고 교재 에 있 는 문제 들 답 은 없 지만 열심히 풀 어 보 시 어요,,,,,,,,,,,,,,
개념 을 정확 하 게 짚 고 문제 에 제대로 적용 하 시 기 ㄹ 다시 듣 지 않 아도 되 어서 다행 이 ㅁ,,,,,,,,,,,,,,
.. 하 ㄹ 수 있 음,,,,,,,,,,,,,,
학점 은 깐깐 하 ㄴ 편 은 아니 고 굳이 따지 면 잘 주 시 는 편 이 ㅁ,,,,,,,,,,,,,,
그리고 매주 단원 하나 가 끝 날 때 마다 연습 문제 풀 어서 제출 하 는데 이것 이 꽤 귀찮 음,,,,,,,,,,,,,,
순서 도 엄청 뒤죽박죽 이 ㅁ,,,,,,,,,,,,,,
안 식년 이 1 년 이 라 1 점 드리 고 가 ㅂ니다,,,,,,,,,,,,,,
중간 때 도 7 문제 오류 나 아서 시험 도중 에 고치 고 2 학기 는 다 오류 나 고 .. 진짜 수업 이 고 뭐 고 신고 하고 싶 네요,,,,,,,,,,,,,,
얻 는 것 이 없 음,,,,,,,,,,,,,,
이것 은 자괴감 이 드 는 수업 이 ㅁ,,,,,,,,,,,,,,
천천히 잘 알리 어 주 시 어요,,,,,,,,,,,,,,
그거 보 면서 기말 대비 하 면 되 ㄴ다,,,,,,,,,,,,,,
보 면 교수 님 의 귀여움 을 느끼 ㄹ 수 있 다,,,,,,,,,,,,,,
낫 배드,,,,,,,,,,,,,,
그래도 교수 님 이 설명 조곤조곤 잘 하 아 주 시 어서 좋 았 어요,,,,,,,,,,,,,,
"""그리고 보통 공대 과목 교수 님 들 은 ", 답안 보 면 ' 이 학생 이 제대로 알 고 있 구나 ' 를 보 고 채점 하 는 반면 이 교수 님 은 ," 단어 선택 에 민감함""",,,,,,,,,,,,,,
"""9 PL ", 컴퓨터 구조 , 선형 대수 , 알고리즘 배우 고 온 컴 학인 들 은 수강 하 면 편하 ㄹ 수 도 있 으며 , 처음 듣 는 복 전 ," 전과 생 들 은 무조건 거르 자""",,,,,,,,,,,,,,
한 자 어도 많 고 .... 시험 떄 되 면 외우 어야 하 ㄹ 것 이 좀 되 ㄴ다,,,,,,,,,,,,,,
성적 은 조지 었 지만 좋 은 교수 님 수업 시작 후 10 분 정도 인생 얘기 진로 얘기 하 아 주 시 ㅁ,,,,,,,,,,,,,,
근데 필기 가 약간 ... 중구난방 하 ㄴ 점 이 쪼금 있 습니 다그 넓 은 칠판 에 쭉 가로 로 쓰 시 고 오 았 다,,,,,,,,,,,,,,
가 았 다 하 시 어서 세로 로 되 ㄴ 공책 에 필기 하 기 가 살짝 곤란 하 았 습니다,,,,,,,,,,,,,,
시험 도 그냥 외우 어서 쓰 는 것 고 앞 에서 말 이 나 예시 로 사용 되 면 성적 받 기 좋 음,,,,,,,,,,,,,,
완전 좋 음,,,,,,,,,,,,,,
성품 도 완전 젠 트 ㄹ 하 시 어서 잘 웃 고 학생 다 배려 하 아 주 시 고 최고 이 ㅁ,,,,,,,,,,,,,,
여기 쓰 었 다,,,,,,,,,,,,,,
숙제 는 이번 에 좀 있 는 편 이 었 어요,,,,,,,,,,,,,,
코로나 로 인하 아 이번 학기 한 번 도 뵙 지 못하 았 지만 시험 숙제 모두 부담 없이 준비 하 ㄹ 수 있 었 고 수업 시간 가장 잘 채우 어 주 시 ㄴ 교수 님 이 었 다,,,,,,,,,,,,,,
정도 는 토론 하 ㅁ,,,,,,,,,,,,,,
팀 프로젝트 없 음,,,,,,,,,,,,,,
처음 으로 C + 받 았 는데 재수강 안 하 ㄹ 계획 다시 ㄴ 듣 고 싶 지 않 아서 .. 등록금 이 아까 워 지 는 수업,,,,,,,,,,,,,,
나 는 2 차 부터 강의 따라가 는 것 포기 하 았 다,,,,,,,,,,,,,,
빈칸 문제 는 프린트 보 면서 쭉 흐름 따르 아 이해 하 면서 빈칸 위주 로 보 시 고 푸 는 문제 는 프린트 예제 나 교수 님 이 풀 라고 하 시 는 연습 문제 만 잘 푸시 면 숫자 말 ㄴ 다르 것 이 나오 ㅂ니다,,,,,,,,,,,,,,
조교 님 고생 많 으시 었 습니다,,,,,,,,,,,,,,
""""," 여러분 수업 문제 가 아니 라 교수 님 문제 에 요""",,,,,,,,,,,,,,
학점 은 잘 주 시 ㅂ니다,,,,,,,,,,,,,,
막판 에 힘들 었 지만 매주 매주 알 ㄴ 밀리 고 하 면 힘들 어 하 ㄹ 정도 는 아니 ㅁ,,,,,,,,,,,,,,
이 메일 보 네 면 답장 은,,,,,,,,,,,,,,
이렇게 오 는 것 같 다,,,,,,,,,,,,,,
.. 수업 이 아니 라 그냥 PPT 읽 으시 는 시간 이 ㅁ,,,,,,,,,,,,,,
제대로 배우 ㄴ 것 이 없 는데 자꾸 배우 ㄴ 것 을 이용 하 아서 숙제 하 라고 하 시 ㅁ,,,,,,,,,,,,,,
평가 기준 도 잘 모르 겠 고 그래도 점수 는 후하 게 주시 네요,,,,,,,,,,,,,,
출 튀 나 이런 것 도 안 잡 으시 어요,,,,,,,,,,,,,,
"""본인 이 영어 못하 지만 노력파 거나 중 고등학교 영어 에 익숙 하 다면 꼭 듣 고 "," 반대 로 영어 잘하 거나 토익 등 시험 에 익숙 하 면 조심 하셈""",,,,,,,,,,,,,,
#NAME?,,,,,,,,,,,,,,
"""나 는 영어 를 못하 ㄴ 다 하 시 는 분 들 도 매 수업 전 에 그날 내용 을 하 ㄴ 번 만 읽 고 가 시 면 "," 조 별 토의 나 퀴즈 풀 때 쉽 게 따라가 ㄹ 수 있 어요""",,,,,,,,,,,,,,
""""," 그리고 두 반 을 통합 하 ㄴ 상대 평가 이 ㅁ""",,,,,,,,,,,,,,
그래도 교수 님 이 일반 영어 지문 이 아니 ㄴ 새롭 고 흥미 로 울 ㄴ 정보 를 수업 으로 활용 하 아 많이 알리 어 주 려고 하 시 어서 좋 았 음,,,,,,,,,,,,,,
수강 후 에 영어 실력 은 늘 은 것 같 음,,,,,,,,,,,,,,
시험 은 중간 2 번 기말 1 번 총 3 번 보 는데 수업 때 다루 는 것 이 별로 어렵 지 ㄴ 않 아서 필기 하 ㄴ 것 몇 번 만 보 면 성적 잘나 오 ㅁ,,,,,,,,,,,,,,
듣 지 말 아라 경고 하 았 다,,,,,,,,,,,,,,
도움 많이 되 ㅂ니다,,,,,,,,,,,,,,
강의 계획서 에 써 있 듯 기본적 이 ㄴ 프로그래밍 의 이 하 어 도 가 떨어지 면 따라오 기 힘들 ㅂ니다,,,,,,,,,,,,,,
시험 도 기말 은 어렵 지만 중간 기말 모두 수업 시간 때 다루 ㄴ 내용 토대 로 나오 고 기말 의 경우 교수 님 이 공부 방법 에 대하 ㄴ 힌트 도 주심,,,,,,,,,,,,,,
교수 님 귀 여우 시 고 학생 들 한테 되게 인격적 으로 대하 어 주 시 어요,,,,,,,,,,,,,,
글 고 그 외 에 는 다 본인 하 기 에 달 렷 는데 솔직히 중간 은 공부 좀 하 아야 되 지만 시험 이 어렵 ㄴ 것 은 아니 ㄴ데 배우 는 내용 이 좀 어려움 기말 은 ... 그냥 수업 에 열심히 참여 하 면 충분히 쓸 수 잇 어요,,,,,,,,,,,,,,
중간 기말 숙제 다 내 어 생각 쓰 는 거라 공부 안 하 어 도 되 고,,,,,,,,,,,,,,
들 으면 무엇 ㄴ가 똑똑 하 아 지 는 기분 이 듬,,,,,,,,,,,,,,
문학 에 원래 조예 가 있 으면 수강 시 알 못 들 ㄹ 많이 오 아서 나 같 은 사람 제끼 기 쉽 ㄹ 듯,,,,,,,,,,,,,,
나 는 원래 시 에 대하 아서 관심 있 었 고 많이 배우 어서 어차피 1 학년 이 ㄴ 것 후회 는 안 하지만 무조건 A 만 노리 는 사람 들 은 고민하 바람,,,,,,,,,,,,,,
역시 화공 과 의 혁 형 교수 님 인자 하 시 고 수업 도 잘 가르치 시 고 이번 에 ㄴ 두 번 만 시험 보 았 지만 중요 하 ㄴ 내용 딱딱 알리 어 주 시 ㅂ니다,,,,,,,,,,,,,,
시험 도 강의 만 열심히 잘 듣 었 으면 많이 어렵 지 도 않 고 많이 쉽 지 도 않 을 정도 로 무난 하 았 던 것 같 다,,,,,,,,,,,,,,
진도 제때 제때 팍팍 나 기 시 니까 숙제 없 다고 공부 안 하 지 말 고 계속 하 아야 하 아요,,,,,,,,,,,,,,
수업 시간 내내 빡 시 게 가르치 시 어서 집중 안 하 면 따라가 기 힘들 수 있 으나 중간 에 쉬 는 시간 한번 있 고 매일 저 는 수업 짧 게 복습 하 아 주 시 어서 수업 말 ㄴ 열심히 들 으면 A 받 을 수 있 습니다,,,,,,,,,,,,,,
매주 쪽지 시험 이 라 힘들 음,,,,,,,,,,,,,,
문과 최대한 배려 하 아 주 시 고,,,,,,,,,,,,,,
그렇게 학기 중반쯤,,,,,,,,,,,,,,
남 는 것 은 없 지만 이런 강의 좀 들 어 놓 아야 하 ㅁ,,,,,,,,,,,,,,
예제 문제 들 만 풀 주 ㄹ 알 면 다 무난 무난,,,,,,,,,,,,,,
수업 은 듣기 힘들 지 ㄴ 모르 아도 시험 은 수업 시간 에 다 배우 거나 찝  내용 시험 때 실수 만 않 하 면 좋 은 점수 얻 을 수 있 음,,,,,,,,,,,,,,
중간 때 20 등 내 로 들 었 던 사람 이 ㄴ데 B 0 가 떠버리 네요,,,,,,,,,,,,,,
칠판 에 책 한번 더 쓰 시 는 것 이 수업 임  잘 알 ㄴ 하 ㅁ,,,,,,,,,,,,,,
상상 이상 으로 잘 나오 아 용,,,,,,,,,,,,,,
강의 후 에 따로 공부 하 아야 하 는 수업 이 라는 것,,,,,,,,,,,,,,
수업 자체 는 호불호 가 갈리 ㄹ 것 같 습니다,,,,,,,,,,,,,,
교재 보 면 대충 이해 감 문과 인 데 도,,,,,,,,,,,,,,
그냥 교수 님 성격 도 매우 호불호 가 갈리 는 듯,,,,,,,,,,,,,,
중간 가 어렵 어 서 그리하 었 는지 기말 는 쉽 었 다,,,,,,,,,,,,,,
더 학생 들 이 이해 하 기 쉽 게 교재 와 살짝 만 다르 게 순서 를 바꾸 어서 나가 시 ㄴ다,,,,,,,,,,,,,,
채점 이나 그런 것 안 하 고 내 는 것 는 확인 하 는 것 같 기 도 하 고 아니 ㄴ 것 같 기 도 하 고,,,,,,,,,,,,,,
듣 다 보 면 학생 들 을 진심 으로 아끼 어 주 시 는 마음 이 느끼 어 지 어서 감동 받 을 때가 많 아요,,,,,,,,,,,,,,
이런 선배 없 어,,,,,,,,,,,,,,
"""굳이 성적 이 나쁘 기 때문 에 적 는 것 은 아니 지만 "," 조심 하 아야 하 ㄹ 것 같 아 적 어 보 ㅂ니다""",,,,,,,,,,,,,,
후배 님 들 그냥 듣 지 마 요,,,,,,,,,,,,,,
2 그냥 설명 을 못 하 ㄴ다,,,,,,,,,,,,,,
"""그러나 아쉽 게 도 강의 자료 가 좋 지 않 다는 것 은 "," 강의 력 이 훌륭 하 다는 것 으로 이어지 지 않 는다는 것 을 이번 학기 에 뼈저리 게 느끼 었 다""",,,,,,,,,,,,,,
특히 대만 ... 삼천포 로 빠지 면 수업 시간 에 다루 지 못하 ㄴ 내용 은 자연 스럽 게 한 번 읽 어 보 시 어요,,,,,,,,,,,,,,
수업 은 그냥 적절 하 ㅁ,,,,,,,,,,,,,,
책 선정 을 잘하 면 많 은 준비 하 ㄹ 필요 없이 이야기 하 ㄹ 거리 가 많 음,,,,,,,,,,,,,,
.. 도 서 목록 도 써 주 시 니 참고 하 아서 읽 으시 면 인생 강의 가 되 ㄹ 수 있 을 것 같 아요,,,,,,,,,,,,,,
지난주 에 시험 보 았 는데 한 명 한 명에 것 이 메일 보내 서 결과 알리 어 주심,,,,,,,,,,,,,,
성적 확인 해보 니 다른 조 토론 하 ㄹ 때 질 문 을 많이 하 았 어야 하 았 네요,,,,,,,,,,,,,,
조 별 숙 저 가 하 ㄴ 번 있 어요,,,,,,,,,,,,,,
중간 에 있 는 조 별 토론 을 제외 하 고 는 부담 이 없 는 수업 이 ㅁ,,,,,,,,,,,,,,
수업 태도 를 중요시 하 는 교수 님 이 에요,,,,,,,,,,,,,,
시간 투자 를 많이 하 ㄴ 것 같 은 느낌,,,,,,,,,,,,,,
책 을 두권 읽 고 손님 과 불안 중간 기간 에 서평 도 두개 쓰 어야 하 고 중간 이후 에 토론 도 준비 하 아야 하 며 토론 팀 프로젝트 이후 에 는 기말 까지 치 어야 하 아 학기 중간 부터 숙제 가 몰아닥치 기 때문 에 부담 도 좀 생기 ㄹ 수 도 있 습니다,,,,,,,,,,,,,,
수업 을 압도 하 ㄴ다는 느낌 이 었 고 집중 도 잘 되 었 어요,,,,,,,,,,,,,,
수업 때 나누 었 던 내용 을 토대 로 글 작성,,,,,,,,,,,,,,
중간 완전 망하 았 는데 도 기말 이랑 토론 덕 에 살아남,,,,,,,,,,,,,,
책 을 읽 고 그 에 관련 되 ㄴ 내용 이 나오 ㅂ니다,,,,,,,,,,,,,,
.. 일단 학 점 마다 + 로 비율 꽉 채우 어 주 시 어서 좋 습니다,,,,,,,,,,,,,,
시험 도 책 두권 읽 고 푸 는 것 이 ㄴ데 읽기 말 ㄴ 하 면 웬만하 면 풀 수 있 는 것 같 은 데 저 는 한 권 만 읽 고 한 권 은 줄거리 인터넷 에서 만 보 았 는데 어쨌든 성적 은 잘 나오 았 어요,,,,,,,,,,,,,,
나 도 발표 극 혐 하 는데 괜찮 다고 느끼 ㄹ 정도 였 으니까 걱정 하 지 말 고 문 영식 교수 님 수 강신 청 하 기 ㄹ,,,,,,,,,,,,,,
중간 는 따로 없 음,,,,,,,,,,,,,,
조 편성 은 출석 순이 며 숙제 는 하나 도 없 고 조 모임 은 해당 조 에서 어떻하 게 하 냐 에 따르 아 횟수 는 나누 이 ㅁ,,,,,,,,,,,,,,
1 학점 짜리 수업 답 게 부담 이 없 어요,,,,,,,,,,,,,,
발표 가 23 번 정도 있 음,,,,,,,,,,,,,,
숙제 도 많 지 않 음,,,,,,,,,,,,,,
진짜 최고 의 교수 님 이 시 ㅂ니다,,,,,,,,,,,,,,
심지어 1 학점 밖에 안 되 는 과목 이 가장 부담 스럽 게 느끼 어 지 면서 스트레스 도 받 게 되 ㅁ,,,,,,,,,,,,,,
3 번 의 학기 중 가장 인상 깊 고 등록금 이 아깝 지 않 은 수업,,,,,,,,,,,,,,
교수 님 과 성향 만 맞 으면 계속 듣 도록 하 자,,,,,,,,,,,,,,
교수 님 항상 수업 준비 잘 하 아 오 시 고 친절 하 시 고 좋 으시 ㄴ 분 이 시 지만 출 튀하 거나 수업 태도 안 좋 으면 성적 에 악영향 가 ㅂ니다,,,,,,,,,,,,,,
영화 평 이랑 서평 쓰 ㄴ 것 ㄹ로 점수 갈리 ㅁ,,,,,,,,,,,,,,
비율 은 채우 어 주 는 듯 플로 채우 어 주 지 ㄴ 않 음,,,,,,,,,,,,,,
착하 시 구 설명도 잘 하 시 는 것 같 음,,,,,,,,,,,,,,
교수 님 은 조곤조곤 말 도 잘 하 시 구 참 좋 아요,,,,,,,,,,,,,,
마지막 으로 수강 신청 고민한 다면 박소영 교수 님 추천 드리 어요,,,,,,,,,,,,,,
독후감 도 쓰 어야 되 고 1 학점 이 ㄴ데 하 아야 되 ㄹ 것 은 짱짱 많 음,,,,,,,,,,,,,,
교수 님 은 좋 은데 과목 자체 가 토론 이 라서 팀 별 토론 이 극 혐  하 ㅁ,,,,,,,,,,,,,,
발표 를 하 ㄹ 때 마다 교수 님 이 이름 을 적습 ㅂ니다,,,,,,,,,,,,,,
4 시험 보 기 토론 에서 다루 ㄴ 책 2 권 관련 쉽 ㄴ 문제 와 토론 글 하나 쓰기 이 4 가 지만 하 면 되 ㄴ다,,,,,,,,,,,,,,
학점 은 + 로 채우 어 주 ㄴ다는 것 은 좋 지만 이 교수 님 수업 을 듣 는 것 을 추천 하 지 는 않 음,,,,,,,,,,,,,,
수업 은 처음 에 는 간단 하 ㄴ 글쓰기 에 관하 여 알리 어 주 시 어요,,,,,,,,,,,,,,
평가 기준 을 잘 모르 겠 음,,,,,,,,,,,,,,
인정 이 많이 느끼 어 지 는 교수 님 이 었 다,,,,,,,,,,,,,,
수업 은 조금 지루 하 ㄹ 수 도 있 는데 교 필 이 라 어쩌 ㄹ 수 없 는 부분 이 ㄴ 것 같 아요,,,,,,,,,,,,,,
교수 님 이 수업 중 에 는 학생 을 대하 는 데 있 어서 약간 의 편 차 가 있 다는 것 이 보이 지만 학점 을 내리 시 ㄹ 때 는 그 편 차 에 상관 없이 객관적 으로 내리 시 는 듯 하 ㅁ,,,,,,,,,,,,,,
매우 추천 하 는 교수 님,,,,,,,,,,,,,,
교수 님 이 착하 시 ㄴ 것 은 인정,,,,,,,,,,,,,,
교수 님 여리 여리 하고 여자 같 아 요귀 여우 심,,,,,,,,,,,,,,
근데 무슨 퀴즈 같 은 것 보 는 것 이 좀 짜증 남,,,,,,,,,,,,,,
맨 처음 에 하 는 3 분 스피치 에 겁 먹 고 드랍  친구 들 이 많 은데 그거 이후 로 는 편하 아요,,,,,,,,,,,,,,
인생 교수 님 이 ㅂ니다,,,,,,,,,,,,,,
점수 잘 받 으려면 무조건 참여 많이 하 시 어요,,,,,,,,,,,,,,
하 면 비추,,,,,,,,,,,,,,
교수 님 굉장히 좋 으시 고 유익 하 ㄴ 수업 이 었 지만 저 랑 은 맞 지 않 는 것 같 았 습니다,,,,,,,,,,,,,,
1 학점 주제 에 하 ㄹ 것 이 나 많 고요,,,,,,,,,,,,,,
그냥 다른 조가 발표 하 ㄴ 것 질문 하 는 형 으로 진행 되 ㅁ,,,,,,,,,,,,,,
